0,1
0.2573,0.2563
0.255,0.2659
0.2386,0.2522
0.2332,0.2404
0.2432,0.262
0.2284,0.253
0.2676,0.276
0.2375,0.2634
0.2496,0.257
0.2428,0.2573
0.244,0.2507
0.2563,0.263
0.267,0.2747
0.2847,0.2876
0.2472,0.2482
0.2507,0.2625
0.2646,0.2698
0.3162,0.3208
0.3171,0.3176
0.3113,0.3086
0.321,0.3232
0.3186,0.3179
0.3062,0.3174
0.252,0.253
0.2542,0.2544
0.2695,0.266
0.3145,0.314
0.3108,0.306
0.3193,0.3203
0.3213,0.3135
0.3206,0.308
0.3276,0.322
0.2362,0.2566
0.2456,0.2408
0.2386,0.2244
0.2668,0.2644
0.2886,0.2756
0.2292,0.25
0.2157,0.1935
0.2157,0.2051
0.1958,0.1952
0.199,0.199
0.2366,0.2302
0.2421,0.2318
0.2314,0.2295
0.2358,0.2333
0.246,0.2505
0.257,0.2537
0.262,0.2554
0.2668,0.2583
0.2173,0.2064
0.2607,0.2676
0.273,0.256
0.2698,0.2627
0.2803,0.2676
0.268,0.2727
0.3022,0.3008
0.2996,0.3025
0.2041,0.1918
0.2245,0.2197
0.2284,0.2295
0.2367,0.249
0.2502,0.2576
0.2347,0.2373
0.2341,0.235
0.2435,0.2471
0.1921,0.1985
0.2203,0.203
0.2345,0.2484
0.2295,0.2314
0.2286,0.2463
0.2035,0.2183
0.2399,0.2595
0.2517,0.2754
0.233,0.2313
0.2754,0.2795
0.2734,0.2712
0.277,0.2715
0.2181,0.2324
0.2284,0.251
0.2852,0.2822
0.2751,0.2695
0.2399,0.2524
0.2277,0.2369
0.2319,0.2394
0.2476,0.2744
0.2715,0.2915
0.2856,0.3096
0.2993,0.3254
0.2693,0.2754
0.2223,0.256
0.2433,0.255
0.2317,0.2439
0.2074,0.2417
0.2074,0.2415
0.2191,0.222
0.1927,0.2128
0.2778,0.2988
0.2854,0.269
0.2842,0.2612
0.2852,0.2625
0.2822,0.2876
0.2854,0.2856
0.2742,0.27
0.264,0.2646
0.266,0.2615
0.2693,0.263
0.2404,0.2181
0.2374,0.2446
0.242,0.2333
0.2471,0.2502
0.2435,0.2374
0.2455,0.249
0.2423,0.2343
0.2546,0.2583
0.2952,0.2886
0.2988,0.29
0.2466,0.266
0.1749,0.2142
0.2255,0.2367
0.2395,0.2458
0.2231,0.2396
0.2031,0.2272
0.3047,0.3013
0.2854,0.2913
0.287,0.288
0.2937,0.289
0.2874,0.2917
0.2725,0.2822
0.2703,0.277
0.2764,0.2815
0.301,0.282
0.2898,0.2756
0.2837,0.272
0.291,0.2732
0.303,0.2866
0.2803,0.2822
0.2808,0.2754
0.2795,0.2795
0.3047,0.3013
0.2903,0.297
0.2808,0.29
0.292,0.29
0.288,0.2786
0.2651,0.2737
0.2708,0.2625
0.2712,0.2686
0.3079,0.298
0.2815,0.2915
0.2854,0.2866
0.292,0.2925
0.2524,0.2556
0.2479,0.255
0.2408,0.2512
0.2441,0.2437
0.2413,0.259
0.2322,0.2462
0.2507,0.2659
0.2258,0.246
0.2253,0.2435
0.2122,0.2164
0.2136,0.2296
0.1733,0.1763
0.2622,0.2444
0.2695,0.2632
0.273,0.2598
0.2773,0.2798
0.2712,0.253
0.2722,0.2742
0.2747,0.2617
0.2808,0.282
0.313,0.3157
0.3103,0.3057
0.3167,0.3228
0.3325,0.3247
0.331,0.3186
0.3315,0.324
0.3115,0.3157
0.307,0.3037
0.3088,0.3164
0.3215,0.3357
0.3142,0.3262
0.32,0.3389
0.2798,0.271
0.256,0.2654
0.2915,0.297
0.2908,0.2827
0.2786,0.2683
0.2554,0.2673
0.2747,0.288
0.2583,0.2854
0.28,0.2673
0.268,0.261
0.2705,0.264
0.285,0.2742
0.2788,0.2676
0.2776,0.27
0.3093,0.294
0.3047,0.3071
0.3132,0.3015
0.309,0.3174
0.309,0.2952
0.2869,0.2754
0.287,0.2861
0.296,0.287
0.251,0.2417
0.2542,0.2532
0.244,0.2446
0.2964,0.276
0.2568,0.2559
0.2622,0.2659
0.2301,0.235
0.2422,0.24
0.2367,0.2468
0.2131,0.217
0.2346,0.224
0.2361,0.229
0.2683,0.2803
0.273,0.2754
0.2786,0.2876
0.2769,0.2766
0.2815,0.276
0.2754,0.282
0.2893,0.281
0.2869,0.2693
0.2878,0.2852
0.284,0.2817
0.289,0.284
0.2888,0.2908
0.2717,0.2778
0.2761,0.2727
0.2742,0.2874
0.2734,0.2673
0.2788,0.2805
0.283,0.2825
0.2482,0.2438
0.2438,0.252
0.2505,0.2418
0.2998,0.301
0.295,0.2935
0.3223,0.321
0.3096,0.312
0.3232,0.326
0.3125,0.3162
0.2484,0.2542
0.2515,0.255
0.2512,0.2593
0.2441,0.2524
0.2488,0.2478
0.2705,0.288
0.294,0.3132
0.2795,0.2878
0.3174,0.3179
0.299,0.2908
0.3105,0.316
0.2888,0.2864
0.2404,0.2494
0.2452,0.2505
0.2272,0.2388
0.2164,0.2401
0.2203,0.2416
0.2262,0.2351
0.2101,0.2307
0.2148,0.2349
0.2269,0.2269
0.2,0.2281
0.2847,0.292
0.2705,0.273
0.2305,0.2113
0.2349,0.2069
0.1946,0.197
0.2416,0.2452
0.2496,0.2695
0.26,0.2637
0.2832,0.2866
0.269,0.276
0.2737,0.2842
0.2817,0.282
0.2778,0.2698
0.2627,0.2637
0.273,0.271
0.2808,0.2788
0.2467,0.2389
0.2485,0.2537
0.2399,0.2314
0.2416,0.2559
0.2798,0.283
0.2935,0.307
0.271,0.255
0.2876,0.2837
0.2852,0.2808
0.2961,0.3042
0.2898,0.2847
0.297,0.3052
0.2379,0.2452
0.2256,0.2483
0.2347,0.2534
0.2568,0.2603
0.2734,0.286
0.2354,0.2366
0.2744,0.2795
0.2527,0.2637
0.2761,0.2974
0.1912,0.2041
0.1986,0.2087
0.2056,0.2251
0.1776,0.2065
0.2174,0.2114
0.1945,0.1981
0.2372,0.2319
0.2032,0.2089
0.2258,0.2379
0.2213,0.2317
0.2407,0.2484
0.1956,0.1764
0.2139,0.2043
0.2179,0.22
0.2004,0.1808
0.2087,0.2065
0.207,0.1987
0.223,0.2219
0.2354,0.234
0.2168,0.2244
0.1865,0.1985
0.2048,0.2219
0.2524,0.2595
0.2642,0.2598
0.2389,0.2424
0.2253,0.2075
0.236,0.2411
0.2367,0.243
0.176,0.1838
0.1814,0.1898
0.2145,0.232
0.1783,0.1687
0.1636,0.1492
0.2477,0.2727
0.2573,0.2666
0.2654,0.2727
0.2864,0.2896
0.2961,0.2925
0.239,0.2505
0.2206,0.256
0.259,0.2668
0.253,0.2603
0.2319,0.2404
0.2269,0.2489
0.2101,0.2373
0.2122,0.2399
0.2222,0.2283
0.2157,0.2258
0.222,0.2256
0.2203,0.2198
0.2805,0.2788
0.273,0.2778
0.2593,0.2484
0.237,0.2406
0.2457,0.245
0.2285,0.224
0.2173,0.2166
0.2563,0.2593
0.2534,0.263
0.2225,0.2313
0.2324,0.2411
0.212,0.2238
0.2057,0.2216
0.2012,0.1953
0.1942,0.1901
0.215,0.2262
0.225,0.2349
0.2141,0.2108
0.1841,0.188
0.1802,0.1969
0.1411,0.1459
0.161,0.1633
0.2253,0.217
0.2837,0.2844
0.2534,0.267
0.2313,0.2378
0.2776,0.2847
0.2554,0.2695
0.3115,0.3113
0.3074,0.312
0.2137,0.2244
0.2036,0.2026
0.3018,0.2974
0.2363,0.2399
0.2654,0.2712
0.2451,0.2659
0.2656,0.268
0.2542,0.2607
0.2803,0.2751
0.2537,0.2578
0.2457,0.2524
0.267,0.2612
0.276,0.2637
0.263,0.2637
0.2715,0.2703
0.274,0.2717
0.294,0.2996
0.2988,0.3
0.289,0.2947
0.285,0.29
0.289,0.2856
0.2817,0.2852
0.2827,0.2747
0.3066,0.2837
0.281,0.2751
0.3083,0.2854
0.3096,0.3044
0.3074,0.3022
0.303,0.3013
0.3042,0.2976
0.2996,0.2922
0.2998,0.2952
0.261,0.256
0.265,0.2588
0.2595,0.2491
0.2659,0.2617
0.268,0.2622
0.265,0.2588
0.2593,0.2532
0.274,0.2646
0.2903,0.2983
0.2805,0.28
0.2844,0.2908
0.292,0.2917
0.229,0.2146
0.2283,0.2429
0.2837,0.2812
0.2969,0.2996
0.2307,0.2362
0.2319,0.2313
0.2297,0.2349
0.2595,0.2559
0.2428,0.2451
0.2188,0.2179
0.2262,0.2295
0.2202,0.2153
0.2499,0.2439
0.2427,0.2358
0.2465,0.2434
0.2432,0.2512
0.2288,0.2378
0.2375,0.2512
0.2351,0.2473
0.2477,0.2532
0.243,0.238
0.219,0.2239
0.2422,0.2534
0.2273,0.2412
0.2198,0.2383
0.2874,0.292
0.2416,0.2554
0.2488,0.2578
0.2773,0.3
0.2961,0.316
0.1996,0.1937
0.3164,0.31
0.3079,0.3052
0.2006,0.2136
0.1947,0.2252
0.2434,0.235
0.22,0.2379
0.2377,0.2306
0.2869,0.2751
0.2776,0.2751
0.336,0.3406
0.3267,0.324
0.319,0.317
0.319,0.3237
0.31,0.309
0.2472,0.2527
0.2542,0.255
0.2517,0.2399
0.2472,0.2362
0.247,0.2394
0.2262,0.2083
0.2273,0.2242
0.1926,0.2115
0.272,0.2756
0.2893,0.2861
0.2213,0.224
0.2284,0.2507
0.2245,0.2263
0.2433,0.2607
0.2491,0.262
0.2493,0.2793
0.2155,0.1964
0.2012,0.2072
0.2316,0.2013
0.2191,0.2081
0.2344,0.2161
0.2048,0.2239
0.2437,0.2472
0.2588,0.2622
0.2585,0.2737
0.1663,0.1812
0.1904,0.1985
0.277,0.2717
0.299,0.28
0.2832,0.2725
0.2778,0.285
0.2313,0.2313
0.2319,0.226
0.261,0.2659
0.2517,0.2438
0.2727,0.2883
0.2742,0.267
0.2257,0.2227
0.2585,0.2449
0.2603,0.2625
0.3354,0.328
0.3286,0.3044
0.3,0.284
0.2622,0.2847
0.2668,0.291
0.2191,0.2284
0.2461,0.2551
0.2095,0.2166
0.1917,0.2167
0.204,0.2314
0.2328,0.2393
0.1926,0.1886
0.1891,0.1978
0.1896,0.1952
0.2036,0.2041
0.2113,0.2124
0.278,0.276
0.2258,0.232
0.2302,0.2495
0.232,0.2327
0.1962,0.2102
0.2024,0.2119
0.2673,0.2664
0.2515,0.2544
0.2632,0.2659
0.2524,0.2573
0.2695,0.266
0.2515,0.251
0.2654,0.2715
0.2502,0.259
0.2494,0.2686
0.2379,0.2632
0.2722,0.286
0.2659,0.2834
0.2844,0.2893
0.2426,0.2483
0.2595,0.2659
0.1848,0.1901
0.1825,0.1833
0.1848,0.1848
0.2134,0.2068
0.184,0.1804
0.1887,0.1776
0.2083,0.1858
0.206,0.1945
0.193,0.1879
0.1842,0.2073
0.2935,0.3064
0.2935,0.3206
0.2383,0.2407
0.2593,0.2554
0.253,0.2595
0.2842,0.2861
0.275,0.2832
0.2479,0.228
0.2261,0.2246
0.2695,0.2693
0.2922,0.2827
0.2988,0.3005
0.3103,0.3044
0.2773,0.2744
0.2969,0.292
0.2544,0.2502
0.2593,0.2598
0.2712,0.2637
0.302,0.2917
0.29,0.2803
0.2625,0.2556
0.2747,0.2722
0.2825,0.2764
0.2942,0.291
0.2903,0.2856
0.2983,0.2983
0.2566,0.254
0.2446,0.2505
0.2698,0.2583
0.2593,0.2554
0.258,0.2583
0.2465,0.2522
0.289,0.282
0.2957,0.2942
0.2773,0.2732
0.2969,0.2903
0.3083,0.3005
0.2954,0.29
0.3008,0.3025
0.3062,0.3088
0.2886,0.2896
0.2476,0.2416
0.2421,0.2357
0.2576,0.2489
0.2507,0.2487
0.2705,0.2634
0.2856,0.2983
0.282,0.2766
0.28,0.2747
0.2708,0.2664
0.2664,0.274
0.275,0.2744
0.2615,0.2632
0.256,0.247
0.2001,0.2212
0.1914,0.1863
0.1893,0.2103
0.1896,0.1841
0.1816,0.1556
0.1718,0.2078
0.1803,0.1865
0.2776,0.279
0.2744,0.272
0.2527,0.2502
0.2583,0.2568
0.302,0.313
0.2922,0.2942
0.315,0.3157
0.284,0.295
0.296,0.3125
0.3035,0.304
0.2473,0.2773
0.24,0.2686
0.2673,0.28
0.301,0.3003
0.285,0.2974
0.324,0.2957
0.2537,0.2676
0.288,0.2856
0.2128,0.2211
0.277,0.2725
0.2878,0.2874
0.2812,0.2795
0.3015,0.3057
0.264,0.273
0.2866,0.286
0.2372,0.2646
0.249,0.26
0.2822,0.297
0.3,0.2925
0.3147,0.328
0.2683,0.2715
0.2487,0.2551
0.2778,0.2737
0.2603,0.253
0.2903,0.2998
0.2747,0.2827
0.294,0.2905
0.3027,0.292
0.3235,0.2957
0.2944,0.2822
0.2515,0.2404
0.2712,0.272
0.287,0.2988
0.2656,0.2556
0.2109,0.2158
0.2847,0.3064
0.3027,0.2888
0.306,0.2815
0.2688,0.2913
0.1915,0.1936
0.2037,0.2118
0.2537,0.2732
0.2556,0.275
0.2255,0.2607
0.2152,0.2411
0.2544,0.2445
0.2145,0.2401
0.2102,0.2421
0.247,0.2502
0.2303,0.2382
0.22,0.2222
0.2098,0.2048
0.2261,0.23
0.292,0.2852
0.2878,0.2905
0.3042,0.2966
0.276,0.2656
0.28,0.2764
0.2886,0.2769
0.237,0.2385
0.2125,0.2252
0.2306,0.23
0.218,0.2101
0.2179,0.224
0.2642,0.2654
0.274,0.2769
0.2808,0.2815
0.2461,0.2467
0.2693,0.263
0.2708,0.2612
0.2502,0.2465
0.253,0.2466
0.2455,0.2356
0.2996,0.3054
0.299,0.3057
0.3035,0.3022
0.2211,0.2346
0.2378,0.2338
0.294,0.2927
0.3062,0.2996
0.2988,0.2947
0.2888,0.2905
0.285,0.2976
0.3015,0.2996
0.2852,0.279
0.2817,0.285
0.2954,0.2842
0.2493,0.2413
0.2195,0.2208
0.2451,0.2505
0.2156,0.2222
0.2356,0.2128
0.2308,0.2325
0.2465,0.2228
0.2028,0.2114
0.2147,0.2003
0.2542,0.2554
0.2695,0.2644
0.2495,0.2502
0.2634,0.259
0.2466,0.2352
0.2429,0.241
0.1888,0.1925
0.2544,0.2576
0.2314,0.2585
0.2031,0.1941
0.2025,0.1868
0.2191,0.2179
0.2167,0.2153
0.2228,0.2213
0.2051,0.2163
0.2146,0.2034
0.2277,0.2068
0.2457,0.2378
0.23,0.2114
0.2305,0.2291
0.1619,0.1484
0.236,0.2355
0.2057,0.2213
0.207,0.2205
0.2532,0.2544
0.2808,0.2793
0.2788,0.2747
0.2737,0.28
0.2668,0.2693
0.2786,0.275
0.2179,0.2107
0.2416,0.2556
0.2451,0.2544
0.251,0.2554
0.2407,0.253
0.2517,0.2578
0.2479,0.2465
0.2411,0.2288
0.2253,0.2358
0.2372,0.2316
0.266,0.2678
0.2625,0.2651
0.2607,0.2642
0.2627,0.2646
0.248,0.2214
0.2407,0.2173
0.2358,0.222
0.2336,0.2164
0.2339,0.257
0.2192,0.2373
0.2325,0.2336
0.2354,0.2336
0.2837,0.2903
0.3093,0.3037
0.2688,0.267
0.3015,0.2974
0.2301,0.2235
0.2351,0.2476
0.2542,0.2576
0.2308,0.2383
0.2352,0.2175
0.2361,0.244
0.2886,0.2917
0.283,0.2815
0.295,0.3018
0.292,0.2915
0.281,0.2852
0.2969,0.303
0.2817,0.296
0.2856,0.289
0.2766,0.2817
0.2905,0.3003
0.2522,0.2632
0.2688,0.2773
0.2556,0.268
0.2172,0.2262
0.1647,0.1582
0.1508,0.1536
0.162,0.1548
0.1477,0.1417
0.2803,0.286
0.261,0.2751
0.2954,0.305
0.2693,0.3003
0.2634,0.289
0.2964,0.325
0.2578,0.2578
0.2217,0.231
0.2147,0.225
0.213,0.1924
0.2532,0.2494
0.2389,0.2134
0.2144,0.2286
0.241,0.2415
0.2129,0.2247
0.2695,0.2766
0.2664,0.2686
0.299,0.3196
0.3206,0.3193
0.3284,0.3235
0.2115,0.2096
0.2446,0.2404
0.2156,0.2195
0.245,0.2507
0.2028,0.2042
0.216,0.2191
0.2072,0.2029
0.2277,0.2238
0.2302,0.2415
0.2283,0.2415
0.2369,0.2314
0.2385,0.2308
0.2625,0.2654
0.2605,0.2683
0.276,0.2725
0.2805,0.2996
0.2352,0.2427
0.2524,0.262
0.2988,0.2903
0.2717,0.272
0.28,0.2854
0.2646,0.2715
0.2747,0.2793
0.204,0.1936
0.3076,0.3057
0.2996,0.3044
0.3113,0.335
0.331,0.3308
0.2251,0.2102
0.3044,0.3003
0.2205,0.215
0.2257,0.2251
0.176,0.1687
0.1857,0.192
0.3047,0.305
0.291,0.2932
0.256,0.2585
0.292,0.313
0.2502,0.2332
0.32,0.326
0.299,0.314
0.277,0.3079
0.3374,0.3376
0.3174,0.3254
0.2986,0.319
0.3274,0.3354
0.3088,0.3242
0.2876,0.3186
0.3325,0.3286
0.3147,0.315
0.2869,0.3032
0.2827,0.282
0.2522,0.2766
0.2793,0.2825
0.2517,0.2742
0.2786,0.2903
0.252,0.2773
0.2842,0.2822
0.254,0.2737
0.2249,0.2284
0.2118,0.2112
0.2205,0.225
0.1976,0.2026
0.1862,0.2015
0.1694,0.174
0.2607,0.2869
0.235,0.2466
0.2051,0.2141
0.2268,0.2432
0.2327,0.23
0.2341,0.2279
0.256,0.2935
0.2905,0.3215
0.252,0.253
0.2754,0.2803
0.2275,0.248
0.282,0.2747
0.2478,0.2673
0.237,0.2471
0.2341,0.2411
0.2257,0.2267
0.228,0.2267
0.301,0.3083
0.2786,0.2915
0.2742,0.2964
0.301,0.3103
0.2866,0.3076
0.2913,0.298
0.2852,0.2969
0.2988,0.3054
0.2886,0.3
0.2588,0.2793
0.2568,0.2505
0.272,0.2703
0.2435,0.257
0.2316,0.2102
0.225,0.2181
0.238,0.2329
0.2537,0.2676
0.233,0.2349
0.246,0.2542
0.2583,0.251
0.2324,0.2357
0.2404,0.2343
0.2861,0.2627
0.261,0.2507
0.2433,0.2407
0.24,0.2336
0.2683,0.2644
0.2698,0.2607
0.2676,0.2773
0.2646,0.2678
0.2426,0.2573
0.2372,0.2598
0.2039,0.2013
0.2332,0.2278
0.2455,0.2686
0.233,0.2413
0.2148,0.2253
0.2201,0.2396
0.2246,0.2273
0.2542,0.2712
0.2462,0.2527
0.2742,0.2734
0.3142,0.3167
0.3132,0.3198
0.3188,0.33
0.2491,0.2487
0.19,0.1924
0.214,0.2091
0.2537,0.2598
0.2805,0.2563
0.2686,0.2734
0.2893,0.2915
0.2778,0.2803
0.2637,0.2935
0.32,0.3174
0.2847,0.2793
0.2225,0.2218
0.2377,0.241
0.267,0.275
0.278,0.2893
0.2668,0.2656
0.2607,0.2722
0.2546,0.259
0.2345,0.2338
0.2467,0.2542
0.2406,0.2537
0.2408,0.2544
0.2861,0.2874
0.2534,0.255
0.2698,0.2603
0.2551,0.2423
0.2345,0.2257
0.2607,0.2573
0.2377,0.2393
0.2219,0.2175
0.1891,0.191
0.1897,0.1891
0.1832,0.1936
0.1981,0.2013
0.202,0.2001
0.1921,0.1989
0.3003,0.3018
0.3047,0.303
0.2856,0.291
0.2874,0.2917
0.3062,0.3066
0.3025,0.3022
0.3013,0.3022
0.3071,0.302
0.2493,0.2396
0.2372,0.2438
0.241,0.2408
0.2404,0.2424
0.2137,0.2434
0.228,0.2408
0.2544,0.2505
0.2324,0.2496
0.243,0.2472
0.2585,0.2462
0.2415,0.2517
0.2374,0.2441
0.282,0.2837
0.2788,0.281
0.2764,0.2827
0.2844,0.2795
0.2812,0.2778
0.2783,0.2773
0.305,0.3032
0.2856,0.3076
0.3044,0.3132
0.206,0.2058
0.1954,0.1962
0.2786,0.2786
0.2788,0.2717
0.2404,0.253
0.2402,0.2605
0.2595,0.2493
0.2411,0.2401
0.2002,0.1957
0.2135,0.1895
0.1726,0.1703
0.2795,0.2795
0.2134,0.2156
0.2318,0.2375
0.2219,0.2334
0.2332,0.2421
0.224,0.2382
0.298,0.2976
0.3018,0.3137
0.285,0.2932
0.3108,0.3157
0.3008,0.3076
0.2554,0.2408
0.247,0.2496
0.2686,0.2566
0.2439,0.2407
0.2307,0.2402
0.2369,0.2336
0.2078,0.2252
0.2135,0.2153
0.179,0.2031
0.1573,0.1855
0.2292,0.2422
0.2338,0.2308
0.1901,0.2072
0.2197,0.2203
0.2273,0.2285
0.2155,0.2106
0.2264,0.2217
0.2241,0.2241
0.2219,0.2262
0.2235,0.2238
0.238,0.2412
0.2507,0.2494
0.2527,0.2476
0.2418,0.2384
0.2556,0.2478
0.2424,0.2487
0.248,0.248
0.1991,0.207
0.2177,0.2174
0.2142,0.2222
0.2141,0.2156
0.2267,0.228
0.2224,0.2363
0.2418,0.2301
0.2178,0.2366
0.2429,0.2312
0.2274,0.2307
0.2329,0.2332
0.2268,0.229
0.2313,0.2323
0.288,0.2888
0.2832,0.2893
0.2798,0.2827
0.2756,0.2842
0.2174,0.2542
0.2017,0.2291
0.212,0.2251
0.1807,0.1774
0.1661,0.2052
0.2568,0.2542
0.273,0.253
0.2617,0.2366
0.2673,0.2346
0.1948,0.2024
0.1971,0.2294
0.2146,0.2266
0.2047,0.1947
0.2656,0.2588
0.2725,0.2605
0.272,0.263
0.1924,0.1942
0.1815,0.1777
0.2703,0.2627
0.2314,0.2335
0.2399,0.2776
0.2233,0.2244
0.2266,0.2432
0.2527,0.252
0.2578,0.2625
0.2744,0.2822
0.2452,0.2389
0.2426,0.2576
0.2427,0.2546
0.2542,0.2725
0.2432,0.281
0.2277,0.2507
0.2825,0.2869
0.2925,0.2925
0.2489,0.2496
0.2546,0.2583
0.2568,0.2673
0.251,0.266
0.2798,0.2727
0.2927,0.2944
0.2349,0.2338
0.2593,0.2534
0.2751,0.2642
0.2236,0.2219
0.2216,0.2261
0.2252,0.1959
0.2311,0.2377
0.2283,0.2415
0.274,0.2876
0.2524,0.253
0.2261,0.2426
0.314,0.3225
0.3152,0.3215
0.3022,0.3044
0.3057,0.3025
0.3062,0.3013
0.2798,0.2798
0.2825,0.29
0.2764,0.2715
0.2935,0.2913
0.2732,0.2803
0.2747,0.2854
0.2683,0.2664
0.2451,0.2607
0.2217,0.2465
0.2316,0.2484
0.2422,0.2527
0.2406,0.2502
0.2183,0.2454
0.2236,0.2413
0.2338,0.2421
0.274,0.2578
0.3,0.3093
0.2527,0.2502
0.2437,0.2416
0.251,0.2484
0.1992,0.1896
0.212,0.2051
0.1866,0.1771
0.2998,0.2937
0.2556,0.2686
0.1864,0.1969
0.2524,0.2465
0.2556,0.2515
0.2878,0.26
0.2668,0.2622
0.2876,0.2803
0.2708,0.2573
0.2422,0.2385
0.3044,0.3079
0.284,0.2776
0.2249,0.217
0.2106,0.2001
0.2754,0.2551
0.2634,0.2537
0.289,0.2869
0.2874,0.2888
0.2996,0.3032
0.297,0.2917
0.2189,0.2449
0.2092,0.2147
0.2001,0.2074
0.2106,0.208
0.281,0.2883
0.2961,0.2998
0.3293,0.3264
0.3108,0.3057
0.3213,0.3193
0.2556,0.26
0.2937,0.288
0.2817,0.2883
0.2957,0.2847
0.2612,0.2505
0.2537,0.2527
0.2379,0.2456
0.255,0.2457
0.26,0.2524
0.2249,0.2218
0.2361,0.2267
0.2515,0.2404
0.2905,0.3027
0.29,0.3062
0.283,0.297
0.2208,0.2285
0.2196,0.2349
0.2325,0.2615
0.2368,0.2316
0.2406,0.2422
0.2198,0.2274
0.2211,0.2289
0.1832,0.1747
0.2064,0.1919
0.2194,0.2057
0.2247,0.2341
0.1875,0.1741
0.2076,0.1993
0.1722,0.167
0.2144,0.2056
0.2219,0.2307
0.233,0.2441
0.2134,0.222
0.2195,0.23
0.2683,0.273
0.2332,0.2454
0.2233,0.2219
0.2563,0.2605
0.2612,0.2705
0.2642,0.2786
0.218,0.2197
0.2155,0.2186
0.2554,0.2458
0.2656,0.2455
0.261,0.2439
0.2727,0.2451
0.2426,0.248
0.269,0.2651
0.2546,0.2593
0.255,0.2593
0.2527,0.266
0.2583,0.2542
0.2576,0.2642
0.2883,0.2937
0.252,0.267
0.2227,0.2454
0.2324,0.2318
0.266,0.2766
0.295,0.288
0.2463,0.2573
0.277,0.2756
0.2903,0.2996
0.222,0.2272
0.2328,0.2325
0.254,0.2656
0.261,0.2798
0.247,0.2656
0.3247,0.33
0.3176,0.3298
0.2605,0.2603
0.2908,0.2903
0.27,0.2668
0.244,0.2559
0.3386,0.331
0.334,0.33
0.2,0.1985
0.334,0.3335
0.3198,0.33
0.3235,0.3367
0.3064,0.3328
0.3318,0.3389
0.324,0.3342
0.3142,0.324
0.2974,0.315
0.347,0.349
0.3337,0.3306
0.3303,0.3398
0.3376,0.3442
0.3284,0.329
0.3152,0.3352
0.3481,0.3567
0.3352,0.341
0.3325,0.3457
0.3428,0.341
0.3289,0.324
0.3264,0.3315
0.2986,0.3052
0.2832,0.3013
0.3027,0.2922
0.2915,0.2786
0.238,0.256
0.2258,0.2344
0.2367,0.2389
0.2205,0.2433
0.2152,0.236
0.2191,0.2374
0.19,0.1975
0.1846,0.1936
0.2032,0.2211
0.2188,0.2073
0.204,0.2097
0.2532,0.2372
0.2078,0.2091
0.232,0.2241
0.2379,0.2473
0.2451,0.2471
0.2462,0.248
0.2534,0.2432
0.2717,0.278
0.2708,0.2869
0.227,0.2361
0.2266,0.236
0.2294,0.2378
0.2426,0.2261
0.2247,0.2152
0.2094,0.2075
0.213,0.2119
0.269,0.273
0.265,0.2756
0.2761,0.293
0.2815,0.2896
0.2659,0.2869
0.2688,0.2854
0.2656,0.2627
0.2808,0.28
0.2676,0.268
0.1779,0.2006
0.191,0.199
0.3093,0.3203
0.2386,0.2428
0.3042,0.3223
0.272,0.2969
0.2463,0.2673
0.2598,0.274
0.2439,0.2642
0.2296,0.2336
0.2467,0.2417
0.2737,0.2695
0.289,0.2822
0.2534,0.2568
0.3115,0.2998
0.2676,0.2524
0.2281,0.2446
0.2185,0.2402
0.273,0.3032
0.2205,0.2333
0.2856,0.2888
0.3118,0.3167
0.2443,0.2404
0.2455,0.2322
0.2585,0.2568
0.269,0.2625
0.2605,0.255
0.2286,0.2279
0.2281,0.2378
0.2213,0.2354
0.2996,0.289
0.286,0.2764
0.2019,0.2142
0.2241,0.223
0.2764,0.269
0.2651,0.2751
0.2683,0.2654
0.2659,0.2703
0.2607,0.2627
0.276,0.2798
0.2325,0.2401
0.257,0.2786
0.2164,0.2281
0.2527,0.2708
0.2289,0.2296
0.256,0.2751
0.2622,0.2766
0.2441,0.2632
0.228,0.241
0.2361,0.2472
0.234,0.2289
0.2605,0.2822
0.2424,0.2435
0.2448,0.2394
0.2445,0.2435
0.2322,0.2289
0.206,0.2112
0.203,0.21
0.2074,0.2112
0.2463,0.2573
0.3225,0.317
0.313,0.3076
0.321,0.321
0.31,0.3127
0.322,0.3142
0.3176,0.3137
0.238,0.2476
0.2961,0.2742
0.287,0.268
0.2908,0.2686
0.2747,0.2578
0.2917,0.294
0.289,0.2856
0.288,0.2766
0.2812,0.285
0.288,0.2795
0.2852,0.285
0.2888,0.286
0.2932,0.2932
0.277,0.286
0.288,0.2917
0.2927,0.2932
0.2937,0.2996
0.281,0.2932
0.295,0.281
0.302,0.2817
0.304,0.284
0.2893,0.2798
0.2747,0.277
0.2761,0.2708
0.2832,0.281
0.284,0.273
0.2783,0.2815
0.283,0.2761
0.2913,0.292
0.2712,0.2832
0.2778,0.2844
0.2659,0.2769
0.2732,0.278
0.2754,0.2825
0.2695,0.2703
0.2725,0.2737
0.2715,0.269
0.2776,0.2751
0.2693,0.2659
0.2754,0.2725
0.2617,0.2607
0.2627,0.2615
0.2524,0.2588
0.289,0.291
0.2732,0.2812
0.237,0.223
0.235,0.226
0.2247,0.2155
0.2268,0.2208
0.2333,0.2568
0.2446,0.2556
0.2452,0.2566
0.2369,0.253
0.2422,0.2397
0.241,0.2427
0.2264,0.268
0.2356,0.2585
0.2365,0.264
0.2246,0.2283
0.2197,0.218
0.2286,0.2229
0.239,0.2568
0.2406,0.2272
0.227,0.2428
0.2253,0.2141
0.2418,0.2578
0.2507,0.2333
0.2461,0.2617
0.2404,0.2573
0.2471,0.2433
0.2449,0.2466
0.2588,0.2593
0.2563,0.2632
0.2206,0.2233
0.2302,0.2164
0.2286,0.2229
0.2351,0.2424
0.2385,0.2306
0.2402,0.2391
0.2156,0.2246
0.214,0.2079
0.2155,0.2223
0.2064,0.2399
0.2068,0.2272
0.2079,0.2211
0.2031,0.2115
0.2136,0.241
0.211,0.2245
0.2114,0.2365
0.2126,0.2257
0.2083,0.2286
0.232,0.2415
0.2288,0.2198
0.2306,0.2433
0.2068,0.2069
0.1921,0.1954
0.2062,0.2053
0.2069,0.2166
0.174,0.1787
0.1912,0.1948
0.2343,0.2267
0.2438,0.2379
0.2238,0.2278
0.2305,0.2399
0.2267,0.2291
0.2054,0.2133
0.2106,0.2051
0.2041,0.1981
0.2152,0.2383
0.2129,0.2507
0.195,0.207
0.2004,0.2142
0.213,0.2095
0.2646,0.2573
0.2512,0.2683
0.2412,0.2405
0.2356,0.2466
0.252,0.2717
0.2537,0.2778
0.2314,0.2415
0.2554,0.2429
0.2307,0.233
0.2435,0.2281
0.23,0.2551
0.2422,0.2566
0.2046,0.2161
0.2194,0.2253
0.2181,0.224
0.2263,0.2336
0.174,0.1798
0.2742,0.2966
0.2451,0.2632
0.26,0.2683
0.244,0.2443
0.2659,0.2778
0.2499,0.2578
0.2766,0.276
0.248,0.253
0.2496,0.2617
0.3042,0.306
0.3054,0.3052
0.3054,0.3142
0.3052,0.3157
0.3176,0.3171
0.3003,0.3032
0.3127,0.3218
0.3115,0.3237
0.3206,0.325
0.3098,0.3057
0.2113,0.2192
0.2356,0.2351
0.2205,0.2294
0.246,0.2435
0.2151,0.221
0.214,0.229
0.2236,0.2283
0.2246,0.2374
0.2113,0.2263
0.2163,0.2142
0.2223,0.2399
0.2274,0.233
0.3276,0.3342
0.3223,0.3398
0.3406,0.3435
0.3347,0.3467
0.3337,0.3416
0.3323,0.3418
0.3281,0.3237
0.3271,0.3289
0.324,0.3142
0.319,0.3308
0.3132,0.313
0.3071,0.3198
0.3186,0.3228
0.3132,0.3308
0.3013,0.3096
0.2974,0.3179
0.3093,0.3196
0.3142,0.322
0.3005,0.3137
0.3025,0.3164
0.3066,0.3225
0.31,0.3203
0.2832,0.3079
0.2856,0.3035
0.2484,0.2566
0.2157,0.2299
0.2128,0.2113
0.2258,0.2344
0.2258,0.2185
0.2211,0.2169
0.2004,0.2115
0.2198,0.236
0.1969,0.2274
0.2118,0.2097
0.1947,0.2087
0.2107,0.2252
0.1979,0.2225
0.222,0.2212
0.1959,0.211
0.2216,0.2327
0.199,0.2319
0.2269,0.2205
0.2091,0.2152
0.2196,0.2203
0.2042,0.2196
0.2747,0.259
0.2708,0.2632
0.2705,0.273
0.2191,0.2144
0.2242,0.2179
0.203,0.2141
0.2147,0.2144
0.2231,0.2128
0.2051,0.2095
0.2244,0.2281
0.2258,0.2244
0.2068,0.2247
0.2147,0.2266
0.2283,0.2244
0.2118,0.2219
0.271,0.2744
0.2708,0.2773
0.2668,0.2786
0.2683,0.2463
0.303,0.309
0.2986,0.305
0.3018,0.3044
0.2573,0.2566
0.2327,0.2379
0.281,0.2913
0.268,0.2583
0.266,0.2686
0.2413,0.2343
0.266,0.2544
0.2512,0.2695
0.2399,0.2559
0.2096,0.215
0.196,0.209
0.2866,0.2898
0.2463,0.2333
0.2211,0.234
0.2272,0.2072
0.1776,0.1587
0.1621,0.142
0.2423,0.2378
0.2245,0.2306
0.2966,0.2695
0.2612,0.265
0.2335,0.2507
0.2693,0.2788
0.2153,0.2129
0.2429,0.245
0.2281,0.236
0.2322,0.2351
0.2426,0.2439
0.2258,0.2264
0.2542,0.25
0.2686,0.2717
0.258,0.2578
0.278,0.2869
0.2832,0.2842
0.2668,0.2683
0.2769,0.2756
0.242,0.2352
0.1815,0.195
0.1876,0.1967
0.3003,0.311
0.3215,0.3252
0.2542,0.2686
0.2512,0.263
0.2214,0.248
0.237,0.2394
0.2184,0.2433
0.2386,0.238
0.2067,0.2306
0.2172,0.2341
0.1918,0.2134
0.2084,0.2186
0.1876,0.1785
0.1724,0.1724
0.2537,0.255
0.2218,0.2217
0.2131,0.2131
0.2089,0.2085
0.2075,0.2025
0.2964,0.2947
0.2367,0.2482
0.2893,0.299
0.3062,0.3042
0.2976,0.2976
0.2976,0.3196
0.3066,0.3113
0.2064,0.2183
0.2141,0.2473
0.218,0.25
0.2617,0.293
0.25,0.2424
0.2502,0.2483
0.2927,0.312
0.304,0.3008
0.3164,0.3108
0.2686,0.2756
0.289,0.2786
0.2837,0.29
0.2181,0.2478
0.2666,0.2607
0.196,0.2039
0.1968,0.2279
0.2117,0.2224
0.2347,0.2277
0.2411,0.255
0.1923,0.2164
0.2203,0.2146
0.1957,0.2042
0.2125,0.2292
0.312,0.294
0.282,0.2866
0.2925,0.288
0.27,0.2776
0.2598,0.2769
0.2622,0.2754
0.2876,0.286
0.2864,0.2856
0.2864,0.288
0.277,0.2766
0.2134,0.2316
0.2211,0.2296
0.2197,0.2368
0.2097,0.2262
0.2012,0.21
0.1958,0.2004
0.188,0.2051
0.1707,0.1848
0.1976,0.2156
0.1814,0.1854
0.21,0.2318
0.1836,0.2001
0.2603,0.269
0.2444,0.2722
0.1948,0.2211
0.1829,0.1907
0.2407,0.2407
0.2642,0.2756
0.2277,0.2394
0.2334,0.2566
0.2632,0.2686
0.2673,0.268
0.256,0.2632
0.2627,0.272
0.2712,0.2727
0.209,0.2096
0.2069,0.2139
0.1936,0.1978
0.2542,0.2632
0.2317,0.2203
0.227,0.2224
0.2476,0.2413
0.2803,0.2651
0.272,0.274
0.1895,0.1852
0.2263,0.23
0.2289,0.2426
0.2532,0.28
0.2269,0.2556
0.3347,0.3306
0.3232,0.3274
0.335,0.3281
0.3328,0.329
0.3542,0.352
0.3418,0.3413
0.2137,0.238
0.2119,0.2318
0.2134,0.2113
0.2191,0.2064
0.2462,0.2522
0.2357,0.2192
0.1758,0.1777
0.194,0.1754
0.2252,0.2388
0.2402,0.2356
0.2319,0.2397
0.2054,0.2181
0.2139,0.2257
0.219,0.2404
0.1882,0.2039
0.1627,0.1625
0.2347,0.2329
0.2091,0.2108
0.2228,0.2314
0.2312,0.2408
0.1935,0.2012
0.2233,0.2391
0.2094,0.2294
0.2238,0.2295
0.214,0.2224
0.2734,0.286
0.2664,0.286
0.2764,0.2793
0.2686,0.278
0.2778,0.277
0.278,0.2722
0.2715,0.2715
0.2722,0.2698
0.212,0.2374
0.3,0.2917
0.2585,0.26
0.2654,0.268
0.2479,0.2603
0.274,0.276
0.2546,0.2778
0.2798,0.2769
0.2052,0.2335
0.2316,0.2527
0.2445,0.277
0.2524,0.2805
0.2297,0.2393
0.2295,0.2483
0.2345,0.2131
0.239,0.2566
0.2554,0.2307
0.2524,0.2373
0.2825,0.2576
0.282,0.2861
0.1866,0.1854
0.2732,0.2695
0.2737,0.2761
0.2197,0.2208
0.2542,0.2625
0.2512,0.2576
0.256,0.2544
0.2512,0.2576
0.256,0.2544
0.2688,0.2664
0.2898,0.2524
0.276,0.2472
0.2822,0.2607
0.267,0.272
0.2676,0.266
0.2546,0.2593
0.2656,0.2703
0.266,0.27
0.2024,0.1968
0.2145,0.2076
0.2413,0.2441
0.2097,0.2188
0.2023,0.206
0.2976,0.2964
0.2966,0.2932
0.3196,0.298
0.3184,0.3052
0.2463,0.283
0.2422,0.2642
0.253,0.285
0.2546,0.2673
0.2253,0.2263
0.274,0.2766
0.291,0.3003
0.295,0.3052
0.2433,0.2429
0.2472,0.255
0.2257,0.2177
0.2744,0.2756
0.2141,0.2295
0.2068,0.1987
0.28,0.2788
0.2869,0.2834
0.2683,0.273
0.2954,0.3047
0.3135,0.3066
0.3206,0.3235
0.2793,0.2773
0.2056,0.2031
0.288,0.2869
0.2406,0.2382
0.2407,0.2356
0.207,0.1973
0.2769,0.2722
0.2703,0.27
0.2598,0.2605
0.2732,0.2656
0.256,0.2603
0.2688,0.273
0.2874,0.29
0.2712,0.279
0.265,0.2673
0.2756,0.284
0.2522,0.2732
0.1743,0.1855
0.1903,0.1984
0.2335,0.2173
0.272,0.278
0.2534,0.264
0.2455,0.247
0.2402,0.2173
0.2063,0.1807
0.2412,0.2301
0.2094,0.2007
0.2278,0.2212
0.2108,0.2258
0.2314,0.2181
0.2386,0.2142
0.1659,0.1823
0.172,0.189
0.2646,0.2688
0.2472,0.2686
0.2712,0.2654
0.2452,0.2622
0.2644,0.2632
0.2439,0.2625
0.265,0.2717
0.2439,0.271
0.2703,0.2705
0.2537,0.271
0.2812,0.2808
0.2607,0.2776
0.2688,0.2698
0.2418,0.2686
0.268,0.2722
0.2598,0.2686
0.255,0.2703
0.2693,0.2712
0.2434,0.2693
0.2607,0.275
0.2556,0.2676
0.2457,0.2705
0.2688,0.273
0.2386,0.2695
0.2673,0.2715
0.2588,0.2722
0.2484,0.2712
0.2715,0.2776
0.2463,0.2766
0.2651,0.2756
0.2625,0.2737
0.2583,0.277
0.2751,0.2773
0.2466,0.2756
0.2727,0.2793
0.2644,0.2795
0.2603,0.2793
0.281,0.2783
0.2554,0.2732
0.279,0.2812
0.2761,0.2793
0.2703,0.2788
0.1859,0.1812
0.1921,0.1803
0.1973,0.1917
0.1902,0.1938
0.2006,0.1849
0.1743,0.1791
0.1724,0.172
0.185,0.1906
0.1837,0.1908
0.192,0.1794
0.2499,0.2498
0.2499,0.2467
0.2181,0.2184
0.2238,0.2148
0.3188,0.3264
0.314,0.3154
0.2947,0.2847
0.294,0.2854
0.2278,0.2327
0.2007,0.2074
0.2006,0.1938
0.2219,0.2125
0.2186,0.2053
0.204,0.1978
0.203,0.1923
0.2615,0.2654
0.2737,0.2644
0.2817,0.2764
0.2229,0.2241
0.2314,0.2328
0.2559,0.2532
0.2522,0.2542
0.2703,0.2725
0.255,0.2507
0.2651,0.2568
0.253,0.2793
0.2554,0.2747
0.2466,0.2693
0.262,0.2717
0.2477,0.2358
0.2522,0.2404
0.244,0.2421
0.2351,0.2333
0.2401,0.233
0.2368,0.2324
0.2266,0.2374
0.2211,0.2245
0.2461,0.2408
0.2406,0.2388
0.2289,0.2375
0.2225,0.2288
0.2357,0.2505
0.2375,0.233
0.2343,0.2317
0.2119,0.2137
0.2098,0.2231
0.2119,0.2402
0.2903,0.2693
0.2646,0.2366
0.2844,0.2666
0.2578,0.2527
0.2996,0.296
0.268,0.263
0.2957,0.2856
0.2573,0.2822
0.1753,0.1968
0.257,0.296
0.2676,0.2786
0.2593,0.2844
0.2888,0.3096
0.2913,0.2905
0.2844,0.2988
0.2817,0.2947
0.2803,0.272
0.2795,0.2869
0.2397,0.2234
0.232,0.2152
0.2861,0.2876
0.2517,0.2598
0.277,0.2795
0.288,0.2896
0.2491,0.261
0.2455,0.251
0.289,0.2869
0.1864,0.1814
0.195,0.1981
0.1838,0.1984
0.1676,0.1747
0.1881,0.1924
0.1997,0.2117
0.203,0.2153
0.2144,0.2255
0.2423,0.283
0.2274,0.2612
0.2788,0.2754
0.2632,0.2957
0.261,0.2954
0.2693,0.284
0.243,0.2515
0.2861,0.271
0.2847,0.2988
0.2854,0.2942
0.262,0.2622
0.2455,0.2568
0.284,0.2683
0.278,0.2825
0.2822,0.2766
0.2563,0.2651
0.2356,0.2476
0.2751,0.2583
0.2742,0.2832
0.2744,0.2744
0.2593,0.2698
0.2418,0.2441
0.2842,0.2654
0.2817,0.2834
0.2893,0.2852
0.2827,0.2922
0.2908,0.2915
0.2812,0.2815
0.2903,0.2852
0.2686,0.2766
0.271,0.2776
0.2756,0.2747
0.27,0.273
0.2852,0.2903
0.2876,0.2883
0.299,0.2876
0.2922,0.286
0.261,0.278
0.2732,0.2783
0.2744,0.279
0.274,0.2756
0.2598,0.2705
0.2732,0.2708
0.257,0.2607
0.2698,0.2664
0.207,0.2308
0.2161,0.2201
0.2202,0.2219
0.2069,0.2129
0.1881,0.2107
0.3362,0.3567
0.3518,0.3723
0.345,0.357
0.342,0.3506
0.2974,0.317
0.3098,0.3372
0.3096,0.3228
0.3071,0.3254
0.3381,0.3547
0.3472,0.3767
0.3484,0.3645
0.3433,0.3704
0.3513,0.3682
0.3706,0.3872
0.3594,0.3667
0.3577,0.373
0.358,0.3767
0.3699,0.3857
0.3628,0.3772
0.367,0.3748
0.2546,0.2778
0.2583,0.2585
0.2808,0.285
0.2734,0.3044
0.2725,0.302
0.261,0.274
0.2708,0.2783
0.2712,0.2834
0.276,0.2893
0.1965,0.1802
0.2766,0.2842
0.3022,0.3022
0.198,0.2021
0.254,0.2512
0.2842,0.2947
0.2676,0.2866
0.2737,0.2925
0.2588,0.2783
0.2522,0.275
0.2566,0.2795
0.2517,0.2554
0.2917,0.2927
0.258,0.271
0.2673,0.2715
0.2688,0.266
0.2627,0.2695
0.2676,0.2703
0.2396,0.2617
0.2404,0.2588
0.2484,0.274
0.2415,0.267
0.2244,0.2297
0.2218,0.2335
0.2269,0.2458
0.2213,0.2432
0.2037,0.2146
0.2006,0.2091
0.281,0.281
0.2499,0.2637
0.2969,0.3354
0.1868,0.1909
0.1744,0.18
0.1915,0.1661
0.1724,0.1665
0.1971,0.2007
0.2457,0.2393
0.2566,0.255
0.2847,0.2603
0.2505,0.2488
0.2522,0.2595
0.2347,0.246
0.265,0.2747
0.2678,0.277
0.256,0.2644
0.2223,0.2229
0.2228,0.2437
0.2454,0.2329
0.2343,0.2361
0.2161,0.2268
0.2311,0.2356
0.2328,0.2488
0.2225,0.2612
0.2028,0.2428
0.2211,0.249
0.273,0.265
0.27,0.2764
0.2693,0.2712
0.2795,0.2769
0.2617,0.2554
0.264,0.2642
0.2834,0.2773
0.2917,0.2932
0.2944,0.2993
0.284,0.2805
0.2676,0.2795
0.2378,0.2434
0.2454,0.2507
0.2452,0.2412
0.2517,0.243
0.2715,0.277
0.265,0.2357
0.2413,0.2249
0.2266,0.2146
0.2776,0.2874
0.2656,0.2778
0.2268,0.2303
0.2703,0.267
0.1716,0.1879
0.1819,0.1869
0.276,0.2805
0.2031,0.2015
0.2673,0.2598
0.231,0.2266
0.2184,0.2046
0.309,0.3093
0.315,0.3096
0.3167,0.3164
0.324,0.3245
0.3318,0.3296
0.335,0.3318
0.304,0.3032
0.2428,0.2534
0.2471,0.2537
0.241,0.253
0.2476,0.2485
0.2717,0.2668
0.272,0.2705
0.2878,0.2805
0.271,0.271
0.2905,0.2834
0.2333,0.2372
0.1885,0.1985
0.2017,0.199
0.295,0.2969
0.2957,0.3057
0.293,0.2935
0.3098,0.3015
0.3105,0.31
0.3047,0.3
0.1779,0.2124
0.2424,0.2427
0.2573,0.2788
0.207,0.231
0.2634,0.2615
0.2764,0.2585
0.2686,0.2908
0.2832,0.292
0.278,0.28
0.2903,0.2769
0.2925,0.2913
0.3035,0.292
0.229,0.2325
0.2233,0.2301
0.1998,0.1969
0.2747,0.2766
0.2126,0.2157
0.2837,0.2776
0.2944,0.3147
0.2213,0.229
0.2224,0.2291
0.2443,0.251
0.2205,0.2378
0.2253,0.2328
0.2834,0.2861
0.2346,0.231
0.315,0.315
0.284,0.2878
0.2603,0.2642
0.2339,0.2435
0.2299,0.2263
0.2292,0.2188
0.2551,0.2461
0.2095,0.2157
0.2162,0.2191
0.2566,0.2382
0.2415,0.2454
0.2764,0.2737
0.2554,0.2632
0.292,0.2893
0.2837,0.2734
0.285,0.2937
0.2874,0.291
0.2693,0.2668
0.2988,0.3123
0.287,0.283
0.257,0.2651
0.2722,0.271
0.206,0.2081
0.2155,0.2184
0.29,0.3066
0.2788,0.2869
0.2732,0.2725
0.2593,0.2605
0.2203,0.2185
0.2347,0.2313
0.2357,0.2374
0.2378,0.2445
0.182,0.1824
0.1732,0.1901
0.194,0.2067
0.2498,0.2644
0.2563,0.2556
0.2495,0.2507
0.2764,0.276
0.2537,0.2496
0.2383,0.249
0.2435,0.243
0.2345,0.2576
0.2445,0.2461
0.2388,0.2397
0.2632,0.262
0.2205,0.2224
0.2477,0.253
0.2683,0.2737
0.2622,0.2612
0.2612,0.2651
0.251,0.256
0.2622,0.253
0.2646,0.2363
0.2693,0.261
0.2573,0.2449
0.2363,0.2422
0.2471,0.2488
0.2585,0.2479
0.268,0.2666
0.2416,0.2576
0.252,0.269
0.2642,0.262
0.2732,0.267
0.2827,0.2795
0.2583,0.2457
0.2406,0.2401
0.254,0.2546
0.2637,0.2479
0.264,0.2678
0.2456,0.2632
0.256,0.267
0.2676,0.2732
0.2454,0.251
0.3035,0.2932
0.2195,0.2622
0.3025,0.3105
0.3247,0.3164
0.22,0.2079
0.2317,0.2024
0.2211,0.2448
0.2316,0.2356
0.275,0.286
0.3,0.3162
0.1619,0.1766
0.1914,0.2035
0.2112,0.241
0.2683,0.2505
0.2576,0.2676
0.2585,0.2837
0.2954,0.3025
0.278,0.2795
0.2866,0.2893
0.295,0.2954
0.265,0.2673
0.2515,0.2595
0.2515,0.265
0.2747,0.2893
0.2876,0.294
0.2832,0.2861
0.2979,0.2896
0.3025,0.303
0.24,0.2534
0.274,0.28
0.2168,0.1957
0.1931,0.2075
0.2052,0.2158
0.2399,0.2462
0.2308,0.2295
0.3193,0.3193
0.3196,0.3145
0.2954,0.2869
0.2722,0.2776
0.2467,0.271
0.3003,0.2878
0.2993,0.2964
0.249,0.2524
0.2073,0.2732
0.2113,0.2668
0.292,0.2869
0.2988,0.3013
0.2166,0.2167
0.2153,0.222
0.219,0.2229
0.2788,0.2666
0.272,0.2737
0.2026,0.1956
0.1776,0.1829
0.2812,0.2795
0.2756,0.2751
0.2311,0.2411
0.2255,0.2416
0.2776,0.2808
0.1881,0.1953
0.193,0.1882
0.183,0.1757
0.2935,0.2893
0.2925,0.2805
0.2993,0.2947
0.2937,0.2788
0.2783,0.2817
0.2788,0.2861
0.2489,0.2664
0.2578,0.2637
0.3088,0.305
0.3093,0.3015
0.325,0.3237
0.2788,0.289
0.273,0.286
0.2373,0.234
0.2566,0.2454
0.2585,0.2502
0.2551,0.2598
0.272,0.2974
0.2947,0.2944
0.29,0.2964
0.2886,0.3005
0.246,0.2474
0.2383,0.2378
0.249,0.2603
0.2537,0.2576
0.2515,0.2576
0.2496,0.2568
0.2502,0.2517
0.2484,0.2537
0.2437,0.2534
0.2428,0.2489
0.2458,0.2502
0.2052,0.2169
0.1931,0.2101
0.3008,0.304
0.2927,0.291
0.276,0.2817
0.2776,0.2705
0.271,0.2484
0.2382,0.2439
0.2408,0.2375
0.2507,0.2678
0.2236,0.2218
0.2266,0.2157
0.2242,0.2468
0.2267,0.2423
0.229,0.2507
0.2303,0.2644
0.1967,0.2013
0.1912,0.1923
0.1852,0.184
0.2637,0.2542
0.2688,0.2683
0.2615,0.2708
0.2695,0.267
0.2637,0.2734
0.1854,0.1921
0.1875,0.1792
0.336,0.3303
0.3132,0.329
0.3264,0.3352
0.3394,0.3257
0.3147,0.3274
0.3247,0.3262
0.3452,0.3252
0.32,0.3196
0.3313,0.3218
0.2379,0.2603
0.2352,0.248
0.2362,0.251
0.2363,0.246
0.2452,0.2554
0.2722,0.272
0.258,0.261
0.2175,0.2279
0.2092,0.2094
0.143,0.1567
0.2462,0.2644
0.2642,0.2798
0.1995,0.2129
0.2231,0.2257
0.2935,0.2903
0.2433,0.2646
0.3105,0.3137
0.224,0.2324
0.2727,0.2893
0.301,0.3088
0.2295,0.224
0.3142,0.3108
0.217,0.2216
0.2676,0.274
0.2556,0.277
0.2532,0.2812
0.2485,0.2673
0.2433,0.2646
0.2505,0.2686
0.2439,0.264
0.3066,0.3174
0.318,0.316
0.298,0.2964
0.3064,0.2996
0.2489,0.232
0.2659,0.255
0.264,0.2556
0.202,0.2064
0.1942,0.1838
0.1987,0.2123
0.19,0.1967
0.183,0.1937
0.197,0.2211
0.3208,0.3125
0.3037,0.2925
0.305,0.293
0.3235,0.3225
0.3137,0.3093
0.313,0.313
0.1814,0.1827
0.1835,0.1957
0.1782,0.1554
0.1831,0.1675
0.2064,0.2013
0.189,0.1741
0.2961,0.3022
0.2944,0.292
0.2979,0.3013
0.2993,0.3018
0.2954,0.2854
0.2944,0.297
0.1874,0.1919
0.1821,0.2131
0.2844,0.2878
0.2805,0.2832
0.2842,0.2817
0.2896,0.2883
0.2825,0.278
0.29,0.2788
0.3057,0.3015
0.294,0.2769
0.291,0.2822
0.2438,0.2405
0.2015,0.249
0.261,0.254
0.2156,0.2129
0.2054,0.2096
0.2323,0.2356
0.223,0.2334
0.2191,0.2345
0.232,0.2137
0.2415,0.2203
0.2488,0.2362
0.2637,0.2905
0.2408,0.2489
0.2487,0.2303
0.23,0.2396
0.2437,0.2363
0.274,0.2632
0.269,0.2496
0.2593,0.265
0.2284,0.2312
0.2522,0.2666
0.2424,0.2434
0.25,0.2668
0.2484,0.2615
0.2532,0.2583
0.2922,0.2937
0.2656,0.2769
0.2969,0.3066
0.2522,0.27
0.2117,0.2128
0.263,0.2642
0.2413,0.2417
0.2585,0.2507
0.3025,0.2908
0.2827,0.2683
0.2135,0.2047
0.2988,0.2856
0.306,0.305
0.289,0.294
0.2064,0.2012
0.2211,0.2349
0.2008,0.2057
0.321,0.3215
0.3152,0.3245
0.262,0.2686
0.2761,0.287
0.2153,0.2285
0.3347,0.3271
0.238,0.2363
0.2793,0.2686
0.3416,0.351
0.34,0.335
0.3303,0.3098
0.2174,0.2246
0.2532,0.2646
0.2349,0.2379
0.2141,0.2148
0.2092,0.216
0.205,0.1968
0.2415,0.2408
0.2294,0.2347
0.3,0.311
0.287,0.296
0.2727,0.2644
0.2983,0.2993
0.2793,0.295
0.273,0.3188
0.3115,0.3103
0.2396,0.2345
0.2401,0.245
0.2208,0.2284
0.244,0.2474
0.2367,0.2188
0.2302,0.2146
0.2292,0.2169
0.2424,0.2299
0.2146,0.2432
0.2279,0.2418
0.2462,0.2588
0.2153,0.1827
0.2249,0.1699
0.2352,0.2001
0.1523,0.1567
0.2695,0.2703
0.3093,0.316
0.291,0.2551
0.2605,0.2598
0.3115,0.3125
0.2311,0.2413
0.2498,0.266
0.2142,0.2158
0.22,0.2283
0.2297,0.235
0.2429,0.2361
0.2576,0.2566
0.2976,0.2961
0.3103,0.3076
0.314,0.307
0.296,0.2898
0.309,0.297
0.308,0.2966
0.3013,0.2922
0.3135,0.3008
0.3142,0.3
0.2952,0.2944
0.3083,0.3035
0.3086,0.3035
0.2993,0.302
0.3093,0.3013
0.3135,0.3105
0.2954,0.296
0.3088,0.2947
0.306,0.3032
0.303,0.2974
0.3127,0.296
0.3164,0.3044
0.2903,0.2957
0.2996,0.2935
0.3015,0.3025
0.3206,0.314
0.3123,0.3132
0.3232,0.3188
0.315,0.3162
0.2803,0.2825
0.2698,0.2812
0.2803,0.279
0.292,0.2786
0.2852,0.28
0.2969,0.279
0.2233,0.2123
0.2416,0.2373
0.2465,0.2712
0.2368,0.2693
0.2512,0.2678
0.2349,0.2463
0.2269,0.2455
0.24,0.2412
0.2786,0.285
0.2842,0.2795
0.258,0.2642
0.2283,0.2229
0.2155,0.2218
0.2212,0.2163
0.229,0.2291
0.2225,0.2256
0.2216,0.2212
0.2302,0.2214
0.219,0.2228
0.2263,0.2207
0.2183,0.2126
0.2004,0.2052
0.2075,0.2125
0.2296,0.2546
0.2277,0.2563
0.2385,0.26
0.326,0.3193
0.3206,0.3142
0.328,0.3237
0.324,0.3208
0.2452,0.2622
0.264,0.263
0.2627,0.2646
0.3186,0.308
0.3154,0.3162
0.2241,0.2144
0.2188,0.2261
0.2305,0.23
0.2074,0.2225
0.2905,0.3018
0.2485,0.2455
0.251,0.2559
0.2284,0.2249
0.2421,0.2412
0.2786,0.277
0.2457,0.2505
0.2827,0.2803
0.2678,0.2913
0.2698,0.2861
0.2354,0.2388
0.2479,0.2386
0.2498,0.2695
0.2932,0.3066
0.2189,0.2299
0.2089,0.2109
0.2002,0.2091
0.1964,0.2043
0.2527,0.2568
0.2812,0.2854
0.2742,0.2747
0.272,0.2744
0.2646,0.2666
0.2727,0.271
0.2805,0.2783
0.2603,0.256
0.2722,0.268
0.2844,0.2825
0.2499,0.2487
0.253,0.2512
0.2856,0.2737
0.2861,0.2905
0.3242,0.315
0.2196,0.2201
0.2097,0.1995
0.1973,0.1859
0.2883,0.2766
0.2922,0.2976
0.292,0.2869
0.289,0.2964
0.2308,0.2278
0.2163,0.2191
0.3228,0.3252
0.3228,0.3264
0.312,0.3188
0.3313,0.329
0.3289,0.324
0.3303,0.3306
0.3215,0.3223
0.338,0.3354
0.32,0.3176
0.321,0.3264
0.3145,0.319
0.3296,0.3345
0.2776,0.2725
0.253,0.2627
0.2186,0.2275
0.2593,0.2659
0.2289,0.2336
0.169,0.1995
0.198,0.2118
0.1849,0.2014
0.1998,0.2059
0.1885,0.1895
0.2585,0.262
0.289,0.2834
0.2861,0.2722
0.2861,0.2876
0.3008,0.296
0.2546,0.2642
0.2433,0.2554
0.2118,0.2156
0.2607,0.2693
0.2678,0.2754
0.217,0.2325
0.2227,0.2343
0.2795,0.2727
0.2432,0.2544
0.244,0.2544
0.235,0.2351
0.2312,0.2318
0.2842,0.2727
0.2795,0.2766
0.2563,0.2388
0.254,0.2489
0.2988,0.3013
0.2996,0.281
0.2554,0.2715
0.2502,0.2673
0.317,0.3416
0.3193,0.3306
0.3071,0.3164
0.3376,0.346
0.3374,0.3367
0.3232,0.3218
0.2283,0.2256
0.2235,0.2332
0.2322,0.2306
0.2338,0.2418
0.2109,0.2039
0.2094,0.2146
0.3545,0.3354
0.3462,0.3416
0.3386,0.3274
0.329,0.3364
0.3208,0.311
0.3088,0.313
0.3347,0.3267
0.3228,0.3176
0.3132,0.3013
0.221,0.2113
0.2272,0.2231
0.2438,0.2417
0.2491,0.2456
0.245,0.2356
0.2448,0.2354
0.2607,0.256
0.2164,0.2261
0.268,0.274
0.2568,0.259
0.2106,0.2058
0.2032,0.2043
0.208,0.1937
0.2214,0.2191
0.1849,0.2107
0.2349,0.2329
0.2417,0.255
0.2499,0.2588
0.1962,0.2133
0.2225,0.258
0.27,0.2698
0.2954,0.2935
0.3198,0.3289
0.3135,0.3157
0.2279,0.221
0.2302,0.2335
0.2096,0.2135
0.1875,0.1932
0.1835,0.191
0.2155,0.211
0.1932,0.1934
0.1932,0.1917
0.2172,0.214
0.2366,0.2346
0.2223,0.2251
0.2441,0.2515
0.2426,0.2507
0.2454,0.2499
0.2467,0.2527
0.241,0.2335
0.2286,0.2311
0.2421,0.2559
0.2273,0.2568
0.2365,0.2627
0.2416,0.2407
0.233,0.2185
0.2292,0.2379
0.2435,0.2505
0.2477,0.264
0.2385,0.2476
0.2478,0.2472
0.2542,0.2445
0.2296,0.2313
0.2264,0.2218
0.1997,0.208
0.2435,0.2441
0.2566,0.254
0.2378,0.2347
0.2617,0.2615
0.2563,0.2527
0.282,0.2756
0.2115,0.2032
0.2764,0.273
0.2355,0.2235
0.2605,0.2593
0.2683,0.2783
0.257,0.263
0.245,0.2439
0.2491,0.2551
0.272,0.2837
0.272,0.2805
0.2247,0.2393
0.2218,0.2275
0.2002,0.2025
0.1875,0.1965
0.2803,0.274
0.2812,0.2837
0.3015,0.2954
0.2825,0.3
0.2466,0.2505
0.2559,0.273
0.2133,0.2064
0.3074,0.3154
0.3047,0.3096
0.2153,0.2275
0.2037,0.2089
0.258,0.2705
0.266,0.2712
0.2246,0.2211
0.2537,0.2703
0.2654,0.2778
0.2637,0.2688
0.267,0.2744
0.2815,0.2742
0.2666,0.2822
0.279,0.2717
0.304,0.305
0.3003,0.2979
0.2852,0.2898
0.2874,0.2937
0.2417,0.2495
0.2296,0.2399
0.295,0.299
0.2445,0.2473
0.2274,0.2274
0.2439,0.2365
0.2244,0.2393
0.216,0.2275
0.2217,0.2349
0.2183,0.2441
0.2673,0.2795
0.2156,0.2219
0.1937,0.2041
0.2019,0.2087
0.1992,0.2072
0.3062,0.2969
0.298,0.2966
0.294,0.2874
0.2942,0.2922
0.266,0.265
0.2695,0.2654
0.254,0.2642
0.2515,0.2678
0.304,0.3086
0.296,0.3062
0.2925,0.2944
0.2142,0.2058
0.205,0.2013
0.2416,0.2332
0.2383,0.2167
0.2012,0.1984
0.2067,0.2041
0.2627,0.268
0.2483,0.2751
0.2397,0.252
0.238,0.2583
0.2157,0.2178
0.2456,0.2413
0.2844,0.3044
0.2815,0.3022
0.2886,0.3035
0.2856,0.3032
0.2537,0.2563
0.1915,0.2076
0.2273,0.2441
0.2325,0.2445
0.1738,0.2072
0.2322,0.245
0.2322,0.245
0.2437,0.2443
0.2448,0.2495
0.2935,0.297
0.2756,0.2957
0.2402,0.236
0.2766,0.2659
0.2793,0.276
0.279,0.2725
0.2717,0.2751
0.27,0.2717
0.2664,0.2605
0.2595,0.2712
0.2705,0.2803
0.2554,0.27
0.2568,0.2761
0.1979,0.2086
0.2281,0.2399
0.2148,0.2495
0.2344,0.2194
0.2195,0.2274
0.2202,0.2328
0.2411,0.2499
0.3093,0.3323
0.321,0.3413
0.337,0.3408
0.2576,0.2338
0.27,0.2559
0.247,0.24
0.267,0.2642
0.2427,0.2363
0.264,0.258
0.2747,0.269
0.2847,0.293
0.3025,0.2944
0.268,0.2766
0.2493,0.2454
0.2805,0.2917
0.2954,0.3118
0.2883,0.2869
0.3008,0.3093
0.3074,0.3237
0.302,0.2969
0.2285,0.242
0.2295,0.2349
0.264,0.2852
0.2747,0.281
0.2485,0.2568
0.2083,0.2186
0.2205,0.2264
0.2059,0.1991
0.2156,0.2242
0.2429,0.2426
0.2113,0.2258
0.2079,0.2146
0.2231,0.2195
0.2296,0.2457
0.2578,0.2512
0.2085,0.2115
0.2664,0.2754
0.238,0.2334
0.223,0.2179
0.2081,0.2172
0.2101,0.2063
0.2152,0.2192
0.2391,0.2395
0.2438,0.2314
0.2812,0.26
0.2756,0.2617
0.2267,0.2236
0.2334,0.2274
0.2769,0.295
0.2825,0.3035
0.2888,0.279
0.289,0.288
0.2683,0.2673
0.2394,0.2439
0.1893,0.1995
0.1907,0.1975
0.2417,0.2417
0.2439,0.2277
0.1599,0.1815
0.2377,0.2473
0.237,0.2347
0.2546,0.2537
0.2537,0.2299
0.2625,0.2617
0.2598,0.2546
0.2588,0.2583
0.2515,0.254
0.2617,0.261
0.2466,0.2595
0.27,0.2737
0.2505,0.2676
0.2067,0.2102
0.2153,0.2196
0.3088,0.274
0.2964,0.2883
0.2761,0.278
0.2622,0.266
0.2769,0.2935
0.1782,0.1857
0.2932,0.285
0.2686,0.2573
0.2303,0.2251
0.265,0.285
0.3108,0.311
0.2786,0.2825
0.2625,0.2651
0.2551,0.2622
0.2825,0.2832
0.2686,0.272
0.1859,0.1925
0.2766,0.2605
0.274,0.2747
0.2808,0.275
0.2734,0.2644
0.269,0.2705
0.2484,0.2605
0.2467,0.2512
0.273,0.276
0.2632,0.266
0.2837,0.2803
0.2778,0.2705
0.289,0.2634
0.2795,0.2769
0.2554,0.2622
0.3152,0.3286
0.331,0.3398
0.3188,0.311
0.3293,0.3281
0.324,0.3096
0.2029,0.1919
0.1857,0.1776
0.1967,0.1887
0.1598,0.1539
0.1624,0.1509
0.2458,0.2361
0.262,0.2559
0.258,0.2612
0.2527,0.2542
0.226,0.2244
0.2642,0.2683
0.245,0.2467
0.215,0.2162
0.2251,0.2256
0.2114,0.1958
0.2654,0.265
0.1932,0.1956
0.2052,0.2118
0.223,0.211
0.2188,0.2322
0.2495,0.2563
0.2754,0.2651
0.2783,0.285
0.2727,0.273
0.2742,0.2764
0.2102,0.2454
0.2236,0.2145
0.192,0.1929
0.2588,0.259
0.2277,0.2438
0.2452,0.261
0.2522,0.2417
0.2296,0.2457
0.2449,0.2625
0.2443,0.2393
0.2522,0.2499
0.2166,0.2135
0.212,0.2308
0.2812,0.3298
0.336,0.3245
0.3362,0.3408
0.333,0.3218
0.3347,0.3333
0.2979,0.2927
0.2472,0.2474
0.2998,0.315
0.2993,0.3027
0.2158,0.2318
0.2988,0.3
0.2935,0.2944
0.2756,0.276
0.275,0.282
0.2832,0.292
0.2832,0.2964
0.3015,0.2903
0.2952,0.2976
0.3018,0.305
0.3008,0.311
0.3064,0.3032
0.3025,0.309
0.3037,0.3123
0.304,0.3157
0.2335,0.247
0.1891,0.1895
0.1967,0.201
0.1901,0.1974
0.1952,0.2024
0.3032,0.2976
0.3079,0.3022
0.2439,0.2734
0.2566,0.2786
0.2903,0.2842
0.288,0.2854
0.239,0.2715
0.2498,0.267
0.3145,0.3164
0.3142,0.3132
0.1606,0.1953
0.1714,0.183
0.1741,0.1976
0.2954,0.2927
0.3064,0.3
0.301,0.3103
0.3145,0.3145
0.2822,0.302
0.2876,0.3066
0.2864,0.3035
0.2656,0.272
0.279,0.2822
0.2876,0.285
0.2695,0.2712
0.2703,0.2764
0.2407,0.2551
0.2258,0.237
0.1893,0.2015
0.3286,0.3215
0.1902,0.1871
0.1963,0.2048
0.1959,0.1958
0.2384,0.2295
0.2345,0.2379
0.2367,0.2305
0.2327,0.2322
0.2166,0.1946
0.2247,0.218
0.2223,0.2021
0.2297,0.2179
0.2402,0.2466
0.2424,0.2344
0.2357,0.2207
0.2252,0.2314
0.215,0.2172
0.2382,0.2534
0.2269,0.2306
0.2279,0.2103
0.2437,0.2415
0.2231,0.2267
0.236,0.2502
0.2406,0.255
0.2338,0.23
0.2281,0.238
0.2786,0.2874
0.2666,0.259
0.2922,0.285
0.253,0.2588
0.252,0.2566
0.2312,0.2356
0.2834,0.2976
0.296,0.3088
0.2964,0.3022
0.2834,0.2937
0.2578,0.2803
0.2966,0.2898
0.2886,0.2864
0.2527,0.2551
0.2452,0.2432
0.2598,0.2622
0.2349,0.2512
0.2355,0.247
0.2368,0.2288
0.2354,0.2332
0.2185,0.1979
0.2224,0.1986
0.2942,0.293
0.219,0.182
0.237,0.2311
0.2375,0.2272
0.3096,0.2986
0.2654,0.2625
0.2357,0.251
0.3015,0.2976
0.277,0.279
0.3562,0.3594
0.2467,0.2556
0.2365,0.25
0.2433,0.2443
0.2311,0.2351
0.3213,0.3296
0.3035,0.322
0.3076,0.3281
0.2705,0.3015
0.2903,0.306
0.2988,0.3057
0.2905,0.3115
0.2856,0.3086
0.2822,0.296
0.2832,0.295
0.285,0.296
0.2283,0.2399
0.252,0.267
0.2153,0.2289
0.2257,0.2603
0.2344,0.2404
0.2367,0.2603
0.2654,0.2688
0.2107,0.2355
0.2286,0.236
0.2065,0.2361
0.2264,0.2278
0.1976,0.2347
0.1996,0.2091
0.229,0.2234
0.2783,0.2776
0.2646,0.272
0.2532,0.2415
0.2463,0.2488
0.1863,0.1871
0.1956,0.2301
0.2067,0.2177
0.2627,0.254
0.2617,0.221
0.2659,0.2463
0.2651,0.2484
0.2795,0.2944
0.266,0.28
0.2705,0.2803
0.2261,0.2202
0.2175,0.2231
0.2256,0.2207
0.2302,0.2289
0.2468,0.2515
0.2512,0.253
0.2593,0.2607
0.2585,0.2583
0.209,0.2037
0.262,0.277
0.2585,0.2737
0.2524,0.2654
0.2476,0.264
0.2659,0.2517
0.2588,0.2534
0.1853,0.1904
0.1985,0.2064
0.1943,0.2147
0.2188,0.2432
0.236,0.2351
0.2007,0.1946
0.171,0.1702
0.1864,0.1854
0.151,0.171
0.1693,0.175
0.1447,0.1604
0.1791,0.1611
0.2637,0.2834
0.2009,0.226
0.1965,0.1807
0.2164,0.1912
0.1853,0.1749
0.2717,0.271
0.201,0.2177
0.2268,0.2168
0.2166,0.2188
0.2401,0.2245
0.2622,0.262
0.282,0.283
0.2468,0.2751
0.2822,0.2856
0.2874,0.2864
0.1982,0.2119
0.2522,0.2515
0.2522,0.2544
0.2356,0.2411
0.2251,0.2395
0.2668,0.2742
0.2632,0.2615
0.3206,0.3308
0.2515,0.27
0.254,0.2798
0.31,0.322
0.2311,0.2343
0.2703,0.2886
0.2947,0.3042
0.3115,0.3223
0.2632,0.2585
0.1884,0.2009
0.253,0.2644
0.231,0.238
0.2345,0.2402
0.2502,0.239
0.2465,0.2196
0.2664,0.2625
0.262,0.2605
0.2773,0.2908
0.27,0.2761
0.2659,0.2725
0.2612,0.2593
0.2776,0.2883
0.2744,0.2717
0.2607,0.2742
0.245,0.2488
0.2573,0.2593
0.2522,0.2607
0.234,0.2385
0.261,0.2668
0.2695,0.271
0.2496,0.2542
0.2576,0.2566
0.2603,0.2769
0.2632,0.275
0.2336,0.2405
0.2057,0.2167
0.2065,0.2197
0.2123,0.2064
0.1847,0.2018
0.1958,0.1854
0.2367,0.238
0.2332,0.2373
0.2194,0.2202
0.2196,0.2258
0.2145,0.2118
0.2295,0.2026
0.2231,0.2307
0.2211,0.2251
0.2183,0.2174
0.2218,0.2172
0.221,0.2163
0.2197,0.2124
0.2607,0.258
0.2458,0.2449
0.2625,0.2698
0.2411,0.2389
0.2347,0.231
0.2493,0.2522
0.2607,0.2467
0.2676,0.267
0.2042,0.2314
0.2275,0.2544
0.1936,0.2054
0.2107,0.2268
0.2156,0.223
0.2625,0.2573
0.2546,0.2445
0.2678,0.2595
0.257,0.2544
0.2712,0.265
0.2434,0.2438
0.2367,0.2345
0.2651,0.2534
0.254,0.2505
0.2666,0.2615
0.2583,0.255
0.253,0.2578
0.2568,0.2595
0.2515,0.2612
0.2472,0.2432
0.2361,0.2422
0.2515,0.2449
0.2455,0.2368
0.2944,0.3003
0.2864,0.287
0.287,0.2917
0.2798,0.285
0.2803,0.2844
0.2734,0.276
0.2917,0.2874
0.3188,0.307
0.3198,0.323
0.2654,0.2825
0.2003,0.1978
0.254,0.2517
0.295,0.2778
0.261,0.2676
0.2363,0.2235
0.3027,0.3118
0.295,0.2942
0.2605,0.2668
0.2559,0.2664
0.275,0.2722
0.2742,0.3005
0.287,0.2852
0.1941,0.2125
0.2084,0.2206
0.2573,0.2505
0.2455,0.2399
0.259,0.256
0.251,0.2534
0.3005,0.312
0.2935,0.2925
0.3035,0.3047
0.2986,0.2888
0.2905,0.2913
0.2588,0.277
0.339,0.346
0.3147,0.3206
0.3357,0.3423
0.309,0.3164
0.3433,0.338
0.3042,0.312
0.2087,0.2203
0.2322,0.2607
0.2546,0.253
0.266,0.2786
0.306,0.303
0.2089,0.223
0.2225,0.229
0.2328,0.241
0.1945,0.203
0.2756,0.2842
0.2883,0.2974
0.2234,0.2191
0.231,0.2334
0.3223,0.3225
0.255,0.2483
0.2676,0.2817
0.2698,0.271
0.2922,0.3008
0.3074,0.3223
0.2751,0.2632
0.255,0.2495
0.2245,0.2224
0.2349,0.2382
0.2544,0.2532
0.2417,0.2454
0.1982,0.2157
0.2505,0.2505
0.2196,0.2347
0.2345,0.2365
0.2927,0.286
0.2952,0.2922
0.3042,0.2898
0.2284,0.2192
0.2183,0.2314
0.255,0.2627
0.252,0.2625
0.232,0.25
0.245,0.2505
0.2568,0.2418
0.241,0.2593
0.251,0.266
0.2157,0.2273
0.2197,0.2192
0.234,0.2428
0.2476,0.2491
0.2214,0.2445
0.2206,0.2489
0.2355,0.254
0.2429,0.2534
0.2944,0.2947
0.2954,0.3032
0.282,0.3005
0.304,0.3027
0.3157,0.3083
0.3066,0.303
0.295,0.3088
0.2979,0.3184
0.2778,0.3071
0.3047,0.3137
0.3176,0.3225
0.3105,0.3113
0.2217,0.2275
0.2239,0.2283
0.2998,0.3018
0.3025,0.311
0.3103,0.313
0.2214,0.2029
0.2173,0.1979
0.2045,0.1929
0.1978,0.1857
0.2942,0.299
0.285,0.2876
0.216,0.2169
0.211,0.2078
0.2764,0.2717
0.271,0.26
0.1969,0.1932
0.2043,0.1868
0.2773,0.298
0.2537,0.2463
0.2139,0.2124
0.2483,0.2467
0.2434,0.2411
0.2257,0.2238
0.2125,0.2223
0.289,0.2969
0.2744,0.2808
0.2524,0.2637
0.236,0.2457
0.2336,0.2311
0.2632,0.2852
0.26,0.2861
0.2295,0.248
0.2286,0.2446
0.2474,0.2284
0.233,0.2573
0.2347,0.259
0.2485,0.2345
0.1821,0.2112
0.201,0.2139
0.1959,0.2249
0.2072,0.2285
0.2627,0.267
0.2444,0.238
0.2686,0.274
0.2515,0.2489
0.2112,0.2191
0.2175,0.2272
0.222,0.2323
0.2269,0.2384
0.2974,0.3108
0.294,0.3088
0.2852,0.2825
0.2605,0.262
0.2172,0.2253
0.3242,0.297
0.2935,0.2854
0.2301,0.221
0.2659,0.2612
0.249,0.2451
0.2418,0.245
0.2292,0.219
0.2249,0.2261
0.2174,0.2273
0.2101,0.2013
0.2947,0.2925
0.2744,0.2793
0.2927,0.291
0.2678,0.27
0.291,0.271
0.2756,0.2527
0.2363,0.254
0.2382,0.2625
0.2491,0.252
0.2351,0.2439
0.2284,0.235
0.2279,0.2263
0.2102,0.2119
0.252,0.2473
0.2177,0.2241
0.1906,0.201
0.197,0.2144
0.2141,0.2286
0.1958,0.2107
0.2079,0.2258
0.1913,0.2068
0.2883,0.2988
0.2615,0.2734
0.241,0.2456
0.2233,0.2228
0.2296,0.2421
0.2913,0.2922
0.2272,0.2386
0.1803,0.1996
0.1869,0.1952
0.2468,0.2507
0.2166,0.2324
0.2074,0.2306
0.2307,0.2347
0.2069,0.2152
0.157,0.2003
0.2542,0.2451
0.2522,0.259
0.2517,0.266
0.2583,0.2617
0.2375,0.2527
0.2688,0.278
0.285,0.2913
0.306,0.3054
0.3423,0.336
0.2118,0.2032
0.3,0.2988
0.3384,0.3318
0.2617,0.2612
0.3174,0.3323
0.242,0.2413
0.2798,0.2817
0.2717,0.2766
0.2805,0.2722
0.2625,0.2837
0.2405,0.263
0.235,0.25
0.2457,0.254
0.238,0.2676
0.2522,0.258
0.25,0.2527
0.2368,0.2455
0.2286,0.2377
0.2869,0.297
0.296,0.3025
0.2659,0.2776
0.282,0.2878
0.2229,0.239
0.2191,0.2277
0.2124,0.2194
0.2074,0.2083
0.213,0.2235
0.2062,0.2142
0.2075,0.2244
0.1976,0.2152
0.2598,0.2683
0.262,0.2783
0.247,0.2522
0.2499,0.2605
0.2485,0.2494
0.2493,0.262
0.2617,0.2551
0.259,0.2634
0.2319,0.2327
0.2345,0.2328
0.2311,0.2312
0.2347,0.2322
0.2786,0.2722
0.2505,0.2443
0.2416,0.2426
0.2426,0.2444
0.2118,0.2373
0.2698,0.2666
0.2834,0.2805
0.2119,0.2242
0.2202,0.2334
0.2186,0.2192
0.2328,0.2396
0.2202,0.2329
0.2229,0.2406
0.1918,0.1858
0.2032,0.1963
0.2324,0.2485
0.2534,0.263
0.2822,0.2544
0.2297,0.2198
0.292,0.2708
0.252,0.2576
0.2219,0.2135
0.2244,0.2212
0.294,0.2676
0.2842,0.285
0.2622,0.2625
0.2808,0.235
0.2473,0.2423
0.1854,0.1743
0.2664,0.2551
0.2142,0.2015
0.263,0.2524
0.2089,0.2194
0.2622,0.2654
0.2593,0.2607
0.3115,0.3142
0.316,0.3008
0.2737,0.2886
0.2734,0.2798
0.2615,0.2778
0.269,0.2676
0.2666,0.2742
0.2375,0.2339
0.2532,0.264
0.2366,0.2312
0.2485,0.2532
0.2776,0.2783
0.276,0.2756
0.2327,0.2646
0.266,0.2612
0.2654,0.281
0.2357,0.2656
0.2668,0.26
0.2673,0.278
0.2654,0.2651
0.2634,0.2576
0.2197,0.2377
0.2347,0.266
0.2054,0.2369
0.2162,0.2274
0.2249,0.255
0.2389,0.2542
0.25,0.2499
0.2632,0.2666
0.2593,0.2556
0.2676,0.281
0.2284,0.2715
0.2437,0.267
0.2471,0.3018
0.2788,0.2795
0.2788,0.2935
0.2834,0.285
0.277,0.306
0.2341,0.2393
0.3096,0.3057
0.2776,0.275
0.3015,0.3035
0.2883,0.2903
0.309,0.3105
0.2422,0.2356
0.2573,0.242
0.251,0.247
0.2605,0.2754
0.2563,0.2654
0.1783,0.1687
0.196,0.1613
0.2216,0.2455
0.2228,0.261
0.2365,0.2477
0.2273,0.2378
0.2133,0.2438
0.2272,0.2338
0.2223,0.2269
0.1635,0.2115
0.211,0.2273
0.1476,0.2135
0.2174,0.2177
0.1692,0.2114
0.2744,0.272
0.1978,0.2119
0.1902,0.2059
0.2047,0.2089
0.1913,0.1969
0.25,0.2512
0.2452,0.2607
0.296,0.3098
0.2554,0.2634
0.2578,0.2573
0.2502,0.2515
0.2332,0.2379
0.2291,0.2284
0.2188,0.2328
0.2443,0.2446
0.258,0.257
0.2206,0.2141
0.243,0.2338
0.275,0.2544
0.2688,0.2632
0.2588,0.2505
0.2769,0.2668
0.2932,0.3018
0.2222,0.2225
0.2114,0.2258
0.2095,0.2012
0.1798,0.1904
0.2524,0.252
0.2898,0.2998
0.296,0.3018
0.2489,0.2441
0.297,0.2966
0.258,0.2734
0.2588,0.2593
0.2498,0.248
0.2429,0.26
0.3052,0.3054
0.2847,0.294
0.3179,0.3132
0.3022,0.3071
0.3135,0.3142
0.2864,0.296
0.3247,0.329
0.31,0.316
0.2086,0.2068
0.2488,0.2394
0.2382,0.2388
0.1995,0.2079
0.1761,0.1644
0.2328,0.2212
0.2249,0.23
0.2307,0.2404
0.3035,0.318
0.2145,0.2179
0.2546,0.2625
0.2404,0.2494
0.2373,0.2465
0.276,0.2913
0.2432,0.2472
0.2388,0.2668
0.2147,0.2333
0.259,0.276
0.2783,0.278
0.265,0.2615
0.263,0.2659
0.2632,0.2625
0.2634,0.2683
0.271,0.2646
0.2688,0.2688
0.2651,0.265
0.2693,0.2751
0.303,0.3113
0.2443,0.2455
0.2573,0.2413
0.2181,0.24
0.2224,0.2167
0.2239,0.2148
0.24,0.2439
0.254,0.256
0.2289,0.2455
0.227,0.2522
0.2273,0.2303
0.2395,0.2349
0.237,0.2318
0.2245,0.2266
0.2241,0.2438
0.2131,0.2126
0.2328,0.2435
0.2189,0.2102
0.2166,0.2389
0.2021,0.2091
0.2013,0.2202
0.2107,0.2554
0.2188,0.2261
0.2627,0.2551
0.2346,0.2266
0.2947,0.2683
0.266,0.2686
0.2454,0.2454
0.2438,0.2454
0.2527,0.254
0.2407,0.2573
0.2401,0.254
0.2301,0.2532
0.2444,0.264
0.2264,0.2495
0.2197,0.235
0.2224,0.2303
0.2417,0.2471
0.2527,0.2449
0.2559,0.2512
0.2588,0.2654
0.259,0.265
0.2063,0.2057
0.2302,0.2391
0.2147,0.2124
0.2812,0.2874
0.2798,0.2708
0.2734,0.2832
0.2798,0.2808
0.2727,0.2686
0.2717,0.268
0.2742,0.2744
0.2812,0.2751
0.1963,0.2266
0.1947,0.2172
0.215,0.225
0.204,0.2192
0.2113,0.2247
0.2068,0.2225
0.2761,0.2693
0.2305,0.261
0.3103,0.3008
0.2646,0.2659
0.2045,0.2078
0.2206,0.2086
0.2058,0.1943
0.2151,0.222
0.2175,0.2247
0.2122,0.21
0.2352,0.2351
0.2316,0.24
0.2382,0.2363
0.229,0.2368
0.2466,0.2445
0.2352,0.2418
0.227,0.2175
0.2203,0.222
0.2261,0.247
0.2246,0.2449
0.2302,0.2402
0.208,0.2087
0.2069,0.204
0.186,0.2052
0.2449,0.2263
0.2357,0.2266
0.2542,0.252
0.2249,0.2261
0.2021,0.2302
0.2153,0.2296
0.225,0.2345
0.2693,0.2683
0.2668,0.2693
0.2338,0.2339
0.2323,0.2421
0.1945,0.2006
0.1797,0.1967
0.2646,0.2676
0.2273,0.2344
0.1946,0.2319
0.327,0.327
0.2874,0.2832
0.2683,0.2817
0.3074,0.3044
0.266,0.2632
0.2568,0.2603
0.2465,0.2634
0.2412,0.249
0.2393,0.2367
0.2693,0.2808
0.252,0.2573
0.2401,0.2355
0.2297,0.2351
0.2241,0.2328
0.2264,0.2296
0.2935,0.2935
0.254,0.2659
0.268,0.2642
0.2651,0.2693
0.274,0.2778
0.2251,0.2397
0.2761,0.2732
0.281,0.2815
0.2817,0.2817
0.2678,0.276
0.2554,0.2563
0.2515,0.2593
0.2644,0.2898
0.1886,0.1812
0.1829,0.1849
0.19,0.1725
0.1852,0.1825
0.2134,0.2189
0.2158,0.2228
0.1917,0.18
0.2534,0.2483
0.2065,0.2074
0.2489,0.2566
0.2087,0.2046
0.2046,0.2003
0.269,0.271
0.2496,0.271
0.2585,0.2664
0.2441,0.2603
0.2546,0.2632
0.2505,0.2522
0.2712,0.279
0.2766,0.2732
0.2607,0.2654
0.2712,0.2695
0.2678,0.2559
0.2698,0.271
0.2751,0.2708
0.264,0.2637
0.272,0.2668
0.2676,0.2537
0.257,0.2446
0.2355,0.24
0.2439,0.247
0.2488,0.265
0.2622,0.2644
0.2654,0.2659
0.278,0.2725
0.231,0.25
0.2524,0.2542
0.2566,0.262
0.2705,0.2683
0.2422,0.2607
0.263,0.2656
0.2654,0.2673
0.2769,0.2764
0.2489,0.2644
0.263,0.2637
0.2678,0.2695
0.2788,0.275
0.328,0.3372
0.3179,0.3208
0.318,0.3267
0.3218,0.3215
0.3196,0.3281
0.3179,0.3208
0.3123,0.3198
0.3142,0.3167
0.3325,0.3398
0.3262,0.3289
0.325,0.3345
0.3247,0.329
0.2761,0.2783
0.2659,0.2688
0.2793,0.287
0.3179,0.3208
0.3179,0.3208
0.3262,0.3289
0.2974,0.295
0.2861,0.2852
0.256,0.2585
0.207,0.2092
0.2676,0.2725
0.2708,0.266
0.2812,0.2783
0.3,0.2952
0.2915,0.294
0.2915,0.2888
0.2188,0.227
0.3037,0.3098
0.1643,0.174
0.2783,0.2634
0.253,0.2615
0.27,0.2537
0.2448,0.2482
0.2805,0.2964
0.2742,0.2764
0.2764,0.2854
0.2377,0.2257
0.2338,0.2257
0.2253,0.2135
0.2255,0.2239
0.254,0.2593
0.2404,0.2598
0.294,0.2737
0.1965,0.1913
0.1857,0.1853
0.1857,0.1853
0.1986,0.1976
0.1803,0.1812
0.179,0.1925
0.2593,0.2651
0.2362,0.2388
0.23,0.2478
0.2659,0.2844
0.2551,0.2705
0.2554,0.2778
0.2754,0.2869
0.2825,0.2961
0.298,0.313
0.2434,0.2473
0.2703,0.2769
0.2686,0.272
0.1965,0.2037
0.1898,0.1884
0.2041,0.1998
0.1909,0.1892
0.1731,0.1831
0.2494,0.244
0.259,0.2408
0.264,0.2727
0.2428,0.2432
0.2363,0.2388
0.2212,0.2192
0.2947,0.2717
0.287,0.279
0.2832,0.2778
0.2795,0.2773
0.2864,0.2676
0.2827,0.2612
0.2822,0.2737
0.2869,0.2876
0.2688,0.2556
0.2607,0.276
0.245,0.2377
0.279,0.2834
0.3513,0.3408
0.2874,0.2808
0.2837,0.278
0.2954,0.2896
0.2952,0.286
0.3,0.2993
0.2932,0.284
0.2917,0.2766
0.2976,0.293
0.3088,0.305
0.2722,0.2766
0.2756,0.2695
0.2896,0.296
0.283,0.2861
0.2617,0.2637
0.273,0.2634
0.2773,0.2764
0.2856,0.263
0.2986,0.2878
0.2365,0.2334
0.274,0.272
0.2452,0.2356
0.2551,0.2522
0.2595,0.2491
0.2598,0.2588
0.2422,0.2527
0.258,0.2617
0.2106,0.219
0.2145,0.2178
0.2356,0.2378
0.2588,0.2595
0.2605,0.2603
0.262,0.2712
0.2406,0.2417
0.253,0.2484
0.2761,0.2764
0.2761,0.2847
0.2246,0.2357
0.1693,0.1595
0.1447,0.1333
0.1715,0.181
0.1298,0.1482
0.2878,0.2732
0.2854,0.2683
0.2925,0.2703
0.274,0.2708
0.1975,0.2021
0.2118,0.1946
0.1863,0.2062
0.1741,0.197
0.3015,0.307
0.2947,0.302
0.2827,0.2964
0.1443,0.1917
0.2898,0.3096
0.28,0.2986
0.2888,0.308
0.2747,0.2932
0.3123,0.3083
0.292,0.2986
0.3035,0.3108
0.297,0.3022
0.2642,0.2695
0.2712,0.281
0.2588,0.282
0.2756,0.2761
0.2769,0.2808
0.271,0.2847
0.2761,0.27
0.28,0.2827
0.2747,0.2783
0.2487,0.2502
0.2479,0.2471
0.2727,0.2773
0.2627,0.263
0.2595,0.2654
0.2491,0.2512
0.2847,0.2827
0.2805,0.2708
0.28,0.2817
0.277,0.2668
0.2847,0.2827
0.2805,0.2708
0.28,0.2817
0.277,0.2668
0.2634,0.2688
0.2325,0.2346
0.2166,0.2189
0.2233,0.2195
0.2023,0.2104
0.2333,0.2334
0.229,0.2249
0.221,0.2137
0.1879,0.1979
0.2603,0.255
0.2017,0.1991
0.2211,0.2301
0.2029,0.2205
0.1849,0.1989
0.2269,0.2242
0.1779,0.1691
0.2273,0.2168
0.2343,0.2357
0.2407,0.235
0.2253,0.2278
0.2311,0.2407
0.2483,0.2646
0.2588,0.2603
0.255,0.2434
0.286,0.2817
0.2776,0.2983
0.268,0.2715
0.2744,0.2786
0.2942,0.2964
0.2358,0.2362
0.2864,0.2812
0.2352,0.2542
0.2825,0.2942
0.2324,0.2472
0.2278,0.2305
0.2207,0.232
0.2336,0.2595
0.2249,0.2263
0.1965,0.2023
0.254,0.2712
0.2484,0.255
0.2203,0.2439
0.2886,0.2913
0.2976,0.2888
0.2435,0.2524
0.2588,0.2622
0.276,0.276
0.2236,0.2329
0.2102,0.211
0.2576,0.2438
0.2102,0.2131
0.2302,0.2268
0.2019,0.2009
0.221,0.214
0.2793,0.284
0.2712,0.2905
0.2783,0.301
0.2695,0.3103
0.277,0.2988
0.2712,0.3066
0.2693,0.2822
0.264,0.288
0.2603,0.269
0.2576,0.2708
0.2319,0.256
0.2573,0.276
0.2361,0.2605
0.2646,0.2778
0.2404,0.2646
0.2632,0.2808
0.2322,0.255
0.2568,0.2688
0.2181,0.2308
0.2413,0.2527
0.2524,0.2487
0.2551,0.2634
0.259,0.262
0.262,0.2788
0.2415,0.2338
0.2365,0.2517
0.2003,0.1986
0.214,0.218
0.3193,0.3157
0.292,0.285
0.2212,0.2297
0.2124,0.2227
0.2356,0.239
0.2292,0.2522
0.2245,0.2399
0.2465,0.245
0.2512,0.2603
0.232,0.2449
0.2319,0.241
0.2448,0.2534
0.2316,0.2422
0.32,0.322
0.3032,0.3098
0.302,0.2976
0.316,0.3162
0.2212,0.227
0.1909,0.1837
0.1932,0.197
0.1915,0.1938
0.1819,0.1902
0.1791,0.1941
0.222,0.2178
0.226,0.235
0.2184,0.2318
0.2172,0.2233
0.2078,0.2294
0.2067,0.2205
0.2169,0.2168
0.1971,0.2194
0.2435,0.2405
0.2303,0.2473
0.2397,0.2234
0.2269,0.2257
0.3032,0.282
0.2908,0.2896
0.294,0.2732
0.2832,0.277
0.297,0.275
0.282,0.274
0.2961,0.3052
0.2964,0.3022
0.2957,0.3025
0.2632,0.257
0.2668,0.261
0.2059,0.2605
0.2286,0.262
0.2135,0.2096
0.2305,0.2218
0.2651,0.2625
0.2676,0.2637
0.2598,0.285
0.269,0.298
0.2668,0.2727
0.2427,0.2451
0.2876,0.291
0.2954,0.2922
0.277,0.2817
0.2834,0.2832
0.2427,0.2451
0.2717,0.274
0.2776,0.2764
0.2773,0.2832
0.282,0.284
0.306,0.3113
0.306,0.303
0.2927,0.2964
0.2927,0.2883
0.2588,0.2576
0.2761,0.275
0.1842,0.1818
0.2576,0.2812
0.2642,0.2957
0.2203,0.2245
0.2267,0.2335
0.2405,0.2307
0.2705,0.2747
0.2703,0.2578
0.2732,0.2815
0.2637,0.2585
0.2461,0.2588
0.2382,0.2366
0.2554,0.2546
0.2367,0.2415
0.257,0.2556
0.1687,0.1578
0.1774,0.1812
0.1837,0.193
0.2002,0.1954
0.2605,0.2869
0.2659,0.2812
0.2712,0.2583
0.24,0.2401
0.264,0.2666
0.2295,0.2382
0.2374,0.2499
0.2742,0.2766
0.1992,0.2089
0.233,0.2283
0.2433,0.2263
0.2554,0.2542
0.2637,0.257
0.283,0.2776
0.3428,0.3506
0.2854,0.3022
0.2864,0.2908
0.273,0.2705
0.2551,0.2603
0.3423,0.3325
0.327,0.3262
0.2766,0.2825
0.2878,0.3008
0.2842,0.2834
0.299,0.3108
0.3118,0.3154
0.3154,0.3147
0.2362,0.2434
0.2412,0.2532
0.2756,0.273
0.256,0.2522
0.268,0.284
0.2827,0.2783
0.2798,0.2803
0.284,0.2861
0.2756,0.273
0.2644,0.2773
0.2698,0.2751
0.257,0.2637
0.2668,0.2644
0.2861,0.285
0.3044,0.3083
0.2944,0.3044
0.3145,0.31
0.295,0.2996
0.286,0.288
0.2693,0.2793
0.2761,0.2722
0.2783,0.2803
0.2915,0.284
0.2996,0.2927
0.269,0.275
0.2778,0.272
0.2603,0.2605
0.3103,0.3135
0.3064,0.3137
0.3118,0.3127
0.2983,0.3098
0.2996,0.3132
0.2905,0.3032
0.3027,0.31
0.312,0.313
0.2976,0.297
0.299,0.307
0.3037,0.3108
0.295,0.3008
0.2847,0.301
0.2922,0.2947
0.2964,0.305
0.3152,0.3208
0.3052,0.307
0.316,0.3132
0.307,0.3013
0.3027,0.2996
0.301,0.3118
0.3164,0.3142
0.2961,0.3018
0.2805,0.2869
0.235,0.2345
0.2465,0.242
0.2054,0.2146
0.2292,0.2095
0.2142,0.223
0.2341,0.2181
0.2805,0.2769
0.2842,0.2834
0.3281,0.3318
0.278,0.27
0.3594,0.3652
0.2852,0.279
0.2537,0.2742
0.2471,0.2468
0.2467,0.2646
0.2664,0.2769
0.2761,0.2727
0.2527,0.2463
0.2637,0.2698
0.2766,0.2659
0.2861,0.282
0.263,0.2705
0.2764,0.283
0.2556,0.2693
0.2693,0.2798
0.264,0.2737
0.277,0.2915
0.2773,0.2893
0.2083,0.2046
0.26,0.2612
0.2556,0.2524
0.2622,0.2754
0.2886,0.304
0.3071,0.311
0.2761,0.272
0.2466,0.2725
0.3076,0.2937
0.2827,0.2957
0.3037,0.3071
0.2815,0.3071
0.2085,0.2098
0.1705,0.1953
0.2361,0.2306
0.2216,0.2224
0.256,0.2625
0.2686,0.2764
0.2524,0.261
0.2625,0.2683
0.263,0.268
0.2717,0.2769
0.2433,0.2347
0.2544,0.2476
0.2257,0.2324
0.2386,0.2441
0.2208,0.2434
0.2379,0.2573
0.2727,0.2678
0.287,0.292
0.1964,0.206
0.2625,0.285
0.2446,0.269
0.264,0.285
0.252,0.269
0.3142,0.3298
0.2974,0.3438
0.3032,0.3323
0.273,0.2878
0.2686,0.2668
0.2808,0.265
0.2612,0.2573
0.2603,0.2678
0.269,0.282
0.2896,0.3054
0.2803,0.295
0.296,0.3
0.3247,0.3245
0.3079,0.317
0.269,0.2666
0.2499,0.2532
0.2754,0.285
0.2507,0.2737
0.2764,0.2842
0.2566,0.2703
0.26,0.2703
0.2527,0.284
0.2717,0.2866
0.265,0.262
0.27,0.2598
0.2355,0.2421
0.2324,0.2394
0.238,0.2505
0.2389,0.2445
0.238,0.2395
0.2375,0.2343
0.2915,0.3037
0.2842,0.2937
0.2795,0.2822
0.2654,0.2717
0.262,0.285
0.2717,0.2803
0.2583,0.2568
0.2488,0.2456
0.2378,0.2352
0.2593,0.2556
0.2072,0.2164
0.226,0.2289
0.2869,0.2795
0.2583,0.2751
0.2778,0.2732
0.2856,0.284
0.2705,0.266
0.2573,0.2546
0.2437,0.2537
0.2632,0.257
0.2693,0.2769
0.2725,0.283
0.2795,0.2734
0.2181,0.2122
0.2175,0.2227
0.2335,0.2363
0.2377,0.2338
0.2239,0.2191
0.2192,0.2317
0.2478,0.2498
0.2532,0.26
0.3157,0.3115
0.316,0.3132
0.2314,0.2515
0.2157,0.1976
0.1937,0.2047
0.197,0.1998
0.2267,0.2135
0.2023,0.206
0.2122,0.2075
0.2139,0.2096
0.252,0.2361
0.1926,0.1974
0.2456,0.2385
0.2825,0.2693
0.202,0.1991
0.2231,0.2067
0.2922,0.279
0.2776,0.2864
0.2717,0.2737
0.2651,0.2556
0.2347,0.2289
0.2378,0.233
0.3015,0.2866
0.3025,0.287
0.2983,0.295
0.3071,0.2837
0.2646,0.262
0.2744,0.2822
0.2277,0.251
0.2622,0.27
0.2472,0.2683
0.2793,0.2688
0.285,0.2834
0.3037,0.2896
0.3022,0.2974
0.2722,0.265
0.279,0.2827
0.268,0.2595
0.2725,0.2678
0.2437,0.2515
0.2698,0.276
0.2935,0.2844
0.2632,0.2673
0.27,0.2678
0.1771,0.176
0.1917,0.2
0.2852,0.2917
0.2866,0.2844
0.339,0.3284
0.2834,0.2874
0.2788,0.2854
0.2952,0.296
0.262,0.2676
0.2544,0.2712
0.2493,0.2573
0.2308,0.2335
0.2666,0.2705
0.2566,0.2471
0.276,0.2595
0.2527,0.2412
0.2394,0.2317
0.2336,0.2245
0.2527,0.2695
0.2451,0.2527
0.2332,0.2551
0.253,0.2703
0.2373,0.2048
0.2424,0.2024
0.2162,0.218
0.2136,0.2097
0.2222,0.2015
0.1549,0.1525
0.145,0.1515
0.2898,0.286
0.2932,0.294
0.312,0.3037
0.3079,0.3157
0.2703,0.271
0.2725,0.265
0.258,0.2705
0.2366,0.2559
0.244,0.2505
0.2126,0.2181
0.2302,0.2444
0.229,0.2477
0.2157,0.2175
0.228,0.2158
0.2346,0.2505
0.2373,0.2449
0.2421,0.2478
0.2443,0.2568
0.307,0.3235
0.2998,0.3083
0.3093,0.3044
0.3125,0.3247
0.3064,0.3154
0.3123,0.3088
0.2927,0.302
0.3044,0.3176
0.2993,0.3027
0.314,0.3096
0.3088,0.32
0.3037,0.3123
0.3162,0.3137
0.208,0.2098
0.2095,0.221
0.2008,0.2045
0.2135,0.2301
0.2113,0.2375
0.2052,0.2233
0.3147,0.3132
0.3074,0.3147
0.2957,0.276
0.2795,0.2666
0.2893,0.293
0.274,0.283
0.3147,0.3132
0.3074,0.3147
0.2211,0.2443
0.2313,0.254
0.2238,0.2378
0.2202,0.2389
0.2223,0.2465
0.2183,0.2297
0.3218,0.3154
0.3088,0.3096
0.314,0.311
0.3047,0.3071
0.3184,0.3118
0.3057,0.305
0.3037,0.308
0.3096,0.3145
0.3052,0.3062
0.297,0.2998
0.3005,0.3027
0.2922,0.2922
0.3035,0.3054
0.3013,0.3052
0.3003,0.2983
0.31,0.3147
0.3027,0.3057
0.3125,0.3105
0.3042,0.3057
0.2976,0.3003
0.3044,0.301
0.2805,0.292
0.2886,0.297
0.2815,0.293
0.2878,0.287
0.2996,0.2947
0.2903,0.287
0.3076,0.311
0.3157,0.3215
0.308,0.3088
0.299,0.3022
0.3044,0.3098
0.293,0.2947
0.3083,0.3105
0.3074,0.3137
0.3035,0.3032
0.2168,0.2333
0.2426,0.252
0.2308,0.2524
0.2559,0.2715
0.2257,0.2413
0.2588,0.2637
0.2378,0.2467
0.237,0.2365
0.2551,0.2568
0.2615,0.2472
0.255,0.245
0.2598,0.2386
0.2335,0.2212
0.2483,0.2335
0.2144,0.224
0.2395,0.2352
0.2361,0.2773
0.2474,0.275
0.2181,0.2452
0.2476,0.2496
0.2544,0.263
0.2576,0.255
0.1896,0.2015
0.2646,0.2654
0.2659,0.252
0.2385,0.2362
0.215,0.2366
0.2206,0.2145
0.2532,0.2474
0.243,0.2355
0.2102,0.212
0.2129,0.2389
0.2395,0.2396
0.266,0.2656
0.2423,0.2488
0.2131,0.2227
0.1945,0.2207
0.257,0.2603
0.2522,0.2727
0.2313,0.2489
0.2141,0.2512
0.2507,0.2489
0.2432,0.2437
0.2294,0.2267
0.2172,0.2219
0.1938,0.2097
0.2131,0.2395
0.2255,0.2291
0.221,0.2275
0.2164,0.2115
0.2336,0.2394
0.2798,0.2228
0.2498,0.253
0.2455,0.251
0.2439,0.2524
0.251,0.2532
0.2812,0.2224
0.2808,0.2109
0.2856,0.2277
0.2954,0.2302
0.2805,0.2954
0.3066,0.3218
0.3066,0.3218
0.3125,0.3157
0.2837,0.3152
0.2896,0.319
0.3044,0.3186
0.2852,0.2825
0.2876,0.284
0.2837,0.2808
0.304,0.317
0.2944,0.31
0.2974,0.3147
0.311,0.321
0.2986,0.3103
0.3013,0.314
0.3,0.3098
0.2842,0.3032
0.2861,0.312
0.2029,0.228
0.204,0.2422
0.2189,0.236
0.1952,0.2527
0.2235,0.2308
0.2272,0.2263
0.2301,0.2269
0.2306,0.2421
0.2203,0.236
0.2327,0.2458
0.2086,0.2451
0.2125,0.2491
0.2059,0.2412
0.2106,0.2397
0.1823,0.1835
0.1946,0.2042
0.1968,0.1886
0.1954,0.2012
0.205,0.1991
0.1908,0.1936
0.2627,0.2617
0.2542,0.2444
0.267,0.2546
0.2462,0.2537
0.1603,0.1664
0.144,0.1594
0.2343,0.2388
0.2778,0.2468
0.248,0.2432
0.2603,0.257
0.1948,0.2094
0.1946,0.1971
0.2471,0.217
0.2317,0.2074
0.2134,0.2184
0.2018,0.2089
0.1987,0.2194
0.2233,0.2224
0.28,0.2664
0.2605,0.2642
0.2588,0.261
0.2876,0.2712
0.2979,0.2625
0.2194,0.2391
0.2152,0.2327
0.2041,0.2269
0.2686,0.265
0.1962,0.21
0.2089,0.1971
0.2262,0.2332
0.2142,0.2308
0.2122,0.2112
0.1665,0.1852
0.1927,0.1909
0.1686,0.1774
0.2786,0.278
0.192,0.2076
0.1981,0.2
0.2615,0.2817
0.2375,0.2554
0.2598,0.2693
0.2312,0.2346
0.2568,0.261
0.2479,0.2673
0.2983,0.3105
0.279,0.2712
0.2668,0.2776
0.2437,0.2805
0.322,0.318
0.2917,0.2847
0.2756,0.3018
0.313,0.3062
0.2988,0.3076
0.2247,0.2095
0.2537,0.2412
0.2544,0.2554
0.2429,0.2405
0.2303,0.2379
0.2307,0.2455
0.264,0.2517
0.3047,0.2842
0.2844,0.2805
0.3027,0.284
0.2817,0.2832
0.2017,0.1906
0.2537,0.239
0.2335,0.242
0.1942,0.2069
0.1997,0.2076
0.2483,0.2517
0.2467,0.2278
0.2231,0.2279
0.2952,0.299
0.3015,0.3032
0.2585,0.273
0.2935,0.3086
0.3003,0.3162
0.2937,0.3079
0.3108,0.3125
0.2803,0.2925
0.2896,0.2935
0.267,0.2844
0.268,0.2842
0.2318,0.2369
0.274,0.2754
0.2732,0.2644
0.2573,0.279
0.2612,0.2747
0.2593,0.272
0.2642,0.2676
0.2251,0.2062
0.2119,0.205
0.2178,0.2059
0.1808,0.1749
0.2054,0.2118
0.1681,0.1799
0.2019,0.2007
0.1792,0.1803
0.2937,0.289
0.3003,0.299
0.2166,0.225
0.2151,0.2269
0.2062,0.2231
0.2284,0.2395
0.2043,0.2161
0.219,0.2275
0.2925,0.2861
0.299,0.3062
0.3047,0.3096
0.2617,0.2656
0.2603,0.2522
0.2932,0.3005
0.2903,0.2896
0.289,0.2876
0.289,0.2773
0.2725,0.2537
0.266,0.279
0.2273,0.2284
0.2333,0.2091
0.186,0.163
0.29,0.2815
0.264,0.2559
0.2257,0.2399
0.277,0.2922
0.2822,0.2925
0.2954,0.3044
0.2908,0.3037
0.2915,0.299
0.2025,0.2107
0.216,0.2181
0.2003,0.2242
0.2135,0.2375
0.2766,0.2786
0.2761,0.2852
0.2864,0.2886
0.2905,0.2947
0.1887,0.2018
0.171,0.1908
0.1764,0.1968
0.2003,0.2167
0.2,0.2166
0.2113,0.2037
0.2191,0.2198
0.1974,0.2123
0.229,0.2607
0.214,0.2737
0.2487,0.2346
0.262,0.264
0.2668,0.26
0.2644,0.2686
0.2129,0.196
0.2203,0.2036
0.2197,0.209
0.2578,0.255
0.2678,0.2585
0.276,0.2695
0.2617,0.2585
0.2861,0.285
0.2795,0.2737
0.2815,0.275
0.258,0.2534
0.226,0.24
0.3235,0.3208
0.3132,0.3174
0.3271,0.3271
0.315,0.3215
0.3333,0.3286
0.3188,0.3218
0.277,0.2805
0.2544,0.2559
0.2854,0.2825
0.2627,0.2573
0.2947,0.2983
0.2659,0.2717
0.2908,0.2854
0.2668,0.2588
0.3137,0.3123
0.315,0.314
0.276,0.2803
0.253,0.2546
0.2952,0.3088
0.272,0.2837
0.2935,0.2969
0.2644,0.2703
0.2888,0.284
0.2646,0.257
0.294,0.3008
0.2676,0.2764
0.2803,0.2715
0.2524,0.245
0.2878,0.291
0.2554,0.2654
0.2358,0.2554
0.2659,0.2615
0.256,0.2578
0.2908,0.2883
0.2925,0.2866
0.2903,0.2927
0.2954,0.2937
0.192,0.167
0.2433,0.2401
0.2472,0.2546
0.2644,0.264
0.2588,0.2588
0.215,0.24
0.2325,0.2397
0.2372,0.2421
0.1613,0.193
0.2404,0.2556
0.286,0.2778
0.164,0.1754
0.1852,0.1912
0.1782,0.176
0.2196,0.2257
0.288,0.2937
0.2118,0.2329
0.2832,0.2908
0.2266,0.2206
0.288,0.278
0.1678,0.1871
0.2343,0.2263
0.2449,0.2484
0.2351,0.2391
0.2275,0.2235
0.1965,0.186
0.2211,0.2025
0.2086,0.204
0.2122,0.2151
0.1926,0.2031
0.2285,0.2405
0.226,0.2454
0.2336,0.2311
0.2312,0.238
0.2346,0.2312
0.2317,0.2389
0.2338,0.2358
0.2317,0.2441
0.24,0.2384
0.2396,0.2454
0.2568,0.2517
0.2678,0.26
0.2766,0.2788
0.2712,0.2556
0.2428,0.2402
0.2411,0.2477
0.2588,0.2505
0.1919,0.1993
0.1948,0.1978
0.2527,0.2515
0.2333,0.229
0.2249,0.2283
0.2654,0.2634
0.273,0.2637
0.2186,0.2466
0.2554,0.2627
0.2341,0.271
0.2651,0.2825
0.2722,0.2683
0.2708,0.2673
0.2847,0.291
0.2803,0.2883
0.2834,0.2852
0.2815,0.2805
0.2773,0.2734
0.273,0.268
0.2847,0.291
0.2803,0.2883
0.2588,0.2576
0.2869,0.2783
0.2279,0.2274
0.2267,0.2253
0.2695,0.2617
0.239,0.2454
0.2094,0.2166
0.223,0.2257
0.2269,0.2185
0.2294,0.2306
0.2101,0.2101
0.2137,0.2223
0.2029,0.2214
0.2233,0.2255
0.2003,0.2162
0.2173,0.223
0.2012,0.2228
0.2233,0.2292
0.2,0.2253
0.2225,0.229
0.2084,0.223
0.228,0.2267
0.2202,0.2224
0.2114,0.2197
0.2275,0.2307
0.202,0.205
0.2277,0.2251
0.2421,0.2499
0.2328,0.2349
0.2407,0.2493
0.2345,0.2338
0.23,0.2477
0.2551,0.2644
0.2488,0.2524
0.236,0.2512
0.2411,0.2473
0.2452,0.2615
0.2471,0.2551
0.2397,0.2524
0.2384,0.2408
0.2319,0.2622
0.2347,0.2532
0.2435,0.2473
0.2339,0.2437
0.2487,0.2559
0.2211,0.2263
0.2454,0.2441
0.263,0.2725
0.2488,0.259
0.2588,0.274
0.2489,0.2534
0.2439,0.2698
0.254,0.2578
0.2252,0.2319
0.2445,0.257
0.2261,0.2393
0.2542,0.265
0.2334,0.2471
0.2478,0.247
0.226,0.2212
0.2375,0.2612
0.2173,0.2386
0.1902,0.2106
0.2084,0.2101
0.2034,0.2145
0.2195,0.2235
0.211,0.223
0.2275,0.2234
0.2377,0.2522
0.2242,0.2485
0.2289,0.245
0.2155,0.2369
0.2412,0.2493
0.2327,0.2422
0.2229,0.2268
0.2435,0.255
0.2463,0.2472
0.286,0.287
0.2815,0.285
0.2454,0.2483
0.3174,0.3147
0.3103,0.3118
0.2263,0.2344
0.2151,0.2042
0.2256,0.2423
0.175,0.2031
0.2003,0.1997
0.3037,0.298
0.309,0.3103
0.3127,0.3093
0.3206,0.3096
0.306,0.3127
0.2969,0.2957
0.2876,0.2974
0.2937,0.2969
0.304,0.2974
0.2878,0.2993
0.309,0.3103
0.3127,0.3093
0.3206,0.3096
0.318,0.2996
0.2935,0.2883
0.2876,0.2974
0.2937,0.2969
0.304,0.2974
0.2954,0.284
0.2842,0.287
0.2046,0.1941
0.2244,0.2273
0.2888,0.28
0.2966,0.2996
0.2922,0.2913
0.2471,0.2542
0.2322,0.226
0.2485,0.2542
0.2588,0.2676
0.267,0.26
0.2703,0.239
0.2605,0.2625
0.2683,0.253
0.2107,0.2067
0.2666,0.274
0.267,0.2737
0.2705,0.2683
0.2737,0.2742
0.273,0.2725
0.276,0.269
0.2593,0.2747
0.2578,0.2705
0.2588,0.2708
0.24,0.2333
0.2266,0.2261
0.2079,0.2128
0.2299,0.2588
0.2478,0.2556
0.1887,0.2266
0.2202,0.2266
0.2147,0.2238
0.1953,0.2319
0.2223,0.2324
0.2183,0.2291
0.2213,0.2161
0.2585,0.2477
0.256,0.2532
0.2566,0.2605
0.2263,0.2266
0.233,0.2277
0.2251,0.2217
0.2878,0.2644
0.2446,0.2401
0.2644,0.2505
0.2585,0.2401
0.241,0.2546
0.2556,0.2622
0.2612,0.2917
0.2744,0.298
0.2634,0.275
0.2764,0.2761
0.2212,0.2078
0.2284,0.2101
0.2732,0.293
0.2778,0.2979
0.2854,0.307
0.2908,0.3083
0.2494,0.2522
0.2405,0.2362
0.1906,0.2097
0.2281,0.2281
0.2498,0.2463
0.2957,0.2854
0.2659,0.2659
0.2343,0.2252
0.2883,0.2917
0.3035,0.2993
0.2705,0.263
0.2656,0.2676
0.3357,0.3489
0.3484,0.3438
0.3499,0.3545
0.3186,0.3394
0.3164,0.3127
0.3145,0.3003
0.328,0.3167
0.2964,0.3042
0.3145,0.3313
0.3293,0.3215
0.3257,0.332
0.297,0.3232
0.3123,0.3293
0.3254,0.3193
0.3208,0.33
0.2932,0.322
0.3225,0.318
0.3323,0.3115
0.3325,0.3232
0.3074,0.3152
0.2676,0.271
0.2074,0.2135
0.1924,0.2219
0.1749,0.1906
0.188,0.1869
0.2603,0.2468
0.2458,0.2522
0.255,0.2524
0.2524,0.2502
0.2605,0.247
0.2417,0.2512
0.2532,0.2573
0.2493,0.2449
0.181,0.1659
0.2263,0.241
0.2393,0.2314
0.2205,0.2247
0.2308,0.2405
0.2861,0.2886
0.2598,0.2588
0.2404,0.2566
0.2356,0.261
0.2462,0.2507
0.2452,0.2632
0.252,0.2668
0.2489,0.2686
0.238,0.2407
0.2256,0.252
0.2588,0.2588
0.2446,0.2615
0.2434,0.2642
0.236,0.268
0.2974,0.2988
0.2722,0.2798
0.2625,0.2693
0.2527,0.2593
0.2817,0.2864
0.2808,0.2817
0.2886,0.2803
0.2642,0.264
0.2935,0.284
0.2695,0.283
0.186,0.2081
0.2457,0.2424
0.3013,0.3032
0.2507,0.245
0.2986,0.295
0.2976,0.2986
0.2457,0.243
0.251,0.2452
0.31,0.3027
0.305,0.3062
0.2996,0.2976
0.2783,0.2703
0.2795,0.2742
0.2822,0.2803
0.2583,0.262
0.2593,0.2524
0.2351,0.2433
0.2444,0.2295
0.2678,0.2803
0.258,0.2783
0.286,0.296
0.277,0.291
0.285,0.292
0.2416,0.269
0.253,0.2712
0.2676,0.2686
0.2688,0.2673
0.2734,0.2727
0.2747,0.2764
0.2717,0.2722
0.2754,0.2773
0.2208,0.2251
0.2184,0.2267
0.2086,0.2275
0.2013,0.2322
0.2235,0.2313
0.2219,0.2357
0.2258,0.2299
0.214,0.2329
0.2406,0.233
0.2368,0.2311
0.286,0.3093
0.3113,0.3252
0.3127,0.3208
0.2668,0.2766
0.2847,0.2961
0.287,0.2947
0.2487,0.2705
0.285,0.2903
0.283,0.2898
0.2117,0.2173
0.3086,0.318
0.3196,0.3198
0.2842,0.3066
0.319,0.3284
0.3257,0.333
0.2983,0.32
0.3027,0.3076
0.3108,0.3108
0.2825,0.299
0.311,0.3137
0.3223,0.319
0.293,0.3013
0.3088,0.318
0.3213,0.3247
0.292,0.3035
0.3171,0.3271
0.3289,0.3315
0.3015,0.3196
0.3093,0.3254
0.321,0.3308
0.295,0.3193
0.2487,0.2482
0.2568,0.274
0.2452,0.2456
0.25,0.2556
0.2455,0.2502
0.258,0.2637
0.2603,0.2769
0.262,0.2566
0.2688,0.2615
0.2378,0.2344
0.1951,0.1981
0.243,0.251
0.2515,0.2466
0.2388,0.2264
0.1882,0.1879
0.1892,0.1823
0.1959,0.1923
0.195,0.1863
0.2424,0.258
0.2502,0.2524
0.2288,0.2559
0.2517,0.2551
0.255,0.2566
0.1857,0.189
0.1952,0.191
0.1852,0.198
0.1902,0.1931
0.1776,0.1962
0.1885,0.1963
0.2063,0.2058
0.2072,0.205
0.2756,0.2651
0.2769,0.2683
0.2642,0.249
0.282,0.2588
0.2375,0.2175
0.2264,0.2292
0.1888,0.2002
0.2517,0.2495
0.2595,0.2496
0.2446,0.2445
0.2384,0.2451
0.2427,0.2478
0.2389,0.24
0.2612,0.25
0.2455,0.2484
0.261,0.251
0.256,0.254
0.2507,0.2487
0.2856,0.2834
0.296,0.3008
0.2817,0.286
0.2764,0.2756
0.2844,0.296
0.2961,0.306
0.2817,0.2888
0.28,0.2883
0.3398,0.3552
0.3623,0.358
0.1995,0.1912
0.2163,0.2064
0.2213,0.2218
0.223,0.2214
0.2815,0.2878
0.286,0.2925
0.2556,0.257
0.2637,0.2588
0.2463,0.2617
0.2712,0.275
0.1825,0.1873
0.1917,0.2043
0.2012,0.1946
0.2032,0.2072
0.2311,0.2289
0.2257,0.2205
0.2484,0.2443
0.2302,0.2275
0.2517,0.2515
0.2734,0.2686
0.2524,0.2534
0.2632,0.2712
0.261,0.2683
0.2435,0.265
0.2551,0.259
0.2229,0.2242
0.2233,0.234
0.2537,0.2544
0.2214,0.2194
0.228,0.2241
0.275,0.276
0.2786,0.2798
0.2438,0.2219
0.2168,0.2198
0.287,0.2795
0.279,0.2837
0.263,0.254
0.2479,0.2532
0.2869,0.283
0.2908,0.2876
0.2534,0.2512
0.2979,0.3035
0.297,0.2993
0.302,0.3052
0.2727,0.2751
0.2688,0.2693
0.2222,0.2155
0.2339,0.2338
0.2456,0.238
0.2175,0.2299
0.2366,0.2476
0.3086,0.3047
0.2625,0.2664
0.2786,0.2744
0.2365,0.2424
0.264,0.2593
0.2415,0.2642
0.259,0.2537
0.2593,0.2585
0.2517,0.2427
0.25,0.2465
0.25,0.2473
0.251,0.2583
0.1909,0.2114
0.2688,0.26
0.2554,0.2576
0.2874,0.298
0.2546,0.2476
0.2551,0.2607
0.1987,0.2247
0.2612,0.2644
0.2297,0.2491
0.2898,0.2952
0.3098,0.287
0.3074,0.2856
0.2546,0.2583
0.2284,0.2502
0.2317,0.2664
0.2734,0.2451
0.2291,0.2393
0.2429,0.2491
0.2754,0.2449
0.2317,0.2336
0.2422,0.2505
0.2188,0.2405
0.2178,0.2333
0.2104,0.2369
0.209,0.2303
0.2195,0.2295
0.2191,0.2231
0.1912,0.2039
0.1913,0.2134
0.1931,0.1945
0.1898,0.2081
0.1904,0.1874
0.1891,0.1958
0.288,0.2986
0.296,0.2954
0.283,0.2625
0.282,0.2722
0.2428,0.239
0.2512,0.2385
0.2372,0.2534
0.2377,0.2524
0.2312,0.2537
0.2369,0.254
0.2489,0.2361
0.2456,0.2423
0.2429,0.237
0.2474,0.2421
0.2347,0.2542
0.2299,0.2554
0.2275,0.2267
0.2251,0.2386
0.223,0.2235
0.2205,0.2343
0.2705,0.2905
0.2893,0.3047
0.2844,0.277
0.3113,0.3142
0.2942,0.301
0.2917,0.3013
0.2344,0.2384
0.2053,0.1947
0.1935,0.1903
0.2437,0.245
0.2502,0.2568
0.2489,0.263
0.2595,0.2827
0.2625,0.2715
0.2252,0.2346
0.2327,0.2396
0.2311,0.2339
0.2656,0.299
0.2379,0.2532
0.2673,0.306
0.2294,0.2491
0.2703,0.302
0.2325,0.2556
0.2196,0.2286
0.2465,0.256
0.2324,0.2479
0.252,0.2563
0.2311,0.2424
0.23,0.2163
0.237,0.2245
0.2225,0.2318
0.2262,0.2314
0.2668,0.2585
0.2588,0.2666
0.274,0.2705
0.2754,0.2769
0.2245,0.2213
0.2264,0.2184
0.2842,0.2913
0.2744,0.2927
0.291,0.298
0.2793,0.296
0.2306,0.221
0.2413,0.2339
0.292,0.2947
0.2935,0.2944
0.2428,0.249
0.2593,0.2668
0.2617,0.2734
0.2803,0.2837
0.2769,0.2754
0.2778,0.2805
0.2803,0.2825
0.2815,0.2778
0.282,0.2822
0.2703,0.2805
0.261,0.2686
0.268,0.2773
0.2769,0.2847
0.2673,0.2693
0.273,0.2822
0.2722,0.2737
0.2391,0.242
0.2295,0.239
0.28,0.279
0.2766,0.2703
0.2117,0.2212
0.237,0.2241
0.2104,0.2283
0.2203,0.2136
0.1971,0.2177
0.307,0.3066
0.2708,0.265
0.3062,0.3022
0.281,0.2947
0.285,0.2915
0.3083,0.3113
0.2993,0.2979
0.2905,0.2903
0.2893,0.282
0.2869,0.278
0.2832,0.283
0.2578,0.268
0.2588,0.2585
0.2445,0.2595
0.2435,0.249
0.3025,0.3162
0.2974,0.3125
0.295,0.2996
0.2856,0.2942
0.2964,0.2986
0.2803,0.284
0.2622,0.2634
0.27,0.2676
0.195,0.2064
0.2455,0.2463
0.2009,0.2104
0.241,0.2527
0.2163,0.225
0.2705,0.2666
0.2311,0.2512
0.2473,0.2686
0.2532,0.277
0.2467,0.2646
0.2954,0.3193
0.304,0.3247
0.3118,0.334
0.3066,0.325
0.257,0.2764
0.2559,0.2793
0.2668,0.281
0.2637,0.2815
0.266,0.2856
0.262,0.2842
0.2673,0.279
0.2656,0.28
0.301,0.3257
0.238,0.2333
0.2366,0.2345
0.2827,0.2932
0.2847,0.2915
0.2168,0.2098
0.225,0.2261
0.254,0.249
0.251,0.251
0.2074,0.2
0.299,0.2905
0.3071,0.298
0.2275,0.2361
0.2622,0.2769
0.2537,0.2788
0.2844,0.2803
0.2952,0.2888
0.2998,0.3008
0.2876,0.2869
0.263,0.2625
0.3135,0.3318
0.3086,0.3176
0.3052,0.3206
0.3037,0.3105
0.3132,0.323
0.3164,0.317
0.3088,0.3142
0.3032,0.3057
0.3179,0.3298
0.3157,0.3228
0.3054,0.3171
0.3098,0.3108
0.3071,0.3203
0.3042,0.3079
0.2957,0.3098
0.2893,0.298
0.2783,0.2808
0.2637,0.2703
0.278,0.2805
0.2583,0.2693
0.2644,0.2798
0.253,0.2705
0.2666,0.2776
0.2441,0.267
0.26,0.2476
0.2551,0.2517
0.2546,0.2432
0.2578,0.2496
0.2258,0.2487
0.2174,0.2467
0.2227,0.2408
0.2198,0.2474
0.2046,0.2036
0.2449,0.2537
0.2361,0.2482
0.2542,0.2573
0.2515,0.2281
0.243,0.2483
0.2114,0.2091
0.2144,0.2142
0.2937,0.2666
0.2913,0.2642
0.2715,0.2668
0.2634,0.255
0.3115,0.326
0.3127,0.31
0.3108,0.3105
0.312,0.3088
0.2964,0.299
0.2932,0.2974
0.2986,0.305
0.3076,0.307
0.307,0.3022
0.3013,0.3079
0.3074,0.307
0.3086,0.3032
0.2147,0.2173
0.1829,0.2024
0.284,0.2793
0.279,0.2666
0.2617,0.2527
0.272,0.2429
0.2363,0.2305
0.297,0.2979
0.296,0.2935
0.2947,0.2937
0.2399,0.2527
0.2517,0.2452
0.2703,0.267
0.2612,0.2573
0.2676,0.26
0.2593,0.2512
0.2747,0.2578
0.2651,0.2527
0.2927,0.2937
0.2944,0.2908
0.2627,0.2568
0.226,0.231
0.2374,0.2297
0.2922,0.295
0.2595,0.2637
0.266,0.2744
0.2145,0.208
0.2524,0.257
0.2186,0.2267
0.2377,0.2316
0.2332,0.2446
0.266,0.2947
0.2448,0.2634
0.2747,0.2932
0.2593,0.2668
0.276,0.2888
0.2537,0.2483
0.2903,0.2795
0.2778,0.2756
0.3047,0.298
0.2197,0.2368
0.2861,0.2976
0.3032,0.307
0.2251,0.2517
0.2212,0.2422
0.3025,0.2932
0.2925,0.2827
0.2986,0.3113
0.3354,0.322
0.3271,0.3118
0.2335,0.2527
0.2433,0.2487
0.2242,0.229
0.2085,0.2524
0.2401,0.2405
0.2986,0.303
0.3096,0.3179
0.3132,0.3125
0.317,0.3184
0.3235,0.313
0.2747,0.2913
0.2717,0.25
0.2617,0.259
0.2406,0.2446
0.2979,0.2776
0.2854,0.278
0.2593,0.2551
0.2751,0.2637
0.264,0.27
0.2512,0.253
0.2186,0.2205
0.2059,0.2146
0.1885,0.1959
0.2083,0.221
0.2128,0.2156
0.2568,0.2734
0.2229,0.2264
0.2089,0.2054
0.2424,0.2466
0.2175,0.246
0.238,0.251
0.3015,0.2932
0.2908,0.2908
0.1858,0.1853
0.1816,0.1909
0.2197,0.2216
0.1984,0.2046
0.1942,0.2119
0.3032,0.2898
0.2776,0.2773
0.2925,0.3184
0.3076,0.3171
0.3086,0.312
0.3174,0.3215
0.278,0.2935
0.2322,0.2308
0.2314,0.2358
0.2358,0.2429
0.2313,0.237
0.2336,0.2397
0.2042,0.202
0.2028,0.2013
0.1895,0.1859
0.2407,0.2307
0.2438,0.2206
0.2332,0.2388
0.234,0.2307
0.2395,0.2474
0.2446,0.2407
0.2291,0.2152
0.2238,0.2236
0.2142,0.2092
0.2224,0.2122
0.2213,0.2218
0.2078,0.2042
0.2184,0.2146
0.2106,0.224
0.2009,0.2067
0.2457,0.2292
0.2413,0.2356
0.2135,0.2206
0.1941,0.2145
0.225,0.2306
0.254,0.2386
0.2654,0.266
0.2595,0.2617
0.2367,0.2512
0.2734,0.2754
0.2637,0.2632
0.234,0.2471
0.2595,0.2379
0.2417,0.2468
0.256,0.2666
0.2776,0.2812
0.2803,0.2815
0.2766,0.2808
0.2725,0.2744
0.262,0.2625
0.2622,0.2615
0.2852,0.2874
0.279,0.2844
0.2734,0.2786
0.2852,0.2864
0.2874,0.2878
0.2866,0.2908
0.2747,0.2776
0.2869,0.2896
0.2822,0.2832
0.273,0.2778
0.2722,0.2764
0.2815,0.2878
0.287,0.2903
0.2703,0.2788
0.284,0.2925
0.2482,0.2488
0.264,0.2603
0.2644,0.2546
0.2742,0.2751
0.2241,0.2474
0.2793,0.2942
0.2294,0.2281
0.2168,0.2366
0.2435,0.2527
0.248,0.2489
0.2456,0.2527
0.2474,0.2444
0.2374,0.2423
0.2452,0.2452
0.1853,0.1804
0.227,0.2026
0.1903,0.2047
0.2937,0.283
0.2937,0.2908
0.2018,0.1984
0.2593,0.26
0.261,0.2712
0.2465,0.2715
0.2129,0.2297
0.2029,0.2054
0.22,0.2253
0.2135,0.2083
0.2218,0.2218
0.196,0.2101
0.1893,0.2078
0.2275,0.2134
0.2043,0.2035
0.2046,0.2058
0.2325,0.2212
0.2164,0.216
0.221,0.2112
0.2174,0.2291
0.2327,0.2401
0.2764,0.2805
0.2338,0.2318
0.2368,0.2251
0.2108,0.2124
0.2166,0.2079
0.32,0.3293
0.2355,0.2338
0.2078,0.2104
0.2147,0.2146
0.2278,0.2283
0.2296,0.2228
0.2098,0.2216
0.2045,0.2148
0.2185,0.2218
0.2129,0.213
0.2064,0.2126
0.2007,0.2069
0.2135,0.2238
0.2113,0.2125
0.2212,0.2139
0.3228,0.324
0.2369,0.2311
0.2637,0.2644
0.2019,0.2096
0.2305,0.248
0.2091,0.2296
0.2617,0.2678
0.2515,0.268
0.2189,0.2201
0.2186,0.2233
0.2426,0.2341
0.2294,0.2166
0.2157,0.2242
0.2194,0.2158
0.2725,0.282
0.249,0.259
0.256,0.255
0.2416,0.2498
0.2234,0.2234
0.2776,0.2715
0.2654,0.2727
0.2546,0.276
0.2756,0.2485
0.2615,0.2306
0.2438,0.2316
0.1987,0.2042
0.287,0.302
0.279,0.2856
0.2888,0.284
0.2744,0.2683
0.2402,0.2372
0.2401,0.2534
0.2544,0.2412
0.2554,0.2583
0.2488,0.2346
0.257,0.248
0.3167,0.3096
0.3179,0.3025
0.3271,0.3105
0.3018,0.299
0.3162,0.3179
0.319,0.3147
0.3286,0.3228
0.3005,0.3066
0.317,0.31
0.318,0.3096
0.3271,0.3171
0.3066,0.3032
0.3145,0.3171
0.3208,0.3147
0.3303,0.3237
0.3062,0.313
0.2993,0.3005
0.3105,0.3113
0.3188,0.3242
0.3132,0.321
0.2798,0.2808
0.2954,0.285
0.3064,0.2944
0.2764,0.2727
0.2306,0.2399
0.2417,0.2388
0.2385,0.2534
0.2289,0.2357
0.339,0.3245
0.345,0.329
0.3416,0.331
0.3347,0.3262
0.3372,0.329
0.3376,0.3313
0.2607,0.2683
0.2534,0.264
0.2637,0.2583
0.2766,0.281
0.252,0.2644
0.2676,0.269
0.2878,0.287
0.257,0.2654
0.2556,0.2646
0.2712,0.2732
0.276,0.2805
0.279,0.2744
0.2717,0.2642
0.2686,0.2693
0.2666,0.2522
0.2651,0.2703
0.2615,0.269
0.2585,0.2625
0.261,0.2534
0.2522,0.2515
0.2449,0.2332
0.263,0.2761
0.2954,0.2976
0.1904,0.1959
0.1946,0.2161
0.211,0.2217
0.1946,0.2075
0.2252,0.2278
0.2034,0.2146
0.23,0.2272
0.2231,0.2217
0.2363,0.2551
0.2365,0.2524
0.204,0.2234
0.218,0.2362
0.2168,0.238
0.1879,0.1853
0.2267,0.2233
0.2222,0.2467
0.2043,0.2363
0.2241,0.2369
0.2355,0.2313
0.2494,0.259
0.2805,0.2812
0.2593,0.2825
0.266,0.2888
0.2268,0.2524
0.234,0.2676
0.2013,0.232
0.2057,0.2351
0.2201,0.2228
0.2339,0.2345
0.2178,0.2272
0.2186,0.2252
0.2854,0.2925
0.2335,0.2505
0.2522,0.2546
0.251,0.2534
0.2866,0.2825
0.2751,0.28
0.2974,0.2896
0.2896,0.3044
0.179,0.1838
0.2798,0.2805
0.263,0.2788
0.2783,0.273
0.2703,0.251
0.2769,0.2683
0.2593,0.2588
0.1921,0.1987
0.2043,0.2196
0.1807,0.1946
0.1779,0.1671
0.1825,0.1815
0.17,0.1611
0.2435,0.2656
0.2625,0.3152
0.256,0.2515
0.2458,0.2399
0.215,0.1998
0.2261,0.2783
0.2444,0.2515
0.2559,0.2405
0.2646,0.2478
0.2272,0.2161
0.2352,0.2268
0.2034,0.2014
0.3303,0.3352
0.214,0.2067
0.2183,0.2174
0.2705,0.2852
0.266,0.2783
0.2443,0.2461
0.2505,0.2546
0.299,0.3037
0.3062,0.3035
0.3037,0.3003
0.3096,0.302
0.2593,0.2627
0.2593,0.2588
0.2595,0.2788
0.1788,0.1858
0.2003,0.1943
0.2021,0.217
0.2161,0.2192
0.2191,0.2308
0.2537,0.2455
0.2842,0.2756
0.2688,0.2537
0.279,0.2764
0.2896,0.2754
0.2542,0.2651
0.287,0.2844
0.1351,0.1312
0.201,0.2054
0.2585,0.2776
0.259,0.2465
0.2515,0.2494
0.2421,0.2467
0.1897,0.2288
0.2499,0.2466
0.2213,0.238
0.2145,0.2158
0.2522,0.284
0.2544,0.256
0.2444,0.251
0.2842,0.2905
0.286,0.294
0.1519,0.1566
0.2119,0.2185
0.1881,0.198
0.2678,0.272
0.2683,0.3047
0.2913,0.2866
0.2205,0.2198
0.2324,0.2196
0.2502,0.2544
0.2527,0.287
0.18,0.284
0.2844,0.3142
0.2742,0.27
0.2722,0.278
0.261,0.2793
0.2037,0.2825
0.2842,0.309
0.2045,0.2102
0.2615,0.2598
0.2593,0.258
0.2617,0.2554
0.2566,0.2512
0.2656,0.2534
0.259,0.2456
0.2708,0.2433
0.2717,0.2479
0.265,0.282
0.2415,0.2708
0.2316,0.2383
0.2393,0.251
0.2495,0.253
0.2303,0.2249
0.2368,0.2368
0.2786,0.2893
0.2494,0.261
0.253,0.2637
0.247,0.256
0.2451,0.2505
0.23,0.243
0.2913,0.2983
0.2986,0.2998
0.3145,0.3152
0.3057,0.3167
0.2935,0.309
0.2174,0.2072
0.2257,0.2408
0.3015,0.287
0.2578,0.2537
0.2986,0.2842
0.2455,0.2474
0.2922,0.2817
0.2944,0.2913
0.2269,0.2461
0.2607,0.2742
0.2433,0.2498
0.1797,0.2188
0.2113,0.2112
0.2126,0.2102
0.2216,0.2158
0.2313,0.2345
0.2325,0.2361
0.2196,0.2124
0.2401,0.2499
0.2345,0.2445
0.2405,0.2522
0.2332,0.243
0.2253,0.2225
0.2291,0.2366
0.2385,0.2283
0.2306,0.2151
0.2382,0.2449
0.2366,0.2308
0.2913,0.2905
0.3003,0.2935
0.2825,0.299
0.285,0.3074
0.256,0.2717
0.2659,0.2808
0.2744,0.2734
0.2793,0.2854
0.291,0.2957
0.303,0.3066
0.2764,0.2815
0.2898,0.2917
0.2367,0.2322
0.216,0.2146
0.2274,0.2257
0.227,0.2396
0.2294,0.24
0.1989,0.2167
0.2686,0.2795
0.2747,0.2766
0.256,0.2717
0.266,0.2766
0.3096,0.3098
0.3086,0.3152
0.326,0.326
0.3235,0.3276
0.2544,0.2542
0.254,0.2505
0.252,0.2478
0.2456,0.2399
0.2822,0.2908
0.2737,0.2766
0.2515,0.2507
0.3142,0.3184
0.2737,0.2712
0.26,0.2954
0.266,0.2922
0.2717,0.295
0.2664,0.2976
0.274,0.2491
0.2808,0.288
0.2656,0.2827
0.2817,0.303
0.2422,0.2438
0.257,0.263
0.2761,0.2773
0.2656,0.27
0.271,0.281
0.2455,0.2434
0.2163,0.2399
0.2306,0.2355
0.2673,0.2505
0.327,0.3313
0.3435,0.343
0.331,0.3306
0.2515,0.2488
0.2332,0.2499
0.2496,0.2573
0.245,0.2524
0.2408,0.2546
0.2496,0.2585
0.2837,0.2864
0.2915,0.3074
0.2944,0.2878
0.2942,0.3057
0.1868,0.2086
0.301,0.3125
0.2974,0.3103
0.2905,0.3047
0.3013,0.293
0.2876,0.286
0.288,0.2822
0.2324,0.2491
0.185,0.2086
0.207,0.2117
0.2097,0.2198
0.2365,0.237
0.2734,0.2786
0.2869,0.2756
0.235,0.2374
0.2089,0.241
0.2219,0.2391
0.2695,0.2866
0.3008,0.2944
0.2734,0.2703
0.2563,0.2563
0.2603,0.2593
0.2703,0.27
0.277,0.2744
0.2688,0.288
0.2761,0.288
0.278,0.2922
0.2803,0.2915
0.2444,0.2664
0.2482,0.2622
0.2837,0.278
0.2837,0.278
0.2905,0.2866
0.2805,0.2834
0.2817,0.285
0.307,0.3057
0.2551,0.2576
0.2366,0.2416
0.245,0.2396
0.2184,0.266
0.2257,0.2588
0.2205,0.2256
0.2603,0.2854
0.2642,0.2678
0.2537,0.2637
0.251,0.2502
0.24,0.2477
0.23,0.2374
0.2394,0.2324
0.2382,0.234
0.2292,0.2332
0.241,0.2418
0.2346,0.2336
0.2177,0.2052
0.2637,0.2505
0.1876,0.2108
0.149,0.1998
0.206,0.2053
0.2401,0.23
0.2461,0.2428
0.2014,0.205
0.1995,0.2119
0.1766,0.18
0.1895,0.1967
0.23,0.2301
0.2496,0.2378
0.1976,0.195
0.228,0.2262
0.2191,0.2169
0.2216,0.2277
0.3152,0.3054
0.2988,0.297
0.2585,0.2396
0.1984,0.1971
0.2135,0.2167
0.1718,0.1866
0.2485,0.252
0.211,0.2346
0.246,0.2527
0.2246,0.2297
0.2844,0.276
0.293,0.2847
0.2747,0.263
0.2708,0.2668
0.2338,0.2474
0.228,0.2305
0.2467,0.2433
0.2213,0.2129
0.2405,0.2191
0.2654,0.2559
0.2705,0.2441
0.287,0.2954
0.2247,0.2109
0.2389,0.2234
0.272,0.262
0.2727,0.2698
0.2418,0.2593
0.2203,0.2272
0.2262,0.2207
0.2195,0.2505
0.2125,0.2402
0.263,0.2734
0.2463,0.2396
0.23,0.2206
0.264,0.277
0.2441,0.2407
0.261,0.258
0.2391,0.2343
0.2886,0.2886
0.2646,0.2532
0.2676,0.2683
0.2421,0.2235
0.26,0.269
0.2332,0.2341
0.2698,0.2622
0.2418,0.2244
0.2607,0.252
0.293,0.2964
0.1486,0.1543
0.233,0.2463
0.3098,0.309
0.2932,0.2986
0.3179,0.3179
0.2988,0.3083
0.3057,0.309
0.2937,0.3064
0.2786,0.2793
0.2842,0.284
0.2712,0.279
0.218,0.2207
0.2108,0.2255
0.3127,0.3218
0.3096,0.311
0.2712,0.283
0.2358,0.2786
0.2625,0.286
0.2769,0.288
0.2345,0.2578
0.269,0.2725
0.278,0.2715
0.2294,0.26
0.2593,0.272
0.2715,0.281
0.2207,0.2227
0.2634,0.267
0.255,0.2491
0.2097,0.2041
0.2117,0.2026
0.2203,0.2228
0.2137,0.2091
0.2291,0.2412
0.2224,0.2181
0.23,0.2272
0.2242,0.2211
0.2217,0.2146
0.2164,0.2223
0.2096,0.2217
0.2079,0.214
0.2208,0.2246
0.2349,0.2379
0.226,0.2423
0.2211,0.223
0.2169,0.2479
0.2114,0.2305
0.306,0.3079
0.213,0.2179
0.1995,0.2035
0.2261,0.2227
0.2273,0.2141
0.2102,0.2216
0.2047,0.21
0.2483,0.2412
0.2603,0.2837
0.248,0.2517
0.2029,0.257
0.1915,0.2119
0.2079,0.2307
0.2686,0.288
0.2827,0.2937
0.2096,0.2163
0.3096,0.3047
0.3096,0.3208
0.2272,0.2203
0.2297,0.2222
0.2278,0.2241
0.254,0.2522
0.2615,0.263
0.279,0.2708
0.258,0.2489
0.2788,0.2903
0.2015,0.2051
0.274,0.278
0.2595,0.2822
0.264,0.27
0.2737,0.273
0.2462,0.2463
0.2576,0.2676
0.256,0.2485
0.2573,0.2542
0.2559,0.2556
0.2117,0.2335
0.2122,0.234
0.2346,0.235
0.247,0.2401
0.2522,0.2499
0.2424,0.236
0.266,0.259
0.3057,0.2886
0.264,0.2651
0.2177,0.2374
0.2434,0.261
0.2158,0.226
0.2335,0.2448
0.2595,0.2607
0.2683,0.2646
0.2366,0.2598
0.2343,0.25
0.2568,0.2615
0.2476,0.262
0.2505,0.2524
0.2429,0.2559
0.1881,0.2213
0.19,0.2109
0.1802,0.2012
0.2045,0.2205
0.1992,0.2244
0.267,0.277
0.2761,0.2827
0.2456,0.2043
0.2347,0.2201
0.2382,0.2365
0.2299,0.2264
0.2347,0.2495
0.289,0.2769
0.2546,0.264
0.2379,0.2411
0.2424,0.2537
0.2583,0.257
0.2507,0.2612
0.2239,0.2474
0.2742,0.277
0.2396,0.273
0.259,0.259
0.2266,0.2294
0.2274,0.2356
0.2703,0.2732
0.2578,0.2705
0.2612,0.2607
0.1831,0.2166
0.1952,0.221
0.2517,0.265
0.2622,0.263
0.2551,0.2566
0.2537,0.2566
0.2585,0.2595
0.2593,0.2598
0.1855,0.2045
0.237,0.238
0.2173,0.2393
0.277,0.2861
0.2705,0.2874
0.2756,0.2947
0.2312,0.2382
0.237,0.2439
0.1897,0.2169
0.1841,0.2133
0.2915,0.2986
0.275,0.305
0.3098,0.3096
0.2822,0.2761
0.2683,0.284
0.2512,0.2634
0.2976,0.306
0.3032,0.3035
0.297,0.304
0.2864,0.2957
0.2903,0.2947
0.2905,0.297
0.2485,0.2499
0.2488,0.2563
0.2207,0.235
0.2808,0.293
0.2502,0.2554
0.2272,0.2268
0.2286,0.2323
0.2147,0.2294
0.2437,0.2517
0.2324,0.2461
0.2386,0.2405
0.2308,0.2338
0.2566,0.2524
0.252,0.2651
0.2698,0.2534
0.31,0.2913
0.212,0.266
0.2603,0.2842
0.271,0.28
0.2239,0.2795
0.2822,0.3022
0.293,0.2896
0.2507,0.311
0.3005,0.3184
0.2766,0.2656
0.2737,0.2778
0.2944,0.2915
0.2756,0.2698
0.2864,0.2932
0.2727,0.2793
0.3074,0.2954
0.2908,0.2957
0.3162,0.3103
0.3064,0.3066
0.3313,0.3298
0.313,0.3225
0.2947,0.294
0.2795,0.2808
0.2559,0.263
0.2527,0.2474
0.2339,0.2472
0.2546,0.259
0.2339,0.2318
0.1792,0.1743
0.1726,0.176
0.1753,0.1741
0.1643,0.1741
0.1617,0.1644
0.273,0.2766
0.2456,0.2505
0.2227,0.2028
0.2012,0.2029
0.2947,0.331
0.298,0.332
0.2998,0.3406
0.2844,0.3215
0.2942,0.3213
0.2986,0.3228
0.245,0.245
0.2247,0.2365
0.244,0.2505
0.2198,0.2377
0.2426,0.2391
0.2162,0.228
0.2421,0.2455
0.216,0.2333
0.2607,0.2642
0.2349,0.2527
0.316,0.3167
0.281,0.273
0.2634,0.2576
0.2429,0.2286
0.2732,0.2698
0.264,0.2593
0.3262,0.3389
0.319,0.322
0.3137,0.3147
0.3127,0.3044
0.3135,0.3064
0.3186,0.3098
0.313,0.3228
0.3044,0.301
0.3032,0.292
0.3027,0.292
0.3047,0.2925
0.3062,0.306
0.3245,0.322
0.2915,0.303
0.27,0.2798
0.2969,0.28
0.2852,0.2798
0.2708,0.268
0.216,0.2192
0.2607,0.2769
0.2499,0.2488
0.2676,0.2568
0.245,0.2045
0.2252,0.2396
0.224,0.2389
0.2722,0.2786
0.2832,0.2869
0.269,0.283
0.3105,0.3113
0.2415,0.2487
0.2489,0.2439
0.2292,0.2263
0.2507,0.2354
0.2408,0.2181
0.2568,0.2286
0.286,0.2935
0.2844,0.2825
0.27,0.2876
0.2874,0.2947
0.2864,0.2852
0.2786,0.2861
0.2866,0.2893
0.285,0.2756
0.2778,0.2786
0.2922,0.3032
0.2832,0.289
0.276,0.2788
0.273,0.293
0.3003,0.303
0.2861,0.2888
0.2825,0.2812
0.2832,0.2898
0.2957,0.2966
0.2878,0.281
0.2783,0.2725
0.284,0.2832
0.2053,0.2206
0.2191,0.2264
0.2216,0.2283
0.2306,0.2263
0.1846,0.1984
0.1967,0.2029
0.2014,0.2119
0.206,0.205
0.3108,0.3154
0.3127,0.3115
0.3025,0.3054
0.3271,0.3267
0.2588,0.2688
0.2488,0.2612
0.2798,0.294
0.2852,0.292
0.2996,0.2983
0.289,0.309
0.2856,0.2854
0.2854,0.289
0.2922,0.2827
0.2864,0.297
0.289,0.2905
0.279,0.2798
0.275,0.2803
0.2798,0.2734
0.2793,0.2952
0.288,0.289
0.2783,0.2783
0.2747,0.2795
0.2798,0.2727
0.2793,0.2932
0.2397,0.2317
0.2355,0.2386
0.226,0.2135
0.2257,0.2256
0.237,0.2426
0.2437,0.2473
0.275,0.2678
0.27,0.2664
0.2395,0.2559
0.23,0.2448
0.2404,0.2426
0.288,0.2893
0.2313,0.2517
0.2463,0.2345
0.2407,0.2478
0.2462,0.2474
0.2615,0.2407
0.2761,0.2583
0.254,0.2583
0.2532,0.2698
0.2037,0.235
0.2166,0.2142
0.2211,0.2235
0.2363,0.2598
0.271,0.2925
0.2238,0.2314
0.2184,0.241
0.2373,0.2588
0.299,0.2932
0.2231,0.21
0.2231,0.2214
0.2245,0.2213
0.2507,0.2622
0.275,0.285
0.2825,0.2927
0.15,0.1514
0.1663,0.1644
0.1702,0.1606
0.2484,0.273
0.2441,0.2524
0.2668,0.274
0.2703,0.2764
0.1836,0.1951
0.1873,0.1959
0.1986,0.1884
0.197,0.184
0.2167,0.2146
0.2113,0.2141
0.195,0.2015
0.1943,0.2021
0.2615,0.278
0.285,0.2957
0.3037,0.2998
0.2343,0.2441
0.24,0.2496
0.2693,0.267
0.2341,0.2462
0.2451,0.2598
0.2654,0.2727
0.2566,0.2703
0.2832,0.2747
0.2229,0.2257
0.2396,0.1907
0.2136,0.205
0.2476,0.2257
0.2659,0.2144
0.259,0.2495
0.3096,0.2925
0.3152,0.2988
0.3188,0.311
0.3137,0.3103
0.326,0.3257
0.3115,0.3086
0.2805,0.2737
0.2776,0.277
0.2644,0.273
0.2737,0.2825
0.2722,0.292
0.262,0.273
0.267,0.2751
0.2783,0.2925
0.2852,0.2937
0.2286,0.2477
0.2278,0.2576
0.2362,0.2316
0.2411,0.2323
0.2344,0.2316
0.2401,0.2382
0.2278,0.223
0.2214,0.218
0.2219,0.2256
0.2202,0.2291
0.2181,0.2269
0.2234,0.2334
0.2253,0.238
0.2109,0.2178
0.2272,0.2444
0.2625,0.273
0.2241,0.2357
0.2096,0.2255
0.2534,0.261
0.2372,0.2444
0.2217,0.2339
0.2207,0.22
0.1948,0.1945
0.231,0.2206
0.1959,0.1858
0.2356,0.2411
0.22,0.2195
0.217,0.2281
0.2294,0.2448
0.254,0.2605
0.1722,0.1923
0.2307,0.2283
0.203,0.2145
0.2712,0.281
0.274,0.2825
0.2588,0.2585
0.2666,0.2625
0.2463,0.2585
0.2045,0.2473
0.206,0.2108
0.2222,0.2292
0.2346,0.2375
0.1738,0.1783
0.1951,0.1968
0.216,0.2206
0.2634,0.255
0.2622,0.2585
0.2067,0.2195
0.2363,0.2358
0.2705,0.2705
0.3005,0.3115
0.3003,0.3079
0.3086,0.3105
0.2976,0.2974
0.3071,0.3098
0.3035,0.2993
0.253,0.243
0.2117,0.222
0.2032,0.1979
0.1619,0.2041
0.2007,0.2021
0.1984,0.21
0.1791,0.1583
0.2908,0.2832
0.2761,0.2615
0.2644,0.2742
0.2695,0.2786
0.2935,0.2952
0.297,0.2861
0.283,0.272
0.313,0.3037
0.271,0.261
0.2756,0.2832
0.268,0.2788
0.2588,0.2712
0.251,0.267
0.263,0.2666
0.2578,0.2644
0.2465,0.2532
0.236,0.2449
0.2181,0.2369
0.2212,0.2382
0.2255,0.2457
0.2285,0.2482
0.2139,0.2258
0.2114,0.2212
0.2189,0.2266
0.2203,0.2317
0.2238,0.236
0.2036,0.2104
0.2206,0.2195
0.2278,0.2267
0.2317,0.2275
0.2354,0.2303
0.2133,0.2135
0.1824,0.1842
0.1938,0.2015
0.194,0.197
0.1995,0.1991
0.1741,0.1755
0.2351,0.2373
0.2393,0.2517
0.254,0.2559
0.2445,0.2437
0.237,0.2375
0.2229,0.2313
0.2294,0.2302
0.2576,0.2688
0.2144,0.2133
0.1981,0.2083
0.2241,0.2341
0.2559,0.2502
0.2517,0.2505
0.237,0.2449
0.263,0.2607
0.2595,0.2502
0.2352,0.2118
0.2365,0.234
0.2664,0.2703
0.2751,0.2751
0.2625,0.2693
0.266,0.2712
0.1892,0.2174
0.198,0.2133
0.1947,0.2017
0.1854,0.2168
0.1884,0.215
0.1903,0.1967
0.3132,0.311
0.3018,0.3096
0.3064,0.3088
0.3013,0.3057
0.2637,0.254
0.1898,0.1881
0.2155,0.2229
0.2202,0.2218
0.2769,0.2815
0.2761,0.2878
0.2722,0.2793
0.1622,0.1682
0.1528,0.1615
0.146,0.1772
0.2979,0.2827
0.3098,0.2937
0.301,0.2888
0.3064,0.3115
0.3047,0.325
0.3052,0.3142
0.3176,0.3235
0.3196,0.3342
0.3176,0.3284
0.198,0.1842
0.1853,0.1829
0.1827,0.1907
0.2125,0.2142
0.2006,0.2095
0.1996,0.2133
0.2378,0.2152
0.216,0.2097
0.2145,0.2173
0.2505,0.251
0.2502,0.2498
0.2344,0.2517
0.252,0.27
0.259,0.2642
0.2495,0.2717
0.2573,0.2644
0.2566,0.2585
0.2455,0.2627
0.2166,0.2302
0.288,0.2666
0.2141,0.2163
0.214,0.205
0.2251,0.2263
0.2213,0.2288
0.2249,0.2263
0.2172,0.2155
0.2217,0.2175
0.259,0.2389
0.2295,0.2285
0.2323,0.2306
0.2206,0.219
0.2644,0.2578
0.2578,0.2517
0.2527,0.2568
0.253,0.2522
0.2554,0.2551
0.2445,0.2312
0.265,0.273
0.281,0.2698
0.238,0.2454
0.2898,0.288
0.2485,0.2524
0.1893,0.2035
0.2834,0.2915
0.313,0.3237
0.2007,0.204
0.166,0.2205
0.1698,0.2094
0.2583,0.2812
0.1846,0.2122
0.2156,0.2322
0.2231,0.2379
0.2113,0.2338
0.2109,0.2074
0.2335,0.2284
0.1976,0.217
0.2086,0.209
0.2423,0.226
0.2006,0.2125
0.2595,0.2698
0.2732,0.277
0.2522,0.2678
0.1995,0.2089
0.2196,0.23
0.1919,0.2119
0.2776,0.2742
0.27,0.268
0.2395,0.2412
0.2742,0.2803
0.2164,0.2141
0.3015,0.3064
0.3271,0.3247
0.3174,0.32
0.2754,0.2905
0.2917,0.2966
0.1879,0.2288
0.2115,0.2395
0.2281,0.2311
0.2314,0.252
0.2374,0.2312
0.2485,0.2625
0.1995,0.2128
0.1908,0.2072
0.22,0.226
0.253,0.2563
0.2385,0.2366
0.243,0.239
0.2932,0.295
0.284,0.2988
0.2603,0.2524
0.3018,0.2935
0.1914,0.2103
0.1903,0.2085
0.2059,0.2059
0.2008,0.1852
0.189,0.1873
0.2659,0.2708
0.27,0.2737
0.2045,0.2166
0.222,0.2147
0.2576,0.2668
0.2659,0.2737
0.2788,0.2483
0.2805,0.2827
0.2365,0.2395
0.2206,0.2222
0.2352,0.2458
0.2262,0.2217
0.2395,0.2524
0.2451,0.2457
0.251,0.2524
0.2075,0.2225
0.283,0.3088
0.2864,0.3174
0.3142,0.309
0.3276,0.321
0.253,0.2544
0.2715,0.2742
0.2417,0.2388
0.2438,0.2527
0.1875,0.265
0.1995,0.2542
0.264,0.2537
0.2822,0.2751
0.2942,0.3032
0.2349,0.2305
0.1169,0.1426
0.1459,0.1533
0.2065,0.2162
0.2162,0.2239
0.192,0.2063
0.1434,0.1731
0.1553,0.1744
0.2925,0.2827
0.2966,0.302
0.174,0.2338
0.1848,0.2372
0.2014,0.2307
0.2213,0.2333
0.1873,0.2261
0.1953,0.2288
0.2208,0.2207
0.2673,0.263
0.3098,0.307
0.298,0.3098
0.3042,0.2961
0.3083,0.3018
0.2537,0.2532
0.2495,0.2477
0.2544,0.2634
0.2515,0.257
0.2268,0.2407
0.1942,0.2186
0.2377,0.226
0.2168,0.2605
0.2125,0.2363
0.2203,0.2389
0.2413,0.2372
0.2434,0.2405
0.2502,0.249
0.2559,0.2717
0.259,0.259
0.211,0.216
0.2314,0.2316
0.2886,0.3096
0.3044,0.3235
0.3076,0.3335
0.2852,0.2864
0.2944,0.2942
0.3035,0.314
0.2793,0.3052
0.296,0.3157
0.297,0.3281
0.278,0.304
0.3018,0.3105
0.2742,0.2925
0.2969,0.2905
0.2615,0.292
0.2903,0.2954
0.2164,0.241
0.2277,0.212
0.2123,0.2137
0.2805,0.2834
0.2825,0.2844
0.2703,0.271
0.2646,0.282
0.2712,0.2815
0.222,0.231
0.2264,0.2399
0.2537,0.2406
0.2473,0.2373
0.2747,0.266
0.2505,0.2454
0.2605,0.248
0.2455,0.232
0.2524,0.247
0.2742,0.284
0.199,0.1992
0.2302,0.231
0.187,0.1948
0.236,0.2363
0.2494,0.2463
0.194,0.2039
0.2656,0.2537
0.2422,0.2443
0.2559,0.2491
0.2683,0.2812
0.2651,0.263
0.2913,0.2732
0.2917,0.2212
0.2722,0.271
0.2249,0.2037
0.2161,0.2288
0.267,0.2842
0.2634,0.2708
0.2605,0.2622
0.2524,0.2512
0.2825,0.2854
0.322,0.3223
0.3298,0.3381
0.294,0.2961
0.3005,0.3013
0.2522,0.2625
0.263,0.2666
0.2496,0.2445
0.2524,0.249
0.1754,0.1517
0.1738,0.1559
0.1819,0.174
0.1697,0.1752
0.1772,0.1862
0.2043,0.1958
0.2615,0.25
0.2307,0.2472
0.2198,0.243
0.2214,0.2216
0.2141,0.225
0.2424,0.2461
0.2646,0.2751
0.2325,0.2493
0.229,0.2517
0.179,0.188
0.2295,0.2357
0.2395,0.2404
0.2109,0.198
0.2262,0.2211
0.2676,0.2439
0.2177,0.2233
0.2554,0.2603
0.2646,0.264
0.2751,0.2642
0.2338,0.2456
0.2314,0.2408
0.2793,0.2954
0.2369,0.2578
0.2344,0.2458
0.2778,0.3022
0.2433,0.2487
0.2438,0.2384
0.2852,0.2925
0.1581,0.1846
0.1569,0.1926
0.1621,0.1836
0.2339,0.2345
0.234,0.2316
0.2239,0.2314
0.271,0.2764
0.2888,0.2722
0.304,0.3062
0.1857,0.1748
0.1808,0.1848
0.1906,0.188
0.212,0.2318
0.2198,0.2218
0.2319,0.2236
0.2319,0.2236
0.2319,0.2236
0.2388,0.2412
0.2502,0.2659
0.2084,0.2104
0.225,0.2424
0.2837,0.2844
0.2786,0.2798
0.1976,0.1946
0.2426,0.2357
0.1719,0.1604
0.2291,0.2314
0.2446,0.2311
0.2275,0.2363
0.271,0.265
0.2384,0.2377
0.2081,0.1869
0.2766,0.2822
0.2778,0.2842
0.2954,0.2686
0.281,0.3079
0.2817,0.2883
0.2155,0.2498
0.2279,0.228
0.22,0.2427
0.225,0.2253
0.2484,0.2512
0.2546,0.252
0.1743,0.1902
0.1868,0.1963
0.2651,0.266
0.2737,0.2766
0.2942,0.284
0.276,0.2751
0.2698,0.2605
0.2468,0.264
0.272,0.2769
0.2795,0.2827
0.2568,0.263
0.2537,0.2573
0.283,0.2947
0.293,0.2952
0.3145,0.313
0.296,0.2898
0.2927,0.2908
0.1884,0.1904
0.1749,0.1917
0.1714,0.1825
0.2087,0.2118
0.1973,0.2075
0.2037,0.2036
0.2008,0.2094
0.1936,0.1932
0.1796,0.1847
0.193,0.1857
0.1747,0.1835
0.1663,0.1747
0.1741,0.1766
0.2788,0.2803
0.2869,0.2812
0.1664,0.1631
0.2922,0.292
0.287,0.2852
0.1694,0.1677
0.1218,0.1499
0.1522,0.1545
0.2452,0.2443
0.2437,0.2252
0.2408,0.2427
0.2383,0.2524
0.1572,0.1814
0.1565,0.1813
0.2347,0.2404
0.2322,0.251
0.2355,0.2393
0.3054,0.3037
0.2478,0.2656
0.3076,0.3052
0.2427,0.2646
0.2091,0.231
0.2461,0.25
0.2355,0.2455
0.255,0.2573
0.2441,0.251
0.2449,0.2473
0.2354,0.2461
0.2115,0.2144
0.2217,0.2225
0.2274,0.2222
0.2432,0.2443
0.2285,0.2465
0.1864,0.189
0.1876,0.1862
0.2344,0.2428
0.2327,0.2216
0.2386,0.2208
0.1848,0.1874
0.192,0.1864
0.2603,0.2377
0.2148,0.233
0.2476,0.2306
0.254,0.211
0.2107,0.2341
0.2242,0.21
0.1799,0.1799
0.2915,0.2905
0.2852,0.284
0.2664,0.2705
0.2537,0.262
0.254,0.2512
0.243,0.2598
0.1885,0.1976
0.1919,0.2123
0.1924,0.1968
0.1963,0.201
0.2644,0.2725
0.2578,0.2576
0.2644,0.2546
0.2903,0.2874
0.2788,0.2727
0.2037,0.2034
0.2832,0.2773
0.2844,0.294
0.2812,0.2898
0.2732,0.2786
0.284,0.2825
0.2866,0.2866
0.3047,0.288
0.3042,0.304
0.3013,0.2988
0.2998,0.2937
0.2964,0.2922
0.307,0.2927
0.284,0.2788
0.2856,0.3003
0.2803,0.297
0.2693,0.2803
0.2776,0.2842
0.2861,0.2903
0.2708,0.282
0.2773,0.3018
0.2712,0.2986
0.2625,0.2817
0.2698,0.2878
0.279,0.2937
0.2429,0.2474
0.241,0.2452
0.247,0.252
0.24,0.2441
0.2382,0.2422
0.2468,0.2484
0.2324,0.251
0.2328,0.2429
0.2468,0.256
0.2255,0.2507
0.2216,0.2417
0.2429,0.2576
0.2595,0.2676
0.2646,0.275
0.2847,0.3003
0.286,0.3003
0.267,0.291
0.277,0.2893
0.272,0.2744
0.2773,0.2764
0.271,0.2898
0.2715,0.2927
0.2625,0.2664
0.2457,0.2507
0.2625,0.267
0.2466,0.2468
0.2411,0.2391
0.2578,0.2491
0.2429,0.2433
0.2328,0.2244
0.2394,0.2294
0.2607,0.2646
0.158,0.16
0.1953,0.1786
0.2798,0.2817
0.2817,0.2815
0.1797,0.2004
0.1682,0.1973
0.2605,0.2312
0.255,0.2338
0.2861,0.2893
0.307,0.2979
0.1934,0.187
0.2805,0.2878
0.2761,0.2817
0.2195,0.2285
0.2815,0.299
0.276,0.2917
0.272,0.2666
0.2659,0.2666
0.2717,0.2634
0.2607,0.2566
0.238,0.277
0.2448,0.2646
0.2332,0.269
0.212,0.2177
0.2698,0.283
0.2637,0.2905
0.261,0.2825
0.2217,0.2222
0.2296,0.2281
0.2197,0.233
0.2957,0.281
0.2942,0.2922
0.2856,0.2725
0.2208,0.2307
0.2188,0.2435
0.208,0.2173
0.2267,0.2314
0.2356,0.2495
0.283,0.2922
0.2817,0.293
0.277,0.2827
0.284,0.2854
0.2761,0.2847
0.2666,0.2773
0.2744,0.2761
0.2673,0.2744
0.2573,0.2617
0.2817,0.293
0.2761,0.2847
0.2673,0.2744
0.2471,0.2429
0.2505,0.2491
0.3127,0.2903
0.3198,0.3206
0.3054,0.31
0.3113,0.291
0.3206,0.3186
0.3062,0.3098
0.3127,0.2957
0.324,0.3296
0.309,0.3208
0.2744,0.2712
0.251,0.2454
0.2401,0.2345
0.2474,0.2488
0.2517,0.2546
0.24,0.2378
0.26,0.2554
0.253,0.2448
0.2551,0.2474
0.2415,0.2646
0.2495,0.2465
0.2026,0.2133
0.2766,0.2683
0.2451,0.2385
0.2612,0.2489
0.2734,0.26
0.259,0.2522
0.2676,0.2695
0.2776,0.2742
0.2622,0.2654
0.2144,0.2092
0.2246,0.222
0.2583,0.2637
0.271,0.2783
0.2499,0.2593
0.2878,0.289
0.2664,0.259
0.256,0.2542
0.2585,0.2515
0.2295,0.2346
0.2407,0.2407
0.251,0.2444
0.2542,0.257
0.2487,0.2551
0.2502,0.245
0.2812,0.2715
0.2942,0.2986
0.2732,0.2617
0.2795,0.2825
0.3088,0.3083
0.2542,0.2786
0.2644,0.2815
0.2479,0.2554
0.2438,0.2346
0.2588,0.2424
0.2695,0.2825
0.2622,0.2798
0.2676,0.282
0.2742,0.2593
0.2803,0.274
0.2788,0.2642
0.218,0.2207
0.2308,0.2325
0.2065,0.2233
0.2208,0.2147
0.2317,0.225
0.2158,0.2238
0.267,0.2803
0.2642,0.2727
0.2568,0.2656
0.2688,0.2688
0.273,0.2634
0.2517,0.2502
0.2484,0.2703
0.2556,0.2656
0.2494,0.2637
0.2366,0.2612
0.233,0.2358
0.247,0.246
0.2262,0.2339
0.2502,0.2542
0.2563,0.2537
0.2507,0.254
0.2583,0.2627
0.2291,0.2386
0.2583,0.2625
0.2695,0.273
0.2678,0.2659
0.2448,0.2368
0.263,0.2502
0.2437,0.2422
0.2715,0.2725
0.2786,0.2722
0.2734,0.2666
0.271,0.2627
0.2622,0.2634
0.2646,0.265
0.2576,0.2585
0.262,0.2627
0.2568,0.2634
0.2225,0.229
0.234,0.2369
0.2556,0.2507
0.2485,0.2473
0.2502,0.2487
0.252,0.2573
0.2477,0.2546
0.2415,0.2491
0.2698,0.263
0.2778,0.2705
0.2654,0.257
0.265,0.2695
0.2676,0.2686
0.2632,0.2705
0.2625,0.267
0.2693,0.2686
0.2583,0.2673
0.2776,0.2754
0.2656,0.2656
0.2688,0.2778
0.2656,0.2698
0.2725,0.2698
0.2783,0.2715
0.2803,0.269
0.2786,0.2834
0.2874,0.2827
0.2876,0.2795
0.2727,0.2722
0.2766,0.2717
0.2751,0.2688
0.2338,0.2483
0.2428,0.2517
0.2283,0.2374
0.261,0.2522
0.1526,0.1392
0.1616,0.1534
0.1506,0.1615
0.2062,0.2155
0.1974,0.227
0.179,0.1929
0.1472,0.1487
0.1512,0.1586
0.2003,0.2126
0.2252,0.2384
0.2097,0.1904
0.2537,0.2416
0.2179,0.2179
0.2725,0.26
0.2354,0.2373
0.1741,0.1556
0.175,0.1658
0.2303,0.2302
0.2512,0.2659
0.2786,0.2756
0.2798,0.271
0.286,0.2874
0.2798,0.284
0.2861,0.2776
0.2883,0.296
0.2874,0.2883
0.2927,0.2861
0.2932,0.3018
0.2917,0.285
0.2866,0.2908
0.299,0.3015
0.3015,0.3064
0.313,0.3125
0.3022,0.3064
0.2632,0.2688
0.2072,0.2065
0.23,0.2302
0.2742,0.272
0.197,0.1979
0.1818,0.1843
0.2186,0.2253
0.2136,0.2188
0.2825,0.2842
0.2612,0.2651
0.2114,0.2083
0.241,0.2615
0.2822,0.296
0.2258,0.2233
0.2422,0.242
0.2476,0.238
0.25,0.2573
0.3235,0.322
0.3096,0.3186
0.3193,0.3267
0.3174,0.321
0.2747,0.262
0.2676,0.2627
0.2866,0.2815
0.2786,0.2832
0.2388,0.2405
0.2375,0.2329
0.2404,0.2235
0.2264,0.2231
0.2225,0.2141
0.2522,0.2578
0.2281,0.2484
0.2285,0.2416
0.2428,0.248
0.2323,0.2318
0.2413,0.2404
0.2454,0.256
0.2125,0.2161
0.2395,0.2408
0.2124,0.2169
0.2072,0.2108
0.2942,0.3
0.2922,0.301
0.3005,0.2888
0.2917,0.289
0.2947,0.299
0.2854,0.298
0.2385,0.267
0.2443,0.265
0.2247,0.2461
0.2284,0.239
0.2277,0.26
0.2249,0.2367
0.2316,0.2559
0.2236,0.2324
0.2228,0.252
0.2751,0.2864
0.2805,0.288
0.2568,0.2654
0.2703,0.2795
0.2458,0.257
0.261,0.274
0.1945,0.1902
0.188,0.2078
0.2588,0.2761
0.2632,0.2712
0.2683,0.2698
0.2637,0.2595
0.2646,0.2725
0.2576,0.2744
0.2727,0.2815
0.2615,0.2683
0.2456,0.2532
0.2546,0.2468
0.2708,0.2715
0.2466,0.2483
0.2742,0.2854
0.2803,0.2803
0.2484,0.2476
0.2827,0.2837
0.2683,0.2676
0.2573,0.2505
0.3079,0.3123
0.3096,0.311
0.2238,0.2341
0.2355,0.2435
0.2153,0.2219
0.2262,0.2252
0.2294,0.2458
0.2332,0.2473
0.2322,0.235
0.237,0.2382
0.2441,0.2461
0.2366,0.2262
0.1875,0.2029
0.1947,0.1936
0.2104,0.2028
0.2162,0.2069
0.2598,0.2465
0.2374,0.2465
0.2445,0.2588
0.2544,0.2485
0.2369,0.2715
0.2312,0.2644
0.249,0.2622
0.2494,0.2642
0.1849,0.2168
0.1901,0.2174
0.244,0.2493
0.2424,0.2449
0.2505,0.286
0.2578,0.2825
0.2803,0.2883
0.2213,0.2256
0.2308,0.2299
0.2231,0.2233
0.2637,0.2737
0.2045,0.2194
0.2085,0.2177
0.2029,0.2155
0.1951,0.2069
0.2734,0.266
0.1794,0.1809
0.1832,0.1877
0.1681,0.1854
0.2288,0.2253
0.2534,0.2524
0.2556,0.2627
0.2473,0.2532
0.2101,0.2207
0.2104,0.21
0.2278,0.211
0.1509,0.1754
0.1852,0.1826
0.2157,0.2164
0.2062,0.206
0.1959,0.1978
0.2085,0.2269
0.2205,0.2397
0.2175,0.228
0.208,0.2064
0.1971,0.1979
0.2014,0.1969
0.2203,0.2184
0.2334,0.2141
0.1816,0.2224
0.1598,0.2181
0.2421,0.2686
0.213,0.2279
0.2098,0.2203
0.2573,0.2598
0.2954,0.3035
0.284,0.2793
0.2944,0.2969
0.301,0.2976
0.301,0.2976
0.2944,0.2969
0.2998,0.313
0.1974,0.196
0.2466,0.2913
0.2769,0.2866
0.224,0.2194
0.2081,0.2314
0.2128,0.2147
0.266,0.262
0.2065,0.2109
0.2157,0.2125
0.2507,0.2595
0.3223,0.317
0.3286,0.3254
0.3345,0.333
0.2206,0.2142
0.2927,0.2883
0.2944,0.3005
0.2896,0.2979
0.2766,0.268
0.2812,0.2769
0.297,0.3
0.2651,0.2625
0.2444,0.262
0.2568,0.2817
0.2124,0.2279
0.2328,0.2512
0.2378,0.2444
0.2256,0.2495
0.251,0.2598
0.2389,0.2566
0.2141,0.2173
0.227,0.2489
0.227,0.2422
0.2305,0.2241
0.2224,0.2263
0.2452,0.2429
0.292,0.3188
0.2432,0.249
0.1963,0.2083
0.2086,0.1971
0.2074,0.2223
0.1971,0.2094
0.2104,0.2013
0.2059,0.2252
0.1869,0.2072
0.2026,0.1975
0.196,0.2175
0.1969,0.2175
0.2231,0.2167
0.2141,0.2303
0.1803,0.1884
0.2004,0.1853
0.1945,0.2096
0.1813,0.1912
0.2012,0.1862
0.1936,0.2096
0.2144,0.2313
0.203,0.2117
0.2291,0.2246
0.2218,0.2139
0.2269,0.215
0.2372,0.2357
0.2585,0.261
0.2512,0.2544
0.2461,0.255
0.2625,0.2507
0.2551,0.2532
0.2734,0.2725
0.296,0.2822
0.3176,0.2996
0.2773,0.2776
0.2678,0.2656
0.2656,0.2688
0.2566,0.2712
0.3052,0.3074
0.3003,0.2944
0.2869,0.2944
0.275,0.2847
0.2141,0.2107
0.221,0.214
0.1713,0.1656
0.1849,0.1686
0.1853,0.1846
0.2744,0.273
0.2637,0.2651
0.261,0.2734
0.2605,0.279
0.2651,0.2764
0.2646,0.2773
0.2537,0.2622
0.2698,0.274
0.2491,0.2651
0.2651,0.2737
0.267,0.2725
0.272,0.2732
0.2457,0.2299
0.279,0.275
0.2568,0.2467
0.2338,0.22
0.1917,0.1895
0.2378,0.2201
0.2335,0.2231
0.2136,0.2109
0.2168,0.2139
0.2367,0.2283
0.2275,0.2435
0.217,0.2333
0.2205,0.2284
0.2527,0.2686
0.263,0.2798
0.266,0.2817
0.295,0.301
0.2957,0.2942
0.3047,0.312
0.302,0.3044
0.2864,0.2842
0.307,0.3157
0.3108,0.313
0.288,0.2844
0.2625,0.2725
0.2246,0.2203
0.2783,0.2778
0.2379,0.2242
0.31,0.324
0.2979,0.294
0.3174,0.3223
0.3042,0.2979
0.2617,0.2683
0.2267,0.2349
0.2673,0.268
0.2346,0.2242
0.2703,0.268
0.2306,0.2206
0.3206,0.335
0.3235,0.3235
0.3223,0.3274
0.3186,0.3176
0.3083,0.3174
0.309,0.2932
0.2391,0.2507
0.2422,0.2367
0.2366,0.2524
0.2316,0.2439
0.228,0.2072
0.249,0.2656
0.2925,0.2944
0.2429,0.2544
0.2468,0.2542
0.301,0.309
0.2998,0.298
0.2869,0.29
0.2532,0.2505
0.2312,0.2507
0.2861,0.2903
0.2515,0.2812
0.2776,0.2869
0.2778,0.2805
0.2595,0.2673
0.2654,0.2603
0.2173,0.2423
0.289,0.2896
0.2683,0.2922
0.2712,0.2827
0.2876,0.2805
0.271,0.2659
0.26,0.2583
0.2268,0.244
0.2349,0.2305
0.2556,0.2615
0.2627,0.2576
0.2717,0.2747
0.258,0.2607
0.259,0.2527
0.2637,0.2534
0.2676,0.2678
0.2556,0.2498
0.2158,0.224
0.2272,0.2208
0.217,0.2312
0.2275,0.2396
0.2874,0.2727
0.2651,0.2573
0.2864,0.2827
0.2947,0.3013
0.2905,0.284
0.2347,0.2291
0.2351,0.247
0.1953,0.2045
0.2029,0.2075
0.2167,0.2229
0.218,0.2161
0.2128,0.2086
0.2384,0.2517
0.2262,0.2333
0.2686,0.2878
0.2583,0.281
0.265,0.286
0.264,0.2517
0.2625,0.262
0.256,0.2563
0.2627,0.266
0.2257,0.2286
0.2152,0.2327
0.2844,0.294
0.282,0.2932
0.2832,0.2886
0.2937,0.3147
0.2903,0.3044
0.2878,0.302
0.2866,0.2937
0.274,0.2805
0.3054,0.3062
0.314,0.3242
0.2428,0.27
0.2183,0.221
0.2031,0.2029
0.2146,0.212
0.273,0.2847
0.1998,0.23
0.2076,0.2238
0.2627,0.302
0.2722,0.2947
0.2705,0.2588
0.2583,0.257
0.273,0.2612
0.2452,0.2477
0.2656,0.2527
0.3118,0.3123
0.3137,0.3074
0.3137,0.3108
0.3284,0.334
0.3267,0.334
0.339,0.3267
0.3354,0.3254
0.3262,0.324
0.3293,0.3225
0.3013,0.3054
0.2874,0.291
0.282,0.288
0.316,0.3252
0.313,0.3308
0.2776,0.2925
0.2805,0.2932
0.2428,0.2417
0.2333,0.2355
0.1814,0.1768
0.1941,0.1835
0.1732,0.1674
0.1859,0.1871
0.1772,0.1847
0.1932,0.1985
0.1802,0.1855
0.1917,0.1952
0.2325,0.2205
0.2465,0.2277
0.2537,0.2266
0.235,0.2295
0.2441,0.2278
0.205,0.2192
0.2085,0.2305
0.2184,0.2274
0.2075,0.2286
0.2089,0.2251
0.1827,0.201
0.1775,0.2153
0.1875,0.2068
0.1832,0.2233
0.1805,0.2179
0.2102,0.2039
0.2164,0.217
0.2185,0.2108
0.2126,0.2185
0.202,0.2142
0.2225,0.2268
0.2251,0.2354
0.2311,0.2295
0.2297,0.2256
0.2695,0.2822
0.2854,0.2974
0.2698,0.2747
0.275,0.2925
0.2966,0.3057
0.2776,0.286
0.2786,0.2922
0.3005,0.3074
0.2783,0.2869
0.2837,0.2913
0.3064,0.3105
0.2854,0.284
0.1985,0.216
0.1981,0.2208
0.2052,0.2228
0.2031,0.2313
0.206,0.2316
0.205,0.222
0.2083,0.2367
0.2155,0.2363
0.2056,0.24
0.2161,0.2406
0.2252,0.2305
0.2319,0.2295
0.22,0.2192
0.2267,0.2445
0.2343,0.2466
0.2244,0.2316
0.2406,0.2615
0.2275,0.269
0.2384,0.2615
0.2306,0.2688
0.2349,0.2656
0.2489,0.2766
0.2703,0.2878
0.2512,0.2656
0.252,0.281
0.2668,0.2908
0.2415,0.267
0.2666,0.2793
0.2764,0.2893
0.2551,0.2686
0.2386,0.279
0.253,0.286
0.2318,0.2627
0.2496,0.282
0.266,0.2915
0.2424,0.2646
0.274,0.282
0.2876,0.301
0.2732,0.2805
0.2778,0.2812
0.2834,0.2854
0.289,0.2917
0.2695,0.2666
0.263,0.2712
0.2693,0.2842
0.242,0.2487
0.1903,0.2104
0.259,0.258
0.1927,0.2008
0.2129,0.2185
0.2715,0.2822
0.2064,0.2157
0.233,0.2449
0.2336,0.229
0.2258,0.2224
0.2766,0.272
0.2527,0.2563
0.2551,0.2686
0.2568,0.261
0.26,0.2644
0.261,0.2676
0.2659,0.2644
0.308,0.3052
0.2769,0.2805
0.262,0.271
0.2617,0.2632
0.2018,0.21
0.2208,0.2327
0.2769,0.2776
0.2328,0.2361
0.2507,0.2499
0.2476,0.2465
0.2617,0.2676
0.2722,0.2715
0.273,0.2773
0.2078,0.2173
0.2488,0.2524
0.2377,0.2474
0.303,0.3276
0.1738,0.1512
0.2646,0.2532
0.2284,0.2263
0.2505,0.2333
0.2128,0.2074
0.1825,0.1846
0.1819,0.1787
0.2394,0.2278
0.1874,0.188
0.2417,0.2274
0.1946,0.1904
0.1707,0.1866
0.1742,0.1742
0.2644,0.2698
0.2476,0.2483
0.2622,0.2644
0.2378,0.2286
0.2832,0.2715
0.2305,0.2236
0.2737,0.2732
0.2319,0.2269
0.2089,0.2155
0.2969,0.2922
0.2173,0.225
0.2418,0.2443
0.2032,0.2072
0.225,0.2236
0.2983,0.3
0.3079,0.3071
0.3105,0.3142
0.2976,0.289
0.3032,0.2937
0.3037,0.2961
0.3037,0.2988
0.3086,0.3037
0.313,0.3013
0.2086,0.2076
0.2705,0.27
0.2568,0.2507
0.2644,0.2664
0.2644,0.2676
0.2598,0.2717
0.2433,0.2568
0.2544,0.2646
0.2532,0.2727
0.2622,0.2578
0.247,0.2417
0.2573,0.255
0.2559,0.2554
0.2852,0.2603
0.2632,0.2605
0.3022,0.2908
0.1694,0.1875
0.1796,0.1847
0.2335,0.2301
0.2152,0.2129
0.2129,0.2058
0.25,0.2551
0.2478,0.2583
0.2374,0.2356
0.255,0.2479
0.2472,0.2478
0.2312,0.2302
0.2297,0.228
0.2357,0.2266
0.231,0.2205
0.2666,0.2598
0.27,0.2593
0.3032,0.3145
0.3137,0.3167
0.3188,0.3196
0.2898,0.2898
0.2998,0.2996
0.265,0.275
0.2786,0.2822
0.291,0.2844
0.2496,0.2524
0.2393,0.2391
0.2542,0.2496
0.2957,0.3008
0.314,0.308
0.2922,0.2925
0.3071,0.316
0.2588,0.2532
0.2896,0.2888
0.284,0.2883
0.291,0.2898
0.295,0.2954
0.2812,0.3003
0.291,0.3003
0.1719,0.1904
0.1927,0.1965
0.1824,0.2002
0.2039,0.2
0.1625,0.1665
0.2058,0.1989
0.1598,0.1661
0.2001,0.197
0.2798,0.2793
0.2754,0.2786
0.2708,0.2788
0.2751,0.276
0.2812,0.2925
0.2837,0.2896
0.2786,0.2764
0.289,0.2898
0.2727,0.2786
0.2852,0.2942
0.2874,0.2808
0.2969,0.2942
0.1741,0.179
0.2067,0.2025
0.1777,0.1783
0.2065,0.202
0.206,0.2307
0.1869,0.208
0.2253,0.2389
0.2083,0.2152
0.2773,0.2922
0.272,0.2827
0.2578,0.268
0.2421,0.2489
0.258,0.272
0.274,0.28
0.2832,0.287
0.2257,0.2225
0.2396,0.2465
0.2644,0.2642
0.2242,0.2245
0.2263,0.2352
0.2473,0.2532
0.2578,0.268
0.2307,0.2354
0.2406,0.2356
0.2305,0.2358
0.2432,0.2412
0.2964,0.2961
0.2283,0.2471
0.2505,0.256
0.2603,0.251
0.2473,0.2389
0.2457,0.2627
0.2546,0.2686
0.1868,0.1973
0.2013,0.2206
0.1687,0.1862
0.1722,0.1985
0.1802,0.223
0.1989,0.2092
0.1636,0.1821
0.1886,0.1991
0.2678,0.268
0.2612,0.2715
0.27,0.2605
0.2651,0.27
0.2742,0.2727
0.2676,0.2764
0.2688,0.2651
0.2634,0.2659
0.2634,0.2795
0.2695,0.2683
0.2607,0.2598
0.2627,0.2585
0.2527,0.2668
0.1931,0.1996
0.1912,0.1974
0.2007,0.1973
0.2024,0.2031
0.2252,0.2234
0.2186,0.2167
0.2,0.2101
0.203,0.2135
0.1967,0.197
0.219,0.2079
0.1923,0.2117
0.2183,0.2244
0.2131,0.2128
0.2251,0.2306
0.1964,0.1976
0.1938,0.2026
0.1929,0.1919
0.1904,0.1976
0.2013,0.2031
0.2023,0.2054
0.2136,0.2291
0.2156,0.2205
0.2318,0.23
0.2299,0.2219
0.2122,0.2211
0.262,0.2482
0.2314,0.2754
0.2642,0.2612
0.2329,0.2908
0.2957,0.3018
0.2585,0.2737
0.3088,0.3074
0.2712,0.2834
0.3171,0.3208
0.1677,0.178
0.2534,0.2637
0.2471,0.2717
0.226,0.2125
0.2241,0.2314
0.2222,0.2252
0.301,0.3013
0.2922,0.3088
0.29,0.29
0.2922,0.2925
0.2842,0.284
0.2893,0.2913
0.285,0.291
0.2883,0.2917
0.2866,0.293
0.2932,0.2976
0.2588,0.256
0.2496,0.2471
0.2534,0.2517
0.253,0.2544
0.2815,0.2788
0.2844,0.2832
0.2974,0.2922
0.2612,0.2764
0.2727,0.2783
0.3193,0.3289
0.2861,0.2722
0.2834,0.2822
0.3408,0.3416
0.302,0.3054
0.3118,0.3184
0.2717,0.2817
0.234,0.2415
0.2491,0.2583
0.2842,0.289
0.276,0.2808
0.291,0.295
0.2788,0.2595
0.2764,0.2598
0.2646,0.2622
0.2219,0.223
0.2122,0.1963
0.2844,0.2917
0.2913,0.3127
0.2998,0.2913
0.286,0.284
0.2852,0.3044
0.2932,0.2842
0.296,0.2937
0.2893,0.2913
0.3,0.2847
0.2334,0.2344
0.2279,0.2169
0.1688,0.1694
0.1627,0.158
0.185,0.1719
0.1605,0.1652
0.183,0.1898
0.1605,0.1748
0.1836,0.2001
0.1722,0.1884
0.2249,0.2223
0.2312,0.2515
0.2197,0.225
0.2177,0.2257
0.254,0.2498
0.2456,0.2515
0.2186,0.2325
0.1683,0.1837
0.2168,0.25
0.2173,0.2483
0.2103,0.2096
0.2145,0.2206
0.2145,0.2123
0.2244,0.2279
0.2185,0.2454
0.2522,0.2576
0.223,0.2273
0.2375,0.2332
0.2075,0.2227
0.2079,0.2202
0.2155,0.2297
0.214,0.2258
0.272,0.2854
0.2615,0.2842
0.185,0.1926
0.2142,0.2091
0.194,0.1959
0.2014,0.2098
0.2104,0.2167
0.2056,0.2058
0.2244,0.2335
0.2134,0.215
0.235,0.2247
0.2433,0.2422
0.1775,0.2075
0.2181,0.2411
0.2238,0.241
0.2059,0.2358
0.2261,0.2408
0.2427,0.2512
0.2524,0.2573
0.2369,0.2563
0.2301,0.2578
0.2778,0.2898
0.2864,0.302
0.2896,0.3052
0.2476,0.2402
0.2389,0.2303
0.272,0.2725
0.1727,0.1765
0.1725,0.1799
0.2927,0.3054
0.2988,0.3062
0.2864,0.3018
0.3088,0.31
0.2932,0.3022
0.295,0.3037
0.3015,0.2993
0.3044,0.3015
0.2935,0.2932
0.3064,0.305
0.2996,0.2942
0.2974,0.2944
0.2683,0.2766
0.278,0.2825
0.282,0.2742
0.2869,0.283
0.2834,0.282
0.2947,0.2861
0.294,0.2883
0.2776,0.2676
0.2646,0.275
0.2441,0.2935
0.2598,0.272
0.2507,0.289
0.2092,0.205
0.2255,0.2502
0.2375,0.2612
0.2336,0.2578
0.217,0.255
0.2202,0.2319
0.2585,0.2664
0.2803,0.2915
0.2625,0.268
0.2078,0.2646
0.2122,0.211
0.202,0.1912
0.2051,0.2012
0.2234,0.231
0.2223,0.2468
0.265,0.269
0.2312,0.2422
0.2057,0.2189
0.2092,0.2153
0.2169,0.2197
0.2262,0.2083
0.2313,0.2362
0.2563,0.2747
0.2365,0.2389
0.2374,0.2391
0.1909,0.2172
0.2135,0.2012
0.2081,0.2399
0.2487,0.2732
0.2109,0.2341
0.23,0.2344
0.2761,0.268
0.2305,0.2341
0.1915,0.2202
0.1976,0.2106
0.2247,0.2205
0.2487,0.2377
0.2318,0.224
0.2007,0.2041
0.2223,0.2578
0.2566,0.2766
0.223,0.2603
0.2443,0.2496
0.2262,0.2166
0.2281,0.2238
0.2644,0.2603
0.2179,0.2125
0.2494,0.2422
0.2476,0.2437
0.2433,0.2355
0.2399,0.2351
0.2473,0.2458
0.1995,0.2043
0.226,0.2253
0.2301,0.2318
0.231,0.23
0.2156,0.2043
0.189,0.1875
0.1974,0.1951
0.1923,0.1971
0.2134,0.2161
0.2037,0.2162
0.2258,0.2188
0.2361,0.2258
0.2347,0.2313
0.2078,0.1995
0.2036,0.2018
0.2644,0.2598
0.217,0.2235
0.2216,0.2249
0.2615,0.2612
0.2362,0.2551
0.2407,0.256
0.2345,0.253
0.2844,0.2878
0.276,0.2722
0.2433,0.2634
0.2198,0.2424
0.3088,0.3113
0.2795,0.2737
0.2878,0.2825
0.283,0.2866
0.2866,0.2808
0.2793,0.2844
0.2922,0.2888
0.2389,0.2452
0.299,0.306
0.2693,0.2712
0.2783,0.287
0.2717,0.2905
0.254,0.2537
0.2487,0.2556
0.2812,0.2727
0.24,0.2375
0.2886,0.2913
0.3057,0.304
0.2023,0.2147
0.207,0.2284
0.2037,0.2128
0.2651,0.2686
0.2578,0.2686
0.274,0.2805
0.2678,0.2805
0.244,0.2455
0.2578,0.2578
0.2129,0.2118
0.2145,0.2181
0.2861,0.283
0.2979,0.2727
0.2249,0.2188
0.2228,0.2007
0.2651,0.2878
0.2727,0.2915
0.2085,0.2074
0.2769,0.2698
0.2275,0.2277
0.2727,0.2683
0.3223,0.3145
0.3335,0.3296
0.2917,0.3005
0.2563,0.2737
0.2352,0.2356
0.3132,0.3018
0.3206,0.3147
0.275,0.2722
0.2678,0.2524
0.2837,0.2761
0.3132,0.3127
0.2834,0.286
0.2817,0.28
0.2925,0.288
0.2913,0.2913
0.2166,0.2112
0.2279,0.2314
0.276,0.2793
0.285,0.2861
0.2347,0.2308
0.208,0.2062
0.2417,0.2439
0.243,0.2439
0.2563,0.2566
0.2546,0.2502
0.2242,0.2224
0.2173,0.2185
0.2253,0.2238
0.2198,0.2122
0.2546,0.2563
0.2544,0.2468
0.2357,0.229
0.3123,0.3083
0.261,0.2732
0.2477,0.2556
0.2029,0.1959
0.1804,0.2081
0.2125,0.2169
0.1897,0.2347
0.2391,0.2423
0.2202,0.2449
0.227,0.2268
0.2032,0.2355
0.1967,0.1901
0.2285,0.2153
0.199,0.2103
0.2277,0.2354
0.2135,0.2252
0.2438,0.256
0.2146,0.2164
0.2448,0.2391
0.1945,0.1804
0.2174,0.2113
0.1936,0.2017
0.2078,0.2294
0.2113,0.2006
0.2008,0.1908
0.2445,0.2502
0.2642,0.272
0.2308,0.246
0.2275,0.2456
0.2053,0.2076
0.2046,0.2268
0.2429,0.238
0.2227,0.2341
0.2222,0.2405
0.2249,0.2257
0.2283,0.2316
0.2404,0.277
0.2489,0.2494
0.2622,0.2634
0.2554,0.2644
0.2603,0.254
0.255,0.2532
0.2551,0.254
0.2722,0.2979
0.2297,0.2343
0.2284,0.2358
0.2512,0.267
0.23,0.2463
0.2319,0.2522
0.2104,0.2131
0.2224,0.2333
0.3005,0.2844
0.2954,0.2864
0.3042,0.2795
0.2761,0.2754
0.2917,0.2837
0.2252,0.2155
0.2198,0.2135
0.2369,0.2351
0.2404,0.2366
0.2852,0.2732
0.2847,0.2795
0.2834,0.2698
0.2686,0.2656
0.2712,0.2732
0.296,0.293
0.2935,0.293
0.2864,0.2837
0.264,0.2764
0.2847,0.2817
0.2917,0.2834
0.2886,0.2825
0.29,0.2756
0.2754,0.2727
0.2832,0.2815
0.2935,0.2874
0.2861,0.2922
0.301,0.2869
0.2896,0.2834
0.2908,0.2866
0.3054,0.3123
0.3145,0.3154
0.31,0.323
0.3198,0.322
0.3208,0.3179
0.1974,0.2212
0.1758,0.2009
0.2115,0.2289
0.2036,0.21
0.2411,0.2578
0.2537,0.2651
0.275,0.2805
0.2732,0.277
0.1687,0.1863
0.1876,0.1628
0.2184,0.2405
0.2042,0.2134
0.2279,0.2494
0.3052,0.3062
0.3125,0.32
0.2842,0.2844
0.299,0.2952
0.2744,0.2551
0.2678,0.2461
0.2588,0.2524
0.2786,0.266
0.2722,0.2542
0.265,0.2642
0.2532,0.2524
0.258,0.2656
0.2408,0.2496
0.2537,0.2583
0.2668,0.266
0.2708,0.2764
0.2605,0.2627
0.2664,0.261
0.302,0.2874
0.2915,0.2817
0.295,0.2905
0.2864,0.2798
0.2822,0.2693
0.2715,0.282
0.2683,0.2578
0.2764,0.2695
0.285,0.2634
0.3022,0.255
0.253,0.2467
0.2683,0.2585
0.2666,0.2524
0.2927,0.2573
0.2605,0.2546
0.2805,0.2688
0.2708,0.255
0.2998,0.261
0.2605,0.2563
0.2465,0.2455
0.2482,0.2411
0.2905,0.2864
0.303,0.2974
0.2734,0.2783
0.249,0.2563
0.1956,0.2408
0.1692,0.2257
0.3025,0.3027
0.3086,0.3142
0.2913,0.276
0.2961,0.2957
0.2727,0.287
0.2832,0.2937
0.2744,0.2869
0.273,0.2742
0.254,0.2534
0.25,0.2559
0.27,0.264
0.2612,0.269
0.2389,0.2537
0.2433,0.262
0.1912,0.1987
0.1952,0.1996
0.2268,0.2372
0.2615,0.2463
0.2568,0.2605
0.2842,0.286
0.3125,0.315
0.286,0.295
0.3281,0.3252
0.3015,0.3037
0.3206,0.3298
0.3022,0.3127
0.3164,0.3103
0.3105,0.3074
0.311,0.2942
0.2996,0.2937
0.2998,0.3167
0.2944,0.308
0.2852,0.3079
0.2861,0.3003
0.2842,0.295
0.2876,0.2852
0.293,0.2908
0.299,0.2979
0.2861,0.2908
0.3079,0.309
0.2937,0.2998
0.256,0.2542
0.2651,0.2695
0.2388,0.253
0.2455,0.2712
0.2164,0.2205
0.2108,0.2267
0.2191,0.2354
0.271,0.2898
0.2642,0.279
0.2666,0.2693
0.272,0.278
0.3052,0.3162
0.2837,0.2976
0.3037,0.3093
0.2874,0.2937
0.2134,0.2233
0.3005,0.308
0.301,0.3027
0.2954,0.3035
0.3018,0.3062
0.2178,0.2338
0.2178,0.2362
0.214,0.2229
0.251,0.2585
0.2517,0.2676
0.2515,0.2673
0.2494,0.2593
0.26,0.2678
0.249,0.267
0.2559,0.2588
0.2651,0.2659
0.257,0.267
0.3152,0.3374
0.3293,0.3481
0.3208,0.3408
0.2656,0.2727
0.2478,0.2632
0.1896,0.1957
0.2285,0.2517
0.2135,0.2218
0.2115,0.2158
0.1833,0.1824
0.1699,0.1813
0.1967,0.1981
0.2007,0.2025
0.2185,0.2646
0.2341,0.2332
0.2415,0.2386
0.2291,0.2275
0.242,0.2482
0.2463,0.257
0.2405,0.2534
0.2234,0.2338
0.231,0.2385
0.222,0.232
0.2612,0.2676
0.2568,0.258
0.2255,0.2281
0.2242,0.2264
0.2429,0.2578
0.275,0.2712
0.2651,0.2563
0.2695,0.2798
0.2593,0.2664
0.2517,0.2595
0.2722,0.2742
0.2778,0.29
0.2401,0.246
0.2383,0.239
0.2311,0.2328
0.2046,0.1957
0.273,0.2698
0.2896,0.2866
0.2732,0.2761
0.2883,0.2788
0.3135,0.3057
0.3386,0.3362
0.3213,0.3203
0.292,0.2869
0.265,0.2644
0.2815,0.2812
0.269,0.2703
0.2878,0.2788
0.2471,0.264
0.2712,0.2573
0.2042,0.2059
0.2169,0.2136
0.1727,0.1671
0.1763,0.1754
0.1919,0.1863
0.208,0.2065
0.2032,0.1888
0.2382,0.2164
0.239,0.205
0.2299,0.2361
0.2301,0.2324
0.2173,0.2161
0.2269,0.2415
0.2517,0.2576
0.2627,0.2573
0.2412,0.2366
0.2352,0.2179
0.2058,0.2241
0.2065,0.2031
0.2,0.2366
0.1874,0.2021
0.2058,0.246
0.2065,0.2246
0.202,0.2184
0.2036,0.2163
0.2462,0.2507
0.2423,0.2422
0.2092,0.202
0.2974,0.2869
0.2612,0.2708
0.2327,0.238
0.2378,0.2537
0.252,0.2546
0.2408,0.254
0.2201,0.2421
0.2493,0.256
0.2037,0.2155
0.2164,0.2207
0.2688,0.2744
0.2595,0.2495
0.1921,0.2037
0.2559,0.2632
0.2214,0.234
0.2544,0.2734
0.2668,0.2668
0.2041,0.2219
0.2411,0.2484
0.2295,0.2216
0.2603,0.2478
0.2385,0.2367
0.2384,0.2249
0.1876,0.198
0.22,0.2294
0.1724,0.1826
0.2045,0.2131
0.1699,0.1769
0.2001,0.2047
0.2452,0.2341
0.2542,0.2479
0.2615,0.2756
0.2605,0.2546
0.2578,0.2883
0.2279,0.247
0.2603,0.283
0.223,0.2266
0.2576,0.2642
0.283,0.3086
0.2546,0.2705
0.2703,0.292
0.2476,0.2532
0.2563,0.2458
0.2532,0.2576
0.2502,0.2615
0.263,0.2788
0.2686,0.2734
0.2776,0.2761
0.1793,0.1981
0.1765,0.2114
0.2391,0.235
0.2827,0.2834
0.2844,0.2903
0.282,0.2776
0.2756,0.2769
0.275,0.2776
0.2742,0.279
0.2053,0.2098
0.2196,0.2103
0.2101,0.2405
0.2063,0.2
0.2076,0.206
0.2225,0.2283
0.2367,0.2556
0.263,0.2637
0.2273,0.2285
0.2053,0.2325
0.2219,0.2354
0.2188,0.2435
0.2345,0.251
0.2428,0.2354
0.2374,0.2308
0.23,0.2306
0.2357,0.2625
0.247,0.2343
0.2443,0.227
0.279,0.2722
0.281,0.284
0.2499,0.2815
0.285,0.303
0.282,0.283
0.2869,0.276
0.2903,0.2961
0.3044,0.2986
0.2886,0.2917
0.2964,0.29
0.2505,0.2563
0.2703,0.2898
0.2512,0.2668
0.2534,0.2727
0.2515,0.25
0.2773,0.2812
0.2544,0.2625
0.2573,0.2673
0.2103,0.2246
0.2429,0.2343
0.2264,0.2325
0.271,0.2764
0.282,0.2854
0.2603,0.2715
0.3137,0.319
0.3008,0.3074
0.2288,0.2396
0.2668,0.274
0.2556,0.267
0.2688,0.2712
0.2598,0.268
0.2659,0.2668
0.2756,0.2844
0.2644,0.2659
0.2598,0.2605
0.274,0.2578
0.278,0.2805
0.27,0.2642
0.2656,0.2715
0.2947,0.302
0.2246,0.2203
0.2322,0.2345
0.2211,0.2057
0.2231,0.2097
0.2734,0.2783
0.262,0.268
0.2578,0.2637
0.2098,0.2285
0.2065,0.2228
0.1943,0.2096
0.2301,0.225
0.2234,0.2184
0.219,0.2141
0.2089,0.2148
0.2003,0.1908
0.1948,0.1792
0.2588,0.2603
0.2207,0.2258
0.198,0.2028
0.1765,0.1687
0.2542,0.2644
0.2202,0.2113
0.2216,0.2438
0.1862,0.1893
0.1996,0.1981
0.194,0.2206
0.1953,0.2133
0.1962,0.209
0.199,0.2098
0.2092,0.2162
0.1917,0.1946
0.2104,0.2194
0.2312,0.2239
0.2223,0.2156
0.257,0.26
0.2722,0.2666
0.1377,0.1324
0.1523,0.1699
0.2974,0.2844
0.3103,0.3125
0.1569,0.1573
0.2458,0.2373
0.2229,0.2107
0.2319,0.2449
0.2468,0.2507
0.2311,0.2352
0.2185,0.2081
0.227,0.2141
0.1838,0.1796
0.2438,0.2632
0.2069,0.2347
0.254,0.263
0.2078,0.2344
0.2693,0.2776
0.2668,0.2737
0.25,0.2712
0.2393,0.2678
0.2389,0.2607
0.257,0.2651
0.2345,0.2396
0.2534,0.25
0.2295,0.2238
0.2283,0.2389
0.2205,0.2267
0.252,0.2673
0.2522,0.2465
0.2593,0.2673
0.2454,0.2488
0.2932,0.3027
0.3057,0.327
0.3003,0.303
0.313,0.3245
0.2979,0.3035
0.3118,0.3206
0.2935,0.3008
0.3042,0.3071
0.2986,0.3115
0.1974,0.2087
0.2051,0.1989
0.259,0.2744
0.2603,0.278
0.256,0.2773
0.2603,0.2703
0.2556,0.2617
0.265,0.2852
0.2429,0.263
0.2311,0.2512
0.2296,0.2306
0.245,0.2612
0.3032,0.311
0.3018,0.3076
0.3,0.3093
0.3174,0.3174
0.3044,0.3145
0.301,0.3105
0.301,0.3142
0.3176,0.3208
0.3064,0.311
0.3027,0.3062
0.3008,0.3071
0.3162,0.3164
0.3135,0.3198
0.2983,0.3223
0.3,0.3162
0.3137,0.3228
0.314,0.3003
0.2976,0.2944
0.2986,0.2908
0.315,0.3015
0.3093,0.3188
0.308,0.3171
0.304,0.3152
0.3215,0.3213
0.286,0.2976
0.267,0.2654
0.2441,0.2439
0.3164,0.3213
0.3054,0.3096
0.3079,0.303
0.3,0.2908
0.3154,0.3132
0.299,0.2964
0.2542,0.2498
0.2463,0.2426
0.241,0.2466
0.2466,0.2537
0.2673,0.2664
0.2505,0.2452
0.2478,0.2517
0.2448,0.2479
0.2007,0.2006
0.2593,0.2693
0.2264,0.2231
0.2505,0.2363
0.2517,0.2563
0.279,0.2869
0.2664,0.283
0.2415,0.239
0.2432,0.2433
0.2319,0.2463
0.233,0.2512
0.232,0.2443
0.2224,0.2317
0.2744,0.2783
0.259,0.2737
0.2502,0.2386
0.261,0.275
0.2644,0.2678
0.2197,0.225
0.2426,0.2081
0.2554,0.2489
0.2352,0.2133
0.2196,0.202
0.2583,0.2449
0.2466,0.2382
0.2012,0.1969
0.1996,0.2032
0.2808,0.2883
0.2974,0.3008
0.302,0.2996
0.2659,0.273
0.2637,0.2803
0.2522,0.2617
0.256,0.2703
0.2559,0.2627
0.2546,0.2566
0.2383,0.2339
0.2141,0.2148
0.224,0.2323
0.2174,0.2242
0.2426,0.2358
0.1895,0.1852
0.2394,0.2195
0.2153,0.2175
0.2551,0.2384
0.2119,0.2356
0.2717,0.2776
0.2686,0.2773
0.306,0.3286
0.2703,0.2878
0.2568,0.2622
0.273,0.2559
0.2537,0.2598
0.2471,0.2438
0.2542,0.2546
0.2466,0.25
0.292,0.2898
0.2942,0.2957
0.2822,0.2861
0.292,0.2925
0.2192,0.2316
0.2162,0.2286
0.244,0.2544
0.258,0.2578
0.2583,0.2433
0.265,0.2563
0.2588,0.2448
0.2278,0.2429
0.2257,0.2283
0.2268,0.252
0.2297,0.2822
0.1486,0.1484
0.1519,0.1649
0.289,0.2756
0.275,0.2979
0.282,0.2705
0.2612,0.2961
0.2122,0.2208
0.2139,0.2067
0.2067,0.2064
0.2065,0.1917
0.2474,0.231
0.2437,0.23
0.24,0.2644
0.2432,0.2556
0.2808,0.2854
0.271,0.2754
0.2627,0.2634
0.297,0.2952
0.2805,0.2776
0.2766,0.2625
0.2646,0.2642
0.2559,0.2367
0.226,0.2325
0.2778,0.2715
0.2223,0.2192
0.2754,0.2654
0.245,0.2559
0.3013,0.2996
0.2656,0.2786
0.3015,0.3115
0.232,0.2317
0.237,0.2303
0.2308,0.2466
0.2295,0.2366
0.277,0.2805
0.2827,0.27
0.3113,0.3052
0.2194,0.2228
0.2134,0.2122
0.2485,0.2454
0.2408,0.2499
0.244,0.2255
0.2343,0.2284
0.2795,0.2937
0.2788,0.272
0.28,0.2803
0.2798,0.2876
0.2668,0.2634
0.2651,0.2644
0.2786,0.291
0.2708,0.269
0.243,0.2588
0.2329,0.2463
0.2094,0.2162
0.2123,0.2155
0.2125,0.2076
0.2168,0.2102
0.2177,0.2177
0.2118,0.2045
0.2233,0.2394
0.2089,0.2251
0.1724,0.1875
0.1672,0.1699
0.1725,0.1868
0.1631,0.163
0.25,0.263
0.2654,0.26
0.2429,0.2507
0.2544,0.25
0.2102,0.2175
0.2015,0.1974
0.259,0.2527
0.2573,0.2473
0.1722,0.1935
0.1758,0.1884
0.1748,0.1887
0.1787,0.1699
0.2275,0.2281
0.2595,0.254
0.1509,0.1681
0.1497,0.1514
0.2269,0.2385
0.2439,0.2439
0.2585,0.2524
0.2345,0.2357
0.2532,0.2656
0.2864,0.2725
0.222,0.2397
0.2482,0.2426
0.2085,0.2368
0.2402,0.2462
0.2091,0.2057
0.2117,0.2065
0.208,0.2094
0.2333,0.2313
0.202,0.206
0.2255,0.222
0.2075,0.2057
0.1995,0.2031
0.2135,0.2229
0.1893,0.1993
0.196,0.2104
0.2474,0.2834
0.2286,0.2283
0.2281,0.2307
0.2551,0.2476
0.2673,0.2666
0.2406,0.2312
0.2534,0.2559
0.2485,0.2578
0.2563,0.2603
0.283,0.2788
0.2844,0.287
0.2808,0.279
0.1796,0.185
0.1838,0.1848
0.2898,0.2925
0.2769,0.279
0.292,0.2756
0.279,0.2708
0.2384,0.2428
0.2235,0.2229
0.2373,0.2386
0.2172,0.2156
0.1841,0.1777
0.185,0.1838
0.1964,0.1936
0.1941,0.1978
0.1753,0.1641
0.1741,0.17
0.218,0.2175
0.2676,0.2712
0.2118,0.2076
0.2144,0.212
0.2147,0.2062
0.203,0.196
0.2208,0.2162
0.2163,0.2231
0.2351,0.2322
0.2438,0.2515
0.2883,0.3074
0.2908,0.3005
0.289,0.305
0.3135,0.2998
0.29,0.2961
0.2017,0.2375
0.1632,0.1812
0.2069,0.2153
0.2311,0.2299
0.2087,0.2207
0.2133,0.2349
0.2313,0.2493
0.2532,0.2651
0.2045,0.2179
0.3047,0.3096
0.3271,0.3257
0.2783,0.2915
0.2213,0.2454
0.226,0.2542
0.2172,0.2477
0.2107,0.229
0.246,0.2576
0.2532,0.2576
0.2524,0.2585
0.2355,0.2393
0.2654,0.268
0.2085,0.2192
0.2844,0.285
0.2844,0.284
0.2896,0.2932
0.2905,0.2947
0.2175,0.2303
0.2101,0.2247
0.2406,0.252
0.2006,0.2078
0.1903,0.2075
0.251,0.2507
0.2551,0.2615
0.2883,0.2952
0.286,0.293
0.2969,0.2988
0.2642,0.2632
0.2842,0.284
0.3035,0.2986
0.2996,0.2935
0.3044,0.3
0.2778,0.2861
0.2847,0.3025
0.275,0.288
0.291,0.2993
0.285,0.3096
0.2908,0.2974
0.2144,0.201
0.1866,0.1874
0.2153,0.2185
0.1761,0.2078
0.2563,0.2622
0.2335,0.2913
0.2642,0.2742
0.2412,0.3013
0.275,0.274
0.2295,0.2793
0.2247,0.257
0.2742,0.2593
0.261,0.235
0.2286,0.2067
0.2119,0.23
0.286,0.3064
0.2712,0.2603
0.276,0.3267
0.2534,0.2827
0.2703,0.2554
0.2407,0.254
0.2595,0.2466
0.241,0.2446
0.2263,0.256
0.2228,0.2301
0.2559,0.2496
0.2695,0.2715
0.2303,0.2223
0.2291,0.2261
0.252,0.2479
0.2507,0.2391
0.276,0.2744
0.269,0.2688
0.2725,0.2703
0.2747,0.2651
0.2634,0.2627
0.2642,0.265
0.2727,0.2769
0.251,0.2651
0.266,0.2756
0.3076,0.3147
0.2333,0.2502
0.249,0.2573
0.28,0.292
0.1736,0.1918
0.2878,0.302
0.3193,0.315
0.2944,0.2966
0.298,0.2888
0.2554,0.2484
0.2568,0.2482
0.2773,0.282
0.2734,0.2773
0.25,0.2374
0.2452,0.2219
0.2866,0.2883
0.2817,0.2827
0.3003,0.3037
0.288,0.2957
0.2883,0.2908
0.3,0.304
0.1954,0.2053
0.2205,0.2361
0.2161,0.202
0.2128,0.2079
0.2428,0.2363
0.2457,0.2456
0.2198,0.2118
0.2223,0.2177
0.282,0.286
0.2688,0.2603
0.2903,0.2832
0.2688,0.2727
0.3157,0.3044
0.1559,0.1652
0.1404,0.1406
0.246,0.2267
0.221,0.2192
0.2219,0.2192
0.221,0.2115
0.2668,0.2644
0.2512,0.2632
0.2668,0.2598
0.2524,0.2573
0.25,0.2439
0.2686,0.2578
0.2537,0.2426
0.2625,0.2554
0.2307,0.2499
0.2313,0.2427
0.2194,0.2422
0.2284,0.239
0.223,0.2322
0.2241,0.242
0.2,0.2107
0.2166,0.2177
0.2808,0.2869
0.2795,0.2766
0.271,0.2793
0.2715,0.2742
0.2676,0.2693
0.2295,0.2489
0.264,0.2563
0.257,0.2578
0.26,0.2605
0.2413,0.263
0.2683,0.27
0.2722,0.2874
0.2676,0.2776
0.2214,0.2476
0.2578,0.255
0.256,0.2646
0.2498,0.2615
0.2698,0.2578
0.2888,0.2964
0.273,0.2786
0.1794,0.1763
0.2095,0.2246
0.205,0.2043
0.2104,0.2222
0.2158,0.2068
0.2384,0.238
0.2163,0.2385
0.2168,0.2377
0.2527,0.2703
0.2605,0.271
0.2976,0.301
0.2189,0.222
0.2416,0.253
0.216,0.2427
0.2106,0.2441
0.2437,0.2654
0.255,0.2676
0.2356,0.2559
0.2273,0.2554
0.2659,0.2812
0.298,0.332
0.3193,0.347
0.2246,0.2323
0.2468,0.254
0.2216,0.251
0.258,0.2612
0.2147,0.2487
0.2308,0.2573
0.2375,0.2354
0.2262,0.2461
0.2651,0.279
0.2742,0.2644
0.2693,0.2793
0.2915,0.296
0.2006,0.2063
0.2034,0.244
0.1989,0.1973
0.2,0.2267
0.2001,0.1958
0.2006,0.2358
0.2252,0.2264
0.2323,0.2588
0.2053,0.2198
0.1864,0.2189
0.1832,0.2162
0.1996,0.2133
0.2426,0.2175
0.2242,0.2054
0.2358,0.2109
0.2415,0.221
0.2925,0.2822
0.291,0.29
0.2698,0.2732
0.2961,0.2625
0.2065,0.2073
0.2346,0.2266
0.2386,0.2136
0.2439,0.2151
0.229,0.2096
0.2917,0.2908
0.2664,0.2612
0.2366,0.2445
0.2391,0.2339
0.2389,0.2361
0.2053,0.1907
0.2102,0.205
0.2795,0.276
0.2281,0.234
0.2104,0.2019
0.2,0.1868
0.253,0.261
0.2096,0.202
0.2426,0.2544
0.226,0.2015
0.222,0.1957
0.3345,0.33
0.2595,0.2534
0.2235,0.1931
0.2402,0.2472
0.2101,0.201
0.2023,0.2117
0.2079,0.2024
0.291,0.292
0.2854,0.2878
0.2915,0.29
0.2622,0.2612
0.1329,0.1233
0.1742,0.1292
0.1501,0.0977
0.2517,0.2441
0.242,0.2404
0.2302,0.2467
0.2347,0.2472
0.2433,0.2622
0.244,0.27
0.251,0.2496
0.275,0.2734
0.2668,0.2725
0.2444,0.2412
0.2593,0.2603
0.2499,0.259
0.2837,0.278
0.2852,0.275
0.2754,0.2756
0.2786,0.2915
0.2688,0.2742
0.2686,0.2688
0.274,0.2732
0.298,0.293
0.2646,0.2566
0.2546,0.2444
0.2637,0.2715
0.2625,0.2676
0.2761,0.28
0.306,0.3044
0.211,0.2034
0.2238,0.2113
0.2152,0.2098
0.2195,0.2158
0.2421,0.2422
0.2522,0.2532
0.2566,0.2478
0.2708,0.2742
0.264,0.2712
0.2374,0.2496
0.2386,0.242
0.2554,0.2668
0.2434,0.2644
0.2295,0.2386
0.2339,0.2123
0.234,0.233
0.2302,0.2375
0.2035,0.2092
0.206,0.1863
0.207,0.1998
0.2119,0.2112
0.279,0.276
0.2764,0.2742
0.257,0.2507
0.2644,0.25
0.2603,0.2477
0.2505,0.254
0.236,0.2422
0.253,0.241
0.2397,0.2412
0.2334,0.2476
0.2275,0.2452
0.2317,0.2502
0.2256,0.2426
0.2212,0.2456
0.2637,0.272
0.274,0.2698
0.2627,0.269
0.261,0.2788
0.2725,0.2788
0.27,0.2786
0.29,0.2964
0.2996,0.3127
0.2206,0.2402
0.2273,0.2607
0.2598,0.2756
0.2468,0.2426
0.232,0.2493
0.2585,0.2474
0.2216,0.2302
0.2284,0.2343
0.2454,0.2478
0.2429,0.2427
0.2585,0.2556
0.1709,0.1844
0.1692,0.1798
0.219,0.2429
0.2129,0.2216
0.2153,0.2281
0.2367,0.2695
0.2109,0.2465
0.2297,0.2515
0.2261,0.2471
0.2063,0.2281
0.2267,0.2389
0.234,0.2434
0.2195,0.2263
0.2227,0.2299
0.2338,0.2233
0.2393,0.2373
0.2257,0.2333
0.2207,0.2249
0.2041,0.1997
0.2134,0.2097
0.2317,0.244
0.2406,0.2416
0.2664,0.2769
0.2234,0.2462
0.2605,0.2734
0.2205,0.2467
0.3215,0.307
0.2253,0.2297
0.2319,0.2206
0.252,0.2627
0.2568,0.2505
0.2812,0.2864
0.2695,0.2554
0.2404,0.2418
0.3003,0.3142
0.282,0.2822
0.2404,0.2424
0.2435,0.2505
0.2291,0.2299
0.2903,0.308
0.2908,0.304
0.294,0.299
0.2942,0.3037
0.298,0.3032
0.309,0.3005
0.2544,0.2465
0.2072,0.1997
0.2281,0.219
0.1744,0.1492
0.216,0.2333
0.1654,0.158
0.2074,0.2095
0.195,0.2021
0.2087,0.1962
0.2275,0.2192
0.1887,0.1884
0.199,0.2048
0.1385,0.1517
0.2003,0.2134
0.2908,0.2827
0.2883,0.2795
0.2683,0.2676
0.2715,0.2742
0.304,0.3044
0.2408,0.2429
0.2834,0.2847
0.2451,0.2386
0.3164,0.3147
0.3057,0.3044
0.2283,0.2285
0.2423,0.2472
0.2222,0.2225
0.2241,0.2478
0.2333,0.2146
0.2559,0.2605
0.2489,0.2517
0.2357,0.2482
0.1969,0.2094
0.2705,0.2583
0.2788,0.2676
0.2866,0.296
0.2262,0.218
0.2255,0.2292
0.2285,0.2286
0.2142,0.2185
0.2124,0.2338
0.2019,0.2246
0.2416,0.2491
0.2234,0.2328
0.229,0.2184
0.2255,0.2612
0.2189,0.204
0.1908,0.1936
0.2025,0.2046
0.1886,0.1854
0.2612,0.2563
0.2306,0.2433
0.2367,0.2449
0.251,0.2479
0.2452,0.2452
0.2402,0.2401
0.2542,0.2467
0.3125,0.3096
0.3162,0.317
0.325,0.3247
0.3254,0.316
0.3054,0.3066
0.2847,0.271
0.289,0.2803
0.32,0.3179
0.2852,0.285
0.289,0.2905
0.2822,0.2803
0.2888,0.2866
0.2961,0.3044
0.2966,0.311
0.2812,0.3057
0.2952,0.3062
0.289,0.3025
0.2996,0.3035
0.296,0.3022
0.31,0.3064
0.2051,0.1965
0.3342,0.3196
0.2974,0.3062
0.2668,0.279
0.2654,0.272
0.2888,0.285
0.293,0.2844
0.269,0.272
0.2798,0.278
0.2622,0.2477
0.2502,0.2349
0.2325,0.2357
0.2247,0.2308
0.2305,0.239
0.219,0.231
0.2229,0.2434
0.292,0.3015
0.266,0.268
0.2654,0.27
0.2683,0.2708
0.3035,0.3076
0.2113,0.221
0.2123,0.2161
0.3367,0.3438
0.3335,0.3376
0.2874,0.2888
0.2795,0.2798
0.2793,0.2783
0.276,0.2754
0.2617,0.269
0.2502,0.2598
0.2488,0.2603
0.2605,0.2717
0.204,0.214
0.2167,0.2119
0.2876,0.2842
0.2732,0.2937
0.2966,0.3037
0.2815,0.2966
0.2668,0.2954
0.2021,0.2379
0.2844,0.3103
0.2893,0.308
0.2922,0.3184
0.2998,0.3152
0.2952,0.3093
0.2527,0.257
0.2573,0.259
0.2634,0.2566
0.2625,0.2722
0.2742,0.276
0.2795,0.2727
0.268,0.2559
0.2795,0.2754
0.2407,0.2389
0.2426,0.238
0.276,0.2742
0.2573,0.2622
0.2922,0.2996
0.2883,0.2825
0.285,0.2844
0.28,0.2808
0.2869,0.2866
0.3323,0.3296
0.282,0.2742
0.2712,0.274
0.2568,0.2712
0.2747,0.2732
0.3098,0.3057
0.2576,0.2593
0.2527,0.2532
0.2532,0.2499
0.2554,0.2524
0.2761,0.2866
0.2395,0.2407
0.257,0.2556
0.285,0.306
0.2443,0.269
0.2676,0.293
0.291,0.295
0.258,0.2693
0.2344,0.2498
0.289,0.2832
0.2466,0.2737
0.2372,0.2343
0.256,0.2568
0.2162,0.2258
0.2477,0.2607
0.2542,0.26
0.2898,0.3066
0.3071,0.3015
0.3162,0.3164
0.3232,0.3179
0.297,0.2927
0.3098,0.3105
0.3188,0.3157
0.294,0.2925
0.313,0.3098
0.322,0.3188
0.2313,0.243
0.2466,0.2451
0.2123,0.2355
0.2435,0.2378
0.2166,0.223
0.2001,0.2039
0.2473,0.2404
0.2424,0.2382
0.2502,0.2517
0.322,0.3276
0.224,0.2291
0.2325,0.2365
0.2356,0.2214
0.2484,0.2458
0.2874,0.2732
0.2358,0.2306
0.184,0.1996
0.1947,0.2246
0.2139,0.244
0.1841,0.1797
0.2255,0.2268
0.2196,0.2115
0.1919,0.1749
0.1802,0.1783
0.2407,0.2407
0.288,0.2988
0.2194,0.2288
0.2937,0.2847
0.2778,0.2864
0.2961,0.2944
0.2306,0.2185
0.3032,0.2944
0.2908,0.279
0.2896,0.297
0.2915,0.2898
0.3171,0.3171
0.2258,0.229
0.2502,0.2534
0.2583,0.252
0.2205,0.2223
0.1951,0.1957
0.2002,0.1901
0.2424,0.2302
0.1934,0.1997
0.2693,0.2808
0.275,0.2642
0.2156,0.2379
0.2351,0.2551
0.2195,0.2236
0.2566,0.2568
0.2588,0.257
0.2686,0.2747
0.278,0.2734
0.289,0.2886
0.2822,0.2925
0.2598,0.2646
0.2402,0.2373
0.2396,0.2363
0.2471,0.2473
0.2313,0.2253
0.2502,0.2441
0.2588,0.2478
0.2544,0.2578
0.2323,0.2476
0.228,0.2256
0.2197,0.216
0.2236,0.2206
0.1526,0.1583
0.11633,0.1384
0.2676,0.2595
0.2742,0.268
0.312,0.3074
0.2878,0.2822
0.3042,0.3035
0.2827,0.2778
0.3018,0.299
0.2747,0.2712
0.2416,0.2588
0.2637,0.2656
0.2847,0.2783
0.2688,0.2502
0.2776,0.252
0.276,0.27
0.2397,0.2445
0.2595,0.2651
0.2252,0.2424
0.1885,0.2078
0.2046,0.2152
0.2052,0.2123
0.1914,0.1981
0.217,0.2079
0.2124,0.2028
0.1987,0.1915
0.1982,0.1718
0.248,0.2534
0.261,0.2532
0.2622,0.2786
0.2673,0.2783
0.2764,0.27
0.277,0.2705
0.2842,0.2715
0.2725,0.2688
0.2751,0.2625
0.2798,0.278
0.2761,0.2703
0.1915,0.2172
0.2211,0.2339
0.2257,0.2316
0.2192,0.2139
0.2079,0.2117
0.1843,0.1847
0.2367,0.2333
0.2445,0.2411
0.2386,0.2285
0.223,0.2278
0.1858,0.1824
0.2214,0.2188
0.3213,0.3052
0.2903,0.3113
0.3037,0.3076
0.3074,0.2944
0.2766,0.2654
0.266,0.255
0.2578,0.2576
0.2622,0.2496
0.2478,0.2444
0.2195,0.2292
0.2634,0.2668
0.2551,0.2468
0.2656,0.2676
0.241,0.253
0.2439,0.2632
0.2252,0.2272
0.232,0.2554
0.274,0.31
0.2338,0.2566
0.2433,0.2722
0.2401,0.2617
0.2394,0.2512
0.2815,0.315
0.2478,0.2502
0.2449,0.2727
0.2384,0.2532
0.253,0.2764
0.273,0.28
0.2869,0.2913
0.3167,0.3125
0.2274,0.2195
0.2119,0.2439
0.2651,0.2715
0.2345,0.2224
0.2269,0.2377
0.2145,0.2094
0.2091,0.2317
0.2219,0.227
0.2129,0.2133
0.2183,0.216
0.1948,0.195
0.203,0.2083
0.2032,0.2091
0.2429,0.2373
0.2493,0.2568
0.3032,0.3103
0.3032,0.2988
0.3035,0.301
0.1848,0.1925
0.1958,0.1864
0.2382,0.2482
0.2686,0.2903
0.2732,0.273
0.253,0.2273
0.2542,0.2311
0.2466,0.2319
0.2908,0.288
0.2869,0.286
0.2837,0.2808
0.2795,0.267
0.2329,0.2404
0.2676,0.2769
0.2336,0.2352
0.268,0.271
0.2297,0.2302
0.2394,0.2473
0.2439,0.2507
0.2194,0.2266
0.2302,0.236
0.2382,0.2415
0.1946,0.1919
0.2013,0.2001
0.2057,0.2018
0.213,0.2163
0.2311,0.237
0.2258,0.2375
0.2311,0.2244
0.2102,0.2095
0.2517,0.256
0.2935,0.2795
0.2764,0.265
0.2377,0.2598
0.2693,0.2646
0.2744,0.2651
0.2812,0.2815
0.284,0.277
0.264,0.269
0.274,0.2588
0.282,0.2837
0.2793,0.2817
0.263,0.281
0.273,0.2717
0.2834,0.2966
0.2778,0.29
0.2793,0.2773
0.274,0.2722
0.276,0.2876
0.285,0.2935
0.2754,0.2732
0.2783,0.2793
0.2783,0.269
0.282,0.29
0.2778,0.2747
0.2488,0.251
0.252,0.2505
0.2542,0.2546
0.2471,0.25
0.2262,0.2175
0.2195,0.2069
0.2292,0.2354
0.2198,0.2206
0.234,0.2352
0.2229,0.2177
0.2336,0.2386
0.2192,0.2145
0.2373,0.2328
0.2225,0.2198
0.2461,0.2418
0.2191,0.2135
0.2578,0.249
0.262,0.2435
0.267,0.2583
0.2327,0.2404
0.2365,0.2433
0.232,0.2399
0.2308,0.2262
0.2783,0.2705
0.2776,0.2668
0.2766,0.2832
0.2778,0.283
0.2737,0.2856
0.2666,0.264
0.2502,0.2544
0.2455,0.2301
0.1843,0.184
0.1488,0.1414
0.1948,0.1971
0.1952,0.1948
0.206,0.2087
0.214,0.2003
0.255,0.2766
0.2329,0.2593
0.2439,0.2402
0.2778,0.2678
0.207,0.2201
0.2693,0.2756
0.2744,0.287
0.2037,0.2155
0.2064,0.2201
0.2173,0.222
0.2085,0.2197
0.2278,0.2483
0.216,0.2452
0.1932,0.2023
0.1887,0.1971
0.2018,0.2113
0.2002,0.209
0.1962,0.2045
0.1964,0.2039
0.1912,0.2035
0.1847,0.1954
0.2554,0.2563
0.2754,0.2825
0.253,0.2563
0.287,0.2876
0.2421,0.2255
0.2362,0.2207
0.2595,0.2668
0.2551,0.2559
0.2452,0.2554
0.2369,0.2476
0.2795,0.2715
0.2273,0.2158
0.272,0.266
0.2534,0.2542
0.3037,0.3213
0.265,0.258
0.2289,0.241
0.2703,0.2703
0.2374,0.253
0.2477,0.2491
0.2257,0.2078
0.2532,0.2471
0.2817,0.282
0.277,0.2715
0.2834,0.2993
0.2666,0.2808
0.2656,0.278
0.2693,0.2834
0.3103,0.305
0.293,0.3015
0.3,0.2974
0.2319,0.2413
0.275,0.2659
0.2556,0.2527
0.2983,0.291
0.2766,0.2688
0.2551,0.2607
0.241,0.2456
0.2366,0.2385
0.2264,0.2325
0.2244,0.2227
0.2233,0.2157
0.2651,0.266
0.285,0.2896
0.2285,0.2222
0.2085,0.2144
0.2117,0.2052
0.1807,0.1904
0.233,0.2318
0.2153,0.2164
0.2932,0.2993
0.314,0.3105
0.2196,0.222
0.2026,0.2124
0.2224,0.2195
0.2023,0.2086
0.234,0.2456
0.2322,0.2336
0.2698,0.275
0.2502,0.2659
0.2942,0.2974
0.2275,0.2125
0.2015,0.2042
0.21,0.2162
0.2068,0.2197
0.1975,0.1868
0.1957,0.2007
0.2068,0.2094
0.2515,0.2489
0.2654,0.2433
0.262,0.2683
0.2688,0.2583
0.2725,0.2744
0.2703,0.267
0.269,0.2673
0.24,0.2446
0.2607,0.2559
0.277,0.2744
0.2524,0.2546
0.2737,0.2622
0.2524,0.2644
0.2491,0.2479
0.239,0.2563
0.2487,0.2756
0.2517,0.2651
0.2693,0.2815
0.3186,0.3242
0.313,0.3123
0.3037,0.3066
0.3225,0.3435
0.323,0.3328
0.2483,0.2477
0.253,0.2598
0.2386,0.2498
0.2517,0.2683
0.2172,0.2216
0.2148,0.2238
0.2047,0.2184
0.2764,0.2708
0.2715,0.2656
0.2598,0.2612
0.2448,0.2474
0.241,0.2358
0.2296,0.2377
0.2408,0.2375
0.2413,0.2642
0.258,0.2517
0.246,0.258
0.2384,0.2563
0.2556,0.2422
0.24,0.249
0.2303,0.2145
0.2295,0.2218
0.253,0.2368
0.2318,0.2368
0.2427,0.2339
0.231,0.2354
0.244,0.2435
0.2269,0.2432
0.2097,0.2378
0.1982,0.2235
0.22,0.241
0.2083,0.2286
0.2051,0.2198
0.2095,0.2291
0.2134,0.2344
0.2177,0.2137
0.2042,0.2246
0.2008,0.2125
0.2114,0.217
0.3162,0.3245
0.319,0.3262
0.3281,0.3228
0.28,0.289
0.2433,0.2534
0.2189,0.2098
0.2096,0.2158
0.2032,0.2117
0.3098,0.3086
0.2988,0.3042
0.285,0.2957
0.2083,0.2151
0.2083,0.203
0.302,0.305
0.3171,0.3123
0.3035,0.3093
0.2915,0.305
0.2878,0.2908
0.2279,0.237
0.2742,0.2703
0.2708,0.2634
0.2974,0.2954
0.2864,0.2683
0.1724,0.2186
0.2183,0.2434
0.2617,0.2588
0.2489,0.254
0.2417,0.2479
0.255,0.2554
0.2527,0.2632
0.2722,0.286
0.2847,0.2954
0.2832,0.294
0.2908,0.3047
0.3074,0.319
0.3005,0.307
0.2942,0.2961
0.3145,0.3213
0.3066,0.304
0.309,0.3042
0.3103,0.3035
0.294,0.2998
0.3054,0.3035
0.3003,0.297
0.2969,0.2966
0.2808,0.2935
0.2986,0.2964
0.2856,0.275
0.2817,0.2776
0.2751,0.2756
0.28,0.277
0.3096,0.3025
0.3096,0.3057
0.3264,0.3257
0.3245,0.328
0.3252,0.3235
0.334,0.337
0.314,0.3035
0.3083,0.3032
0.3076,0.3013
0.3206,0.3093
0.306,0.3008
0.307,0.3086
0.3047,0.3047
0.3132,0.3132
0.2769,0.2847
0.2742,0.2744
0.2727,0.2793
0.253,0.2627
0.2489,0.2627
0.266,0.262
0.2673,0.2625
0.258,0.2505
0.257,0.2551
0.2898,0.305
0.2883,0.3086
0.2322,0.238
0.2446,0.2404
0.2874,0.2866
0.3005,0.3098
0.312,0.3154
0.3005,0.305
0.313,0.3127
0.2986,0.3018
0.3127,0.3093
0.2766,0.2805
0.272,0.2783
0.2869,0.285
0.28,0.283
0.2686,0.267
0.2644,0.2659
0.2754,0.2808
0.2993,0.2996
0.2566,0.2603
0.2722,0.2805
0.2817,0.271
0.2612,0.254
0.2659,0.275
0.2727,0.2693
0.2808,0.2832
0.2852,0.2864
0.2493,0.2517
0.2666,0.274
0.287,0.2817
0.295,0.2988
0.2135,0.2373
0.2316,0.242
0.2388,0.2434
0.2478,0.2496
0.2262,0.2308
0.2395,0.2505
0.2274,0.2246
0.2021,0.184
0.2986,0.294
0.3003,0.2976
0.265,0.2732
0.2076,0.206
0.2118,0.225
0.2449,0.254
0.2532,0.2617
0.2335,0.2406
0.2241,0.2488
0.2563,0.266
0.2651,0.2705
0.2676,0.2761
0.3203,0.3215
0.3286,0.33
0.2418,0.2484
0.2012,0.2075
0.1979,0.1847
0.2184,0.2196
0.2776,0.2668
0.2825,0.2705
0.2087,0.2135
0.2351,0.2324
0.2407,0.251
0.2822,0.2883
0.2983,0.2883
0.3047,0.308
0.313,0.3103
0.2217,0.2145
0.2063,0.2223
0.2004,0.2053
0.1958,0.1991
0.2266,0.2273
0.2319,0.2317
0.2332,0.235
0.2255,0.2106
0.2435,0.235
0.2576,0.2507
0.2422,0.2483
0.2517,0.2734
0.2617,0.2825
0.2438,0.2737
0.2803,0.2896
0.295,0.3064
0.1959,0.2069
0.1929,0.1964
0.2194,0.2236
0.2428,0.2505
0.2166,0.2225
0.214,0.2198
0.2437,0.2489
0.2177,0.2198
0.2363,0.2384
0.2428,0.2441
0.2385,0.2344
0.245,0.2345
0.1906,0.1774
0.1908,0.2234
0.1791,0.1934
0.1931,0.1863
0.185,0.2095
0.2307,0.2417
0.2244,0.2462
0.24,0.242
0.2356,0.2456
0.2174,0.2286
0.2125,0.2346
0.2712,0.2705
0.2612,0.2632
0.215,0.2123
0.2366,0.24
0.2412,0.246
0.2372,0.2683
0.232,0.2418
0.233,0.2319
0.2306,0.2427
0.2238,0.2397
0.2283,0.2372
0.2379,0.2291
0.2345,0.243
0.229,0.2437
0.238,0.2417
0.2418,0.245
0.2424,0.2502
0.2374,0.2507
0.236,0.2479
0.2264,0.2284
0.2269,0.238
0.2208,0.2396
0.2186,0.2296
0.2314,0.2372
0.2253,0.2343
0.2201,0.2314
0.2336,0.2515
0.2302,0.2439
0.2693,0.2625
0.2712,0.276
0.2279,0.2394
0.2515,0.2507
0.2698,0.2627
0.2524,0.2595
0.2605,0.2544
0.2466,0.2559
0.24,0.2546
0.2438,0.2551
0.2847,0.291
0.2876,0.289
0.273,0.2788
0.2397,0.2386
0.2732,0.2908
0.2764,0.2837
0.2327,0.2375
0.2236,0.2369
0.266,0.2676
0.2642,0.2595
0.27,0.2705
0.2612,0.2637
0.2825,0.2832
0.2769,0.288
0.3132,0.3176
0.3196,0.3262
0.3042,0.2996
0.3037,0.3013
0.3086,0.3115
0.312,0.319
0.2935,0.2861
0.2847,0.289
0.2715,0.2712
0.2664,0.278
0.3035,0.3118
0.3103,0.317
0.2944,0.2913
0.295,0.292
0.3054,0.314
0.3074,0.3157
0.2827,0.277
0.274,0.2805
0.257,0.2617
0.2769,0.2722
0.2515,0.2722
0.2751,0.268
0.285,0.2761
0.2756,0.2793
0.2788,0.2793
0.2344,0.248
0.2864,0.2798
0.2686,0.2708
0.271,0.2546
0.2339,0.2382
0.2754,0.2764
0.2128,0.227
0.2162,0.2264
0.2412,0.2458
0.2524,0.2573
0.2109,0.2212
0.2317,0.2405
0.2145,0.2194
0.2058,0.1823
0.2856,0.2764
0.287,0.277
0.2983,0.285
0.2659,0.2444
0.2708,0.2487
0.285,0.2588
0.2815,0.2883
0.3027,0.2937
0.3066,0.3013
0.2026,0.2108
0.2173,0.2267
0.2217,0.2416
0.2585,0.2693
0.2625,0.2668
0.28,0.2734
0.2695,0.2603
0.26,0.2546
0.2524,0.2646
0.2517,0.2578
0.2306,0.24
0.2312,0.226
0.308,0.3254
0.3076,0.302
0.273,0.2654
0.2693,0.255
0.2761,0.2766
0.1519,0.178
0.2059,0.2072
0.2185,0.2133
0.181,0.1736
0.2747,0.2644
0.296,0.2754
0.2081,0.1993
0.2302,0.2294
0.2456,0.2362
0.2429,0.2424
0.252,0.2583
0.2673,0.2637
0.2612,0.258
0.2402,0.2372
0.2368,0.2289
0.261,0.263
0.2261,0.2274
0.2673,0.2664
0.2365,0.2308
0.2705,0.2747
0.2659,0.264
0.2944,0.2817
0.281,0.2605
0.2703,0.2664
0.3179,0.3308
0.2825,0.316
0.3132,0.3076
0.278,0.2969
0.284,0.2954
0.2786,0.2815
0.3186,0.3088
0.3127,0.2908
0.2333,0.2345
0.2372,0.2505
0.2433,0.2362
0.264,0.253
0.2512,0.2622
0.2405,0.2439
0.2086,0.2351
0.2269,0.2234
0.2488,0.2496
0.2343,0.2368
0.27,0.2825
0.25,0.2554
0.2214,0.2328
0.2542,0.2551
0.2178,0.2389
0.2192,0.2362
0.2247,0.2407
0.2605,0.2524
0.2449,0.2373
0.2961,0.2617
0.2844,0.2715
0.2273,0.2291
0.2198,0.2185
0.2091,0.2198
0.2086,0.2085
0.2217,0.2411
0.2295,0.2329
0.239,0.2449
0.2378,0.2306
0.2369,0.2544
0.2471,0.2449
0.2252,0.2273
0.2944,0.3003
0.2937,0.2827
0.2903,0.304
0.2932,0.2913
0.2832,0.2969
0.2822,0.2793
0.288,0.301
0.286,0.2832
0.2998,0.3066
0.3015,0.2876
0.2246,0.2312
0.2218,0.2305
0.2168,0.221
0.2439,0.2546
0.2206,0.2274
0.3108,0.3218
0.2913,0.282
0.2866,0.3071
0.2908,0.2986
0.317,0.3079
0.3054,0.3157
0.2952,0.3125
0.2966,0.3142
0.3198,0.3096
0.3088,0.2964
0.2983,0.299
0.2986,0.3
0.2186,0.2144
0.2935,0.2798
0.2905,0.2668
0.2808,0.284
0.289,0.283
0.2615,0.252
0.262,0.2573
0.251,0.2551
0.2527,0.253
0.2318,0.22
0.2428,0.2485
0.2627,0.274
0.2386,0.2544
0.229,0.2615
0.262,0.2457
0.2485,0.2457
0.2399,0.2333
0.2169,0.2102
0.1824,0.1812
0.2015,0.2325
0.2339,0.23
0.224,0.2347
0.2029,0.2136
0.2646,0.2603
0.2595,0.2559
0.252,0.2507
0.2223,0.2268
0.2566,0.2418
0.2512,0.2386
0.2227,0.2242
0.1962,0.2001
0.186,0.1788
0.2517,0.2444
0.2441,0.2391
0.2261,0.227
0.2764,0.2676
0.2185,0.2263
0.3096,0.3037
0.2104,0.2228
0.2073,0.2123
0.2673,0.2651
0.2433,0.2527
0.2256,0.2393
0.2563,0.2517
0.2397,0.2642
0.2252,0.2482
0.2512,0.256
0.2742,0.2654
0.2703,0.2668
0.2568,0.2566
0.2698,0.2708
0.2703,0.2651
0.2825,0.282
0.265,0.2642
0.2698,0.264
0.2452,0.2512
0.264,0.267
0.2693,0.2644
0.2793,0.279
0.2256,0.2659
0.248,0.2646
0.2323,0.2487
0.2559,0.2686
0.2484,0.267
0.2595,0.2756
0.2188,0.2507
0.2385,0.2494
0.2297,0.2289
0.253,0.2485
0.2389,0.2502
0.2576,0.2588
0.2294,0.2634
0.2496,0.261
0.2378,0.2438
0.2605,0.2622
0.2505,0.2625
0.2654,0.2734
0.2761,0.2935
0.2622,0.267
0.2007,0.1892
0.2019,0.2068
0.2361,0.2415
0.1919,0.2186
0.2091,0.2219
0.1976,0.212
0.2225,0.2307
0.2418,0.2361
0.2262,0.2246
0.2137,0.2151
0.2402,0.2405
0.228,0.2249
0.2018,0.2096
0.2637,0.2607
0.2146,0.227
0.2041,0.2102
0.2412,0.2399
0.2644,0.2773
0.2211,0.2291
0.1956,0.2129
0.212,0.2224
0.2086,0.2252
0.2372,0.2277
0.2095,0.2205
0.2443,0.2406
0.2761,0.2886
0.2418,0.236
0.1885,0.1788
0.2306,0.224
0.2197,0.2307
0.2311,0.2303
0.3137,0.315
0.3267,0.3125
0.308,0.3132
0.2954,0.299
0.2922,0.2988
0.2793,0.274
0.282,0.2686
0.2747,0.2673
0.3132,0.3164
0.3113,0.3203
0.2467,0.2467
0.23,0.2373
0.2227,0.2347
0.153,0.1494
0.1481,0.1664
0.2396,0.241
0.244,0.2355
0.2155,0.2515
0.2312,0.2412
0.2378,0.2421
0.2251,0.2416
0.2284,0.2494
0.2311,0.2461
0.2314,0.2522
0.2878,0.293
0.284,0.2822
0.2842,0.279
0.2644,0.2693
0.267,0.274
0.2605,0.256
0.2612,0.25
0.2832,0.2854
0.2605,0.2603
0.3154,0.3015
0.3037,0.299
0.273,0.2761
0.268,0.2756
0.3027,0.2998
0.302,0.3022
0.2888,0.295
0.287,0.2886
0.2795,0.2996
0.2668,0.2842
0.2732,0.2808
0.2988,0.2998
0.2834,0.2844
0.275,0.2961
0.2683,0.2764
0.2937,0.2878
0.2883,0.2754
0.2673,0.2852
0.268,0.2717
0.2269,0.2236
0.2227,0.2205
0.2185,0.2102
0.2118,0.2118
0.3015,0.3008
0.2703,0.274
0.3096,0.315
0.2954,0.3132
0.3027,0.314
0.2659,0.2754
0.254,0.2412
0.288,0.291
0.2908,0.3179
0.2404,0.2471
0.269,0.2764
0.2717,0.2888
0.2452,0.2383
0.2512,0.24
0.248,0.2406
0.2559,0.2424
0.2408,0.2515
0.2544,0.2612
0.2705,0.2637
0.2421,0.2374
0.2423,0.2433
0.253,0.2595
0.2588,0.289
0.2717,0.2756
0.2426,0.2446
0.1935,0.19
0.2035,0.213
0.2856,0.2803
0.263,0.2563
0.2593,0.2625
0.2312,0.2448
0.2274,0.2365
0.2417,0.2566
0.2046,0.2024
0.2144,0.2227
0.2084,0.204
0.2123,0.2206
0.2394,0.262
0.252,0.2686
0.2595,0.2615
0.2927,0.2896
0.3245,0.3237
0.2888,0.2847
0.2307,0.2275
0.2356,0.235
0.2426,0.2378
0.2106,0.2045
0.2422,0.2319
0.2139,0.2058
0.2285,0.2294
0.2434,0.2478
0.213,0.2128
0.285,0.279
0.2864,0.287
0.2485,0.2664
0.2896,0.3018
0.2605,0.2522
0.1713,0.1863
0.2683,0.2754
0.2257,0.2485
0.2471,0.2566
0.2112,0.216
0.2319,0.2264
0.2517,0.2773
0.2361,0.2515
0.2288,0.2457
0.2107,0.2262
0.2566,0.2466
0.2289,0.2208
0.2512,0.2603
0.221,0.2344
0.1893,0.1809
0.2084,0.2098
0.181,0.1887
0.2244,0.2274
0.3003,0.288
0.2325,0.2261
0.2917,0.2756
0.2979,0.286
0.2937,0.275
0.2715,0.273
0.282,0.279
0.2832,0.3015
0.2935,0.3018
0.2339,0.26
0.2332,0.2434
0.2347,0.2588
0.226,0.2429
0.2957,0.2915
0.2927,0.2932
0.2405,0.2495
0.2347,0.248
0.2391,0.2405
0.2399,0.2389
0.2317,0.2328
0.2318,0.2335
0.2286,0.231
0.2235,0.219
0.3074,0.3047
0.3083,0.2969
0.3066,0.3047
0.2301,0.2328
0.2144,0.229
0.2231,0.2317
0.2008,0.2256
0.2058,0.2155
0.187,0.2128
0.2507,0.2605
0.2378,0.2449
0.2434,0.2476
0.2288,0.245
0.2542,0.2471
0.2817,0.2954
0.3054,0.3137
0.298,0.3018
0.184,0.2048
0.1982,0.1945
0.2534,0.2703
0.2905,0.3557
0.2556,0.28
0.1749,0.1842
0.246,0.2532
0.2815,0.3245
0.2444,0.2617
0.2537,0.278
0.3271,0.3342
0.2712,0.267
0.2876,0.306
0.3035,0.321
0.2377,0.2756
0.2167,0.2238
0.2319,0.2288
0.3176,0.313
0.327,0.3325
0.3152,0.3083
0.329,0.327
0.2937,0.2915
0.2793,0.268
0.2861,0.2854
0.266,0.26
0.2844,0.2817
0.2925,0.2998
0.2778,0.2793
0.2874,0.2969
0.3271,0.328
0.3188,0.324
0.3093,0.3179
0.3193,0.3184
0.3027,0.3113
0.3225,0.3208
0.3142,0.3142
0.3088,0.3145
0.3174,0.3103
0.3047,0.306
0.3306,0.3352
0.2998,0.2998
0.3171,0.3154
0.3198,0.3242
0.3333,0.331
0.3303,0.3306
0.3318,0.334
0.323,0.3203
0.3274,0.327
0.3237,0.3188
0.359,0.3499
0.3503,0.3486
0.3425,0.3362
0.3428,0.3398
0.3374,0.3333
0.2161,0.2102
0.2449,0.2369
0.2042,0.1941
0.2278,0.2201
0.3245,0.321
0.3198,0.3118
0.3142,0.3098
0.312,0.3088
0.3164,0.3157
0.3088,0.3076
0.2998,0.292
0.2996,0.2957
0.293,0.2913
0.2905,0.2942
0.311,0.3088
0.306,0.302
0.2913,0.298
0.2937,0.296
0.2659,0.2708
0.2354,0.2468
0.2106,0.222
0.1927,0.2002
0.2002,0.2039
0.2588,0.2869
0.2588,0.2627
0.2742,0.2776
0.2578,0.2345
0.2568,0.2479
0.302,0.2964
0.2913,0.301
0.2659,0.2725
0.2351,0.2595
0.25,0.26
0.2413,0.2568
0.2402,0.2449
0.1964,0.2256
0.2137,0.2505
0.175,0.2017
0.2338,0.2434
0.2693,0.2615
0.2822,0.2722
0.2751,0.2717
0.2803,0.278
0.2617,0.268
0.2842,0.2827
0.2766,0.2756
0.1613,0.1631
0.1777,0.185
0.1881,0.1888
0.2008,0.1843
0.202,0.1812
0.1992,0.2014
0.2266,0.2302
0.2151,0.2147
0.2605,0.2622
0.2144,0.2162
0.1979,0.2168
0.26,0.2666
0.2686,0.273
0.2355,0.2253
0.2466,0.2412
0.2296,0.2279
0.2395,0.2318
0.236,0.2363
0.2266,0.242
0.1742,0.1991
0.2559,0.2776
0.2808,0.297
0.2065,0.203
0.2089,0.2125
0.2045,0.2092
0.2075,0.2094
0.2185,0.2069
0.2072,0.2098
0.2158,0.217
0.2107,0.2198
0.2073,0.211
0.2004,0.2124
0.2089,0.2128
0.2015,0.2097
0.1898,0.1959
0.201,0.2015
0.1975,0.1973
0.2194,0.2189
0.2269,0.2327
0.2252,0.2257
0.2925,0.29
0.225,0.2286
0.2192,0.2217
0.2864,0.2795
0.2666,0.2712
0.2644,0.2693
0.267,0.266
0.2466,0.2446
0.2375,0.2296
0.2524,0.2512
0.2737,0.2798
0.2917,0.2922
0.3,0.2832
0.2277,0.2352
0.255,0.26
0.2502,0.2605
0.2727,0.2708
0.274,0.2761
0.2063,0.2465
0.2866,0.2917
0.237,0.2446
0.2708,0.2522
0.255,0.2336
0.3093,0.3005
0.299,0.2866
0.2922,0.2786
0.293,0.2935
0.2627,0.2715
0.27,0.2703
0.2961,0.286
0.2925,0.2756
0.2922,0.2808
0.2869,0.2712
0.2969,0.2922
0.272,0.2864
0.2966,0.3096
0.2966,0.3003
0.3083,0.3127
0.2642,0.2703
0.2659,0.2698
0.2698,0.277
0.2595,0.2788
0.2644,0.2842
0.25,0.2485
0.1877,0.1864
0.2168,0.2106
0.2322,0.2183
0.2195,0.2139
0.2224,0.2152
0.2284,0.2153
0.2415,0.2247
0.2181,0.2136
0.2126,0.2115
0.211,0.2124
0.2134,0.2144
0.236,0.2256
0.2546,0.2515
0.2445,0.2522
0.1991,0.206
0.2059,0.2189
0.209,0.199
0.2104,0.2134
0.1946,0.1968
0.1924,0.1897
0.1749,0.1643
0.1929,0.1688
0.1984,0.195
0.2074,0.2021
0.2008,0.1907
0.1948,0.2017
0.2086,0.2229
0.1775,0.1979
0.2015,0.2122
0.293,0.2896
0.3018,0.2988
0.3022,0.2998
0.3032,0.3022
0.2229,0.2141
0.2144,0.2195
0.1915,0.179
0.1752,0.1786
0.194,0.1934
0.168,0.1926
0.164,0.1796
0.1649,0.1859
0.2485,0.2329
0.241,0.2443
0.2156,0.2205
0.2106,0.2109
0.2449,0.2673
0.2203,0.241
0.1948,0.2474
0.2524,0.2532
0.2285,0.2314
0.218,0.2338
0.267,0.2703
0.2473,0.2517
0.2291,0.2507
0.2417,0.2578
0.2231,0.2382
0.2026,0.2384
0.2886,0.3032
0.2908,0.2964
0.2856,0.3013
0.2913,0.3008
0.2693,0.2517
0.2452,0.2375
0.2462,0.2421
0.263,0.2568
0.2372,0.2405
0.2377,0.2455
0.2668,0.2717
0.2472,0.2573
0.2378,0.257
0.2734,0.2632
0.2588,0.2722
0.279,0.2751
0.2612,0.268
0.2488,0.2559
0.2491,0.2573
0.2544,0.2551
0.2487,0.255
0.2678,0.266
0.26,0.2683
0.283,0.2825
0.2817,0.2766
0.279,0.292
0.2812,0.2903
0.2112,0.2205
0.2391,0.2496
0.2554,0.2462
0.259,0.2595
0.2778,0.276
0.2216,0.2466
0.252,0.2659
0.2452,0.2373
0.1798,0.2141
0.2583,0.2418
0.2338,0.2451
0.2441,0.2346
0.2441,0.2537
0.2153,0.2072
0.1909,0.2095
0.1968,0.1991
0.2063,0.2222
0.2052,0.2035
0.2229,0.2174
0.2021,0.2086
0.2178,0.2147
0.2081,0.1987
0.2103,0.2345
0.2202,0.234
0.24,0.2407
0.2284,0.2253
0.2366,0.257
0.2769,0.3037
0.229,0.266
0.2487,0.257
0.2925,0.317
0.2544,0.2786
0.2612,0.2683
0.1605,0.1652
0.186,0.1766
0.1671,0.1619
0.183,0.1917
0.2522,0.2544
0.1858,0.215
0.2245,0.222
0.2742,0.2847
0.2356,0.2361
0.2544,0.241
0.2284,0.2925
0.2037,0.2352
0.2307,0.2522
0.2593,0.2717
0.223,0.2219
0.2446,0.2317
0.254,0.286
0.2313,0.2399
0.256,0.2485
0.2123,0.2039
0.3145,0.3247
0.2042,0.2135
0.1699,0.1744
0.1494,0.156
0.244,0.252
0.261,0.271
0.2708,0.2496
0.3042,0.297
0.3008,0.301
0.313,0.312
0.3335,0.3333
0.2852,0.2915
0.2908,0.3015
0.2847,0.2913
0.252,0.258
0.2832,0.293
0.2573,0.2646
0.2231,0.2288
0.2986,0.2998
0.272,0.282
0.2698,0.2756
0.2866,0.2732
0.2563,0.2678
0.2573,0.2734
0.246,0.264
0.2456,0.2554
0.2362,0.2454
0.2234,0.2411
0.2373,0.241
0.2476,0.2424
0.2537,0.2423
0.2407,0.2211
0.2435,0.2325
0.2246,0.2267
0.228,0.235
0.223,0.2279
0.2323,0.2349
0.2593,0.2615
0.2634,0.2703
0.274,0.2742
0.281,0.2852
0.221,0.2195
0.2421,0.2302
0.2756,0.2937
0.2761,0.3003
0.2388,0.2393
0.2676,0.259
0.2605,0.2554
0.253,0.2493
0.2291,0.2422
0.2332,0.2386
0.2333,0.244
0.2676,0.2795
0.2444,0.2683
0.2576,0.2656
0.2583,0.2725
0.2458,0.2627
0.2236,0.2534
0.2377,0.2495
0.238,0.2583
0.2391,0.2495
0.2422,0.246
0.265,0.2673
0.2686,0.2573
0.256,0.2585
0.2505,0.2445
0.2673,0.2605
0.2542,0.2678
0.2568,0.2598
0.2479,0.2615
0.2201,0.2415
0.2218,0.2312
0.2646,0.261
0.2644,0.2644
0.264,0.2666
0.2825,0.2803
0.268,0.2754
0.2712,0.283
0.2637,0.2725
0.257,0.274
0.2352,0.2747
0.2457,0.27
0.176,0.1809
0.1833,0.1953
0.2072,0.1987
0.2072,0.2019
0.2522,0.2517
0.2522,0.262
0.2507,0.2585
0.177,0.1937
0.2109,0.2593
0.2122,0.2455
0.2827,0.2944
0.275,0.2727
0.252,0.255
0.3171,0.3108
0.2323,0.2467
0.2062,0.2039
0.2131,0.2505
0.1498,0.17
0.1844,0.1737
0.16,0.1661
0.181,0.1776
0.2352,0.2252
0.221,0.2327
0.1898,0.1775
0.1805,0.1832
0.2695,0.2573
0.216,0.214
0.1979,0.2006
0.1743,0.1882
0.2517,0.252
0.2607,0.2688
0.2452,0.2351
0.248,0.2551
0.2532,0.2588
0.2345,0.237
0.2007,0.2034
0.1884,0.1891
0.2488,0.2461
0.2467,0.2264
0.2146,0.2046
0.204,0.1929
0.2493,0.2438
0.236,0.266
0.2595,0.261
0.2703,0.292
0.2627,0.2625
0.266,0.262
0.2742,0.2842
0.2391,0.2385
0.2075,0.2098
0.218,0.2255
0.2213,0.255
0.2505,0.252
0.2374,0.2466
0.2474,0.2347
0.2632,0.2471
0.1704,0.1693
0.1934,0.1965
0.1971,0.2018
0.2052,0.2053
0.2155,0.2141
0.2883,0.2825
0.2825,0.2795
0.2856,0.279
0.2812,0.3022
0.281,0.2927
0.2727,0.2974
0.2805,0.3003
0.3003,0.3074
0.293,0.3071
0.2217,0.217
0.2335,0.2379
0.3174,0.3208
0.2878,0.316
0.2668,0.275
0.2267,0.2345
0.23,0.2327
0.1915,0.2031
0.2534,0.2637
0.2484,0.2512
0.236,0.244
0.255,0.254
0.2435,0.2355
0.2241,0.2351
0.2131,0.2185
0.2089,0.2139
0.2217,0.2268
0.231,0.2324
0.261,0.2634
0.2524,0.2654
0.2356,0.2505
0.2495,0.2656
0.295,0.2957
0.2927,0.2961
0.2847,0.2979
0.296,0.293
0.2935,0.2925
0.285,0.289
0.3135,0.3176
0.307,0.3171
0.3027,0.3171
0.3179,0.3179
0.3152,0.3125
0.3044,0.3113
0.2961,0.2976
0.299,0.297
0.2913,0.3
0.305,0.2964
0.2996,0.2925
0.2896,0.2915
0.1957,0.2042
0.1957,0.1923
0.2085,0.2284
0.2119,0.2186
0.2046,0.2213
0.204,0.2126
0.313,0.2996
0.302,0.3088
0.3103,0.2937
0.302,0.298
0.2969,0.2803
0.2864,0.2878
0.303,0.2976
0.2952,0.3035
0.303,0.2922
0.293,0.2986
0.3032,0.2898
0.297,0.3
0.2219,0.2333
0.254,0.2659
0.2507,0.2522
0.227,0.2354
0.2668,0.2778
0.2399,0.2351
0.2455,0.2483
0.2588,0.2837
0.2463,0.2559
0.2803,0.2837
0.2832,0.2925
0.2339,0.2544
0.2451,0.2656
0.273,0.2925
0.2922,0.3005
0.2542,0.2693
0.269,0.2793
0.2278,0.2406
0.245,0.2438
0.2018,0.2047
0.2263,0.2489
0.2433,0.2578
0.1768,0.1978
0.2034,0.2123
0.2168,0.2156
0.299,0.2915
0.29,0.2896
0.2861,0.2642
0.2905,0.265
0.2456,0.264
0.2314,0.2308
0.2712,0.286
0.2966,0.2898
0.2903,0.2795
0.2922,0.2903
0.269,0.2666
0.2947,0.2925
0.2905,0.2883
0.2263,0.23
0.2203,0.222
0.2219,0.2053
0.2118,0.2177
0.2213,0.1946
0.3174,0.3342
0.3225,0.332
0.3254,0.3142
0.3188,0.3188
0.312,0.3286
0.3225,0.3271
0.3147,0.3052
0.3162,0.3206
0.304,0.3037
0.314,0.3105
0.3174,0.2915
0.312,0.303
0.32,0.3186
0.3318,0.3215
0.33,0.2964
0.3284,0.3098
0.3215,0.3242
0.3333,0.3252
0.3271,0.3052
0.3237,0.314
0.2805,0.2803
0.2576,0.2402
0.248,0.261
0.2233,0.2305
0.283,0.2854
0.291,0.2964
0.2976,0.2808
0.2983,0.3054
0.2334,0.2404
0.2769,0.2832
0.1942,0.2286
0.2336,0.2445
0.312,0.3079
0.3167,0.3132
0.3245,0.3235
0.3281,0.3281
0.312,0.3079
0.3167,0.3132
0.2495,0.2488
0.2366,0.2368
0.2615,0.2617
0.241,0.2487
0.2278,0.2396
0.2578,0.262
0.3655,0.357
0.368,0.3662
0.3442,0.3318
0.3499,0.3342
0.3577,0.3462
0.2546,0.2778
0.2578,0.2705
0.2031,0.2
0.2214,0.2249
0.2457,0.205
0.2004,0.201
0.258,0.2308
0.2185,0.2231
0.247,0.2472
0.2283,0.2322
0.312,0.319
0.2983,0.3008
0.3186,0.3184
0.3271,0.316
0.289,0.3086
0.28,0.2964
0.255,0.276
0.2744,0.2854
0.2185,0.256
0.1957,0.2394
0.1982,0.1969
0.2056,0.1998
0.208,0.2058
0.2126,0.2156
0.2598,0.2686
0.2467,0.2554
0.2742,0.283
0.2585,0.2705
0.2434,0.2421
0.2418,0.2524
0.25,0.2578
0.2534,0.271
0.267,0.2732
0.2822,0.2778
0.2993,0.301
0.2937,0.295
0.2976,0.296
0.3062,0.301
0.3247,0.3118
0.322,0.3164
0.256,0.2478
0.252,0.2617
0.227,0.2389
0.2527,0.2563
0.2725,0.2837
0.2495,0.2441
0.2244,0.212
0.2314,0.2349
0.2394,0.255
0.2145,0.2238
0.2598,0.268
0.207,0.2108
0.2367,0.229
0.2406,0.2214
0.2397,0.2754
0.257,0.2654
0.2766,0.2778
0.271,0.273
0.2319,0.2404
0.2379,0.2338
0.2832,0.2908
0.2715,0.2788
0.28,0.279
0.2487,0.2698
0.2532,0.2666
0.2378,0.2438
0.2416,0.2502
0.2498,0.2499
0.288,0.2812
0.2225,0.223
0.238,0.2347
0.197,0.2046
0.2432,0.2434
0.2573,0.2568
0.2173,0.216
0.1819,0.1793
0.1868,0.1895
0.2622,0.2554
0.2213,0.2189
0.1992,0.2006
0.2698,0.2727
0.2456,0.2443
0.2314,0.2278
0.1918,0.1918
0.273,0.2751
0.2642,0.2856
0.2478,0.258
0.251,0.2654
0.252,0.2573
0.3176,0.315
0.2507,0.2551
0.2361,0.2443
0.2406,0.2542
0.2367,0.2433
0.3064,0.3008
0.2512,0.2551
0.2183,0.2607
0.2222,0.2683
0.2184,0.2625
0.2952,0.3022
0.2356,0.2668
0.1818,0.1865
0.2068,0.1923
0.2472,0.254
0.2551,0.2808
0.2451,0.2683
0.2856,0.2664
0.2152,0.2266
0.2407,0.2651
0.2214,0.2172
0.2445,0.2432
0.2494,0.2634
0.2357,0.2627
0.2406,0.2551
0.2361,0.2615
0.2534,0.257
0.3003,0.3025
0.307,0.3174
0.3013,0.3074
0.3015,0.306
0.2986,0.3027
0.302,0.3015
0.2676,0.27
0.2637,0.266
0.2695,0.2722
0.2668,0.2712
0.2695,0.2708
0.2659,0.2793
0.262,0.2612
0.2632,0.259
0.2622,0.2637
0.2664,0.2612
0.263,0.266
0.262,0.2593
0.2795,0.301
0.3115,0.3254
0.2927,0.3113
0.3,0.3064
0.289,0.3044
0.2942,0.306
0.2722,0.2563
0.2822,0.2703
0.2756,0.2717
0.281,0.267
0.2776,0.2654
0.2786,0.263
0.288,0.2915
0.2913,0.304
0.2861,0.2964
0.2905,0.2927
0.2822,0.292
0.278,0.292
0.2659,0.2542
0.252,0.2489
0.266,0.284
0.2659,0.2559
0.242,0.2452
0.2487,0.241
0.2462,0.2354
0.2374,0.2173
0.2507,0.2559
0.2407,0.2502
0.2659,0.2588
0.253,0.2686
0.2489,0.2384
0.1959,0.1877
0.2103,0.208
0.1956,0.1946
0.2666,0.2622
0.2754,0.2805
0.2673,0.2817
0.2605,0.2637
0.2732,0.276
0.297,0.281
0.2822,0.2808
0.294,0.294
0.247,0.2456
0.2435,0.2456
0.2286,0.2295
0.2261,0.2343
0.3203,0.3198
0.309,0.3086
0.323,0.325
0.3145,0.3076
0.2625,0.2632
0.2593,0.2588
0.2189,0.222
0.2194,0.2174
0.2654,0.2688
0.254,0.2744
0.2445,0.2551
0.2695,0.2705
0.2798,0.2727
0.2625,0.2625
0.2754,0.2905
0.2676,0.2793
0.1819,0.2102
0.1763,0.1945
0.1619,0.1942
0.1665,0.1875
0.2314,0.2008
0.2435,0.2219
0.2383,0.2118
0.2805,0.282
0.2656,0.2778
0.198,0.2345
0.2104,0.2194
0.2406,0.2482
0.2566,0.2351
0.2347,0.2445
0.2461,0.2347
0.2705,0.2764
0.2874,0.2935
0.295,0.3057
0.2783,0.2917
0.2942,0.3044
0.2773,0.2742
0.2898,0.291
0.304,0.3115
0.2825,0.2932
0.3005,0.3062
0.2744,0.2686
0.2825,0.2866
0.2974,0.3037
0.2754,0.2896
0.2937,0.2988
0.2664,0.2578
0.2751,0.2773
0.2883,0.2898
0.2544,0.2742
0.2834,0.2832
0.2169,0.2045
0.2435,0.241
0.2551,0.2598
0.2583,0.2617
0.2559,0.2493
0.2656,0.2515
0.2218,0.242
0.2251,0.2393
0.2075,0.1997
0.1685,0.1826
0.2037,0.2083
0.2223,0.1985
0.2375,0.2306
0.2761,0.2693
0.2499,0.2408
0.2234,0.235
0.2039,0.2291
0.2734,0.2786
0.2476,0.2489
0.267,0.2673
0.2172,0.2213
0.2223,0.2249
0.2856,0.296
0.2817,0.2883
0.2281,0.234
0.2634,0.259
0.2365,0.235
0.2761,0.2822
0.2483,0.2477
0.2302,0.2397
0.253,0.2537
0.2717,0.2656
0.2551,0.2588
0.2686,0.2656
0.264,0.2598
0.2498,0.2546
0.2605,0.2578
0.2317,0.2322
0.2305,0.2233
0.2462,0.2527
0.2517,0.2542
0.2274,0.229
0.2329,0.2295
0.2258,0.2219
0.2421,0.2485
0.2334,0.2323
0.2683,0.2622
0.2778,0.269
0.2593,0.2512
0.265,0.259
0.2793,0.2734
0.2756,0.2788
0.219,0.2196
0.2181,0.2181
0.2236,0.2278
0.2496,0.2322
0.2422,0.2467
0.2462,0.2339
0.2421,0.2468
0.2349,0.2235
0.2325,0.2312
0.3074,0.303
0.2179,0.2281
0.3025,0.2896
0.205,0.2064
0.2747,0.274
0.2783,0.2893
0.2399,0.2413
0.2433,0.2491
0.2206,0.2261
0.242,0.2318
0.2313,0.2406
0.2507,0.2491
0.234,0.2494
0.254,0.2593
0.2183,0.2249
0.2417,0.2354
0.2625,0.267
0.2417,0.2467
0.2476,0.2527
0.2395,0.2435
0.266,0.2712
0.2457,0.2556
0.2485,0.2563
0.2423,0.2546
0.2476,0.2429
0.2274,0.2305
0.2349,0.2324
0.2222,0.2332
0.2554,0.2603
0.2362,0.2418
0.2445,0.248
0.2286,0.2368
0.2742,0.2861
0.2228,0.2457
0.2188,0.2295
0.2058,0.2279
0.2944,0.2896
0.2437,0.2502
0.2378,0.2336
0.2277,0.2346
0.2615,0.2537
0.267,0.2742
0.1714,0.1903
0.216,0.2471
0.225,0.2668
0.1844,0.1892
0.1753,0.1909
0.192,0.1888
0.1863,0.194
0.1897,0.1852
0.177,0.175
0.2042,0.2323
0.2129,0.2313
0.2086,0.2238
0.222,0.2456
0.2059,0.242
0.2361,0.2417
0.2717,0.3044
0.2715,0.2986
0.2625,0.2996
0.2832,0.3162
0.2832,0.312
0.2817,0.3096
0.2668,0.2761
0.2563,0.2603
0.2491,0.2534
0.2708,0.2954
0.2786,0.2917
0.2554,0.2886
0.2754,0.2751
0.3154,0.3206
0.3196,0.317
0.3096,0.3132
0.2219,0.2294
0.1937,0.2195
0.2327,0.231
0.2091,0.206
0.1846,0.1945
0.2246,0.2081
0.2175,0.2128
0.2115,0.1992
0.1976,0.1946
0.1722,0.1561
0.2004,0.1995
0.2605,0.2554
0.2676,0.273
0.277,0.265
0.2786,0.27
0.2964,0.2974
0.296,0.294
0.2512,0.242
0.3074,0.303
0.2812,0.297
0.2786,0.2908
0.2566,0.272
0.2369,0.244
0.221,0.2316
0.2208,0.2346
0.2014,0.236
0.1995,0.2368
0.1906,0.2216
0.2358,0.251
0.2847,0.2788
0.272,0.2727
0.2585,0.2566
0.2625,0.2844
0.2666,0.2793
0.2363,0.2625
0.295,0.2961
0.3193,0.3057
0.2844,0.2957
0.3066,0.3093
0.267,0.29
0.2844,0.2988
0.2406,0.2354
0.2808,0.261
0.2627,0.267
0.2861,0.2852
0.1963,0.2047
0.233,0.2493
0.2637,0.2668
0.3076,0.3054
0.3015,0.3154
0.2324,0.2351
0.2057,0.2131
0.2076,0.2181
0.2034,0.2076
0.205,0.2249
0.212,0.2183
0.2102,0.2178
0.2122,0.2104
0.1963,0.2003
0.197,0.197
0.2161,0.214
0.1987,0.2084
0.2148,0.2262
0.1964,0.1982
0.2119,0.2388
0.1974,0.2131
0.2073,0.1985
0.2595,0.2703
0.273,0.2805
0.2646,0.271
0.2773,0.2825
0.2979,0.2913
0.2944,0.2925
0.28,0.2922
0.2715,0.2925
0.2668,0.261
0.2632,0.2625
0.3057,0.298
0.302,0.3005
0.2742,0.2598
0.1925,0.201
0.2,0.2129
0.2246,0.1975
0.2407,0.2349
0.2375,0.2231
0.2668,0.2825
0.2852,0.2886
0.266,0.2642
0.2651,0.2566
0.271,0.2625
0.2296,0.2437
0.2817,0.283
0.2842,0.281
0.2428,0.2429
0.2491,0.2551
0.2181,0.2703
0.2268,0.2598
0.23,0.2505
0.1781,0.2192
0.176,0.2092
0.2028,0.2118
0.2015,0.2047
0.2036,0.2235
0.2024,0.2198
0.1991,0.2075
0.202,0.2123
0.2281,0.2333
0.2152,0.2247
0.2158,0.2157
0.2245,0.2227
0.1761,0.1941
0.1855,0.1842
0.2056,0.202
0.1982,0.1788
0.2009,0.1876
0.2148,0.2156
0.2197,0.218
0.2267,0.2467
0.2074,0.2078
0.2267,0.2194
0.2269,0.2465
0.2424,0.2607
0.2295,0.2494
0.2076,0.2058
0.196,0.1974
0.2067,0.2172
0.1968,0.1965
0.191,0.192
0.1915,0.1752
0.2484,0.2379
0.2327,0.2216
0.2006,0.2053
0.2205,0.2118
0.1979,0.2081
0.1887,0.2114
0.1862,0.1993
0.201,0.2057
0.1996,0.1898
0.188,0.1991
0.1871,0.186
0.1764,0.1953
0.1799,0.1925
0.1779,0.18
0.29,0.2898
0.2837,0.288
0.2854,0.2864
0.279,0.286
0.2812,0.2822
0.275,0.282
0.19,0.1941
0.1823,0.1909
0.1927,0.2017
0.1672,0.194
0.1785,0.1884
0.1555,0.18
0.1862,0.1927
0.1749,0.1902
0.2384,0.2258
0.306,0.3047
0.279,0.283
0.2218,0.2634
0.2366,0.2473
0.2515,0.2708
0.2834,0.3
0.2498,0.2559
0.2422,0.2484
0.2202,0.1934
0.2161,0.2172
0.2323,0.2482
0.343,0.3396
0.3362,0.323
0.3167,0.3223
0.308,0.3037
0.2563,0.259
0.2068,0.2125
0.2167,0.2252
0.1915,0.1917
0.1968,0.2012
0.2722,0.272
0.278,0.271
0.2693,0.2722
0.2544,0.2588
0.2487,0.2627
0.2467,0.251
0.2441,0.2402
0.2686,0.2666
0.2778,0.28
0.2742,0.29
0.273,0.2776
0.2832,0.3003
0.2651,0.274
0.2563,0.3003
0.2993,0.29
0.3003,0.3066
0.2323,0.247
0.2141,0.1935
0.19,0.1831
0.2776,0.268
0.2737,0.2922
0.2817,0.2695
0.2537,0.269
0.1791,0.1895
0.2098,0.2167
0.2578,0.2605
0.2446,0.2477
0.2827,0.2734
0.2725,0.2793
0.217,0.2301
0.2128,0.2246
0.2432,0.2378
0.2319,0.2362
0.2411,0.2517
0.1908,0.1823
0.1925,0.1998
0.1805,0.2045
0.196,0.2303
0.2761,0.2764
0.2922,0.2952
0.2864,0.293
0.2844,0.294
0.2854,0.2903
0.282,0.2922
0.2744,0.285
0.2391,0.2389
0.2354,0.2407
0.2266,0.2406
0.2396,0.2554
0.2363,0.2554
0.2279,0.2542
0.2344,0.2388
0.2236,0.2266
0.2197,0.2317
0.21,0.2327
0.2593,0.262
0.2417,0.2507
0.2435,0.2551
0.2252,0.2407
0.2717,0.2847
0.2832,0.2842
0.28,0.282
0.2776,0.2861
0.2854,0.2832
0.2812,0.2844
0.2644,0.2766
0.2773,0.2761
0.2737,0.2732
0.2627,0.2732
0.2664,0.2693
0.2725,0.281
0.2688,0.2737
0.264,0.2678
0.2612,0.2637
0.2969,0.2852
0.2734,0.278
0.2983,0.285
0.2732,0.279
0.2898,0.2783
0.2656,0.2712
0.1953,0.1965
0.1875,0.1926
0.1947,0.1979
0.1892,0.1897
0.1912,0.1924
0.1849,0.1868
0.2263,0.2343
0.2076,0.2124
0.2104,0.2412
0.1934,0.2194
0.2377,0.2379
0.2117,0.2173
0.212,0.2203
0.1998,0.2054
0.2301,0.2264
0.2244,0.2057
0.2578,0.2632
0.2435,0.2299
0.1909,0.2104
0.1918,0.233
0.2089,0.2173
0.2255,0.2258
0.2223,0.2422
0.2345,0.2303
0.2275,0.1926
0.2222,0.1969
0.2383,0.2433
0.2357,0.2294
0.2705,0.273
0.2551,0.261
0.2488,0.2568
0.256,0.251
0.1937,0.1968
0.301,0.2974
0.2627,0.2786
0.2052,0.2064
0.201,0.1931
0.2074,0.2135
0.1969,0.1827
0.2316,0.2114
0.2224,0.2268
0.2112,0.2327
0.2047,0.2374
0.2588,0.2598
0.2588,0.2588
0.2269,0.2223
0.201,0.2089
0.2041,0.2224
0.2179,0.204
0.2294,0.2372
0.2262,0.207
0.238,0.2397
0.2285,0.2394
0.293,0.2827
0.2876,0.2798
0.2937,0.2927
0.2678,0.2783
0.2583,0.2632
0.2732,0.2778
0.2335,0.2556
0.2426,0.239
0.2966,0.2952
0.286,0.291
0.271,0.2742
0.265,0.2683
0.2856,0.2869
0.2769,0.276
0.2583,0.2517
0.2484,0.2488
0.2163,0.1995
0.1854,0.187
0.2314,0.2334
0.2235,0.2213
0.2612,0.2473
0.259,0.2499
0.2498,0.2451
0.2805,0.2842
0.283,0.26
0.2754,0.2593
0.2437,0.2522
0.2144,0.2262
0.2346,0.2279
0.2126,0.2341
0.2155,0.2482
0.235,0.2275
0.2507,0.2478
0.2369,0.271
0.2637,0.2834
0.2482,0.255
0.2344,0.2307
0.2517,0.2461
0.2368,0.2147
0.3076,0.3167
0.2922,0.2854
0.2668,0.272
0.2603,0.2761
0.2391,0.2456
0.2878,0.2935
0.282,0.2908
0.2566,0.2603
0.2942,0.2993
0.2905,0.2954
0.2632,0.2715
0.294,0.2937
0.2896,0.2915
0.277,0.2722
0.2974,0.2942
0.2961,0.2974
0.2644,0.2686
0.2925,0.2932
0.2988,0.3044
0.2952,0.3022
0.2903,0.3037
0.2969,0.2974
0.2778,0.2832
0.286,0.2876
0.2825,0.2832
0.2864,0.2856
0.265,0.261
0.2603,0.2576
0.257,0.2512
0.2483,0.2283
0.235,0.2466
0.2333,0.2477
0.2194,0.224
0.2242,0.2366
0.2153,0.228
0.259,0.3137
0.3071,0.3025
0.3083,0.3015
0.2379,0.261
0.2385,0.2401
0.2656,0.2544
0.2556,0.2505
0.2366,0.263
0.212,0.2496
0.2546,0.2898
0.2391,0.267
0.274,0.2747
0.3064,0.3196
0.2493,0.2598
0.2391,0.2532
0.2329,0.2476
0.2517,0.257
0.2668,0.2793
0.2153,0.2108
0.2888,0.2747
0.2415,0.2463
0.2705,0.275
0.289,0.2893
0.2393,0.2568
0.2822,0.2856
0.2917,0.2915
0.223,0.223
0.1979,0.2122
0.1974,0.2163
0.1996,0.2245
0.2303,0.2296
0.1941,0.1982
0.2123,0.2374
0.1996,0.2289
0.252,0.2598
0.2546,0.2644
0.2622,0.2737
0.2773,0.2761
0.1954,0.1862
0.2019,0.2114
0.1879,0.2007
0.2236,0.2207
0.2197,0.2306
0.2124,0.2346
0.2292,0.2534
0.258,0.2646
0.2361,0.2433
0.2566,0.2734
0.2281,0.2427
0.2693,0.2874
0.2354,0.2573
0.2773,0.2805
0.2588,0.267
0.1913,0.1737
0.182,0.1697
0.276,0.2744
0.2385,0.2349
0.2598,0.2866
0.214,0.2195
0.2064,0.1979
0.2488,0.2335
0.214,0.192
0.2273,0.2064
0.2179,0.1788
0.2358,0.2113
0.2551,0.2426
0.2258,0.2137
0.2052,0.2166
0.2089,0.1962
0.2094,0.1843
0.2427,0.2152
0.2108,0.1929
0.2174,0.1908
0.2262,0.2306
0.243,0.2416
0.2235,0.2345
0.2864,0.3047
0.2874,0.295
0.2216,0.2197
0.2063,0.2103
0.309,0.3179
0.3027,0.312
0.3152,0.3044
0.3057,0.2954
0.3152,0.3123
0.302,0.3113
0.2903,0.283
0.284,0.2766
0.2585,0.254
0.257,0.2527
0.2559,0.2625
0.2266,0.2281
0.2788,0.2913
0.2937,0.2961
0.2452,0.2654
0.2737,0.2786
0.2754,0.2915
0.2495,0.2734
0.287,0.295
0.2686,0.2637
0.306,0.3052
0.2715,0.263
0.2532,0.2491
0.2668,0.2754
0.2644,0.2627
0.2673,0.2712
0.2512,0.2534
0.2998,0.294
0.2957,0.286
0.292,0.312
0.2922,0.3203
0.2805,0.2852
0.3052,0.3066
0.3025,0.3015
0.2384,0.251
0.2379,0.2554
0.2927,0.3135
0.304,0.3027
0.2966,0.3118
0.3027,0.3027
0.2952,0.2935
0.2842,0.2822
0.256,0.2563
0.2485,0.252
0.2301,0.2396
0.2338,0.2041
0.244,0.2878
0.2484,0.29
0.2883,0.2957
0.2932,0.3
0.273,0.2712
0.2644,0.279
0.2585,0.257
0.2515,0.257
0.2468,0.2421
0.217,0.2301
0.2133,0.2379
0.2418,0.2329
0.2563,0.2568
0.2764,0.2725
0.286,0.2893
0.2622,0.2756
0.2659,0.288
0.2612,0.2817
0.2664,0.294
0.2715,0.2856
0.2263,0.2284
0.2374,0.2328
0.2517,0.2384
0.2361,0.2272
0.258,0.2517
0.2455,0.2422
0.2595,0.2478
0.2534,0.2473
0.2505,0.2544
0.2515,0.2461
0.2311,0.2329
0.2488,0.2544
0.2913,0.2993
0.2893,0.3003
0.2979,0.3015
0.294,0.3047
0.2389,0.2296
0.2401,0.2242
0.2478,0.2458
0.2449,0.2338
0.2216,0.2201
0.2311,0.2424
0.2362,0.2397
0.2429,0.2654
0.2366,0.2372
0.2542,0.2642
0.2346,0.237
0.2445,0.2598
0.2905,0.3103
0.3025,0.2947
0.3066,0.3293
0.225,0.236
0.2527,0.2472
0.2421,0.2476
0.2373,0.2456
0.274,0.2693
0.2773,0.2827
0.2285,0.2367
0.2301,0.2396
0.2476,0.255
0.2437,0.2527
0.2391,0.262
0.2834,0.2812
0.3147,0.3027
0.2642,0.2903
0.2761,0.2698
0.2607,0.2683
0.224,0.2305
0.2703,0.2742
0.2886,0.2961
0.2844,0.2769
0.2917,0.295
0.3137,0.296
0.2976,0.2947
0.3245,0.3157
0.3074,0.316
0.223,0.2273
0.2783,0.281
0.2942,0.2952
0.3198,0.3306
0.2563,0.2605
0.2644,0.2651
0.296,0.304
0.3088,0.3103
0.3057,0.308
0.2783,0.28
0.2861,0.2815
0.2856,0.2847
0.2585,0.287
0.276,0.2898
0.266,0.2854
0.2554,0.2634
0.268,0.2708
0.2126,0.2194
0.2296,0.2261
0.2456,0.2395
0.254,0.2349
0.2413,0.2522
0.2416,0.2423
0.2479,0.2573
0.2441,0.2491
0.2527,0.256
0.2559,0.256
0.3037,0.2996
0.299,0.2764
0.3235,0.3298
0.315,0.3215
0.3303,0.3347
0.298,0.29
0.291,0.274
0.275,0.2812
0.2576,0.262
0.2441,0.2229
0.2297,0.2341
0.2428,0.2357
0.2323,0.2415
0.24,0.2206
0.2205,0.227
0.2412,0.2323
0.2224,0.2346
0.2396,0.2261
0.2175,0.2316
0.2284,0.2223
0.2106,0.2262
0.2349,0.2345
0.2384,0.2334
0.2898,0.2874
0.259,0.2698
0.2866,0.2778
0.2705,0.2659
0.297,0.2961
0.311,0.3057
0.3052,0.3018
0.3052,0.3042
0.2927,0.3008
0.1705,0.173
0.2466,0.2544
0.3157,0.3147
0.3171,0.3186
0.1754,0.1877
0.1617,0.1802
0.1802,0.1991
0.301,0.319
0.2825,0.28
0.2744,0.2937
0.254,0.252
0.245,0.245
0.214,0.2147
0.2184,0.2267
0.2366,0.2415
0.241,0.2484
0.254,0.2542
0.2583,0.261
0.2051,0.2137
0.1968,0.2063
0.1924,0.199
0.2025,0.217
0.2008,0.211
0.1957,0.2087
0.3247,0.3188
0.3276,0.3152
0.2059,0.2115
0.1888,0.2053
0.18,0.1862
0.17,0.1826
0.1798,0.1808
0.1803,0.2008
0.1664,0.1887
0.177,0.1926
0.2717,0.268
0.2896,0.2783
0.2812,0.2769
0.2964,0.2854
0.257,0.218
0.2261,0.2074
0.2449,0.2244
0.2214,0.2147
0.3076,0.3062
0.2837,0.286
0.3096,0.3113
0.2886,0.2905
0.2472,0.2695
0.2246,0.2231
0.2037,0.2168
0.2284,0.2405
0.2756,0.275
0.1974,0.2192
0.2312,0.2291
0.2024,0.2277
0.251,0.2483
0.222,0.2468
0.2432,0.2476
0.2822,0.2756
0.3042,0.3074
0.2374,0.2961
0.2822,0.293
0.2605,0.2686
0.263,0.268
0.26,0.2449
0.2542,0.238
0.2361,0.2316
0.2361,0.2389
0.2482,0.2485
0.1698,0.1747
0.262,0.2576
0.2556,0.265
0.2386,0.2329
0.2289,0.2317
0.3245,0.3452
0.3196,0.3418
0.3296,0.3337
0.3145,0.3176
0.2888,0.2832
0.2712,0.2532
0.2754,0.277
0.2808,0.2588
0.2471,0.254
0.2683,0.2566
0.2827,0.277
0.2864,0.2712
0.2288,0.2327
0.2118,0.223
0.2181,0.2299
0.1973,0.1997
0.2119,0.2113
0.306,0.2974
0.2642,0.2637
0.2439,0.2373
0.269,0.253
0.2622,0.2462
0.2908,0.2964
0.2754,0.2803
0.2988,0.3015
0.2378,0.2368
0.2373,0.2261
0.2477,0.2426
0.3083,0.313
0.3083,0.3052
0.3162,0.3186
0.3196,0.3213
0.3164,0.3115
0.3315,0.3308
0.192,0.2054
0.2517,0.2522
0.2542,0.2512
0.2426,0.243
0.2244,0.2305
0.2888,0.2925
0.2395,0.2263
0.2197,0.2314
0.1617,0.1499
0.167,0.1808
0.2391,0.2273
0.2627,0.271
0.1792,0.1628
0.176,0.1787
0.2312,0.2288
0.2462,0.2462
0.2522,0.2722
0.2678,0.289
0.2108,0.2029
0.2059,0.2191
0.2408,0.2428
0.2576,0.254
0.2566,0.2627
0.254,0.2593
0.2622,0.2688
0.2474,0.2388
0.2717,0.2583
0.1846,0.1796
0.1749,0.1735
0.2693,0.2642
0.2788,0.275
0.2103,0.2255
0.2664,0.2756
0.2747,0.2888
0.269,0.2634
0.2267,0.2423
0.248,0.2625
0.2546,0.2664
0.2898,0.295
0.2744,0.283
0.2625,0.2715
0.294,0.2983
0.2915,0.296
0.3015,0.3018
0.268,0.2668
0.244,0.252
0.2698,0.264
0.249,0.253
0.28,0.2798
0.2847,0.2888
0.2896,0.2913
0.2927,0.2866
0.2922,0.2952
0.2932,0.287
0.2922,0.2932
0.2917,0.288
0.2605,0.2433
0.2404,0.2405
0.2507,0.2295
0.2292,0.2264
0.2496,0.2466
0.29,0.2964
0.3113,0.3208
0.3013,0.3096
0.282,0.2754
0.2896,0.2925
0.258,0.254
0.2556,0.2443
0.2446,0.2588
0.2625,0.2607
0.2451,0.2491
0.2585,0.2435
0.2377,0.2678
0.2502,0.2554
0.2578,0.2715
0.2578,0.2578
0.2477,0.283
0.2642,0.277
0.2307,0.2344
0.2795,0.2903
0.2517,0.2627
0.2654,0.274
0.2373,0.2289
0.2603,0.2559
0.2727,0.2847
0.3047,0.3071
0.293,0.2996
0.3105,0.3132
0.3086,0.3171
0.2954,0.2937
0.304,0.3145
0.2886,0.2898
0.3464,0.358
0.343,0.3567
0.3247,0.3281
0.3232,0.3208
0.2917,0.3
0.2869,0.3018
0.2854,0.2742
0.2769,0.2727
0.2898,0.2915
0.276,0.272
0.2842,0.2922
0.2832,0.295
0.2805,0.2803
0.2893,0.2766
0.2825,0.277
0.2893,0.2737
0.2932,0.2986
0.2893,0.2908
0.2563,0.261
0.2352,0.2389
0.2025,0.1952
0.2372,0.2498
0.1818,0.1958
0.2693,0.2637
0.1948,0.1827
0.228,0.2286
0.288,0.28
0.2979,0.2905
0.2164,0.2358
0.2158,0.2157
0.2169,0.2188
0.244,0.29
0.2793,0.2861
0.2778,0.2896
0.2186,0.2218
0.1996,0.2131
0.2507,0.266
0.2847,0.2747
0.2455,0.2458
0.2688,0.2524
0.277,0.2732
0.269,0.262
0.2842,0.272
0.275,0.2773
0.2925,0.2888
0.2925,0.2866
0.3042,0.2932
0.2197,0.2339
0.2327,0.2399
0.2285,0.2339
0.2385,0.2603
0.24,0.263
0.2103,0.2065
0.2034,0.1918
0.1998,0.23
0.1775,0.1936
0.1796,0.1989
0.1555,0.1566
0.281,0.3005
0.2625,0.2888
0.299,0.3105
0.2361,0.2427
0.203,0.1852
0.1819,0.1886
0.2385,0.2405
0.2266,0.2231
0.1744,0.1644
0.2456,0.2494
0.2394,0.2369
0.2379,0.2394
0.2566,0.2617
0.2617,0.259
0.2474,0.2534
0.2462,0.2499
0.2429,0.2412
0.235,0.2312
0.2505,0.254
0.186,0.1936
0.183,0.1769
0.1483,0.1757
0.146,0.1687
0.1597,0.179
0.157,0.168
0.1774,0.1968
0.1788,0.1814
0.2683,0.282
0.2391,0.2454
0.2391,0.2294
0.2402,0.241
0.2261,0.2266
0.2023,0.1787
0.2306,0.2357
0.2316,0.2347
0.245,0.2386
0.2598,0.264
0.2068,0.2059
0.2568,0.2428
0.1968,0.1976
0.2261,0.2184
0.2399,0.2527
0.2456,0.2413
0.2014,0.1956
0.2063,0.1969
0.3164,0.2954
0.2979,0.2974
0.3005,0.298
0.298,0.286
0.3105,0.3047
0.2966,0.3052
0.306,0.308
0.3008,0.3044
0.3381,0.3328
0.3171,0.3306
0.3362,0.3296
0.3245,0.3308
0.2605,0.2532
0.2372,0.2537
0.2607,0.2588
0.2405,0.2537
0.2386,0.2356
0.2252,0.2301
0.238,0.2365
0.2244,0.2349
0.2385,0.2374
0.2443,0.242
0.2235,0.244
0.2062,0.2384
0.2312,0.2014
0.2108,0.2068
0.2207,0.2173
0.2031,0.2212
0.1974,0.1906
0.2217,0.2039
0.2028,0.2074
0.2229,0.222
0.2078,0.1892
0.2092,0.2053
0.2878,0.2847
0.2866,0.2869
0.2769,0.2788
0.28,0.2825
0.2336,0.2174
0.2249,0.2284
0.1887,0.188
0.1772,0.1906
0.1537,0.184
0.1921,0.1836
0.1831,0.174
0.2015,0.2079
0.2102,0.2123
0.2179,0.2122
0.2131,0.2122
0.1881,0.1898
0.1763,0.1946
0.2177,0.2368
0.258,0.2698
0.298,0.3008
0.302,0.3054
0.298,0.2925
0.3005,0.3076
0.3105,0.31
0.3013,0.3027
0.3037,0.3054
0.3057,0.3079
0.32,0.3147
0.311,0.313
0.315,0.308
0.2407,0.2375
0.273,0.2734
0.246,0.2388
0.2646,0.262
0.2494,0.2297
0.2737,0.2634
0.2462,0.2311
0.2666,0.2676
0.261,0.2646
0.28,0.273
0.2705,0.272
0.288,0.2927
0.2239,0.2057
0.3098,0.309
0.251,0.248
0.2725,0.2698
0.312,0.3083
0.2515,0.2693
0.1954,0.2007
0.2412,0.2474
0.1943,0.2172
0.2322,0.2478
0.1954,0.1802
0.2303,0.2289
0.2378,0.2537
0.2389,0.2632
0.2449,0.2474
0.246,0.2505
0.2905,0.291
0.2754,0.269
0.2328,0.2457
0.2573,0.2502
0.2573,0.2559
0.2148,0.2372
0.228,0.2369
0.1971,0.1986
0.2778,0.2932
0.2213,0.2389
0.2114,0.227
0.2003,0.2262
0.2272,0.2277
0.2191,0.2324
0.2334,0.2499
0.2236,0.2429
0.2322,0.2394
0.2155,0.2261
0.1996,0.1989
0.2155,0.2261
0.213,0.223
0.2098,0.2272
0.2147,0.217
0.2216,0.2242
0.2385,0.2388
0.2373,0.2434
0.2335,0.2211
0.24,0.2255
0.2844,0.268
0.294,0.3013
0.2896,0.2988
0.2927,0.2808
0.2864,0.2761
0.296,0.2915
0.29,0.2886
0.249,0.252
0.2423,0.2278
0.2397,0.2336
0.2299,0.2285
0.2361,0.2203
0.2443,0.2385
0.257,0.252
0.2417,0.2417
0.2556,0.257
0.2344,0.2432
0.2463,0.2532
0.2444,0.2494
0.2542,0.2625
0.2354,0.2451
0.2482,0.2554
0.268,0.2556
0.2537,0.2542
0.2546,0.255
0.2532,0.2566
0.2542,0.2483
0.2761,0.2715
0.258,0.264
0.2656,0.2769
0.277,0.2751
0.262,0.2666
0.2615,0.2534
0.2483,0.2494
0.234,0.2676
0.2242,0.2358
0.2496,0.2427
0.28,0.2654
0.276,0.2742
0.2651,0.268
0.2651,0.264
0.2734,0.2769
0.2498,0.2478
0.299,0.2927
0.307,0.3142
0.2996,0.2966
0.2751,0.279
0.2722,0.2883
0.2627,0.2673
0.2401,0.2351
0.2328,0.2377
0.2196,0.2307
0.2874,0.2908
0.2428,0.2239
0.2084,0.2059
0.1616,0.1641
0.193,0.1887
0.2622,0.2637
0.2998,0.2878
0.2434,0.2476
0.1992,0.1963
0.1691,0.1929
0.1868,0.1907
0.2069,0.2109
0.1996,0.2101
0.1831,0.1774
0.2622,0.2612
0.2605,0.2668
0.253,0.2742
0.1757,0.1738
0.1938,0.1837
0.1846,0.1824
0.2917,0.2815
0.3076,0.3047
0.2878,0.2925
0.3096,0.32
0.2563,0.2634
0.1957,0.1797
0.2147,0.2119
0.3318,0.3423
0.3394,0.347
0.2588,0.2612
0.2708,0.2605
0.283,0.2898
0.289,0.2947
0.2947,0.2883
0.28,0.2861
0.2703,0.2734
0.2477,0.2463
0.2532,0.2595
0.2493,0.2583
0.239,0.247
0.2559,0.2659
0.2412,0.2487
0.2532,0.265
0.2407,0.2485
0.2426,0.2435
0.2627,0.249
0.27,0.2673
0.2423,0.2119
0.2522,0.2382
0.2429,0.2244
0.2388,0.233
0.2412,0.2268
0.2173,0.2001
0.2308,0.2156
0.2487,0.2168
0.2175,0.2137
0.2401,0.2223
0.2474,0.2236
0.2126,0.2277
0.1741,0.1658
0.1987,0.1907
0.2028,0.1942
0.2028,0.2222
0.2148,0.2095
0.2375,0.251
0.2231,0.2386
0.181,0.1703
0.1749,0.1577
0.2103,0.1989
0.2186,0.2078
0.1873,0.1774
0.2015,0.1918
0.2244,0.2393
0.1819,0.215
0.2179,0.2188
0.1998,0.1975
0.2054,0.2384
0.1775,0.1848
0.1879,0.2059
0.2003,0.2018
0.2124,0.2401
0.2053,0.2057
0.1812,0.1906
0.1971,0.1906
0.2078,0.202
0.1902,0.22
0.2081,0.218
0.1797,0.1925
0.1879,0.1963
0.2092,0.2112
0.1796,0.175
0.2054,0.2251
0.1763,0.192
0.1909,0.199
0.1969,0.1796
0.2012,0.1875
0.1948,0.2244
0.2281,0.226
0.201,0.2067
0.2417,0.2262
0.2272,0.2267
0.2228,0.2144
0.227,0.2153
0.244,0.2446
0.2292,0.234
0.2289,0.2277
0.2595,0.2703
0.3037,0.2896
0.29,0.291
0.2659,0.2834
0.3118,0.296
0.293,0.2969
0.2578,0.276
0.304,0.288
0.2803,0.29
0.2444,0.2583
0.2825,0.2686
0.266,0.265
0.2812,0.2607
0.285,0.268
0.2288,0.2347
0.2246,0.2378
0.2352,0.237
0.2805,0.272
0.2717,0.273
0.272,0.2776
0.2983,0.285
0.2754,0.2861
0.31,0.3015
0.306,0.2976
0.3118,0.3188
0.315,0.316
0.21,0.2026
0.2296,0.2313
0.246,0.2461
0.2542,0.2583
0.237,0.2512
0.2983,0.3086
0.3057,0.305
0.2491,0.261
0.223,0.2294
0.2346,0.2402
0.2637,0.277
0.269,0.27
0.2651,0.2676
0.2646,0.2686
0.2415,0.2534
0.2462,0.2788
0.228,0.268
0.2615,0.3047
0.237,0.2815
0.2937,0.2815
0.2842,0.2795
0.2993,0.2922
0.2842,0.288
0.2559,0.2559
0.265,0.2698
0.2803,0.2788
0.2744,0.2856
0.2556,0.2407
0.2496,0.2478
0.2556,0.265
0.2258,0.2273
0.2233,0.2252
0.2612,0.2617
0.1824,0.1859
0.2092,0.2225
0.2798,0.278
0.247,0.238
0.2416,0.2456
0.274,0.277
0.2172,0.2253
0.2754,0.272
0.2498,0.2632
0.27,0.2632
0.262,0.2534
0.1748,0.1849
0.2678,0.2588
0.1973,0.2042
0.2961,0.287
0.2505,0.2354
0.3074,0.3032
0.2595,0.246
0.1947,0.2064
0.2372,0.2361
0.2393,0.2568
0.2434,0.2465
0.2405,0.256
0.2074,0.2045
0.21,0.2009
0.2012,0.1993
0.2347,0.2482
0.2408,0.2415
0.22,0.2216
0.279,0.2866
0.2734,0.2788
0.1847,0.194
0.2673,0.2493
0.2069,0.2178
0.2856,0.2952
0.304,0.3176
0.2998,0.3115
0.2688,0.2712
0.2732,0.25
0.2646,0.2705
0.261,0.2627
0.2268,0.2252
0.2035,0.209
0.2404,0.257
0.2092,0.2411
0.2605,0.2441
0.2322,0.2277
0.2874,0.2847
0.269,0.2754
0.252,0.24
0.2234,0.2289
0.298,0.286
0.2844,0.286
0.2372,0.2379
0.2295,0.2228
0.2134,0.2101
0.2091,0.2087
0.247,0.2349
0.2319,0.2284
0.2354,0.2235
0.1821,0.1887
0.2026,0.211
0.1991,0.2241
0.296,0.2893
0.3047,0.2898
0.254,0.255
0.2207,0.224
0.2346,0.2302
0.2148,0.2263
0.219,0.2283
0.2778,0.2522
0.274,0.2778
0.2439,0.2542
0.2815,0.2869
0.2668,0.282
0.2686,0.2727
0.2808,0.287
0.2284,0.271
0.243,0.2489
0.276,0.2878
0.2257,0.2223
0.22,0.223
0.3203,0.3174
0.3142,0.3113
0.3093,0.2996
0.299,0.2993
0.3088,0.3135
0.297,0.3042
0.1794,0.1571
0.1719,0.166
0.293,0.2715
0.2947,0.2744
0.2817,0.2622
0.2029,0.1932
0.1926,0.1953
0.2617,0.2712
0.2351,0.2345
0.2422,0.2395
0.2343,0.2415
0.315,0.3267
0.3142,0.3203
0.1971,0.2015
0.1969,0.203
0.1985,0.1989
0.2002,0.1979
0.1672,0.1783
0.1665,0.167
0.2465,0.2546
0.246,0.2578
0.1372,0.1409
0.149,0.1619
0.1405,0.1404
0.1335,0.1421
0.1445,0.1617
0.1377,0.144
0.2186,0.2141
0.1895,0.2007
0.29,0.2888
0.2886,0.281
0.2496,0.2522
0.2451,0.2515
0.2228,0.2377
0.2449,0.2527
0.2396,0.2544
0.2181,0.234
0.2412,0.2812
0.1753,0.1614
0.1903,0.1754
0.1742,0.1573
0.2659,0.2695
0.267,0.2834
0.2585,0.2673
0.241,0.2458
0.2468,0.2544
0.243,0.257
0.2384,0.2489
0.2355,0.249
0.2394,0.2374
0.2717,0.2832
0.2776,0.2744
0.2761,0.2786
0.2803,0.2712
0.2405,0.2148
0.2208,0.2286
0.2734,0.2742
0.2593,0.2632
0.2487,0.2494
0.2983,0.308
0.2554,0.2468
0.3022,0.3064
0.2192,0.216
0.2705,0.2664
0.2222,0.2142
0.2063,0.2047
0.289,0.3013
0.2778,0.281
0.2485,0.2325
0.254,0.2449
0.2615,0.2434
0.2479,0.2551
0.2593,0.268
0.2319,0.2312
0.2217,0.2466
0.2617,0.2747
0.2006,0.1992
0.2083,0.2188
0.3196,0.32
0.2905,0.2856
0.3242,0.3206
0.2832,0.2825
0.2563,0.2544
0.2391,0.2444
0.2969,0.303
0.2595,0.2668
0.1575,0.1421
0.3086,0.3188
0.2803,0.2852
0.3203,0.322
0.2998,0.31
0.3125,0.32
0.29,0.3098
0.3127,0.319
0.288,0.308
0.317,0.329
0.292,0.3154
0.1724,0.1741
0.2551,0.258
0.1787,0.1754
0.1597,0.1874
0.2612,0.26
0.1664,0.1836
0.165,0.1625
0.2534,0.2578
0.2205,0.226
0.2487,0.2622
0.2185,0.241
0.3708,0.3809
0.3699,0.3594
0.3445,0.3542
0.3452,0.3413
0.3452,0.3455
0.34,0.3452
0.304,0.3145
0.2996,0.319
0.369,0.367
0.3738,0.3613
0.327,0.3313
0.3313,0.3289
0.2078,0.2042
0.2031,0.2043
0.2119,0.2072
0.2069,0.2107
0.2102,0.2125
0.2206,0.2256
0.2201,0.2251
0.2156,0.2354
0.2126,0.226
0.2966,0.2932
0.2607,0.2664
0.2925,0.3096
0.2773,0.2935
0.1774,0.1788
0.2191,0.2194
0.211,0.209
0.1896,0.2028
0.2537,0.2512
0.261,0.2554
0.1891,0.2028
0.1896,0.2201
0.1888,0.1831
0.2974,0.3257
0.3054,0.327
0.2205,0.2039
0.1824,0.216
0.1847,0.1609
0.2092,0.2102
0.2429,0.2451
0.227,0.2291
0.23,0.2356
0.25,0.2351
0.2496,0.2433
0.2761,0.29
0.2327,0.2412
0.2461,0.2566
0.2563,0.2637
0.2477,0.2292
0.2754,0.2683
0.2554,0.2664
0.2357,0.2546
0.2573,0.2573
0.235,0.2319
0.2191,0.2354
0.2183,0.2336
0.2174,0.2067
0.2223,0.2246
0.2025,0.2358
0.2214,0.2203
0.214,0.2164
0.2783,0.283
0.2566,0.269
0.2617,0.2734
0.292,0.2888
0.254,0.2544
0.2693,0.2507
0.2415,0.2452
0.2656,0.2898
0.2612,0.2852
0.2452,0.2578
0.2593,0.2593
0.26,0.2605
0.2717,0.2712
0.2637,0.2712
0.2551,0.2556
0.2493,0.2456
0.2542,0.2438
0.2517,0.2465
0.2864,0.2913
0.2832,0.2905
0.2786,0.2874
0.281,0.2896
0.2805,0.291
0.284,0.2927
0.2747,0.2776
0.2795,0.2825
0.253,0.2583
0.2568,0.259
0.2783,0.2874
0.215,0.2178
0.2134,0.2349
0.2937,0.3027
0.2935,0.3074
0.309,0.3057
0.3008,0.298
0.2534,0.2542
0.224,0.2289
0.2166,0.2223
0.2416,0.2382
0.2278,0.2299
0.2448,0.2424
0.254,0.2576
0.2659,0.2688
0.2522,0.2593
0.2025,0.2249
0.2095,0.2241
0.2052,0.221
0.2076,0.2168
0.2086,0.2102
0.2059,0.2056
0.2043,0.2169
0.2087,0.2137
0.2059,0.2024
0.1946,0.1946
0.1997,0.1996
0.1953,0.1885
0.192,0.2036
0.1995,0.2057
0.193,0.1945
0.2351,0.2468
0.2786,0.283
0.2764,0.2917
0.2786,0.2834
0.2788,0.295
0.2725,0.2615
0.274,0.2656
0.2715,0.2708
0.2695,0.2744
0.292,0.2837
0.2766,0.2698
0.275,0.2737
0.2551,0.2659
0.2554,0.2678
0.2252,0.2242
0.2617,0.2605
0.2346,0.238
0.2046,0.1947
0.2223,0.2156
0.2288,0.2375
0.1996,0.2067
0.2207,0.212
0.2278,0.2094
0.2703,0.2747
0.2358,0.2352
0.2607,0.26
0.2485,0.2499
0.2542,0.2502
0.2512,0.247
0.2233,0.2212
0.2224,0.2087
0.2297,0.22
0.2803,0.284
0.2556,0.2544
0.2478,0.2537
0.2413,0.2356
0.2312,0.2297
0.2559,0.2498
0.248,0.2532
0.2399,0.2493
0.2568,0.2583
0.2131,0.2181
0.2211,0.2196
0.2935,0.3052
0.2922,0.299
0.2803,0.2874
0.2566,0.257
0.2815,0.2844
0.2686,0.278
0.2932,0.281
0.2961,0.2898
0.2683,0.2598
0.1938,0.2001
0.1866,0.1874
0.229,0.2491
0.2399,0.2327
0.274,0.2737
0.2988,0.2983
0.296,0.29
0.2062,0.2092
0.2096,0.1937
0.2612,0.2634
0.2615,0.2737
0.2325,0.2393
0.2089,0.2578
0.2993,0.321
0.2947,0.2915
0.2284,0.2512
0.2429,0.2476
0.2031,0.1984
0.2499,0.2505
0.2288,0.2288
0.2295,0.2356
0.2291,0.23
0.2152,0.2308
0.2273,0.2443
0.2224,0.2303
0.2186,0.2281
0.2244,0.2383
0.2206,0.2285
0.1993,0.2147
0.1917,0.199
0.1947,0.2019
0.1917,0.2015
0.1929,0.2112
0.2092,0.2117
0.208,0.2126
0.2003,0.1981
0.2087,0.2014
0.2014,0.202
0.2031,0.2083
0.2184,0.2118
0.1992,0.2108
0.1901,0.1934
0.1962,0.1974
0.1902,0.197
0.1918,0.2054
0.2103,0.2075
0.222,0.2412
0.2227,0.2473
0.2263,0.2473
0.2357,0.2421
0.2418,0.2522
0.2197,0.2264
0.2145,0.2324
0.2212,0.2362
0.2289,0.2311
0.2374,0.2416
0.2362,0.2349
0.2465,0.2264
0.2272,0.2262
0.2336,0.22
0.24,0.2406
0.251,0.2385
0.2426,0.2284
0.2494,0.2244
0.2688,0.2625
0.286,0.2986
0.2803,0.2734
0.2754,0.272
0.2578,0.2476
0.2786,0.2734
0.292,0.2678
0.266,0.2766
0.2286,0.2427
0.2413,0.2578
0.2301,0.2617
0.2583,0.2712
0.2627,0.2727
0.2505,0.2534
0.226,0.2324
0.259,0.2656
0.2402,0.2491
0.265,0.2712
0.2278,0.2385
0.2593,0.2766
0.2323,0.2444
0.2686,0.2734
0.256,0.2477
0.2493,0.2421
0.2686,0.278
0.2502,0.2617
0.2595,0.305
0.1852,0.1975
0.2917,0.3025
0.3274,0.3267
0.3127,0.3171
0.2998,0.3052
0.2703,0.2793
0.3145,0.3152
0.3013,0.295
0.2917,0.2861
0.263,0.2666
0.2864,0.2922
0.3,0.2996
0.2866,0.3127
0.2898,0.3223
0.235,0.2415
0.1815,0.1844
0.2937,0.2969
0.1798,0.1902
0.1656,0.1641
0.177,0.1614
0.2712,0.2783
0.3003,0.3032
0.2433,0.2512
0.2524,0.251
0.27,0.2688
0.2793,0.266
0.1691,0.1826
0.195,0.2002
0.3054,0.3013
0.3142,0.3076
0.2998,0.3118
0.2964,0.3086
0.3079,0.3132
0.29,0.3123
0.2161,0.2073
0.2305,0.2133
0.2228,0.2267
0.2323,0.229
0.3152,0.302
0.3132,0.3018
0.3284,0.3118
0.3171,0.3047
0.3184,0.3142
0.319,0.313
0.3274,0.3232
0.323,0.315
0.3093,0.312
0.3103,0.307
0.3186,0.315
0.3079,0.308
0.314,0.3176
0.319,0.3184
0.3247,0.3267
0.315,0.3247
0.268,0.2627
0.2308,0.2461
0.2168,0.2198
0.2783,0.2686
0.2157,0.2177
0.2595,0.26
0.2312,0.2354
0.2544,0.253
0.2445,0.2488
0.2698,0.2766
0.2493,0.257
0.2428,0.261
0.259,0.2688
0.2869,0.3
0.289,0.3005
0.1919,0.2058
0.2737,0.293
0.2355,0.2498
0.2844,0.288
0.2466,0.2491
0.257,0.2634
0.2485,0.2627
0.2566,0.2595
0.2373,0.2598
0.3333,0.3113
0.321,0.3098
0.2488,0.2542
0.2585,0.2542
0.2866,0.289
0.3174,0.3086
0.2778,0.2795
0.2286,0.2294
0.1871,0.186
0.1849,0.1827
0.186,0.1929
0.2488,0.2588
0.2876,0.2798
0.303,0.3032
0.277,0.2883
0.2333,0.2296
0.2372,0.247
0.2415,0.257
0.1757,0.1847
0.163,0.1705
0.2598,0.2443
0.252,0.2451
0.2483,0.2352
0.2401,0.2368
0.222,0.2197
0.2299,0.2292
0.258,0.257
0.2556,0.2411
0.2275,0.2463
0.2622,0.2659
0.263,0.2593
0.2367,0.2588
0.1968,0.208
0.2527,0.2412
0.2426,0.2424
0.2413,0.2404
0.2463,0.2421
0.2378,0.233
0.2451,0.2291
0.235,0.2373
0.255,0.2494
0.25,0.249
0.2426,0.2522
0.2451,0.2607
0.2495,0.2367
0.2462,0.2351
0.2438,0.2367
0.2362,0.2397
0.251,0.2472
0.253,0.2473
0.2473,0.2507
0.2429,0.2544
0.2457,0.252
0.225,0.2427
0.231,0.2477
0.2191,0.2272
0.222,0.2246
0.2249,0.2354
0.2195,0.2275
0.2832,0.2747
0.2852,0.2866
0.2812,0.2832
0.2517,0.269
0.269,0.2764
0.249,0.2734
0.2695,0.2805
0.2472,0.272
0.267,0.2795
0.2131,0.2252
0.2322,0.2273
0.1925,0.2343
0.2312,0.2346
0.2542,0.2578
0.2393,0.253
0.2217,0.2075
0.2356,0.2175
0.2268,0.2054
0.2256,0.2067
0.1956,0.2015
0.1917,0.2001
0.184,0.1865
0.1844,0.1938
0.2042,0.2048
0.1985,0.2057
0.154,0.1613
0.2003,0.1948
0.1593,0.1606
0.206,0.1992
0.1637,0.1667
0.2064,0.2048
0.2532,0.2495
0.2274,0.2272
0.2664,0.2515
0.2368,0.2362
0.2656,0.2646
0.2423,0.2456
0.2856,0.3105
0.2783,0.2883
0.3074,0.3125
0.2966,0.3184
0.29,0.2986
0.318,0.3162
0.2937,0.3225
0.2822,0.299
0.3152,0.3167
0.2224,0.2216
0.2485,0.2393
0.223,0.2141
0.2456,0.2372
0.2278,0.2206
0.2178,0.2151
0.2308,0.2334
0.2213,0.2277
0.2864,0.317
0.282,0.3013
0.2942,0.3162
0.3171,0.328
0.3208,0.308
0.322,0.323
0.21,0.1925
0.1815,0.1823
0.2018,0.1989
0.1833,0.1914
0.2844,0.2642
0.2925,0.28
0.2751,0.312
0.2837,0.2988
0.2942,0.3032
0.3044,0.3035
0.3203,0.2866
0.3103,0.2844
0.3225,0.317
0.3296,0.3262
0.3179,0.3215
0.3416,0.3416
0.3435,0.3518
0.3235,0.3435
0.321,0.3098
0.3257,0.3215
0.3174,0.3235
0.3225,0.317
0.3296,0.3262
0.3179,0.3215
0.3416,0.3416
0.3435,0.3518
0.3235,0.3435
0.321,0.3098
0.3257,0.3215
0.3174,0.3235
0.3054,0.3086
0.265,0.2517
0.272,0.2751
0.2908,0.2817
0.269,0.271
0.3022,0.2944
0.2263,0.2175
0.1835,0.1938
0.3093,0.3088
0.2935,0.292
0.2756,0.2788
0.2966,0.302
0.3,0.3105
0.2654,0.2815
0.1919,0.2136
0.1967,0.2026
0.2072,0.1876
0.2181,0.195
0.2041,0.1877
0.244,0.2454
0.2135,0.2206
0.2196,0.2235
0.2588,0.2607
0.268,0.2554
0.2325,0.2524
0.271,0.2847
0.2056,0.2166
0.227,0.2369
0.1981,0.1843
0.2434,0.2385
0.2286,0.2253
0.2822,0.2993
0.292,0.296
0.2272,0.2302
0.2178,0.2102
0.2286,0.2546
0.2167,0.2196
0.2424,0.2559
0.245,0.2593
0.2773,0.2905
0.2764,0.294
0.2079,0.2021
0.2224,0.2257
0.2177,0.216
0.1991,0.2117
0.2319,0.2352
0.2354,0.2474
0.259,0.256
0.2634,0.2695
0.283,0.2917
0.2177,0.2299
0.2042,0.2218
0.258,0.2593
0.2295,0.2198
0.2754,0.282
0.2698,0.2905
0.2786,0.285
0.2499,0.25
0.1954,0.1843
0.1915,0.1935
0.1714,0.1647
0.1621,0.1708
0.1967,0.2107
0.1941,0.21
0.2106,0.2406
0.1735,0.1907
0.2178,0.2395
0.178,0.2012
0.1594,0.1859
0.1753,0.2144
0.1697,0.1903
0.2585,0.2598
0.1838,0.1895
0.2727,0.283
0.2844,0.289
0.3025,0.2957
0.2737,0.2837
0.2815,0.28
0.2742,0.282
0.2869,0.2834
0.2917,0.2837
0.2418,0.25
0.22,0.236
0.2296,0.2104
0.2191,0.2235
0.2126,0.2551
0.226,0.2374
0.2125,0.2441
0.2008,0.2136
0.2263,0.232
0.2075,0.2284
0.2013,0.2449
0.2297,0.2556
0.2098,0.251
0.2328,0.246
0.257,0.2588
0.2358,0.2534
0.2247,0.231
0.256,0.2484
0.2317,0.2334
0.2167,0.2324
0.2391,0.2568
0.2212,0.2362
0.3257,0.335
0.3337,0.3354
0.33,0.3418
0.3186,0.309
0.2908,0.287
0.1893,0.1936
0.2019,0.2147
0.2115,0.2131
0.2175,0.2164
0.2207,0.2277
0.2372,0.2474
0.2489,0.2394
0.2399,0.2261
0.2487,0.2617
0.2612,0.2634
0.246,0.223
0.2524,0.2502
0.2546,0.2554
0.2656,0.2625
0.2612,0.2703
0.2415,0.2441
0.2354,0.2559
0.2664,0.2969
0.2703,0.277
0.3352,0.322
0.31,0.3062
0.1997,0.1906
0.2039,0.2035
0.1835,0.1858
0.1895,0.1964
0.1954,0.2012
0.1962,0.2103
0.1909,0.177
0.1954,0.1984
0.1873,0.1979
0.206,0.2151
0.2102,0.2192
0.2573,0.2327
0.258,0.2435
0.2544,0.256
0.2454,0.24
0.2235,0.2316
0.24,0.2502
0.2324,0.2406
0.2396,0.2461
0.2812,0.3
0.2747,0.292
0.2856,0.2976
0.276,0.2888
0.2961,0.3008
0.288,0.3032
0.2996,0.315
0.2568,0.2654
0.276,0.2744
0.2898,0.2805
0.2286,0.2446
0.2766,0.284
0.2651,0.2659
0.2654,0.2642
0.2588,0.255
0.2659,0.265
0.2732,0.2773
0.1742,0.1807
0.292,0.2864
0.2488,0.2524
0.2893,0.2861
0.2769,0.2852
0.2299,0.2275
0.2705,0.2625
0.2627,0.2668
0.27,0.2703
0.2698,0.279
0.2048,0.2152
0.2089,0.2102
0.2233,0.2573
0.2219,0.2512
0.2544,0.249
0.2512,0.2507
0.3057,0.2988
0.3032,0.2986
0.2961,0.2917
0.2328,0.241
0.2659,0.2732
0.2546,0.2495
0.2766,0.2869
0.2688,0.2937
0.277,0.2864
0.2988,0.2893
0.2969,0.3066
0.3113,0.3062
0.2659,0.2917
0.271,0.301
0.1803,0.2
0.1725,0.1863
0.2747,0.3042
0.2656,0.2915
0.2664,0.2947
0.2734,0.2954
0.1854,0.187
0.1772,0.1702
0.2732,0.2864
0.2634,0.2754
0.2683,0.2869
0.2673,0.2751
0.2917,0.2866
0.2761,0.2683
0.2815,0.288
0.2861,0.2708
0.275,0.3042
0.267,0.2888
0.266,0.2947
0.273,0.291
0.2228,0.2316
0.2374,0.251
0.2568,0.248
0.2336,0.2493
0.2131,0.2388
0.2076,0.2462
0.245,0.2642
0.1581,0.1548
0.2408,0.2482
0.3071,0.3083
0.3005,0.3032
0.2993,0.2957
0.309,0.311
0.2725,0.2776
0.2688,0.2896
0.2323,0.2333
0.2384,0.2458
0.2573,0.2754
0.2642,0.2812
0.2659,0.2812
0.2598,0.2542
0.2666,0.261
0.2668,0.2644
0.2114,0.2098
0.2001,0.2076
0.2042,0.2162
0.2281,0.227
0.2295,0.2294
0.2228,0.2218
0.2247,0.2272
0.2808,0.2617
0.2969,0.3052
0.2927,0.2993
0.2812,0.262
0.2986,0.3074
0.2554,0.2512
0.2717,0.2769
0.2432,0.2466
0.2622,0.27
0.2776,0.2773
0.2556,0.2346
0.267,0.2673
0.208,0.1968
0.224,0.2272
0.2698,0.268
0.2014,0.2069
0.2942,0.297
0.2864,0.2876
0.2856,0.29
0.2698,0.2715
0.2566,0.268
0.2406,0.254
0.2499,0.253
0.2708,0.2754
0.2489,0.2563
0.2352,0.2423
0.3098,0.3176
0.3125,0.3157
0.331,0.3254
0.318,0.3118
0.2319,0.2269
0.2253,0.2279
0.2384,0.2347
0.2063,0.2345
0.3206,0.3284
0.3174,0.3152
0.3108,0.331
0.3083,0.3147
0.3262,0.3333
0.3232,0.3242
0.3193,0.3235
0.3147,0.3118
0.2788,0.2842
0.2703,0.2776
0.2869,0.292
0.275,0.2888
0.1962,0.2106
0.3357,0.335
0.3435,0.344
0.2344,0.2651
0.2607,0.2478
0.2612,0.2488
0.3042,0.306
0.3008,0.3079
0.3035,0.3062
0.295,0.2874
0.298,0.2927
0.2688,0.2578
0.2886,0.2837
0.2954,0.2954
0.2393,0.2391
0.2352,0.2351
0.3157,0.3176
0.3103,0.3176
0.3206,0.3154
0.316,0.3127
0.318,0.3164
0.3208,0.3203
0.3208,0.3218
0.3167,0.3142
0.331,0.3289
0.3022,0.3008
0.3184,0.3157
0.1959,0.1901
0.2021,0.2056
0.1998,0.2129
0.2181,0.213
0.2257,0.2324
0.3042,0.2932
0.313,0.3264
0.297,0.3054
0.2179,0.2297
0.2219,0.2303
0.2269,0.2263
0.2269,0.2263
0.2219,0.2303
0.2224,0.2083
0.2277,0.2279
0.2327,0.2249
0.2148,0.2191
0.2153,0.2247
0.2262,0.229
0.2166,0.2175
0.2084,0.2106
0.2172,0.207
0.2123,0.1958
0.2153,0.2115
0.1975,0.2032
0.2048,0.2125
0.2002,0.2065
0.2208,0.2263
0.2046,0.2323
0.2106,0.2242
0.2094,0.2085
0.1956,0.2126
0.2062,0.2074
0.1837,0.1854
0.1676,0.1871
0.1791,0.1863
0.1943,0.19
0.1758,0.1892
0.1814,0.1866
0.1892,0.1858
0.1708,0.1821
0.1835,0.1821
0.1919,0.201
0.1752,0.2004
0.1807,0.196
0.2411,0.255
0.2532,0.2568
0.344,0.3264
0.3008,0.2952
0.3271,0.3308
0.3408,0.3367
0.271,0.2815
0.2913,0.288
0.2966,0.2942
0.291,0.2776
0.2905,0.2703
0.307,0.2957
0.3027,0.2893
0.2842,0.2832
0.277,0.2812
0.3232,0.3208
0.2915,0.3035
0.3145,0.3127
0.325,0.3154
0.2988,0.3098
0.3152,0.3188
0.3096,0.3096
0.296,0.3032
0.3008,0.3115
0.2683,0.2615
0.2793,0.2732
0.263,0.2615
0.2805,0.2798
0.28,0.273
0.2798,0.2766
0.2844,0.27
0.297,0.2954
0.2864,0.2925
0.2954,0.294
0.2917,0.2957
0.2925,0.292
0.2927,0.2952
0.2805,0.2798
0.2817,0.2788
0.2554,0.2776
0.252,0.2617
0.2496,0.2502
0.244,0.2617
0.239,0.2524
0.2386,0.2354
0.2386,0.2434
0.225,0.2235
0.2291,0.2305
0.24,0.257
0.256,0.2498
0.2461,0.2493
0.2676,0.2708
0.2258,0.2238
0.2275,0.2264
0.2311,0.2195
0.2351,0.2301
0.2979,0.3015
0.2964,0.2927
0.2896,0.291
0.2808,0.2783
0.2328,0.2456
0.2467,0.2676
0.2452,0.2245
0.2522,0.2524
0.2817,0.2761
0.276,0.2737
0.2927,0.298
0.2844,0.2952
0.208,0.203
0.2942,0.292
0.2861,0.2905
0.2654,0.2559
0.2737,0.2546
0.2783,0.2798
0.2964,0.296
0.2725,0.2703
0.2666,0.2659
0.2922,0.288
0.3408,0.3374
0.2355,0.2334
0.3088,0.3025
0.3035,0.2986
0.2969,0.3076
0.2659,0.267
0.3242,0.32
0.2095,0.2357
0.26,0.2698
0.258,0.2532
0.2778,0.2715
0.284,0.2817
0.3025,0.2974
0.2761,0.2913
0.304,0.2915
0.304,0.307
0.2874,0.2874
0.2262,0.2357
0.2527,0.2502
0.2666,0.2642
0.2255,0.2289
0.2666,0.2817
0.2693,0.2942
0.2003,0.2257
0.256,0.2625
0.2474,0.2778
0.2394,0.2275
0.218,0.2202
0.2302,0.2161
0.2083,0.2087
0.2437,0.2462
0.2756,0.2751
0.2019,0.2013
0.2642,0.2808
0.2401,0.2294
0.1974,0.191
0.2756,0.277
0.245,0.244
0.2832,0.2646
0.2295,0.2288
0.3115,0.3064
0.2756,0.2773
0.2927,0.2993
0.304,0.2979
0.273,0.2795
0.2915,0.262
0.3584,0.3552
0.329,0.3198
0.2668,0.2595
0.2296,0.2313
0.1963,0.2117
0.2299,0.2274
0.2196,0.2173
0.3098,0.2947
0.3025,0.3096
0.2815,0.2642
0.2764,0.2876
0.2607,0.2664
0.2001,0.2065
0.2551,0.2634
0.2039,0.2167
0.2177,0.2222
0.1764,0.1713
0.192,0.1855
0.2068,0.213
0.2954,0.3147
0.2966,0.295
0.3223,0.3186
0.3289,0.307
0.308,0.3167
0.2046,0.2073
0.2281,0.2083
0.2057,0.204
0.3071,0.3093
0.2905,0.317
0.2913,0.2966
0.2325,0.2329
0.2246,0.225
0.2668,0.2698
0.2622,0.2686
0.2566,0.2494
0.2825,0.281
0.2654,0.2705
0.281,0.279
0.2598,0.2485
0.2598,0.2485
0.2546,0.2708
0.2732,0.2754
0.2417,0.2472
0.228,0.2444
0.2627,0.266
0.2527,0.241
0.2595,0.2625
0.194,0.198
0.2153,0.211
0.1921,0.1903
0.2157,0.2144
0.2725,0.2852
0.231,0.2551
0.2288,0.239
0.292,0.3013
0.2808,0.291
0.2842,0.2856
0.2827,0.295
0.2091,0.2146
0.284,0.2932
0.2703,0.2837
0.2842,0.2852
0.285,0.2869
0.2423,0.2433
0.2703,0.2686
0.2717,0.2769
0.2172,0.2317
0.268,0.2874
0.2583,0.267
0.2715,0.2717
0.2452,0.251
0.252,0.248
0.1865,0.1919
0.2323,0.2356
0.2448,0.2401
0.2664,0.2576
0.2917,0.2888
0.2844,0.2769
0.3372,0.3433
0.3218,0.3237
0.325,0.249
0.266,0.2651
0.2715,0.2751
0.2517,0.2644
0.2573,0.2585
0.2413,0.2642
0.256,0.2678
0.25,0.2637
0.2585,0.2666
0.208,0.179
0.2003,0.1832
0.2155,0.216
0.2053,0.205
0.2625,0.2524
0.2605,0.2598
0.2676,0.2627
0.2625,0.2622
0.1594,0.1432
0.1863,0.2142
0.2096,0.2373
0.2267,0.2329
0.252,0.2458
0.2869,0.2854
0.2896,0.2878
0.2206,0.224
0.2617,0.2673
0.2686,0.2715
0.2605,0.2756
0.257,0.277
0.2822,0.29
0.328,0.3372
0.3384,0.336
0.295,0.305
0.313,0.3022
0.2947,0.2996
0.2952,0.2952
0.3062,0.3213
0.3147,0.3145
0.2373,0.2294
0.223,0.2268
0.2341,0.2405
0.2216,0.2391
0.2666,0.2676
0.263,0.2686
0.2542,0.2654
0.235,0.2617
0.2615,0.262
0.2524,0.2544
0.2825,0.2837
0.2712,0.278
0.2413,0.2391
0.2427,0.2383
0.288,0.2947
0.285,0.2878
0.2634,0.263
0.2413,0.2391
0.2427,0.2383
0.259,0.261
0.2455,0.2471
0.2063,0.2001
0.223,0.2208
0.2097,0.2351
0.2251,0.2471
0.2258,0.2487
0.24,0.254
0.2498,0.2487
0.2705,0.2766
0.2505,0.2554
0.2262,0.2338
0.2568,0.259
0.313,0.315
0.316,0.3247
0.2688,0.2622
0.2737,0.2903
0.2467,0.2484
0.2896,0.3008
0.2766,0.3022
0.2246,0.235
0.2957,0.2896
0.2776,0.2754
0.2524,0.2341
0.2357,0.2335
0.263,0.2384
0.262,0.2451
0.2251,0.2102
0.3005,0.3047
0.2986,0.3115
0.306,0.3079
0.3245,0.3367
0.2854,0.2854
0.2832,0.2947
0.2898,0.2905
0.3044,0.3145
0.276,0.275
0.254,0.2507
0.2401,0.2411
0.2479,0.2556
0.2383,0.2449
0.2515,0.264
0.2798,0.2803
0.2996,0.3047
0.2996,0.294
0.3354,0.339
0.3125,0.307
0.257,0.2482
0.2366,0.2383
0.245,0.2515
0.2352,0.2488
0.25,0.2598
0.1793,0.1805
0.1948,0.1945
0.2058,0.206
0.2129,0.2118
0.2263,0.2446
0.2032,0.256
0.2256,0.257
0.2369,0.2556
0.2384,0.2556
0.2122,0.2634
0.2266,0.265
0.2034,0.2273
0.218,0.2432
0.2249,0.2473
0.2168,0.2375
0.2198,0.2319
0.2515,0.2676
0.2422,0.2401
0.2754,0.2717
0.2695,0.272
0.2468,0.2427
0.2615,0.262
0.2205,0.2179
0.2568,0.2573
0.277,0.2837
0.1522,0.1523
0.172,0.18
0.2196,0.2275
0.2532,0.2693
0.1736,0.177
0.268,0.264
0.2683,0.262
0.2627,0.26
0.2947,0.2744
0.2705,0.258
0.2505,0.2673
0.252,0.2615
0.2444,0.2556
0.284,0.261
0.2524,0.2517
0.2279,0.244
0.2957,0.2573
0.2452,0.2559
0.2413,0.2413
0.2401,0.2328
0.1981,0.1991
0.2218,0.2122
0.2434,0.2356
0.2598,0.2498
0.1926,0.198
0.2117,0.2379
0.2644,0.2568
0.2722,0.2654
0.279,0.2754
0.2764,0.2837
0.3022,0.3035
0.2162,0.227
0.2262,0.2249
0.2397,0.2583
0.2322,0.2505
0.2313,0.2382
0.2169,0.216
0.2424,0.2352
0.2482,0.2429
0.247,0.273
0.256,0.2478
0.2467,0.2374
0.225,0.2224
0.269,0.2678
0.2659,0.2559
0.2102,0.2335
0.225,0.2366
0.2444,0.2412
0.1991,0.1873
0.1788,0.1769
0.2986,0.289
0.2842,0.2585
0.3076,0.3044
0.2944,0.2861
0.3296,0.3264
0.3064,0.3076
0.2135,0.2195
0.2664,0.252
0.2261,0.2286
0.2162,0.213
0.2488,0.2515
0.2242,0.2493
0.2202,0.2435
0.2213,0.2394
0.2125,0.2056
0.1932,0.2034
0.184,0.1869
0.236,0.2446
0.2231,0.2322
0.2207,0.21
0.3215,0.319
0.2786,0.2966
0.2744,0.2986
0.1868,0.1914
0.1909,0.1915
0.2683,0.27
0.2576,0.2556
0.2612,0.2727
0.2883,0.2861
0.2012,0.2106
0.2119,0.2311
0.1633,0.1824
0.1803,0.1876
0.1774,0.1877
0.305,0.2944
0.2146,0.2186
0.2096,0.2164
0.2426,0.2437
0.2354,0.2405
0.2815,0.2847
0.2915,0.2993
0.3018,0.2769
0.285,0.2632
0.2979,0.2888
0.2107,0.2119
0.2198,0.2118
0.225,0.2312
0.2181,0.2181
0.2515,0.2338
0.2441,0.2238
0.2917,0.2886
0.2747,0.2822
0.2142,0.2062
0.2346,0.229
0.2184,0.2225
0.2427,0.2303
0.262,0.2634
0.2605,0.2615
0.2917,0.2905
0.272,0.2673
0.2424,0.2344
0.2351,0.2401
0.2336,0.2343
0.224,0.2405
0.2054,0.231
0.2073,0.2189
0.2019,0.2296
0.2141,0.2397
0.2017,0.2021
0.2123,0.2213
0.2224,0.2642
0.2301,0.2646
0.2113,0.2067
0.2932,0.2822
0.2932,0.307
0.318,0.3215
0.239,0.257
0.2986,0.2976
0.2593,0.255
0.2264,0.2356
0.255,0.2815
0.2573,0.2668
0.2339,0.2336
0.274,0.258
0.2632,0.2861
0.2708,0.3003
0.206,0.2244
0.241,0.2383
0.2913,0.2969
0.2844,0.2876
0.2798,0.2937
0.2668,0.2803
0.253,0.261
0.2583,0.263
0.2573,0.2654
0.257,0.2566
0.2472,0.2542
0.2615,0.2563
0.2668,0.2573
0.264,0.2556
0.277,0.2678
0.2656,0.262
0.2281,0.2225
0.2238,0.2162
0.2322,0.2301
0.2286,0.2202
0.227,0.2289
0.2245,0.2217
0.2322,0.2367
0.2278,0.2256
0.2266,0.2168
0.2263,0.2112
0.2239,0.2203
0.2223,0.2151
0.2131,0.2125
0.2118,0.2085
0.2145,0.2205
0.2108,0.2086
0.2211,0.2227
0.2208,0.2164
0.2297,0.2305
0.2235,0.221
0.2124,0.2008
0.2213,0.2354
0.2732,0.2603
0.2352,0.2688
0.2278,0.2385
0.2532,0.2637
0.2573,0.2607
0.2375,0.2441
0.2002,0.1927
0.2313,0.258
0.2615,0.2593
0.2605,0.2456
0.242,0.2422
0.193,0.1799
0.2793,0.258
0.292,0.2734
0.2815,0.2776
0.283,0.2817
0.2952,0.2812
0.2834,0.2693
0.283,0.2854
0.325,0.3223
0.3035,0.3132
0.3088,0.3254
0.3186,0.315
0.3022,0.3064
0.306,0.318
0.251,0.247
0.2627,0.2654
0.254,0.2737
0.2463,0.2493
0.2612,0.262
0.262,0.253
0.229,0.2313
0.2389,0.256
0.2206,0.2318
0.2356,0.2432
0.2522,0.2477
0.2495,0.2554
0.2,0.1915
0.2075,0.2092
0.257,0.2468
0.239,0.2452
0.2817,0.2878
0.2769,0.283
0.257,0.263
0.2717,0.2644
0.2803,0.2769
0.2185,0.2358
0.2642,0.2498
0.2546,0.253
0.2482,0.2517
0.2354,0.2268
0.2449,0.2417
0.2905,0.2903
0.2932,0.2961
0.3044,0.3047
0.307,0.3096
0.296,0.299
0.2983,0.299
0.2932,0.3086
0.2642,0.265
0.281,0.282
0.2131,0.2157
0.2292,0.222
0.1903,0.2056
0.2147,0.2164
0.2546,0.251
0.2507,0.2522
0.2654,0.2502
0.2622,0.259
0.2861,0.2864
0.2786,0.28
0.2776,0.2786
0.285,0.2913
0.2314,0.2358
0.2563,0.2378
0.2146,0.2262
0.2573,0.248
0.2747,0.2761
0.265,0.2815
0.279,0.2817
0.275,0.286
0.3093,0.312
0.2812,0.308
0.284,0.2925
0.3022,0.2903
0.3035,0.3076
0.3105,0.3113
0.2822,0.301
0.2883,0.2917
0.3013,0.2954
0.3008,0.3064
0.23,0.2498
0.2471,0.2544
0.2377,0.2429
0.265,0.2607
0.3066,0.3071
0.3018,0.3047
0.2893,0.2908
0.312,0.3125
0.2532,0.2487
0.3037,0.3003
0.318,0.3196
0.2983,0.2976
0.3142,0.317
0.2886,0.2854
0.3042,0.304
0.2983,0.2898
0.3096,0.309
0.3022,0.2998
0.3154,0.319
0.2269,0.2343
0.2379,0.2673
0.279,0.2727
0.2372,0.2517
0.248,0.235
0.2637,0.2651
0.2433,0.243
0.2467,0.2471
0.2512,0.2542
0.2537,0.251
0.1803,0.2021
0.2151,0.2131
0.2544,0.2583
0.261,0.2607
0.2406,0.2445
0.2471,0.2483
0.2527,0.2637
0.25,0.236
0.2256,0.2424
0.2354,0.2458
0.2566,0.2573
0.2732,0.279
0.269,0.2708
0.22,0.1885
0.2314,0.2279
0.293,0.2896
0.26,0.276
0.2764,0.2874
0.2961,0.2925
0.2708,0.2744
0.2866,0.2905
0.2864,0.2937
0.2563,0.2708
0.2722,0.2937
0.2964,0.3047
0.27,0.2817
0.283,0.3027
0.226,0.2285
0.2054,0.2115
0.1998,0.1998
0.259,0.269
0.2666,0.2693
0.2493,0.2578
0.2568,0.2678
0.2473,0.2517
0.262,0.2646
0.2554,0.2725
0.2583,0.2808
0.2329,0.2593
0.2347,0.2708
0.29,0.311
0.2756,0.2988
0.277,0.2793
0.2666,0.2769
0.2333,0.2345
0.2285,0.2322
0.2448,0.2404
0.2388,0.2356
0.2676,0.255
0.2688,0.2502
0.2654,0.2617
0.2751,0.2637
0.2352,0.2206
0.2339,0.2279
0.2356,0.254
0.2362,0.2507
0.2798,0.2817
0.2827,0.2715
0.2505,0.2598
0.2837,0.2861
0.2947,0.2935
0.2925,0.287
0.2842,0.284
0.2937,0.294
0.2927,0.2898
0.282,0.2888
0.3096,0.337
0.327,0.3345
0.3198,0.3188
0.314,0.3433
0.3298,0.3345
0.3171,0.326
0.2998,0.3093
0.3167,0.3057
0.3096,0.2986
0.3057,0.3286
0.3264,0.3198
0.3154,0.316
0.2396,0.237
0.2756,0.2678
0.1992,0.1998
0.215,0.2231
0.2142,0.2156
0.2323,0.2362
0.2382,0.2356
0.218,0.2365
0.2415,0.2471
0.2152,0.2178
0.2365,0.239
0.2211,0.2351
0.2223,0.2318
0.218,0.2303
0.2196,0.2267
0.3057,0.3008
0.2932,0.2922
0.2988,0.2952
0.3145,0.3071
0.3044,0.2705
0.267,0.261
0.2751,0.2642
0.258,0.2617
0.2527,0.2544
0.2532,0.2559
0.2461,0.2583
0.263,0.256
0.2568,0.2465
0.2491,0.2394
0.3,0.3052
0.3118,0.3054
0.3245,0.3157
0.3066,0.3145
0.3372,0.3276
0.2092,0.2162
0.2664,0.2678
0.2954,0.2915
0.2832,0.2778
0.3044,0.299
0.2764,0.273
0.2698,0.266
0.2756,0.2646
0.2756,0.2817
0.272,0.2659
0.2423,0.2451
0.2499,0.254
0.2607,0.2603
0.2349,0.2505
0.2401,0.2466
0.2408,0.238
0.2406,0.2476
0.2167,0.2471
0.2634,0.2651
0.234,0.2466
0.274,0.2786
0.2744,0.2695
0.2455,0.2522
0.2284,0.2393
0.2283,0.2524
0.2996,0.301
0.2805,0.3093
0.2812,0.3108
0.2812,0.3108
0.2788,0.3086
0.2382,0.2449
0.2812,0.3108
0.2693,0.2676
0.2844,0.306
0.2703,0.2957
0.2747,0.283
0.2605,0.2764
0.2527,0.2734
0.2365,0.2468
0.2383,0.2344
0.2334,0.2345
0.1993,0.1974
0.2037,0.1992
0.1946,0.204
0.1908,0.2037
0.1993,0.2217
0.1903,0.2026
0.1971,0.1981
0.204,0.2257
0.285,0.2834
0.2883,0.291
0.2239,0.2169
0.2247,0.2286
0.2145,0.2286
0.2262,0.2175
0.2272,0.2303
0.2189,0.2313
0.278,0.2747
0.2815,0.2883
0.2703,0.2786
0.274,0.2664
0.2588,0.2391
0.3042,0.3071
0.275,0.2688
0.3005,0.289
0.2803,0.2642
0.3022,0.2988
0.2864,0.287
0.3071,0.3213
0.2856,0.303
0.2773,0.2798
0.2827,0.287
0.2495,0.2546
0.224,0.2343
0.2622,0.2478
0.2415,0.2333
0.2656,0.2678
0.2463,0.2484
0.2734,0.2725
0.2434,0.2483
0.331,0.3281
0.3228,0.321
0.3403,0.3374
0.3252,0.3345
0.2695,0.2673
0.2499,0.2502
0.2483,0.2444
0.2377,0.2311
0.2856,0.291
0.2329,0.2367
0.2756,0.2761
0.2578,0.2544
0.2717,0.2808
0.2668,0.2673
0.2542,0.26
0.2876,0.2908
0.304,0.2944
0.3357,0.3386
0.2507,0.2432
0.2915,0.2856
0.2737,0.2742
0.277,0.2761
0.2683,0.266
0.2429,0.2544
0.286,0.285
0.3125,0.3052
0.3608,0.357
0.2566,0.2737
0.273,0.291
0.2686,0.291
0.257,0.2766
0.2476,0.2722
0.3076,0.3005
0.3374,0.3376
0.3184,0.3076
0.347,0.3381
0.3098,0.297
0.343,0.3318
0.3184,0.31
0.3525,0.3525
0.3008,0.2861
0.3345,0.3298
0.275,0.2676
0.3198,0.3176
0.3062,0.2825
0.3467,0.3425
0.2078,0.2006
0.2433,0.2515
0.2642,0.2688
0.3352,0.3452
0.2352,0.2283
0.2179,0.2173
0.2385,0.225
0.22,0.2152
0.2732,0.2722
0.1963,0.1804
0.2654,0.275
0.2737,0.2766
0.2625,0.2651
0.2605,0.27
0.2295,0.2307
0.253,0.2456
0.3025,0.3115
0.25,0.2444
0.2622,0.2715
0.2915,0.2878
0.288,0.285
0.3025,0.3
0.3093,0.311
0.296,0.296
0.3237,0.32
0.2323,0.2272
0.2922,0.2905
0.2998,0.297
0.1898,0.2097
0.2588,0.2415
0.206,0.2174
0.2068,0.2086
0.2007,0.2051
0.2249,0.2238
0.252,0.258
0.2537,0.2573
0.2395,0.2471
0.2318,0.2344
0.2335,0.2351
0.2266,0.2284
0.2612,0.2634
0.2474,0.254
0.27,0.2727
0.2712,0.2766
0.2313,0.2428
0.2869,0.2822
0.2074,0.2073
0.2235,0.2186
0.1975,0.2052
0.2256,0.2455
0.19,0.1896
0.2124,0.2225
0.229,0.2174
0.1968,0.197
0.1913,0.1974
0.2932,0.2957
0.164,0.1759
0.2499,0.2458
0.26,0.2642
0.2296,0.244
0.2974,0.3005
0.2546,0.279
0.2798,0.2888
0.278,0.2847
0.2612,0.273
0.2847,0.296
0.2507,0.2737
0.273,0.2854
0.264,0.2778
0.2595,0.276
0.2722,0.2764
0.267,0.2751
0.2384,0.271
0.2123,0.2198
0.2046,0.2053
0.2328,0.2327
0.248,0.256
0.2231,0.2028
0.1891,0.1849
0.1477,0.1742
0.1683,0.1853
0.1753,0.1998
0.298,0.2898
0.3018,0.3005
0.2683,0.266
0.2507,0.2778
0.2489,0.2451
0.2328,0.2544
0.1959,0.191
0.1766,0.1741
0.1837,0.1788
0.1771,0.1755
0.2417,0.2776
0.2883,0.304
0.1787,0.1892
0.2654,0.2449
0.2057,0.1941
0.2295,0.2507
0.1954,0.1876
0.1798,0.1792
0.1945,0.191
0.196,0.1957
0.2805,0.2888
0.2654,0.2534
0.2686,0.2568
0.259,0.2474
0.2201,0.1974
0.2257,0.2029
0.2263,0.2041
0.2712,0.2808
0.2761,0.2854
0.2505,0.261
0.2421,0.2379
0.256,0.263
0.3088,0.3042
0.295,0.2964
0.2732,0.286
0.264,0.2668
0.26,0.2622
0.2551,0.252
0.2446,0.2502
0.2395,0.2346
0.2993,0.2998
0.2715,0.2693
0.291,0.2927
0.2708,0.2654
0.2888,0.2786
0.2468,0.2551
0.2455,0.2622
0.2505,0.2483
0.2583,0.2573
0.285,0.2864
0.2898,0.2922
0.2426,0.2448
0.2467,0.2363
0.263,0.2544
0.2642,0.2673
0.2559,0.2632
0.2935,0.3079
0.2583,0.2585
0.263,0.2634
0.2847,0.2751
0.2052,0.2136
0.229,0.2207
0.1978,0.2214
0.228,0.227
0.302,0.329
0.2766,0.2917
0.2947,0.283
0.156,0.1726
0.2314,0.2345
0.2869,0.292
0.3088,0.3096
0.2527,0.2522
0.2866,0.2866
0.2725,0.2433
0.3027,0.312
0.3232,0.327
0.2235,0.2286
0.2842,0.2842
0.2708,0.2852
0.2756,0.288
0.2883,0.2935
0.289,0.2893
0.2688,0.2761
0.2433,0.2583
0.259,0.2544
0.2595,0.2632
0.261,0.258
0.2424,0.2467
0.2277,0.2258
0.2515,0.2556
0.243,0.2385
0.2458,0.2375
0.2251,0.1973
0.2568,0.2532
0.22,0.2179
0.2109,0.2203
0.3218,0.319
0.3203,0.3167
0.2847,0.288
0.2869,0.2932
0.2915,0.2834
0.298,0.2905
0.252,0.254
0.2942,0.2925
0.2942,0.2966
0.2219,0.2192
0.2585,0.26
0.2637,0.2476
0.1915,0.2008
0.2303,0.2098
0.2316,0.2417
0.2402,0.2404
0.2262,0.2269
0.2225,0.2002
0.2311,0.2347
0.2256,0.2256
0.2344,0.2281
0.2242,0.2139
0.2192,0.2108
0.22,0.2214
0.2622,0.2712
0.1901,0.2147
0.2524,0.2776
0.2385,0.2438
0.2642,0.2603
0.249,0.237
0.2466,0.2457
0.2505,0.2722
0.2386,0.2773
0.2532,0.2612
0.2233,0.2585
0.2408,0.2742
0.2189,0.2595
0.266,0.2773
0.2666,0.2744
0.2527,0.267
0.2915,0.2876
0.3235,0.3179
0.3013,0.307
0.3176,0.3198
0.3035,0.3218
0.2595,0.2427
0.2454,0.2389
0.257,0.2482
0.2496,0.2384
0.2942,0.2676
0.279,0.2598
0.287,0.2688
0.2673,0.2593
0.261,0.2637
0.2487,0.2524
0.257,0.2695
0.2524,0.2664
0.2688,0.2568
0.262,0.2449
0.2737,0.2644
0.2585,0.2568
0.3145,0.3076
0.3066,0.2898
0.3208,0.308
0.3132,0.2976
0.258,0.255
0.2695,0.2583
0.2035,0.2214
0.1743,0.2097
0.1903,0.2245
0.1895,0.2141
0.2705,0.2979
0.289,0.291
0.2668,0.2642
0.266,0.266
0.2686,0.2793
0.2598,0.268
0.2588,0.2642
0.257,0.2617
0.2634,0.2769
0.2534,0.269
0.3015,0.3108
0.3079,0.3062
0.2925,0.3003
0.303,0.2961
0.292,0.3027
0.292,0.2888
0.2866,0.2844
0.291,0.276
0.2944,0.294
0.2935,0.2861
0.274,0.2812
0.2847,0.286
0.2717,0.276
0.2708,0.285
0.264,0.2642
0.2544,0.2451
0.2876,0.285
0.258,0.2546
0.2625,0.3013
0.2457,0.2756
0.2615,0.2905
0.2632,0.3042
0.2406,0.2698
0.2642,0.2964
0.2036,0.2198
0.1736,0.1918
0.208,0.2306
0.2018,0.2296
0.1726,0.2031
0.2037,0.2374
0.3003,0.301
0.2837,0.2795
0.3015,0.302
0.274,0.2842
0.2627,0.2566
0.2754,0.3018
0.2979,0.29
0.2952,0.276
0.3018,0.3052
0.2925,0.2986
0.2773,0.277
0.287,0.2793
0.283,0.2966
0.2976,0.2974
0.3047,0.2979
0.31,0.3147
0.2917,0.3035
0.2983,0.3025
0.2827,0.292
0.297,0.291
0.2876,0.2954
0.284,0.2798
0.3018,0.3147
0.3044,0.3071
0.3044,0.3071
0.2219,0.2168
0.2041,0.2079
0.2218,0.2262
0.1995,0.2048
0.2466,0.2379
0.2339,0.2262
0.2021,0.2108
0.2045,0.2142
0.2155,0.2279
0.259,0.2646
0.1915,0.1857
0.1958,0.188
0.1841,0.1995
0.223,0.2214
0.2281,0.2434
0.284,0.289
0.2019,0.2002
0.2035,0.1923
0.2028,0.2001
0.2056,0.1918
0.2479,0.2448
0.2269,0.2357
0.2737,0.2708
0.2664,0.264
0.2715,0.2595
0.2668,0.2576
0.3086,0.324
0.2996,0.3147
0.2292,0.2322
0.2067,0.2043
0.2135,0.2275
0.3071,0.3096
0.2632,0.2693
0.2493,0.25
0.2068,0.2052
0.2695,0.2742
0.1875,0.2053
0.2443,0.264
0.2319,0.2448
0.244,0.2456
0.2467,0.2418
0.1781,0.1868
0.3042,0.3071
0.2434,0.2472
0.262,0.2654
0.2854,0.2766
0.2788,0.283
0.2695,0.2568
0.2693,0.2705
0.261,0.255
0.2115,0.1978
0.2427,0.2311
0.2705,0.2732
0.2367,0.2352
0.2169,0.2283
0.315,0.3262
0.307,0.3103
0.3293,0.3228
0.3208,0.3098
0.336,0.3271
0.3206,0.3098
0.281,0.2864
0.285,0.281
0.273,0.2734
0.2883,0.2874
0.2964,0.2888
0.2532,0.266
0.2274,0.2435
0.2283,0.2358
0.2179,0.2229
0.2212,0.2302
0.2329,0.2402
0.2123,0.2356
0.2345,0.2455
0.216,0.2184
0.2239,0.2268
0.2384,0.2534
0.243,0.2429
0.2404,0.249
0.2168,0.2214
0.1771,0.2017
0.2189,0.2206
0.259,0.2947
0.26,0.2925
0.251,0.2737
0.264,0.2734
0.2317,0.2595
0.2363,0.26
0.2301,0.2308
0.2352,0.2328
0.273,0.2698
0.2205,0.2559
0.2413,0.2651
0.2037,0.1956
0.2087,0.2379
0.2085,0.2148
0.2573,0.2554
0.2686,0.2568
0.2499,0.2578
0.2566,0.2598
0.2764,0.2754
0.286,0.2834
0.2202,0.2427
0.2094,0.25
0.2979,0.3088
0.2277,0.2395
0.2327,0.2478
0.2142,0.2299
0.2313,0.2451
0.2301,0.2404
0.2379,0.2307
0.2246,0.2512
0.2081,0.2292
0.2385,0.2476
0.2258,0.2451
0.2195,0.2418
0.2181,0.2421
0.2108,0.2317
0.215,0.2299
0.2135,0.2426
0.2815,0.2751
0.2461,0.2483
0.2507,0.2467
0.2527,0.2439
0.257,0.2443
0.254,0.26
0.2607,0.2603
0.2576,0.2544
0.2637,0.2563
0.2534,0.2593
0.2668,0.2644
0.2644,0.2617
0.266,0.2583
0.2487,0.2534
0.256,0.2573
0.2546,0.2466
0.2615,0.25
0.2817,0.2861
0.289,0.2935
0.2727,0.2837
0.2886,0.2935
0.2644,0.2534
0.2458,0.2391
0.2732,0.2686
0.2507,0.2499
0.2717,0.2578
0.2534,0.2452
0.2708,0.2559
0.2495,0.2402
0.2893,0.2864
0.2952,0.299
0.2993,0.2996
0.2954,0.2856
0.2145,0.201
0.1896,0.178
0.1753,0.1796
0.2097,0.1893
0.2349,0.2251
0.252,0.2456
0.2688,0.264
0.281,0.277
0.2556,0.2546
0.2695,0.266
0.2394,0.2229
0.254,0.2408
0.1788,0.1787
0.1833,0.1866
0.18,0.1881
0.1869,0.1826
0.1943,0.1954
0.1835,0.1877
0.24,0.2346
0.1814,0.1921
0.1814,0.1842
0.2393,0.2494
0.275,0.2722
0.2605,0.259
0.2588,0.2556
0.255,0.2598
0.2874,0.293
0.2664,0.2703
0.246,0.2478
0.2494,0.253
0.2942,0.2966
0.2722,0.2815
0.337,0.3408
0.3066,0.306
0.3079,0.3062
0.2744,0.2786
0.2798,0.281
0.2603,0.2637
0.2773,0.2744
0.256,0.2605
0.2705,0.2664
0.2703,0.2754
0.2622,0.2625
0.2637,0.2708
0.2383,0.2477
0.261,0.267
0.2517,0.2573
0.2747,0.2815
0.2854,0.2817
0.2666,0.2457
0.2424,0.2261
0.2427,0.2382
0.2395,0.227
0.2507,0.2283
0.2666,0.2566
0.2634,0.2634
0.2615,0.262
0.2764,0.2822
0.2627,0.258
0.2754,0.2686
0.2654,0.2617
0.2751,0.2698
0.3057,0.314
0.3096,0.3167
0.2417,0.2449
0.2274,0.2477
0.2537,0.2472
0.2433,0.254
0.2834,0.2878
0.2413,0.2461
0.2299,0.2305
0.2932,0.3132
0.2922,0.2788
0.217,0.224
0.2028,0.2059
0.2427,0.243
0.2079,0.2202
0.2954,0.296
0.2001,0.1986
0.2585,0.2524
0.2495,0.263
0.2223,0.2468
0.2058,0.1884
0.2389,0.2457
0.2537,0.2566
0.2476,0.2434
0.2617,0.2722
0.2832,0.2878
0.25,0.2566
0.2476,0.2546
0.2388,0.224
0.2456,0.2498
0.2264,0.1816
0.254,0.2357
0.233,0.2114
0.2554,0.2479
0.263,0.2444
0.299,0.2937
0.2452,0.2598
0.235,0.2457
0.2435,0.2559
0.2402,0.2283
0.28,0.294
0.2808,0.2815
0.2917,0.2822
0.26,0.2773
0.271,0.2925
0.3098,0.3076
0.294,0.305
0.3066,0.2979
0.2998,0.2944
0.3247,0.3208
0.1904,0.219
0.175,0.186
0.198,0.2076
0.1864,0.1816
0.265,0.2769
0.2754,0.2905
0.267,0.276
0.2744,0.2864
0.1823,0.1931
0.1804,0.1914
0.1722,0.1948
0.1798,0.1974
0.1854,0.1953
0.1965,0.197
0.3218,0.3293
0.3171,0.3228
0.3064,0.3176
0.2944,0.3086
0.2556,0.2603
0.2279,0.2278
0.238,0.247
0.2472,0.2568
0.2275,0.2264
0.2336,0.2362
0.3162,0.3137
0.321,0.3215
0.3235,0.3257
0.3108,0.3206
0.3032,0.3066
0.2954,0.3123
0.2379,0.2318
0.2515,0.2374
0.2625,0.2656
0.2617,0.264
0.2615,0.277
0.3264,0.3167
0.2578,0.2754
0.2683,0.2659
0.27,0.2803
0.247,0.2427
0.2507,0.2673
0.3167,0.3203
0.2095,0.2078
0.3152,0.3242
0.3027,0.3125
0.3098,0.3174
0.3167,0.3198
0.3044,0.3057
0.3147,0.3118
0.2979,0.2983
0.2874,0.2942
0.3267,0.3206
0.3064,0.3137
0.3237,0.3171
0.2184,0.2183
0.1969,0.2003
0.199,0.2189
0.2805,0.2905
0.2524,0.2542
0.2299,0.2451
0.235,0.25
0.2627,0.25
0.2413,0.2405
0.2517,0.2479
0.2776,0.27
0.2585,0.2522
0.2622,0.2634
0.2654,0.2654
0.25,0.248
0.2576,0.2642
0.226,0.2213
0.218,0.2201
0.233,0.2303
0.2317,0.2407
0.2383,0.238
0.2217,0.2329
0.228,0.2308
0.2244,0.2289
0.2158,0.227
0.2294,0.2272
0.2311,0.2086
0.2203,0.2117
0.2197,0.2158
0.2418,0.2462
0.2174,0.2401
0.2318,0.2366
0.2415,0.2455
0.281,0.2886
0.2944,0.2866
0.3027,0.3098
0.31,0.309
0.2625,0.2583
0.254,0.2668
0.2388,0.254
0.2325,0.2263
0.2397,0.2418
0.2666,0.2747
0.2289,0.2435
0.2445,0.2515
0.2625,0.2727
0.2761,0.2786
0.2238,0.236
0.2676,0.2734
0.2852,0.2737
0.2527,0.255
0.2756,0.2773
0.2595,0.251
0.2605,0.261
0.2778,0.2666
0.262,0.272
0.225,0.2147
0.219,0.2163
0.2302,0.2295
0.2145,0.2074
0.2507,0.2583
0.2433,0.25
0.248,0.249
0.2367,0.2438
0.2568,0.2678
0.2179,0.2374
0.2168,0.2175
0.2651,0.2769
0.2274,0.2413
0.2297,0.2253
0.2272,0.2328
0.2318,0.2311
0.224,0.2211
0.2311,0.2441
0.24,0.2313
0.2413,0.2393
0.2375,0.22
0.2382,0.2378
0.2344,0.2426
0.2273,0.2312
0.244,0.2412
0.2537,0.2522
0.2418,0.2285
0.2651,0.2659
0.2605,0.261
0.2412,0.2583
0.2573,0.2683
0.2576,0.252
0.2488,0.2502
0.2305,0.2278
0.2507,0.2443
0.2524,0.2457
0.241,0.2399
0.2258,0.2349
0.241,0.2461
0.1937,0.1813
0.2004,0.1924
0.1912,0.1952
0.1953,0.2013
0.2257,0.2134
0.2179,0.2162
0.26,0.2427
0.2625,0.259
0.2147,0.2168
0.2144,0.2189
0.228,0.2107
0.2223,0.2283
0.2312,0.2314
0.2183,0.2472
0.3025,0.3103
0.285,0.2961
0.2688,0.2712
0.2527,0.254
0.2145,0.2145
0.1975,0.1857
0.273,0.277
0.2025,0.2034
0.21,0.2092
0.2305,0.2329
0.2156,0.2231
0.255,0.2659
0.2117,0.1984
0.2462,0.2433
0.2207,0.2102
0.2045,0.1896
0.2034,0.1913
0.2568,0.2568
0.2108,0.2106
0.2163,0.2312
0.2703,0.2764
0.2107,0.2118
0.2534,0.2408
0.2494,0.2568
0.2177,0.2195
0.2054,0.2362
0.207,0.2297
0.2239,0.2678
0.226,0.2451
0.2566,0.2435
0.2299,0.2443
0.252,0.2683
0.2498,0.2688
0.2544,0.2379
0.255,0.2659
0.2612,0.2964
0.2856,0.2793
0.2815,0.2761
0.2834,0.2795
0.2808,0.2798
0.2708,0.2695
0.2715,0.27
0.2898,0.2805
0.2703,0.2659
0.2786,0.278
0.252,0.2544
0.2279,0.2311
0.2441,0.2542
0.256,0.2537
0.271,0.2708
0.284,0.2754
0.272,0.2717
0.2576,0.26
0.2483,0.2507
0.2332,0.2214
0.2808,0.276
0.2522,0.2622
0.2717,0.2815
0.296,0.288
0.283,0.2456
0.2788,0.2595
0.2588,0.2607
0.2208,0.1985
0.2236,0.211
0.2986,0.292
0.2944,0.2888
0.3318,0.321
0.2119,0.2262
0.192,0.2056
0.263,0.2566
0.247,0.2498
0.1969,0.2037
0.2664,0.2712
0.2773,0.2864
0.2119,0.2008
0.2092,0.2091
0.237,0.2502
0.2654,0.268
0.2468,0.2407
0.2189,0.2288
0.2292,0.2333
0.2206,0.2189
0.2058,0.2148
0.221,0.2101
0.2341,0.2336
0.2588,0.264
0.2343,0.2407
0.1766,0.1857
0.2466,0.2463
0.272,0.2786
0.2805,0.2878
0.253,0.2686
0.2725,0.2842
0.2603,0.2632
0.2742,0.2617
0.2426,0.2454
0.2484,0.255
0.228,0.2317
0.2455,0.26
0.243,0.2452
0.2328,0.2395
0.2257,0.2336
0.267,0.271
0.2627,0.2725
0.2964,0.302
0.299,0.3015
0.2905,0.3179
0.2927,0.3062
0.2844,0.275
0.2778,0.2822
0.2754,0.277
0.2993,0.3179
0.3108,0.3108
0.2595,0.257
0.2318,0.2449
0.2424,0.2593
0.268,0.27
0.2318,0.2546
0.2472,0.247
0.236,0.2388
0.2374,0.273
0.2534,0.2756
0.2312,0.2585
0.2434,0.2515
0.2316,0.2274
0.2283,0.2357
0.2257,0.2307
0.3206,0.3218
0.3208,0.3198
0.3318,0.3423
0.3235,0.3445
0.3508,0.3596
0.3408,0.3545
0.3496,0.3516
0.2042,0.2097
0.2153,0.2151
0.272,0.2805
0.2957,0.2893
0.2837,0.2852
0.288,0.2795
0.2322,0.2474
0.2754,0.27
0.2532,0.2585
0.2605,0.2659
0.2325,0.2512
0.2847,0.2773
0.2515,0.2615
0.2605,0.2566
0.2783,0.2793
0.2988,0.3113
0.285,0.2944
0.26,0.2642
0.2527,0.2551
0.2832,0.2837
0.2756,0.2744
0.2656,0.2659
0.251,0.2515
0.251,0.2487
0.2455,0.2546
0.2177,0.2247
0.1844,0.2004
0.1953,0.1996
0.1934,0.1912
0.1924,0.2034
0.22,0.224
0.2098,0.21
0.2178,0.2195
0.2139,0.2177
0.2712,0.2754
0.2527,0.2603
0.2915,0.2905
0.2808,0.2737
0.1814,0.1971
0.173,0.1923
0.1847,0.1964
0.1887,0.195
0.2058,0.2177
0.2113,0.2102
0.2106,0.208
0.321,0.3232
0.305,0.2976
0.2191,0.222
0.2246,0.2227
0.2832,0.2861
0.2776,0.283
0.2455,0.2393
0.2382,0.2427
0.308,0.3098
0.2876,0.2886
0.3013,0.3105
0.2944,0.289
0.2373,0.2344
0.2266,0.2312
0.2452,0.2335
0.2318,0.2333
0.3154,0.3176
0.327,0.3347
0.302,0.299
0.3157,0.3171
0.2336,0.2272
0.2288,0.2361
0.2222,0.217
0.3447,0.3345
0.29,0.31
0.2944,0.2798
0.3306,0.2937
0.3289,0.297
0.3062,0.3142
0.3052,0.3047
0.3137,0.3113
0.2952,0.2974
0.2864,0.2815
0.2983,0.2969
0.2805,0.2898
0.2808,0.283
0.2825,0.2856
0.2842,0.2825
0.2211,0.2083
0.2913,0.2964
0.3132,0.3074
0.2937,0.2964
0.2744,0.281
0.2406,0.2373
0.2505,0.2554
0.2712,0.2605
0.2698,0.2817
0.2637,0.2651
0.2615,0.264
0.2646,0.264
0.2559,0.2546
0.2947,0.2905
0.3044,0.2935
0.3223,0.3132
0.3235,0.3198
0.2988,0.31
0.3228,0.331
0.3164,0.3123
0.298,0.3066
0.3235,0.3262
0.2915,0.3015
0.2715,0.294
0.3164,0.3223
0.2686,0.26
0.2286,0.2372
0.2776,0.2627
0.3037,0.3093
0.2869,0.2878
0.253,0.2505
0.2617,0.2583
0.234,0.2396
0.2756,0.2827
0.2566,0.267
0.2976,0.3013
0.2847,0.2603
0.2096,0.2175
0.2522,0.263
0.2905,0.302
0.2917,0.2954
0.254,0.262
0.1758,0.1971
0.275,0.294
0.2603,0.2625
0.2715,0.2769
0.2152,0.2249
0.2427,0.2396
0.2191,0.226
0.2292,0.2334
0.2805,0.2822
0.2952,0.2935
0.222,0.2178
0.2515,0.252
0.2788,0.2686
0.2888,0.282
0.2686,0.2683
0.2379,0.2379
0.2537,0.2627
0.2451,0.2473
0.2566,0.2678
0.2327,0.2377
0.2494,0.2585
0.2688,0.2815
0.288,0.2976
0.2842,0.2983
0.2349,0.2196
0.2479,0.2443
0.2861,0.2812
0.2947,0.2969
0.2361,0.2336
0.2406,0.251
0.231,0.2334
0.3064,0.304
0.2673,0.2632
0.2876,0.295
0.26,0.2678
0.3052,0.3066
0.3262,0.3237
0.3313,0.323
0.3167,0.32
0.3252,0.323
0.325,0.3254
0.3225,0.3218
0.3303,0.3225
0.3274,0.325
0.271,0.2664
0.282,0.2668
0.271,0.2664
0.282,0.2668
0.289,0.29
0.2703,0.282
0.2725,0.2798
0.2908,0.29
0.2751,0.286
0.277,0.2822
0.2605,0.268
0.2695,0.271
0.3215,0.3132
0.2974,0.3057
0.3196,0.3093
0.3103,0.3162
0.3152,0.3054
0.2856,0.2986
0.3088,0.3
0.3215,0.3132
0.2974,0.3057
0.3196,0.3093
0.3147,0.3127
0.291,0.305
0.3105,0.3062
0.2527,0.2507
0.2175,0.2399
0.261,0.2478
0.2527,0.2507
0.2175,0.2399
0.261,0.2478
0.2385,0.2485
0.2128,0.2397
0.2397,0.2454
0.223,0.2175
0.2507,0.2362
0.3125,0.3054
0.3086,0.2976
0.281,0.2666
0.2095,0.2203
0.1923,0.205
0.2534,0.2517
0.285,0.2751
0.2864,0.2832
0.2527,0.247
0.2379,0.2499
0.233,0.2333
0.2418,0.2349
0.2106,0.2279
0.224,0.2312
0.263,0.2876
0.2394,0.2368
0.2886,0.2744
0.2617,0.2644
0.2625,0.2659
0.2976,0.298
0.286,0.282
0.2815,0.2727
0.2783,0.261
0.2744,0.2756
0.2356,0.2356
0.224,0.2274
0.2328,0.2246
0.2196,0.2156
0.2903,0.2888
0.281,0.287
0.276,0.2832
0.2717,0.2817
0.2017,0.2194
0.2136,0.2177
0.1863,0.195
0.2646,0.256
0.2306,0.222
0.227,0.2327
0.2288,0.2283
0.2148,0.2146
0.2163,0.2344
0.2484,0.2456
0.2423,0.2438
0.2496,0.2432
0.2588,0.2625
0.2625,0.264
0.2203,0.2284
0.2269,0.2382
0.2942,0.3098
0.2131,0.2441
0.2274,0.2449
0.231,0.2488
0.2433,0.252
0.296,0.3071
0.3064,0.3174
0.269,0.2688
0.261,0.2642
0.2023,0.2068
0.2041,0.1969
0.1893,0.1992
0.2316,0.252
0.2191,0.2472
0.2338,0.2188
0.2302,0.2236
0.2465,0.2437
0.2247,0.2399
0.2573,0.2476
0.2303,0.251
0.2384,0.2568
0.2119,0.2288
0.2344,0.2559
0.2764,0.2795
0.2373,0.2336
0.239,0.2443
0.2113,0.2059
0.2299,0.2405
0.2795,0.2632
0.1844,0.1974
0.1969,0.1996
0.1741,0.1937
0.185,0.1943
0.1804,0.1893
0.1877,0.1981
0.1731,0.181
0.1875,0.1897
0.2158,0.2163
0.2109,0.206
0.2103,0.2065
0.2117,0.2031
0.2026,0.2161
0.2047,0.2147
0.1959,0.2157
0.1934,0.2073
0.2798,0.2966
0.2742,0.2842
0.236,0.2379
0.2153,0.2407
0.2323,0.2396
0.2112,0.2307
0.2261,0.23
0.2163,0.2146
0.2194,0.2394
0.1974,0.2328
0.2698,0.2883
0.2605,0.2766
0.255,0.2659
0.251,0.2461
0.2438,0.2355
0.2357,0.254
0.27,0.2844
0.1757,0.1791
0.1696,0.1825
0.1705,0.1632
0.1754,0.1747
0.2089,0.2163
0.2123,0.224
0.2098,0.2113
0.2073,0.2186
0.2203,0.2275
0.271,0.2751
0.2737,0.2786
0.229,0.2319
0.2566,0.2644
0.2068,0.2205
0.3418,0.333
0.3208,0.3257
0.3496,0.3474
0.3354,0.3357
0.3164,0.3188
0.2937,0.3013
0.2035,0.2103
0.221,0.2195
0.2026,0.2104
0.2252,0.2183
0.2206,0.2295
0.2192,0.2223
0.221,0.224
0.2142,0.224
0.2128,0.2108
0.1967,0.2242
0.2183,0.2169
0.2085,0.2301
0.2625,0.2595
0.2698,0.263
0.2251,0.2183
0.2004,0.2306
0.2317,0.2213
0.2285,0.2338
0.2598,0.2585
0.2235,0.2288
0.2471,0.2444
0.276,0.2803
0.2683,0.2778
0.2717,0.2754
0.2808,0.2798
0.2654,0.2673
0.2644,0.2705
0.2522,0.2644
0.257,0.2615
0.2651,0.266
0.25,0.2578
0.1996,0.1859
0.1978,0.208
0.2189,0.2148
0.2188,0.2166
0.1808,0.1686
0.1897,0.1946
0.2003,0.1881
0.2021,0.1908
0.2305,0.2361
0.2374,0.2316
0.2373,0.2389
0.2455,0.2323
0.1757,0.1807
0.1799,0.1677
0.2612,0.2568
0.2615,0.2717
0.2756,0.2869
0.2766,0.2744
0.2632,0.2615
0.259,0.2715
0.2773,0.292
0.2776,0.2751
0.2615,0.2605
0.2603,0.2742
0.276,0.2888
0.282,0.2705
0.268,0.2664
0.2686,0.2754
0.2795,0.2947
0.2847,0.284
0.2607,0.26
0.2578,0.272
0.2769,0.294
0.2808,0.2773
0.284,0.2766
0.2817,0.2715
0.2773,0.2705
0.2693,0.2644
0.2505,0.2708
0.2534,0.2678
0.2428,0.2693
0.2622,0.277
0.236,0.265
0.164,0.1676
0.1641,0.1672
0.1875,0.1812
0.1847,0.1825
0.2047,0.2021
0.1958,0.1996
0.1903,0.1881
0.1963,0.1951
0.1526,0.154
0.1526,0.1449
0.1595,0.1614
0.158,0.1615
0.1835,0.1588
0.1543,0.154
0.2015,0.1985
0.2235,0.2181
0.2148,0.2239
0.2245,0.2385
0.2336,0.2344
0.198,0.191
0.1917,0.1903
0.1992,0.2009
0.2505,0.2595
0.2035,0.2035
0.2013,0.2047
0.208,0.2168
0.2136,0.2214
0.2184,0.2188
0.2352,0.225
0.2725,0.2744
0.2966,0.292
0.2922,0.2893
0.2096,0.243
0.2593,0.279
0.2754,0.2878
0.238,0.2391
0.2776,0.2747
0.2988,0.3008
0.2786,0.293
0.2695,0.2808
0.228,0.221
0.235,0.2303
0.2979,0.301
0.2986,0.2935
0.2954,0.3003
0.2888,0.2795
0.3032,0.3074
0.2964,0.289
0.2637,0.2554
0.2117,0.2622
0.2499,0.261
0.2015,0.2588
0.2651,0.2542
0.2028,0.2568
0.2325,0.2343
0.203,0.2122
0.2323,0.2417
0.2021,0.2224
0.2864,0.2932
0.1829,0.2078
0.2046,0.2168
0.3088,0.3086
0.3115,0.3076
0.3032,0.296
0.2766,0.2776
0.2688,0.2761
0.2678,0.2715
0.2957,0.291
0.2869,0.2844
0.2898,0.282
0.1753,0.1893
0.1866,0.2015
0.2024,0.1992
0.1647,0.1798
0.2004,0.2048
0.2223,0.227
0.2812,0.284
0.2227,0.2328
0.2568,0.256
0.2014,0.2067
0.1777,0.1991
0.2004,0.1924
0.2347,0.2285
0.2297,0.2695
0.2207,0.224
0.2262,0.229
0.2234,0.2357
0.2227,0.2423
0.3196,0.3108
0.3118,0.3013
0.2773,0.2632
0.2761,0.2754
0.2632,0.2695
0.2754,0.2686
0.2484,0.2439
0.2542,0.2532
0.288,0.288
0.2659,0.2588
0.2668,0.259
0.2646,0.2588
0.2812,0.2847
0.2822,0.2896
0.2786,0.291
0.2354,0.2593
0.2256,0.2563
0.2148,0.252
0.318,0.3206
0.3015,0.2834
0.3105,0.318
0.2976,0.2966
0.2922,0.3022
0.2556,0.2494
0.2499,0.2517
0.2167,0.2131
0.2554,0.2537
0.2117,0.2021
0.3223,0.335
0.3655,0.365
0.26,0.2559
0.2778,0.2598
0.273,0.275
0.2744,0.2686
0.273,0.2705
0.2455,0.25
0.2441,0.2532
0.2632,0.2443
0.2627,0.2563
0.2659,0.2678
0.268,0.2751
0.2754,0.2756
0.277,0.2798
0.276,0.266
0.2732,0.2686
0.206,0.2052
0.2118,0.2029
0.2053,0.2234
0.2136,0.218
0.2377,0.2332
0.223,0.2393
0.2822,0.2844
0.273,0.2795
0.2637,0.2944
0.2778,0.295
0.2834,0.2922
0.2974,0.2974
0.1873,0.1842
0.2247,0.2428
0.2168,0.211
0.2329,0.2305
0.2238,0.2246
0.215,0.2322
0.1895,0.1802
0.2241,0.2083
0.2551,0.281
0.2754,0.2783
0.2917,0.2817
0.2673,0.259
0.276,0.2737
0.313,0.3123
0.3135,0.3108
0.2776,0.2798
0.2783,0.279
0.28,0.2812
0.1947,0.1854
0.3098,0.312
0.3218,0.3171
0.258,0.2617
0.2817,0.2715
0.2456,0.2542
0.2395,0.2452
0.2349,0.235
0.2426,0.25
0.2135,0.2413
0.1545,0.2035
0.2332,0.2217
0.2335,0.2262
0.2734,0.2744
0.2793,0.2783
0.274,0.2817
0.3015,0.3118
0.303,0.3022
0.3252,0.3188
0.2996,0.308
0.3027,0.3008
0.318,0.3252
0.2903,0.3044
0.2998,0.2993
0.3176,0.3179
0.2551,0.2585
0.2437,0.2515
0.2123,0.2498
0.1912,0.2472
0.2568,0.2542
0.2279,0.2483
0.2666,0.274
0.2507,0.2646
0.2603,0.269
0.271,0.2786
0.2416,0.254
0.2554,0.2637
0.2363,0.2377
0.3074,0.3237
0.2844,0.2944
0.2634,0.2896
0.273,0.2856
0.2917,0.3152
0.2766,0.279
0.225,0.2585
0.2295,0.2373
0.2773,0.2876
0.2335,0.2422
0.2313,0.2327
0.2861,0.312
0.2646,0.2883
0.2322,0.244
0.252,0.2598
0.229,0.2362
0.2457,0.2551
0.231,0.232
0.2152,0.2314
0.227,0.2213
0.2135,0.2212
0.2512,0.2556
0.2423,0.2408
0.2517,0.2622
0.2524,0.2607
0.222,0.253
0.2185,0.254
0.2368,0.2751
0.2375,0.2747
0.249,0.2727
0.255,0.291
0.2686,0.2827
0.2795,0.3013
0.1921,0.2146
0.1938,0.2179
0.2363,0.2627
0.241,0.258
0.2808,0.2747
0.265,0.2686
0.281,0.2646
0.2637,0.2605
0.2313,0.243
0.3186,0.3208
0.3135,0.3179
0.328,0.323
0.3162,0.314
0.3098,0.305
0.323,0.3206
0.2847,0.2925
0.272,0.276
0.302,0.3003
0.2988,0.294
0.2964,0.2876
0.234,0.2275
0.2305,0.2356
0.245,0.2546
0.2527,0.2578
0.2162,0.261
0.2678,0.2734
0.2715,0.2727
0.1935,0.1954
0.1786,0.1747
0.1814,0.186
0.2135,0.2234
0.1952,0.1998
0.2698,0.2778
0.2391,0.2404
0.2532,0.2479
0.2441,0.2433
0.2396,0.2367
0.2284,0.2578
0.2607,0.2688
0.2427,0.2269
0.2566,0.275
0.2174,0.2178
0.271,0.2798
0.283,0.2893
0.267,0.2727
0.3113,0.3203
0.2937,0.2817
0.235,0.2505
0.2803,0.2761
0.256,0.2551
0.2966,0.3042
0.2786,0.2773
0.3228,0.334
0.309,0.3042
0.2783,0.2847
0.2283,0.2251
0.2974,0.3003
0.2742,0.2786
0.3018,0.307
0.2944,0.2825
0.286,0.2905
0.27,0.2715
0.255,0.26
0.312,0.3196
0.3003,0.29
0.2505,0.2532
0.2173,0.2311
0.258,0.2578
0.2313,0.2189
0.2308,0.2395
0.2467,0.2329
0.2269,0.2188
0.318,0.3271
0.2976,0.308
0.2952,0.3086
0.216,0.2175
0.1863,0.1874
0.2231,0.2075
0.2356,0.2517
0.2144,0.247
0.2864,0.2864
0.239,0.2913
0.2437,0.253
0.2167,0.2021
0.2128,0.2285
0.2217,0.195
0.2346,0.2355
0.2452,0.2644
0.1938,0.2001
0.2157,0.2128
0.2141,0.2279
0.2039,0.23
0.261,0.254
0.257,0.263
0.2502,0.261
0.2527,0.2715
0.2686,0.2573
0.2832,0.284
0.2888,0.2852
0.2893,0.2905
0.2825,0.2817
0.2505,0.261
0.2551,0.2625
0.2573,0.257
0.2559,0.2524
0.262,0.2568
0.28,0.2815
0.306,0.3044
0.314,0.3193
0.2551,0.2676
0.2607,0.2546
0.1934,0.2085
0.2122,0.2194
0.2,0.21
0.2229,0.2173
0.2603,0.2546
0.2676,0.27
0.2157,0.2208
0.2217,0.2333
0.2837,0.3
0.259,0.262
0.2322,0.2462
0.2832,0.2852
0.2705,0.2805
0.2397,0.261
0.2588,0.2744
0.2462,0.2576
0.2607,0.2703
0.2205,0.2396
0.2202,0.2008
0.2306,0.2078
0.2272,0.2361
0.2413,0.2445
0.2026,0.1957
0.2686,0.2834
0.2644,0.2786
0.2261,0.2482
0.2499,0.2515
0.2343,0.2432
0.1907,0.1733
0.1959,0.1935
0.2196,0.2238
0.2041,0.2189
0.2162,0.2277
0.1953,0.2211
0.2177,0.2405
0.2233,0.2314
0.254,0.2495
0.2047,0.2236
0.2277,0.2435
0.2213,0.2484
0.2109,0.247
0.2544,0.2576
0.2329,0.2479
0.2346,0.2426
0.2147,0.2411
0.2264,0.2554
0.251,0.255
0.2261,0.2517
0.2133,0.2019
0.2075,0.2189
0.2222,0.2283
0.2238,0.2454
0.1895,0.204
0.2009,0.2201
0.2,0.2007
0.1848,0.1998
0.2216,0.2349
0.298,0.2903
0.2944,0.2925
0.2211,0.2216
0.2732,0.278
0.2473,0.2598
0.2438,0.2598
0.2388,0.251
0.2734,0.2905
0.2705,0.28
0.2238,0.2322
0.2412,0.2468
0.192,0.188
0.2212,0.2318
0.1813,0.1775
0.1749,0.1776
0.1895,0.1973
0.2034,0.2051
0.2047,0.1973
0.1813,0.1947
0.1887,0.1971
0.1937,0.1918
0.1816,0.1934
0.1986,0.2102
0.2053,0.2064
0.2034,0.2051
0.1887,0.1971
0.1986,0.2102
0.2266,0.2316
0.2347,0.2245
0.2482,0.2498
0.2291,0.2301
0.247,0.2456
0.2727,0.2742
0.2595,0.2676
0.2206,0.222
0.2239,0.2318
0.2308,0.2317
0.2261,0.2124
0.2512,0.2573
0.2233,0.2517
0.219,0.2435
0.2272,0.2294
0.2262,0.2208
0.2856,0.2803
0.2642,0.2563
0.2654,0.2593
0.2944,0.2937
0.2834,0.2856
0.2412,0.246
0.2324,0.219
0.2305,0.2256
0.2404,0.24
0.2512,0.2544
0.2751,0.2573
0.1948,0.1917
0.2402,0.2375
0.2479,0.2434
0.3132,0.3093
0.248,0.2441
0.301,0.2952
0.284,0.2876
0.2979,0.3013
0.2827,0.2976
0.2256,0.2155
0.2288,0.2281
0.217,0.2112
0.2189,0.2261
0.276,0.2742
0.2808,0.279
0.2715,0.2793
0.274,0.2827
0.2869,0.3093
0.2544,0.2576
0.2499,0.25
0.2937,0.3022
0.2935,0.2876
0.282,0.275
0.2942,0.2903
0.2861,0.277
0.2178,0.228
0.3118,0.316
0.3145,0.3174
0.317,0.3289
0.3005,0.3171
0.3042,0.2905
0.25,0.2542
0.1989,0.1786
0.2095,0.1909
0.2032,0.1968
0.2448,0.2646
0.2556,0.259
0.2583,0.269
0.185,0.2146
0.263,0.271
0.264,0.2607
0.2678,0.2673
0.1967,0.189
0.1987,0.1837
0.2563,0.2148
0.2434,0.2103
0.2152,0.2148
0.2019,0.2141
0.2205,0.2103
0.2026,0.2075
0.2507,0.2617
0.22,0.2466
0.1965,0.1989
0.1978,0.1887
0.201,0.1865
0.2852,0.284
0.2922,0.2874
0.2866,0.2854
0.1803,0.1849
0.1824,0.1844
0.183,0.1857
0.2761,0.2961
0.3013,0.3157
0.29,0.3108
0.276,0.281
0.3054,0.3027
0.3,0.2976
0.2913,0.292
0.3174,0.3083
0.313,0.306
0.2001,0.2072
0.2028,0.2155
0.1979,0.2057
0.1973,0.2089
0.2908,0.2844
0.29,0.2808
0.2783,0.2888
0.2795,0.2847
0.296,0.2893
0.3098,0.303
0.308,0.296
0.2554,0.2532
0.2252,0.246
0.2391,0.2527
0.2573,0.2715
0.2446,0.2717
0.2886,0.296
0.294,0.2942
0.2825,0.2888
0.2847,0.286
0.2917,0.289
0.29,0.2854
0.2915,0.3044
0.3098,0.314
0.2808,0.3052
0.2773,0.3032
0.322,0.321
0.3362,0.3328
0.3147,0.3127
0.3188,0.3198
0.3064,0.3032
0.3235,0.3142
0.2966,0.299
0.3,0.3013
0.2693,0.271
0.3105,0.3188
0.3281,0.325
0.3064,0.3164
0.3044,0.3174
0.2798,0.2861
0.3118,0.3003
0.2832,0.285
0.2825,0.288
0.196,0.2189
0.1882,0.1996
0.1956,0.2136
0.1914,0.1921
0.1995,0.2106
0.2083,0.2131
0.1901,0.2137
0.1884,0.2092
0.1788,0.1887
0.1833,0.196
0.1777,0.1848
0.1677,0.1791
0.1763,0.1869
0.1702,0.17
0.2637,0.27
0.2507,0.2666
0.279,0.2732
0.27,0.265
0.2764,0.2515
0.2722,0.2515
0.2072,0.209
0.2142,0.2025
0.1897,0.1979
0.1906,0.1964
0.1987,0.1971
0.1797,0.191
0.2925,0.3037
0.2761,0.2861
0.186,0.196
0.1809,0.1951
0.177,0.1813
0.2042,0.2069
0.1985,0.2014
0.1984,0.1946
0.2944,0.2976
0.3047,0.313
0.2473,0.2695
0.2578,0.2637
0.26,0.262
0.2764,0.283
0.299,0.3054
0.2725,0.2822
0.2827,0.2896
0.314,0.3398
0.1917,0.1831
0.2074,0.2045
0.198,0.193
0.2247,0.2258
0.2261,0.2377
0.285,0.286
0.1968,0.1896
0.1819,0.1774
0.2311,0.1993
0.2462,0.2394
0.2612,0.2437
0.1847,0.1783
0.2375,0.2251
0.324,0.3345
0.2263,0.2266
0.2275,0.2385
0.1918,0.2083
0.2229,0.179
0.2642,0.2847
0.261,0.2913
0.277,0.2307
0.2683,0.2288
0.1932,0.2152
0.2328,0.2191
0.2869,0.2937
0.2803,0.2915
0.2642,0.2637
0.284,0.2769
0.2742,0.2754
0.2793,0.2788
0.2239,0.2328
0.2996,0.3164
0.305,0.319
0.2421,0.2444
0.2598,0.2754
0.2253,0.2483
0.2457,0.2417
0.2434,0.2324
0.2507,0.2395
0.2332,0.238
0.2339,0.2485
0.2073,0.2177
0.2239,0.2251
0.2247,0.2368
0.2534,0.2498
0.265,0.2556
0.2474,0.2507
0.305,0.3071
0.2568,0.2644
0.2883,0.29
0.2517,0.2573
0.2886,0.2866
0.2463,0.2474
0.2515,0.2449
0.2334,0.2365
0.251,0.2551
0.2556,0.2615
0.252,0.265
0.1332,0.2013
0.3315,0.3254
0.3215,0.3198
0.1967,0.1971
0.2595,0.262
0.2937,0.293
0.2396,0.2463
0.2396,0.2368
0.2329,0.2238
0.2622,0.2593
0.2491,0.2522
0.2617,0.2585
0.251,0.261
0.332,0.3325
0.34,0.3308
0.3176,0.3164
0.2301,0.2408
0.2515,0.2437
0.2413,0.234
0.2354,0.2219
0.2207,0.2333
0.2256,0.2314
0.2238,0.2249
0.2083,0.2036
0.25,0.2401
0.2444,0.2502
0.2462,0.2279
0.2423,0.2462
0.3464,0.352
0.3442,0.3403
0.334,0.3264
0.276,0.2644
0.1709,0.1774
0.177,0.1753
0.1697,0.1531
0.2218,0.1965
0.2052,0.2317
0.2358,0.2278
0.2246,0.2434
0.2169,0.2056
0.2109,0.2152
0.25,0.2103
0.2461,0.2395
0.2253,0.2329
0.2197,0.2446
0.202,0.1947
0.3115,0.2988
0.329,0.3123
0.2472,0.2532
0.2246,0.2328
0.2454,0.251
0.218,0.2285
0.2311,0.2188
0.2312,0.2311
0.2354,0.2101
0.2384,0.2135
0.2286,0.2198
0.2362,0.2189
0.2415,0.2261
0.2335,0.2301
0.2378,0.23
0.2394,0.2296
0.233,0.2327
0.282,0.2847
0.277,0.2693
0.2452,0.2467
0.2754,0.2566
0.2234,0.2163
0.2544,0.2637
0.2693,0.2817
0.2302,0.2311
0.2307,0.2424
0.272,0.272
0.274,0.27
0.2023,0.2218
0.2101,0.23
0.2336,0.2418
0.1742,0.2041
0.2474,0.2744
0.2441,0.2496
0.2177,0.2173
0.2262,0.2283
0.2283,0.2313
0.2343,0.2423
0.2274,0.2166
0.2214,0.2164
0.2313,0.2339
0.2378,0.2133
0.2367,0.2158
0.2542,0.2505
0.2605,0.2622
0.2415,0.2585
0.2473,0.2607
0.3245,0.3257
0.2058,0.205
0.2795,0.2666
0.26,0.2627
0.2915,0.2864
0.239,0.2386
0.2134,0.2439
0.257,0.2786
0.179,0.2112
0.2218,0.2388
0.2482,0.2505
0.2168,0.2437
0.2325,0.2428
0.2054,0.2207
0.2559,0.264
0.2261,0.2426
0.2406,0.2369
0.2512,0.2542
0.2551,0.2384
0.2585,0.2483
0.2476,0.2534
0.2502,0.262
0.2294,0.2458
0.226,0.2341
0.2128,0.2208
0.2157,0.2067
0.2177,0.2418
0.2234,0.233
0.214,0.2379
0.2156,0.2296
0.254,0.249
0.2622,0.2593
0.247,0.2585
0.2294,0.2098
0.2299,0.2252
0.2278,0.2283
0.2308,0.2318
0.2289,0.2479
0.2244,0.2479
0.2227,0.2223
0.2191,0.2411
0.2213,0.2438
0.245,0.2473
0.2433,0.2094
0.244,0.2502
0.24,0.2384
0.2698,0.255
0.2389,0.2408
0.2273,0.2391
0.245,0.219
0.2401,0.2155
0.2076,0.2009
0.2522,0.2522
0.2455,0.2466
0.2051,0.2249
0.2424,0.2405
0.2352,0.2323
0.1975,0.2145
0.2302,0.2263
0.2527,0.2455
0.2384,0.2417
0.2106,0.2115
0.2366,0.2269
0.2229,0.2247
0.1885,0.1908
0.1991,0.2015
0.2156,0.2152
0.1984,0.205
0.1934,0.2013
0.1993,0.2188
0.178,0.203
0.1791,0.1986
0.1716,0.1743
0.1964,0.1985
0.1846,0.1934
0.1931,0.2019
0.2007,0.1934
0.1713,0.192
0.2156,0.2146
0.2197,0.205
0.1968,0.2047
0.1935,0.2122
0.2052,0.2067
0.1857,0.2076
0.1809,0.187
0.1672,0.1698
0.1614,0.1807
0.195,0.1882
0.1758,0.1735
0.2456,0.2461
0.2776,0.281
0.1525,0.1879
0.2218,0.2129
0.272,0.2827
0.184,0.1974
0.1768,0.188
0.2458,0.2678
0.285,0.2957
0.2101,0.2203
0.3042,0.311
0.3132,0.3127
0.302,0.314
0.314,0.3186
0.324,0.3198
0.3276,0.3242
0.2712,0.2766
0.2795,0.2756
0.2065,0.2036
0.2014,0.2294
0.2449,0.248
0.277,0.2756
0.2773,0.2803
0.2439,0.2437
0.2423,0.2512
0.2461,0.2695
0.2483,0.2524
0.2559,0.252
0.2576,0.2612
0.259,0.2522
0.2372,0.2406
0.2352,0.2485
0.231,0.2473
0.2241,0.2554
0.2184,0.2128
0.2297,0.2286
0.2374,0.2379
0.2166,0.205
0.2311,0.2218
0.2224,0.2123
0.2347,0.232
0.2258,0.2281
0.2366,0.2227
0.2378,0.2445
0.2444,0.2351
0.245,0.2349
0.1791,0.1887
0.2273,0.2288
0.2192,0.2218
0.2268,0.2281
0.3064,0.3008
0.2893,0.2915
0.1606,0.1616
0.168,0.1613
0.1683,0.1653
0.1669,0.16
0.2644,0.2524
0.2402,0.253
0.2869,0.283
0.2563,0.2793
0.3,0.297
0.2974,0.2937
0.2793,0.2712
0.2815,0.279
0.2379,0.2365
0.229,0.2172
0.2247,0.2341
0.2129,0.2268
0.254,0.2488
0.2434,0.2396
0.272,0.2598
0.2793,0.2686
0.2607,0.2522
0.2769,0.2734
0.275,0.2744
0.2185,0.2308
0.231,0.238
0.2607,0.2542
0.3005,0.311
0.2335,0.2397
0.2786,0.2778
0.303,0.2993
0.2976,0.2935
0.297,0.2944
0.2969,0.303
0.2966,0.2898
0.3066,0.3115
0.284,0.292
0.2988,0.3125
0.2817,0.2878
0.2974,0.2898
0.2869,0.2969
0.2854,0.2917
0.2632,0.2686
0.1993,0.2014
0.1903,0.2015
0.1798,0.1932
0.211,0.1996
0.1907,0.2013
0.1934,0.1937
0.1798,0.2019
0.261,0.258
0.2542,0.2404
0.2389,0.2448
0.2375,0.2402
0.2308,0.2437
0.2228,0.2323
0.2308,0.2329
0.252,0.2401
0.2365,0.2385
0.2311,0.2313
0.2522,0.2346
0.2301,0.2325
0.2225,0.2174
0.2102,0.2175
0.2351,0.2294
0.2323,0.233
0.2203,0.2258
0.2401,0.2395
0.198,0.1946
0.2083,0.2056
0.2275,0.2229
0.3147,0.3127
0.3037,0.3057
0.3108,0.3206
0.2495,0.2534
0.2406,0.2433
0.2678,0.2766
0.2722,0.2878
0.2233,0.2352
0.2233,0.2363
0.2585,0.2712
0.2627,0.2576
0.2705,0.2715
0.2437,0.2583
0.2527,0.2546
0.26,0.2683
0.2426,0.2563
0.2266,0.2402
0.2308,0.2391
0.2468,0.2476
0.2467,0.2397
0.2659,0.2744
0.2559,0.2605
0.2654,0.2783
0.2479,0.2722
0.255,0.2644
0.2275,0.253
0.2944,0.3008
0.2593,0.272
0.2832,0.2874
0.2815,0.2886
0.2612,0.2786
0.2756,0.2832
0.241,0.2559
0.214,0.2148
0.242,0.2483
0.2146,0.2079
0.2318,0.2328
0.2039,0.2015
0.2035,0.2039
0.2324,0.2394
0.2397,0.2471
0.2595,0.2593
0.2244,0.2269
0.2233,0.2216
0.3074,0.3054
0.2153,0.2275
0.214,0.2118
0.2063,0.2091
0.2258,0.2361
0.212,0.2137
0.2183,0.2145
0.2382,0.2688
0.2284,0.2238
0.2296,0.2247
0.2522,0.2507
0.2465,0.2333
0.261,0.2505
0.2341,0.2267
0.2328,0.2247
0.304,0.3008
0.27,0.2764
0.3018,0.3027
0.2986,0.3025
0.2484,0.252
0.2856,0.2905
0.2961,0.2966
0.261,0.2559
0.2576,0.2593
0.2238,0.2411
0.2131,0.2383
0.2441,0.269
0.2433,0.2551
0.24,0.2546
0.2336,0.2522
0.2301,0.2474
0.229,0.2286
0.2343,0.2476
0.2247,0.2325
0.2281,0.2281
0.243,0.2128
0.2306,0.2379
0.173,0.1887
0.248,0.2522
0.2795,0.3027
0.323,0.3206
0.2969,0.304
0.1425,0.1699
0.1582,0.1716
0.1539,0.167
0.1576,0.1666
0.281,0.295
0.2925,0.2952
0.171,0.1826
0.2408,0.2456
0.216,0.2325
0.2256,0.2463
0.2416,0.2446
0.2246,0.2369
0.2365,0.2468
0.2803,0.2751
0.2678,0.268
0.2418,0.2325
0.217,0.2242
0.2256,0.2302
0.2573,0.2822
0.2317,0.2466
0.2764,0.2727
0.2522,0.27
0.2896,0.2922
0.2656,0.2617
0.2915,0.2854
0.2522,0.27
0.288,0.29
0.2234,0.2286
0.2603,0.261
0.2805,0.28
0.287,0.287
0.2751,0.2664
0.322,0.314
0.2761,0.2917
0.215,0.2137
0.2382,0.2404
0.2961,0.3022
0.276,0.2766
0.3105,0.3152
0.2961,0.296
0.2408,0.2493
0.2668,0.2654
0.2952,0.2925
0.2898,0.2893
0.2864,0.2817
0.2224,0.2382
0.2377,0.252
0.2537,0.2559
0.2418,0.2456
0.2393,0.234
0.3044,0.3025
0.1802,0.1761
0.17,0.1697
0.3125,0.3228
0.3057,0.3142
0.3386,0.335
0.3186,0.324
0.2472,0.2377
0.2751,0.3005
0.3323,0.3247
0.216,0.212
0.2288,0.2148
0.2542,0.2666
0.2568,0.2517
0.2644,0.277
0.245,0.2432
0.2399,0.2495
0.254,0.2544
0.2494,0.2622
0.306,0.3052
0.2942,0.295
0.305,0.3098
0.2915,0.2952
0.3076,0.2646
0.2974,0.2917
0.3254,0.3142
0.2698,0.2505
0.2715,0.2744
0.287,0.2957
0.301,0.2676
0.3013,0.2673
0.2993,0.3003
0.3013,0.3013
0.3047,0.3025
0.3022,0.3066
0.2358,0.2242
0.2573,0.255
0.2625,0.2578
0.2404,0.2444
0.2412,0.2515
0.2125,0.2238
0.2101,0.2056
0.2498,0.2512
0.229,0.2345
0.1996,0.2325
0.2373,0.2335
0.198,0.2047
0.1993,0.2095
0.2915,0.3037
0.2769,0.2783
0.23,0.2313
0.2145,0.2273
0.268,0.2646
0.18,0.1935
0.1667,0.1826
0.2203,0.2328
0.212,0.2177
0.2161,0.219
0.1378,0.1501
0.2008,0.2019
0.1791,0.1768
0.2263,0.2449
0.1819,0.1804
0.187,0.185
0.1895,0.1859
0.1862,0.179
0.1931,0.1908
0.1849,0.183
0.2144,0.2137
0.2233,0.2231
0.2009,0.2349
0.2732,0.2595
0.2656,0.2686
0.2502,0.2651
0.2583,0.275
0.2537,0.27
0.2437,0.2615
0.2524,0.2727
0.2161,0.2288
0.2585,0.2632
0.2622,0.2627
0.2505,0.255
0.2473,0.2466
0.2405,0.2386
0.245,0.2467
0.2413,0.2402
0.2207,0.2126
0.2363,0.2194
0.2915,0.2861
0.2913,0.2673
0.2935,0.2847
0.2905,0.2966
0.2964,0.281
0.2983,0.2974
0.279,0.2869
0.2754,0.2715
0.2861,0.2847
0.2119,0.2036
0.2029,0.1927
0.2756,0.289
0.285,0.3018
0.2832,0.2869
0.289,0.2944
0.2825,0.2961
0.2944,0.3062
0.2251,0.2261
0.2708,0.2952
0.233,0.2448
0.238,0.2365
0.2383,0.2484
0.2385,0.2406
0.2566,0.2651
0.2405,0.2578
0.2532,0.254
0.2725,0.2822
0.309,0.3093
0.279,0.2822
0.2134,0.216
0.2856,0.275
0.2837,0.2856
0.2778,0.274
0.2913,0.3079
0.2573,0.2805
0.3105,0.302
0.3154,0.312
0.3281,0.3232
0.3362,0.3186
0.3127,0.3071
0.3179,0.3044
0.2651,0.285
0.2922,0.2842
0.2483,0.2338
0.2462,0.2201
0.2515,0.217
0.2446,0.2588
0.2461,0.2527
0.2485,0.2578
0.2169,0.2078
0.2073,0.2124
0.2147,0.2161
0.2078,0.2126
0.232,0.2349
0.2837,0.2847
0.275,0.2834
0.3242,0.3284
0.308,0.3037
0.2998,0.266
0.1876,0.1948
0.1718,0.1902
0.1884,0.1893
0.1978,0.207
0.258,0.252
0.2744,0.2644
0.2954,0.305
0.2908,0.2896
0.2803,0.2544
0.2495,0.25
0.2644,0.2546
0.2932,0.3005
0.2793,0.2783
0.272,0.2366
0.2656,0.2544
0.2722,0.2585
0.2937,0.3042
0.2898,0.2861
0.2766,0.2428
0.2494,0.253
0.2646,0.2568
0.2979,0.3018
0.2783,0.2773
0.2664,0.2433
0.2644,0.2642
0.2595,0.2603
0.292,0.291
0.2864,0.28
0.2603,0.2522
0.2983,0.2817
0.2866,0.2588
0.2717,0.2659
0.3213,0.308
0.2852,0.2954
0.3171,0.3142
0.3074,0.3044
0.2778,0.294
0.2976,0.296
0.2866,0.2837
0.2676,0.2727
0.2954,0.292
0.282,0.2776
0.256,0.2673
0.2944,0.2913
0.2805,0.279
0.259,0.2705
0.258,0.2211
0.2617,0.2542
0.2401,0.2344
0.1964,0.1948
0.1847,0.1975
0.2563,0.2484
0.2437,0.2559
0.2347,0.2336
0.2228,0.2307
0.2295,0.2277
0.2725,0.2583
0.1873,0.2073
0.1912,0.2029
0.2588,0.2844
0.2411,0.2598
0.254,0.2788
0.2347,0.2499
0.2295,0.2483
0.2064,0.218
0.2644,0.2715
0.2717,0.2725
0.226,0.2423
0.2274,0.2218
0.2742,0.2795
0.2712,0.2722
0.2214,0.237
0.2369,0.2622
0.2223,0.2196
0.2366,0.2494
0.3325,0.3403
0.35,0.3528
0.331,0.344
0.323,0.3193
0.3423,0.3428
0.321,0.3242
0.236,0.2263
0.2395,0.2113
0.2124,0.2109
0.2299,0.2042
0.2305,0.2213
0.2308,0.2325
0.2751,0.2627
0.2832,0.2659
0.2664,0.2583
0.285,0.2551
0.257,0.2551
0.2578,0.2423
0.3005,0.2798
0.2808,0.2808
0.2761,0.2737
0.2142,0.215
0.211,0.1906
0.1536,0.1776
0.1636,0.156
0.1948,0.2275
0.2068,0.2126
0.2351,0.2489
0.2491,0.2454
0.237,0.2393
0.2047,0.2207
0.2421,0.2235
0.2117,0.1968
0.2761,0.2896
0.2532,0.269
0.278,0.3047
0.2311,0.2411
0.2311,0.2408
0.2905,0.2942
0.298,0.2986
0.2174,0.2072
0.2703,0.2678
0.2654,0.272
0.2756,0.2737
0.247,0.2715
0.2206,0.2327
0.2783,0.2754
0.2585,0.252
0.201,0.1986
0.2014,0.209
0.2512,0.2404
0.2233,0.2189
0.247,0.2388
0.2185,0.2151
0.2433,0.233
0.238,0.2603
0.2676,0.2761
0.2244,0.2389
0.259,0.2595
0.2969,0.2935
0.2659,0.2764
0.272,0.2715
0.2615,0.2408
0.2637,0.2374
0.2625,0.2279
0.3013,0.3035
0.2607,0.271
0.2445,0.259
0.2495,0.2595
0.2474,0.2551
0.2489,0.2598
0.2244,0.2405
0.2373,0.2438
0.2096,0.2241
0.2257,0.2174
0.2103,0.2019
0.183,0.1785
0.1963,0.2135
0.1619,0.1753
0.2372,0.2389
0.2352,0.2283
0.242,0.2595
0.2444,0.2402
0.25,0.2764
0.2446,0.2493
0.2463,0.2878
0.255,0.2693
0.2428,0.2382
0.2391,0.2253
0.2527,0.254
0.25,0.2408
0.2269,0.2394
0.2328,0.229
0.2346,0.257
0.224,0.2474
0.3254,0.3154
0.3176,0.3152
0.261,0.2372
0.2485,0.2385
0.298,0.299
0.2761,0.2808
0.2769,0.287
0.2161,0.2179
0.2129,0.2146
0.2141,0.2144
0.1934,0.1938
0.2401,0.2408
0.2241,0.2428
0.2474,0.2544
0.2644,0.2632
0.2644,0.2605
0.2585,0.261
0.2467,0.2678
0.2286,0.2461
0.2563,0.2542
0.2756,0.2666
0.2834,0.255
0.2798,0.2913
0.297,0.3003
0.2805,0.2725
0.2566,0.2676
0.292,0.2512
0.254,0.243
0.2588,0.2534
0.3057,0.3037
0.3003,0.2944
0.305,0.3044
0.2917,0.2874
0.2472,0.2428
0.216,0.2233
0.285,0.285
0.292,0.2827
0.2603,0.2744
0.2764,0.2686
0.259,0.2922
0.2296,0.284
0.2458,0.2793
0.1918,0.1907
0.2106,0.202
0.1897,0.1951
0.1954,0.2019
0.3074,0.295
0.3145,0.297
0.2844,0.2986
0.2954,0.3015
0.2673,0.2612
0.2747,0.2688
0.2793,0.273
0.27,0.2644
0.2698,0.275
0.2603,0.2703
0.2954,0.2993
0.3042,0.3071
0.2896,0.298
0.2983,0.304
0.2942,0.2952
0.2942,0.3044
0.3027,0.2998
0.3086,0.3123
0.2778,0.2776
0.286,0.286
0.288,0.2856
0.2976,0.297
0.2927,0.2932
0.2917,0.2878
0.2888,0.2957
0.2852,0.2905
0.288,0.2874
0.2737,0.2898
0.2803,0.2766
0.2644,0.2766
0.2277,0.214
0.259,0.2559
0.259,0.2556
0.2659,0.263
0.2861,0.268
0.2769,0.256
0.2712,0.2566
0.2812,0.2627
0.2612,0.2559
0.2715,0.2603
0.3052,0.3
0.3142,0.3003
0.2725,0.2676
0.2646,0.2081
0.2122,0.2224
0.2076,0.2091
0.2312,0.2399
0.2156,0.2202
0.2328,0.2266
0.2089,0.2059
0.2664,0.2642
0.2439,0.248
0.259,0.2473
0.334,0.3347
0.3044,0.3008
0.3125,0.3154
0.3103,0.3142
0.3145,0.3176
0.3213,0.3174
0.3125,0.3137
0.3108,0.3206
0.3125,0.3218
0.27,0.2727
0.2686,0.2825
0.279,0.2827
0.2478,0.252
0.2651,0.2842
0.2202,0.2252
0.3115,0.3232
0.278,0.3118
0.2144,0.2223
0.2198,0.2255
0.2069,0.2255
0.2151,0.2032
0.2186,0.2126
0.2295,0.2423
0.2393,0.259
0.2089,0.216
0.2146,0.2349
0.1919,0.1929
0.233,0.245
0.23,0.2314
0.2411,0.2347
0.1816,0.201
0.251,0.2693
0.2893,0.287
0.295,0.3008
0.2693,0.2761
0.2896,0.2844
0.2827,0.291
0.2834,0.2769
0.2734,0.273
0.2474,0.2443
0.2766,0.282
0.225,0.2385
0.2372,0.2477
0.2278,0.2493
0.2249,0.2479
0.2433,0.2583
0.278,0.2837
0.283,0.281
0.266,0.2588
0.2815,0.2698
0.2563,0.2477
0.2386,0.2427
0.2001,0.2009
0.2377,0.2522
0.2349,0.2291
0.2642,0.2542
0.2656,0.2683
0.267,0.2705
0.2311,0.2362
0.1785,0.212
0.1938,0.2084
0.294,0.2913
0.2756,0.2593
0.2825,0.283
0.3013,0.3062
0.3086,0.321
0.2522,0.2666
0.2424,0.262
0.2224,0.2462
0.2566,0.2744
0.3389,0.34
0.3394,0.3328
0.3416,0.3406
0.2913,0.2817
0.2996,0.2927
0.284,0.285
0.2197,0.2052
0.2625,0.2537
0.2144,0.2129
0.2346,0.2343
0.233,0.2327
0.261,0.26
0.2683,0.2673
0.2888,0.2847
0.2822,0.2922
0.308,0.2983
0.2954,0.3003
0.2734,0.2761
0.2869,0.2832
0.3062,0.308
0.3062,0.305
0.2332,0.2347
0.259,0.2517
0.256,0.2666
0.26,0.254
0.2676,0.263
0.2678,0.2617
0.2815,0.2712
0.2612,0.2576
0.2656,0.2656
0.2651,0.263
0.1978,0.2128
0.2382,0.2252
0.2346,0.2212
0.231,0.2184
0.2617,0.2654
0.251,0.2537
0.2355,0.255
0.235,0.2471
0.235,0.2356
0.231,0.2241
0.224,0.2323
0.224,0.2291
0.2258,0.2241
0.2476,0.2467
0.2407,0.2357
0.2483,0.2495
0.209,0.2183
0.2812,0.283
0.2081,0.2316
0.2231,0.2527
0.2124,0.235
0.2747,0.2864
0.243,0.2605
0.264,0.2673
0.2462,0.2524
0.2944,0.3027
0.2266,0.2346
0.2837,0.2952
0.2119,0.2318
0.2505,0.2542
0.3354,0.334
0.2678,0.2734
0.342,0.3423
0.2673,0.2734
0.2737,0.2751
0.2654,0.2676
0.236,0.2522
0.2676,0.276
0.2413,0.2566
0.2343,0.2418
0.2239,0.221
0.232,0.252
0.2805,0.2805
0.281,0.2905
0.273,0.2837
0.2646,0.2688
0.2925,0.29
0.289,0.2993
0.2788,0.2952
0.274,0.2827
0.279,0.2827
0.278,0.296
0.27,0.2937
0.268,0.2776
0.2874,0.2793
0.2861,0.2917
0.2751,0.2834
0.2705,0.2708
0.2024,0.207
0.192,0.2024
0.2172,0.2152
0.2109,0.2079
0.3013,0.299
0.2445,0.2534
0.225,0.2474
0.2776,0.2986
0.2598,0.2979
0.2244,0.231
0.2156,0.241
0.2347,0.2291
0.2139,0.2452
0.216,0.2397
0.2172,0.25
0.195,0.2013
0.2007,0.2231
0.2206,0.2253
0.1987,0.1959
0.2002,0.2029
0.2229,0.216
0.2651,0.2515
0.2354,0.2375
0.329,0.3323
0.2542,0.2593
0.2435,0.238
0.2893,0.2847
0.271,0.274
0.2184,0.255
0.2485,0.2554
0.2189,0.2483
0.2294,0.256
0.2043,0.2307
0.216,0.2433
0.2578,0.257
0.2251,0.2472
0.2339,0.2554
0.2328,0.267
0.2305,0.2394
0.2253,0.2278
0.2452,0.2394
0.2179,0.2332
0.2065,0.2096
0.2241,0.227
0.265,0.2576
0.2654,0.271
0.26,0.2678
0.2634,0.2742
0.2717,0.272
0.2578,0.2625
0.2637,0.268
0.2625,0.252
0.2595,0.2595
0.2659,0.2593
0.3054,0.3022
0.2864,0.2957
0.3025,0.2966
0.31,0.3093
0.2988,0.3083
0.3088,0.305
0.2952,0.297
0.284,0.294
0.2979,0.2913
0.3213,0.319
0.301,0.3096
0.32,0.3164
0.3054,0.313
0.2898,0.3044
0.299,0.3103
0.3083,0.3228
0.2876,0.311
0.3074,0.3228
0.24,0.2595
0.259,0.2505
0.2229,0.251
0.221,0.2413
0.2712,0.2957
0.2844,0.2952
0.2424,0.2522
0.232,0.2507
0.2988,0.2903
0.2124,0.22
0.208,0.2063
0.2424,0.2388
0.1525,0.1576
0.1438,0.1655
0.2224,0.2137
0.2162,0.2065
0.2253,0.2189
0.2075,0.2167
0.2205,0.2253
0.193,0.192
0.2051,0.2102
0.1965,0.1931
0.1837,0.1749
0.1744,0.1798
0.2673,0.2487
0.2524,0.2368
0.2717,0.2693
0.274,0.271
0.2769,0.268
0.2722,0.265
0.2573,0.269
0.2607,0.2725
0.2197,0.2175
0.2373,0.2333
0.2231,0.2218
0.2375,0.2354
0.2336,0.2329
0.2485,0.2495
0.2307,0.2281
0.2297,0.2328
0.2385,0.2405
0.2109,0.212
0.2092,0.217
0.211,0.2184
0.2089,0.2184
0.2119,0.2305
0.2108,0.2323
0.291,0.296
0.2866,0.2812
0.2854,0.284
0.28,0.271
0.2832,0.3037
0.276,0.2815
0.2201,0.231
0.263,0.2622
0.2363,0.2356
0.2668,0.2642
0.2219,0.2217
0.2227,0.2295
0.1948,0.2072
0.1903,0.2067
0.2113,0.2189
0.2069,0.2166
0.2356,0.2296
0.2161,0.2118
0.2361,0.2262
0.1919,0.207
0.2004,0.2141
0.2175,0.2277
0.2252,0.2283
0.2095,0.2028
0.1901,0.194
0.2319,0.2285
0.219,0.22
0.1985,0.2001
0.1979,0.2052
0.212,0.2062
0.2039,0.2043
0.218,0.214
0.2979,0.299
0.2524,0.2585
0.2717,0.2773
0.2235,0.2256
0.2382,0.2367
0.2227,0.2234
0.2345,0.2257
0.2416,0.2258
0.2413,0.2474
0.2505,0.2494
0.275,0.2908
0.31,0.319
0.2194,0.2289
0.2568,0.2588
0.2191,0.217
0.2354,0.2363
0.2617,0.271
0.2542,0.254
0.2377,0.2505
0.2131,0.2179
0.2445,0.2546
0.2211,0.2225
0.238,0.2517
0.2722,0.2798
0.2808,0.2842
0.2808,0.2778
0.2585,0.2434
0.2305,0.2363
0.282,0.2805
0.2776,0.2769
0.249,0.2554
0.2642,0.261
0.271,0.2642
0.3123,0.3157
0.3179,0.301
0.2496,0.2578
0.2644,0.264
0.2642,0.2634
0.2393,0.2439
0.239,0.2437
0.2444,0.2482
0.206,0.2167
0.2262,0.2236
0.2556,0.255
0.2234,0.2396
0.2412,0.2494
0.2303,0.2313
0.22,0.2288
0.2224,0.2352
0.2186,0.2184
0.1946,0.2216
0.2277,0.2422
0.2349,0.257
0.2188,0.2407
0.2448,0.2275
0.223,0.2615
0.2534,0.249
0.214,0.2361
0.2302,0.2466
0.2402,0.2373
0.2512,0.257
0.2329,0.2507
0.21,0.2128
0.2306,0.2245
0.2284,0.2493
0.2465,0.2432
0.2354,0.2467
0.2354,0.2355
0.2212,0.2327
0.1998,0.2201
0.1993,0.2183
0.2147,0.2258
0.2008,0.2024
0.2253,0.2294
0.236,0.2289
0.239,0.2299
0.2025,0.2164
0.1887,0.2213
0.2358,0.2468
0.2279,0.2576
0.2012,0.2067
0.1913,0.217
0.3206,0.2983
0.31,0.2944
0.3054,0.3008
0.302,0.2966
0.2063,0.2113
0.2202,0.2355
0.2017,0.2095
0.2096,0.209
0.1906,0.1992
0.2039,0.2229
0.1986,0.2003
0.1908,0.1982
0.2898,0.2942
0.3154,0.2917
0.3076,0.2905
0.2852,0.2974
0.3013,0.2957
0.2998,0.2937
0.3274,0.3286
0.3252,0.3245
0.3154,0.311
0.3328,0.3225
0.3252,0.3218
0.321,0.3193
0.314,0.3105
0.3362,0.322
0.3384,0.334
0.3337,0.3306
0.3354,0.3376
0.3333,0.3352
0.34,0.3333
0.3403,0.333
0.273,0.2683
0.192,0.2015
0.27,0.2656
0.3257,0.321
0.309,0.31
0.3088,0.3154
0.2957,0.3052
0.2476,0.2477
0.2363,0.2491
0.2264,0.2345
0.2339,0.2423
0.2256,0.2233
0.2688,0.3035
0.2969,0.2954
0.2812,0.2874
0.2847,0.298
0.2339,0.2334
0.2072,0.2146
0.2206,0.2067
0.2345,0.2328
0.2212,0.2004
0.2363,0.2411
0.2556,0.266
0.2289,0.2445
0.2302,0.2322
0.2512,0.2615
0.2245,0.2292
0.2181,0.2135
0.2334,0.2452
0.2327,0.2405
0.2405,0.2355
0.2284,0.2325
0.2452,0.225
0.2725,0.2751
0.2551,0.2805
0.1946,0.1967
0.1776,0.2023
0.2169,0.2031
0.1879,0.2114
0.2007,0.2115
0.1775,0.2104
0.2125,0.2001
0.1837,0.206
0.2634,0.2734
0.2576,0.2773
0.255,0.2756
0.2603,0.2676
0.2546,0.2688
0.2505,0.2664
0.2837,0.2908
0.2837,0.283
0.3123,0.3203
0.3125,0.32
0.3176,0.3225
0.2744,0.279
0.2734,0.279
0.269,0.264
0.2634,0.2654
0.235,0.252
0.2406,0.2517
0.2443,0.2542
0.2476,0.2515
0.2666,0.275
0.2766,0.2903
0.265,0.2651
0.2734,0.2742
0.2659,0.268
0.3096,0.293
0.274,0.2815
0.259,0.2457
0.2039,0.2295
0.1873,0.2018
0.33,0.3252
0.2167,0.2341
0.2056,0.2053
0.247,0.2603
0.2323,0.2213
0.2876,0.2986
0.299,0.3027
0.2935,0.2986
0.2177,0.2156
0.2043,0.219
0.2454,0.2395
0.2191,0.2281
0.251,0.2622
0.2377,0.2468
0.2842,0.2847
0.2384,0.246
0.2103,0.2039
0.2145,0.2063
0.2064,0.2151
0.231,0.2222
0.2415,0.2264
0.2233,0.2283
0.264,0.2693
0.1748,0.231
0.284,0.2964
0.2527,0.266
0.2534,0.2593
0.2341,0.2389
0.3098,0.311
0.2905,0.2925
0.2754,0.2852
0.2686,0.2722
0.2742,0.2527
0.2556,0.2471
0.279,0.2888
0.2656,0.2744
0.2686,0.2625
0.2688,0.2722
0.2705,0.2798
0.2668,0.2708
0.2825,0.2913
0.227,0.2438
0.2634,0.2634
0.3037,0.2764
0.284,0.2474
0.2761,0.255
0.2827,0.258
0.289,0.2563
0.3364,0.3203
0.319,0.296
0.2996,0.293
0.3113,0.296
0.3218,0.3018
0.2595,0.262
0.2654,0.2634
0.202,0.1963
0.1996,0.1986
0.2007,0.1968
0.1965,0.196
0.247,0.2483
0.2485,0.2485
0.202,0.1963
0.1996,0.1986
0.2007,0.1968
0.1965,0.196
0.2612,0.2769
0.267,0.274
0.2676,0.276
0.2686,0.274
0.2634,0.2556
0.265,0.253
0.2646,0.2761
0.1923,0.1967
0.2769,0.261
0.2568,0.2554
0.2588,0.2559
0.2162,0.2087
0.2196,0.2163
0.2153,0.2085
0.2186,0.2158
0.221,0.1929
0.2314,0.2046
0.2566,0.2385
0.3003,0.3018
0.2184,0.2869
0.2542,0.2428
0.2441,0.2412
0.3022,0.3042
0.3005,0.3022
0.2996,0.2961
0.3064,0.2996
0.3096,0.2993
0.3167,0.3176
0.344,0.3408
0.3447,0.357
0.3333,0.3428
0.2122,0.2347
0.1963,0.2235
0.2318,0.2402
0.2281,0.2268
0.1968,0.2361
0.2052,0.2178
0.2413,0.2328
0.2427,0.233
0.2793,0.2905
0.3018,0.3071
0.258,0.2764
0.2842,0.278
0.2656,0.2544
0.2494,0.2593
0.276,0.2627
0.2496,0.2468
0.2507,0.2399
0.263,0.2651
0.2217,0.2194
0.2239,0.2367
0.2168,0.219
0.2219,0.2318
0.2537,0.255
0.2603,0.2556
0.2527,0.2551
0.25,0.26
0.284,0.296
0.2783,0.2944
0.299,0.2932
0.2756,0.268
0.26,0.26
0.2416,0.2568
0.2766,0.2954
0.2798,0.3003
0.276,0.2803
0.2496,0.264
0.2084,0.2338
0.2275,0.2312
0.244,0.2534
0.2983,0.2979
0.2751,0.2832
0.2795,0.272
0.2888,0.2966
0.2277,0.23
0.2274,0.2269
0.2373,0.2367
0.229,0.2318
0.2256,0.2312
0.2046,0.2035
0.2194,0.2247
0.29,0.2778
0.2573,0.2656
0.2284,0.2438
0.2262,0.256
0.2054,0.2085
0.2104,0.2218
0.3064,0.298
0.2274,0.2174
0.2147,0.2198
0.2217,0.222
0.2108,0.2277
0.2269,0.2101
0.2098,0.208
0.2126,0.2203
0.2106,0.2179
0.2042,0.2014
0.2101,0.2083
0.2101,0.1865
0.2136,0.2085
0.2272,0.2229
0.2312,0.24
0.2397,0.2426
0.2347,0.2288
0.2401,0.2434
0.2399,0.2319
0.2225,0.21
0.25,0.2612
0.2546,0.262
0.258,0.2556
0.243,0.2556
0.2214,0.227
0.2524,0.2544
0.215,0.238
0.2009,0.1996
0.204,0.2064
0.269,0.2795
0.2627,0.2593
0.2522,0.254
0.2893,0.2783
0.2844,0.2847
0.2744,0.2834
0.2852,0.2825
0.2988,0.2966
0.3164,0.3125
0.2869,0.2874
0.2588,0.2554
0.2479,0.2457
0.2446,0.2444
0.258,0.2617
0.2426,0.2493
0.2754,0.298
0.2803,0.298
0.2417,0.269
0.1957,0.2201
0.2634,0.2466
0.264,0.2644
0.2769,0.2825
0.252,0.2554
0.2568,0.2595
0.266,0.261
0.2051,0.2144
0.1976,0.2054
0.2336,0.2239
0.2632,0.2708
0.2627,0.2659
0.2563,0.2656
0.256,0.262
0.2607,0.2695
0.2456,0.2537
0.2417,0.2434
0.237,0.2406
0.2306,0.2327
0.2357,0.2295
0.2278,0.2228
0.2184,0.2428
0.1957,0.2281
0.2142,0.2386
0.1815,0.2179
0.2347,0.2405
0.2339,0.2322
0.2096,0.2036
0.1913,0.192
0.206,0.2214
0.2069,0.2205
0.21,0.254
0.2203,0.2275
0.2318,0.2384
0.2157,0.2129
0.2158,0.2235
0.278,0.275
0.229,0.2367
0.2668,0.2712
0.2181,0.2219
0.3088,0.3162
0.3179,0.3247
0.2096,0.2161
0.2166,0.2174
0.2908,0.2898
0.3096,0.3108
0.2952,0.2883
0.2925,0.2964
0.2096,0.2036
0.1932,0.1754
0.2191,0.1871
0.3083,0.288
0.2922,0.3132
0.2996,0.3032
0.2925,0.2988
0.296,0.307
0.2815,0.2837
0.283,0.288
0.1779,0.1783
0.1963,0.1926
0.257,0.254
0.2386,0.23
0.294,0.2783
0.3022,0.2986
0.2235,0.2183
0.2094,0.2078
0.2898,0.2974
0.3083,0.3215
0.2383,0.2471
0.2832,0.2717
0.2969,0.2925
0.2444,0.2394
0.2122,0.2152
0.2966,0.29
0.3044,0.3132
0.2537,0.2646
0.2717,0.297
0.1989,0.2177
0.2028,0.2
0.2854,0.2793
0.2747,0.2812
0.2825,0.2756
0.2595,0.2693
0.3184,0.308
0.3162,0.3037
0.273,0.281
0.275,0.2847
0.2842,0.2944
0.288,0.2837
0.289,0.2864
0.2986,0.3013
0.2642,0.261
0.2617,0.2651
0.2988,0.296
0.2986,0.2944
0.3198,0.3079
0.269,0.2625
0.234,0.2294
0.2354,0.2524
0.2559,0.252
0.2563,0.2499
0.269,0.266
0.2603,0.2465
0.2732,0.2605
0.2491,0.2457
0.2622,0.259
0.2385,0.2317
0.256,0.2544
0.2534,0.2583
0.252,0.2625
0.218,0.2281
0.2258,0.2251
0.2754,0.2778
0.2808,0.2817
0.2365,0.2554
0.245,0.2612
0.2583,0.2651
0.264,0.2625
0.2079,0.2333
0.2306,0.2465
0.2725,0.2727
0.2489,0.2603
0.2673,0.2742
0.2382,0.2479
0.269,0.2683
0.2339,0.2437
0.2467,0.254
0.2206,0.2239
0.2317,0.243
0.2336,0.253
0.2377,0.252
0.2394,0.2556
0.2595,0.2524
0.256,0.2654
0.247,0.2439
0.2422,0.2532
0.2347,0.2502
0.2379,0.2534
0.2201,0.2242
0.2239,0.2363
0.2054,0.2148
0.2012,0.2118
0.2147,0.2214
0.2178,0.2244
0.2356,0.2241
0.2458,0.2512
0.2338,0.2466
0.2495,0.2756
0.2627,0.2676
0.2537,0.2778
0.2615,0.2812
0.2617,0.2903
0.2288,0.2482
0.2211,0.2607
0.2472,0.2559
0.2457,0.2756
0.2441,0.2358
0.2488,0.2544
0.2463,0.234
0.2444,0.2433
0.2266,0.206
0.223,0.2136
0.1768,0.2017
0.1873,0.2161
0.2542,0.2583
0.2487,0.2546
0.2249,0.2262
0.2252,0.2273
0.2382,0.235
0.2056,0.2018
0.2094,0.2012
0.1971,0.1873
0.1873,0.1866
0.243,0.255
0.2318,0.249
0.2491,0.2429
0.2695,0.263
0.333,0.3428
0.2142,0.2257
0.2094,0.2284
0.2607,0.2734
0.2883,0.3162
0.2405,0.2532
0.2297,0.2472
0.2396,0.2463
0.1552,0.1704
0.2289,0.2219
0.2374,0.2377
0.2297,0.2179
0.2803,0.279
0.2722,0.2732
0.2292,0.2329
0.2505,0.2585
0.257,0.2595
0.2598,0.282
0.1725,0.1672
0.255,0.2556
0.2413,0.2556
0.273,0.2773
0.2744,0.2764
0.2593,0.271
0.2644,0.262
0.2202,0.2269
0.281,0.2764
0.2742,0.265
0.2374,0.2245
0.222,0.2225
0.227,0.2228
0.2001,0.2081
0.2512,0.2069
0.254,0.2223
0.2299,0.2104
0.213,0.21
0.2573,0.219
0.2477,0.2334
0.24,0.2229
0.2347,0.2211
0.2305,0.2233
0.2448,0.2072
0.2327,0.2103
0.1599,0.1583
0.1499,0.1711
0.1583,0.177
0.2097,0.2349
0.2095,0.2164
0.2778,0.2795
0.286,0.2893
0.2637,0.2712
0.252,0.2598
0.2493,0.2336
0.304,0.2998
0.3298,0.3313
0.2294,0.2262
0.29,0.2869
0.2896,0.295
0.305,0.2878
0.2947,0.2834
0.2583,0.2805
0.2107,0.2174
0.2954,0.2913
0.2856,0.2817
0.2795,0.2754
0.2223,0.2208
0.2465,0.2507
0.2644,0.2668
0.2732,0.2554
0.268,0.279
0.1901,0.2145
0.1903,0.2024
0.2092,0.202
0.2201,0.1951
0.2323,0.2152
0.2483,0.2279
0.2278,0.258
0.2217,0.23
0.228,0.2502
0.2339,0.2512
0.223,0.2169
0.2239,0.2328
0.2793,0.2854
0.2556,0.2488
0.2426,0.2393
0.257,0.2678
0.2766,0.2979
0.1981,0.2019
0.2258,0.2218
0.2517,0.268
0.255,0.2727
0.2634,0.266
0.2141,0.2144
0.2815,0.2827
0.2676,0.2852
0.2927,0.2778
0.283,0.2793
0.2744,0.2935
0.2852,0.2825
0.1761,0.1726
0.1697,0.175
0.2423,0.2605
0.2534,0.2465
0.2644,0.2605
0.1725,0.1628
0.2417,0.2496
0.2383,0.2374
0.2717,0.274
0.1685,0.1971
0.1893,0.1963
0.206,0.2048
0.19,0.1888
0.2162,0.2109
0.1998,0.1888
0.2107,0.2128
0.1934,0.1879
0.2876,0.2834
0.2544,0.2483
0.2424,0.26
0.261,0.2461
0.2482,0.2468
0.2428,0.2296
0.2451,0.2408
0.258,0.2568
0.242,0.2546
0.292,0.288
0.2372,0.2761
0.3157,0.3167
0.3057,0.2922
0.3157,0.3167
0.3057,0.2922
0.3157,0.3167
0.3057,0.2922
0.3157,0.3167
0.309,0.314
0.3103,0.3076
0.3057,0.2922
0.2976,0.2844
0.2844,0.269
0.283,0.2925
0.3057,0.3127
0.279,0.2764
0.2842,0.2827
0.299,0.3003
0.3464,0.3452
0.3467,0.3413
0.276,0.301
0.282,0.2927
0.3037,0.3242
0.2651,0.2563
0.2324,0.2268
0.2389,0.2268
0.1924,0.19
0.2054,0.2109
0.1941,0.1858
0.2197,0.2494
0.2435,0.2678
0.2622,0.299
0.2242,0.2411
0.22,0.2266
0.2683,0.2634
0.2654,0.2479
0.2747,0.2944
0.286,0.287
0.2502,0.2473
0.2434,0.2446
0.22,0.2087
0.216,0.2405
0.2554,0.2605
0.2316,0.2424
0.2318,0.2578
0.247,0.236
0.2491,0.259
0.2054,0.2128
0.2126,0.2487
0.2664,0.2668
0.255,0.2477
0.2084,0.2225
0.2386,0.2534
0.2124,0.221
0.245,0.2485
0.2795,0.266
0.204,0.1926
0.1884,0.1819
0.2883,0.2732
0.2944,0.281
0.2063,0.2041
0.2001,0.2028
0.2007,0.1862
0.272,0.2683
0.208,0.2032
0.2532,0.1997
0.1742,0.1736
0.2637,0.2435
0.2905,0.3032
0.279,0.299
0.332,0.3328
0.3142,0.3142
0.244,0.2568
0.2878,0.28
0.1859,0.1909
0.2126,0.2053
0.2334,0.2605
0.2404,0.2413
0.2383,0.2551
0.2764,0.2803
0.254,0.2563
0.2546,0.2546
0.2383,0.2322
0.2167,0.2367
0.2222,0.2367
0.2468,0.2583
0.2957,0.2974
0.3044,0.302
0.241,0.236
0.2343,0.2426
0.2477,0.263
0.2499,0.2717
0.2368,0.2717
0.2349,0.279
0.271,0.295
0.2896,0.3027
0.1868,0.2417
0.173,0.2135
0.1957,0.2334
0.2435,0.2556
0.2482,0.2494
0.2842,0.2727
0.2393,0.272
0.251,0.2654
0.223,0.2505
0.2345,0.2458
0.2563,0.2603
0.2554,0.253
0.2925,0.2947
0.279,0.2783
0.2986,0.2898
0.2964,0.2964
0.304,0.3057
0.2954,0.3076
0.2668,0.2622
0.2776,0.2683
0.2366,0.2408
0.2477,0.2576
0.22,0.2139
0.2017,0.2065
0.3262,0.3213
0.3079,0.3088
0.3047,0.3042
0.303,0.3052
0.2678,0.2812
0.2795,0.2979
0.26,0.2708
0.2727,0.285
0.2832,0.2925
0.277,0.294
0.2856,0.2908
0.2856,0.291
0.3071,0.3123
0.3123,0.3154
0.3184,0.3108
0.3228,0.3125
0.255,0.245
0.2366,0.2452
0.2372,0.2412
0.2422,0.2573
0.2554,0.2563
0.2805,0.2832
0.2744,0.2744
0.2303,0.2384
0.2249,0.239
0.309,0.3115
0.2627,0.2583
0.2456,0.2454
0.2744,0.28
0.281,0.2864
0.2191,0.2225
0.2211,0.2164
0.2203,0.1985
0.2168,0.2256
0.2109,0.2157
0.2107,0.2054
0.2457,0.2418
0.2426,0.2319
0.2363,0.2189
0.2563,0.2607
0.2465,0.2563
0.2517,0.2646
0.242,0.2595
0.2712,0.2754
0.2617,0.2717
0.2742,0.2847
0.276,0.2852
0.2688,0.2822
0.2583,0.2627
0.2595,0.263
0.2517,0.2585
0.2737,0.2844
0.2812,0.2837
0.269,0.2827
0.2115,0.2153
0.2141,0.2134
0.2072,0.2072
0.2402,0.254
0.246,0.2485
0.2505,0.2249
0.2651,0.2747
0.2434,0.2732
0.2683,0.2827
0.2808,0.2837
0.27,0.2815
0.2147,0.2167
0.2612,0.2712
0.27,0.268
0.2556,0.2607
0.2625,0.2583
0.2566,0.2494
0.262,0.2468
0.2834,0.2847
0.2766,0.2896
0.2756,0.277
0.2812,0.275
0.276,0.2778
0.273,0.267
0.2773,0.2644
0.2737,0.2688
0.2705,0.2583
0.2125,0.2246
0.2264,0.217
0.2325,0.2107
0.2573,0.2517
0.2554,0.25
0.3022,0.2979
0.299,0.3025
0.29,0.2754
0.2229,0.2185
0.2223,0.22
0.1989,0.1978
0.2812,0.2996
0.2622,0.2654
0.2942,0.3071
0.2695,0.2766
0.2502,0.271
0.2559,0.2627
0.269,0.2559
0.2737,0.2507
0.317,0.33
0.3118,0.3286
0.3276,0.3286
0.3225,0.3335
0.3074,0.3318
0.331,0.33
0.193,0.2097
0.196,0.2257
0.197,0.2208
0.2107,0.2458
0.294,0.2925
0.3008,0.3152
0.2966,0.3057
0.2964,0.3193
0.3079,0.308
0.3103,0.323
0.2517,0.2637
0.2234,0.2219
0.2443,0.2463
0.235,0.2441
0.2377,0.2544
0.261,0.27
0.2418,0.2534
0.259,0.2542
0.2659,0.2598
0.272,0.269
0.2788,0.2837
0.2932,0.292
0.3066,0.305
0.287,0.2856
0.3047,0.3071
0.3145,0.316
0.2996,0.2986
0.2742,0.2588
0.2917,0.277
0.268,0.259
0.2893,0.2842
0.2998,0.2993
0.2854,0.2805
0.263,0.283
0.2279,0.2297
0.2354,0.2313
0.1849,0.1761
0.1849,0.197
0.2244,0.2207
0.1736,0.1752
0.2313,0.234
0.2432,0.2499
0.1937,0.1978
0.2389,0.2532
0.179,0.1887
0.2312,0.2416
0.2583,0.249
0.2416,0.2426
0.2861,0.2837
0.2303,0.2834
0.2092,0.2236
0.2223,0.2347
0.2554,0.2576
0.2559,0.2715
0.3008,0.288
0.29,0.2751
0.2273,0.2214
0.2065,0.2081
0.2306,0.2537
0.2576,0.2505
0.1844,0.1854
0.2705,0.2688
0.2502,0.2267
0.2332,0.2206
0.2458,0.2404
0.2307,0.2229
0.2264,0.2158
0.2896,0.2903
0.2805,0.2776
0.2983,0.2979
0.2844,0.2761
0.3057,0.3083
0.2908,0.2903
0.2764,0.2722
0.276,0.2769
0.2524,0.2563
0.2438,0.2325
0.2312,0.2269
0.2402,0.2366
0.2219,0.2257
0.2188,0.2222
0.268,0.267
0.2573,0.2512
0.2006,0.2153
0.1925,0.2133
0.2542,0.2537
0.2365,0.2422
0.2499,0.259
0.1727,0.1875
0.2434,0.2417
0.2354,0.229
0.2404,0.2466
0.3198,0.3167
0.289,0.3052
0.301,0.3022
0.2339,0.237
0.2375,0.2427
0.253,0.2566
0.2395,0.259
0.2576,0.2588
0.2378,0.237
0.247,0.2505
0.2825,0.2795
0.27,0.272
0.283,0.2952
0.2625,0.2808
0.2522,0.269
0.2795,0.2874
0.2455,0.2666
0.2598,0.2744
0.2825,0.266
0.2605,0.2646
0.2725,0.269
0.2451,0.254
0.2778,0.272
0.2285,0.2515
0.246,0.2502
0.204,0.2286
0.2222,0.2375
0.2356,0.2347
0.23,0.2272
0.2065,0.2043
0.2172,0.2168
0.1698,0.1635
0.1761,0.172
0.1649,0.1656
0.1643,0.1735
0.2808,0.292
0.2542,0.2622
0.2803,0.2874
0.2534,0.256
0.2466,0.2576
0.2284,0.2157
0.2233,0.2269
0.2263,0.2317
0.2358,0.237
0.2384,0.2394
0.2269,0.2286
0.2344,0.2332
0.2434,0.2355
0.2812,0.2847
0.2903,0.2954
0.2438,0.2524
0.2915,0.2932
0.292,0.2937
0.2625,0.2546
0.2622,0.2622
0.279,0.2842
0.282,0.2812
0.2732,0.284
0.2761,0.2815
0.254,0.2499
0.2472,0.2578
0.2418,0.2374
0.2267,0.2358
0.2446,0.2554
0.2227,0.2168
0.2288,0.2338
0.1931,0.2041
0.2114,0.2181
0.2175,0.2021
0.2332,0.2155
0.2688,0.28
0.252,0.2637
0.264,0.2532
0.342,0.3364
0.3228,0.335
0.3315,0.321
0.3413,0.3313
0.3174,0.3262
0.3257,0.3164
0.1758,0.192
0.1896,0.2
0.2913,0.292
0.2922,0.2942
0.2844,0.2805
0.2878,0.2883
0.2988,0.2905
0.3027,0.2957
0.2683,0.2683
0.2355,0.2483
0.2515,0.2583
0.258,0.2477
0.2493,0.2517
0.2512,0.2478
0.2683,0.271
0.2205,0.2269
0.205,0.2101
0.2065,0.2189
0.2177,0.2192
0.2527,0.264
0.2017,0.2164
0.2683,0.2705
0.2517,0.2625
0.2078,0.1993
0.2399,0.2312
0.256,0.2485
0.2455,0.2423
0.247,0.253
0.2778,0.2852
0.28,0.2874
0.2766,0.2732
0.2676,0.271
0.2201,0.1918
0.2467,0.264
0.237,0.2439
0.2391,0.2566
0.258,0.2532
0.2312,0.251
0.2427,0.2449
0.2399,0.2433
0.2998,0.297
0.2778,0.2778
0.2898,0.2969
0.2961,0.2947
0.2913,0.2996
0.296,0.3037
0.2042,0.2075
0.2063,0.203
0.1947,0.1951
0.2048,0.1936
0.2384,0.2346
0.2316,0.2245
0.279,0.287
0.234,0.2515
0.2827,0.2817
0.2986,0.301
0.2418,0.2384
0.2147,0.2063
0.2397,0.2438
0.2375,0.2358
0.2402,0.2455
0.24,0.239
0.244,0.2415
0.2625,0.253
0.2013,0.2067
0.1947,0.2031
0.2089,0.2239
0.274,0.2886
0.271,0.278
0.2942,0.2942
0.2482,0.258
0.264,0.2644
0.2346,0.2278
0.235,0.2319
0.2272,0.2208
0.2316,0.2301
0.2319,0.227
0.287,0.285
0.2485,0.2402
0.2496,0.25
0.2428,0.2554
0.2344,0.2366
0.2405,0.2208
0.2654,0.2632
0.251,0.2446
0.27,0.2654
0.2484,0.2559
0.2563,0.2412
0.2744,0.2593
0.2383,0.2292
0.258,0.2637
0.2524,0.2634
0.2339,0.2308
0.2634,0.2598
0.2593,0.258
0.2294,0.2495
0.2725,0.2883
0.2798,0.2996
0.2307,0.2322
0.2927,0.2927
0.293,0.2964
0.266,0.2756
0.2343,0.2489
0.2333,0.2517
0.2527,0.257
0.2527,0.2566
0.2328,0.2395
0.2455,0.234
0.2423,0.2495
0.252,0.243
0.2164,0.2269
0.2627,0.2625
0.2617,0.2622
0.2544,0.2441
0.2086,0.221
0.2145,0.2339
0.1808,0.177
0.2399,0.2236
0.2123,0.2372
0.2255,0.2399
0.1946,0.2316
0.2058,0.2336
0.2329,0.233
0.2197,0.2147
0.2369,0.2467
0.235,0.2303
0.225,0.2336
0.2186,0.213
0.1868,0.1816
0.1891,0.1814
0.1807,0.1779
0.1875,0.1832
0.1926,0.2024
0.1863,0.2019
0.1827,0.1915
0.1909,0.1986
0.1687,0.1897
0.1716,0.1952
0.1632,0.1826
0.1742,0.1849
0.24,0.2384
0.2325,0.2407
0.2346,0.2396
0.2352,0.2527
0.2251,0.2491
0.2284,0.2424
0.2329,0.2396
0.2166,0.236
0.2103,0.2408
0.2112,0.2307
0.2155,0.2233
0.252,0.2478
0.2349,0.2245
0.2126,0.2206
0.2097,0.2382
0.1984,0.2246
0.1984,0.2191
0.2651,0.257
0.1753,0.1733
0.2443,0.2502
0.2224,0.2155
0.2996,0.2883
0.2861,0.279
0.2957,0.2856
0.2776,0.272
0.267,0.2632
0.2676,0.2585
0.2927,0.28
0.2817,0.2734
0.2852,0.276
0.2678,0.263
0.2715,0.2712
0.2742,0.2656
0.261,0.253
0.2443,0.2415
0.2284,0.2288
0.2654,0.2751
0.2456,0.2522
0.2012,0.1917
0.2578,0.2405
0.261,0.2468
0.1697,0.1699
0.1827,0.1807
0.301,0.282
0.283,0.2732
0.3057,0.2961
0.2861,0.2832
0.2854,0.2769
0.2712,0.2734
0.1873,0.1912
0.1753,0.1866
0.1868,0.1898
0.1807,0.182
0.2122,0.2064
0.194,0.1954
0.2003,0.2019
0.1885,0.1996
0.249,0.256
0.2727,0.2607
0.2583,0.2634
0.2394,0.266
0.256,0.2542
0.2732,0.2822
0.2812,0.2852
0.3164,0.3223
0.3171,0.3164
0.3186,0.312
0.3025,0.294
0.303,0.3196
0.2908,0.304
0.2144,0.2233
0.2214,0.224
0.2155,0.2273
0.2607,0.2556
0.244,0.2507
0.2345,0.2462
0.23,0.2395
0.2484,0.238
0.269,0.2676
0.2507,0.2542
0.2537,0.2615
0.306,0.307
0.309,0.32
0.2483,0.2316
0.2366,0.2457
0.2081,0.2043
0.213,0.2267
0.27,0.2886
0.2764,0.3054
0.1796,0.207
0.2427,0.2379
0.2396,0.2415
0.1956,0.2072
0.2019,0.202
0.2427,0.2343
0.1993,0.1979
0.1768,0.187
0.1838,0.197
0.2747,0.2756
0.2242,0.2268
0.2208,0.2207
0.2329,0.2166
0.21,0.2161
0.1846,0.199
0.1963,0.199
0.2069,0.2015
0.1891,0.1881
0.1948,0.2141
0.1705,0.1979
0.1796,0.1958
0.1855,0.208
0.311,0.3298
0.3127,0.3262
0.3135,0.3225
0.301,0.3118
0.2998,0.3127
0.3013,0.3076
0.3208,0.3335
0.309,0.3157
0.2686,0.2764
0.2563,0.262
0.2722,0.2803
0.2367,0.2358
0.2844,0.2698
0.2905,0.283
0.288,0.2817
0.2922,0.3008
0.3,0.2976
0.3054,0.3098
0.2109,0.2194
0.253,0.2537
0.2542,0.2556
0.236,0.2416
0.222,0.2378
0.275,0.2815
0.2761,0.2761
0.2705,0.2893
0.2659,0.2808
0.2174,0.2234
0.2306,0.2278
0.2563,0.2313
0.2158,0.2515
0.1569,0.189
0.1888,0.1609
0.2378,0.246
0.2378,0.2551
0.2288,0.2302
0.2311,0.2382
0.2213,0.2152
0.2761,0.2773
0.2837,0.282
0.264,0.266
0.266,0.275
0.2642,0.267
0.2607,0.2642
0.2761,0.2769
0.2751,0.2805
0.2764,0.284
0.2793,0.2783
0.2708,0.264
0.2896,0.2954
0.2798,0.2847
0.273,0.2734
0.264,0.265
0.2666,0.2751
0.269,0.2725
0.2803,0.2864
0.2837,0.282
0.279,0.2905
0.2783,0.2866
0.2673,0.2734
0.2642,0.2705
0.2688,0.2744
0.267,0.273
0.2915,0.2878
0.2856,0.2886
0.285,0.2837
0.3079,0.3132
0.297,0.3083
0.303,0.3088
0.2976,0.2952
0.281,0.288
0.288,0.2886
0.2974,0.294
0.2854,0.2876
0.289,0.2837
0.2422,0.253
0.2524,0.2563
0.2512,0.2615
0.2502,0.2646
0.2957,0.2952
0.2876,0.2986
0.2954,0.2986
0.2937,0.2927
0.2925,0.296
0.2898,0.291
0.2932,0.2903
0.2942,0.2966
0.2717,0.268
0.279,0.2744
0.212,0.2515
0.2688,0.2805
0.2979,0.2947
0.2512,0.2764
0.2385,0.247
0.2808,0.3018
0.2795,0.2898
0.2773,0.274
0.2646,0.2583
0.2279,0.2406
0.1978,0.2155
0.1913,0.1925
0.2325,0.2474
0.2532,0.2632
0.2532,0.2502
0.2406,0.2325
0.3083,0.3086
0.303,0.2913
0.2644,0.2686
0.2964,0.2915
0.2566,0.2477
0.279,0.2737
0.2532,0.2445
0.2551,0.248
0.2269,0.2216
0.2301,0.2311
0.2408,0.2394
0.2494,0.246
0.266,0.2678
0.2463,0.2311
0.2462,0.2354
0.2585,0.2544
0.2659,0.276
0.2593,0.2593
0.2815,0.279
0.245,0.248
0.2421,0.2404
0.255,0.2466
0.276,0.278
0.2678,0.279
0.2676,0.2717
0.297,0.2925
0.2883,0.287
0.2878,0.2927
0.2656,0.2737
0.281,0.2883
0.2734,0.2844
0.288,0.298
0.2744,0.2793
0.284,0.2896
0.2917,0.3
0.2793,0.2876
0.2896,0.2986
0.2966,0.3074
0.2305,0.2113
0.2428,0.2477
0.2532,0.2472
0.2241,0.2186
0.2289,0.2457
0.2493,0.253
0.2566,0.2554
0.2347,0.2351
0.2046,0.2487
0.2413,0.251
0.2039,0.2087
0.1973,0.2086
0.22,0.2214
0.2196,0.2308
0.2292,0.2454
0.2195,0.2412
0.2157,0.2439
0.2499,0.2566
0.2404,0.256
0.2491,0.2499
0.2415,0.2461
0.2251,0.2349
0.2206,0.2327
0.2144,0.2285
0.2305,0.2365
0.2274,0.2339
0.2142,0.2268
0.285,0.2852
0.287,0.2808
0.2734,0.2844
0.2837,0.2798
0.2876,0.2847
0.2744,0.2783
0.2386,0.2405
0.199,0.206
0.2118,0.2217
0.2166,0.2245
0.2025,0.1931
0.1864,0.1862
0.2114,0.197
0.1989,0.2017
0.2235,0.2395
0.2386,0.259
0.271,0.29
0.2603,0.279
0.2161,0.2216
0.2124,0.2102
0.2546,0.269
0.2527,0.2737
0.2832,0.2878
0.2152,0.211
0.2153,0.217
0.2091,0.2297
0.1998,0.2056
0.2035,0.2186
0.2019,0.2057
0.2079,0.2228
0.212,0.2148
0.2236,0.2439
0.2194,0.2311
0.2023,0.2131
0.2045,0.2032
0.3135,0.3074
0.2913,0.298
0.306,0.3022
0.308,0.307
0.317,0.3127
0.2988,0.309
0.3115,0.313
0.31,0.3113
0.3267,0.3367
0.3137,0.3284
0.3223,0.3315
0.3242,0.335
0.3096,0.3164
0.292,0.3071
0.308,0.3147
0.3054,0.3147
0.2068,0.2092
0.1842,0.1893
0.3088,0.2954
0.2822,0.277
0.2947,0.2854
0.3032,0.2878
0.31,0.296
0.2983,0.2886
0.2964,0.2954
0.1779,0.1807
0.2059,0.2118
0.21,0.2654
0.2058,0.2537
0.256,0.2573
0.289,0.2842
0.2776,0.2712
0.3303,0.3237
0.3384,0.338
0.2605,0.2612
0.2435,0.2585
0.2612,0.2566
0.242,0.2524
0.2686,0.2676
0.258,0.2683
0.2241,0.2266
0.2421,0.2441
0.2356,0.2417
0.2335,0.2367
0.2463,0.2517
0.2435,0.2559
0.207,0.2126
0.2084,0.208
0.1987,0.1917
0.2026,0.2115
0.2032,0.2134
0.2942,0.2988
0.3296,0.3308
0.3213,0.3215
0.2546,0.2311
0.2043,0.2178
0.1923,0.1962
0.316,0.3167
0.319,0.3196
0.306,0.302
0.3088,0.3086
0.2993,0.2954
0.1482,0.1417
0.179,0.1766
0.1979,0.1984
0.1754,0.1768
0.2069,0.2131
0.2228,0.2264
0.2878,0.288
0.182,0.1833
0.266,0.258
0.3044,0.3047
0.2367,0.2412
0.287,0.288
0.2607,0.2656
0.2502,0.2307
0.2301,0.2322
0.2898,0.2795
0.2751,0.2651
0.1959,0.1903
0.2269,0.2344
0.2456,0.2556
0.211,0.209
0.2551,0.266
0.2632,0.2668
0.27,0.2573
0.264,0.256
0.265,0.263
0.2433,0.2379
0.2322,0.2252
0.2285,0.2264
0.2349,0.2385
0.1879,0.1945
0.2452,0.2512
0.2266,0.2429
0.2216,0.2363
0.2225,0.2355
0.2449,0.2452
0.2358,0.2345
0.2369,0.2192
0.2429,0.2244
0.2394,0.2477
0.2471,0.2378
0.2423,0.2427
0.2373,0.2386
0.2588,0.282
0.259,0.2786
0.2683,0.2869
0.2207,0.2272
0.3188,0.311
0.3274,0.329
0.2725,0.2725
0.2351,0.2438
0.2407,0.237
0.2627,0.2625
0.2585,0.2708
0.2607,0.2341
0.2319,0.232
0.2727,0.2715
0.278,0.2898
0.2406,0.2299
0.267,0.273
0.279,0.2705
0.2189,0.2198
0.2979,0.2905
0.2573,0.2512
0.1919,0.1914
0.3054,0.3022
0.2893,0.3018
0.2057,0.2169
0.2041,0.2064
0.2324,0.2332
0.2252,0.2238
0.2433,0.2407
0.2415,0.2493
0.2316,0.2412
0.2482,0.2505
0.1912,0.1965
0.2291,0.2311
0.2234,0.2255
0.1918,0.1957
0.1942,0.1929
0.19,0.1945
0.1923,0.1907
0.2261,0.2155
0.2205,0.2217
0.2316,0.2258
0.2305,0.2311
0.2396,0.2428
0.2404,0.2394
0.2695,0.2703
0.288,0.293
0.2328,0.2284
0.238,0.2448
0.2463,0.2369
0.2612,0.2554
0.265,0.2634
0.2695,0.2747
0.188,0.2324
0.2146,0.2075
0.216,0.2134
0.2756,0.274
0.2957,0.2932
0.2522,0.2522
0.2563,0.2605
0.2737,0.275
0.254,0.2578
0.294,0.2876
0.2986,0.2932
0.3083,0.306
0.3071,0.303
0.3215,0.3147
0.3276,0.323
0.3022,0.2966
0.3188,0.319
0.2783,0.263
0.291,0.2898
0.2979,0.306
0.2395,0.2432
0.275,0.2783
0.284,0.28
0.2136,0.2401
0.2402,0.24
0.2269,0.2053
0.2281,0.2278
0.2351,0.2268
0.2146,0.2134
0.2168,0.2101
0.303,0.2983
0.264,0.2554
0.2913,0.2993
0.1716,0.1904
0.2208,0.2113
0.2969,0.2993
0.2803,0.2993
0.2559,0.2654
0.2568,0.2625
0.24,0.2512
0.2432,0.2517
0.3057,0.318
0.31,0.31
0.2974,0.3115
0.3,0.305
0.28,0.2898
0.2063,0.217
0.2023,0.2018
0.189,0.1881
0.1997,0.2158
0.2084,0.1901
0.2162,0.2151
0.2773,0.2832
0.2737,0.2764
0.2744,0.284
0.2695,0.2754
0.2756,0.2761
0.2676,0.2686
0.2308,0.2585
0.2391,0.2744
0.2402,0.2314
0.2468,0.2427
0.227,0.2323
0.2362,0.2495
0.2454,0.2386
0.2551,0.2637
0.235,0.2299
0.2335,0.2421
0.249,0.252
0.2279,0.2302
0.2238,0.2328
0.2566,0.2507
0.2756,0.2732
0.2947,0.2915
0.289,0.291
0.283,0.2673
0.2751,0.2693
0.309,0.2947
0.2401,0.2334
0.2402,0.2484
0.2732,0.2793
0.2705,0.279
0.2656,0.2612
0.2505,0.2512
0.2952,0.2864
0.2303,0.2303
0.2368,0.2365
0.245,0.2452
0.2239,0.2256
0.2202,0.2155
0.2563,0.2402
0.2925,0.304
0.3162,0.321
0.2261,0.2157
0.2256,0.223
0.2827,0.269
0.2168,0.2114
0.2166,0.2231
0.2462,0.25
0.2598,0.2583
0.2612,0.2473
0.2837,0.2947
0.2861,0.2974
0.221,0.2228
0.2244,0.2372
0.2112,0.2157
0.221,0.2277
0.2898,0.2805
0.2966,0.3057
0.2551,0.2384
0.2289,0.246
0.2292,0.2146
0.2515,0.2379
0.2252,0.2151
0.2347,0.2251
0.2104,0.1981
0.2474,0.2742
0.2173,0.2383
0.2644,0.2722
0.279,0.2969
0.2683,0.2656
0.2455,0.251
0.2479,0.2673
0.2457,0.2415
0.2568,0.258
0.2712,0.3025
0.2656,0.2722
0.247,0.2854
0.2637,0.2727
0.2786,0.2676
0.28,0.2703
0.2349,0.2295
0.2428,0.2467
0.2534,0.2477
0.26,0.2585
0.2345,0.2443
0.2952,0.287
0.2473,0.2457
0.232,0.247
0.249,0.2566
0.2213,0.235
0.2057,0.2314
0.2405,0.2502
0.2874,0.2986
0.2937,0.2932
0.2128,0.2534
0.2435,0.2563
0.2468,0.2615
0.2905,0.28
0.2312,0.2303
0.2737,0.2732
0.1976,0.2048
0.2559,0.265
0.2559,0.2595
0.3003,0.3057
0.203,0.2039
0.2433,0.2391
0.2389,0.2316
0.2427,0.2406
0.2,0.1919
0.197,0.1978
0.2177,0.197
0.22,0.2046
0.1975,0.1925
0.2329,0.232
0.2737,0.2952
0.2646,0.2883
0.2065,0.2177
0.2101,0.2185
0.21,0.222
0.2769,0.278
0.2783,0.281
0.2913,0.2927
0.3066,0.3018
0.2954,0.296
0.2421,0.2367
0.256,0.2455
0.2433,0.2374
0.241,0.2345
0.2354,0.2296
0.25,0.2434
0.239,0.2373
0.2336,0.2313
0.2952,0.298
0.2642,0.2878
0.3093,0.3003
0.2856,0.2893
0.2595,0.2505
0.2595,0.258
0.273,0.2686
0.2803,0.2705
0.3066,0.2944
0.2922,0.2827
0.3047,0.3071
0.2842,0.2783
0.312,0.3115
0.2905,0.2812
0.3093,0.3105
0.2913,0.2805
0.2869,0.31
0.2585,0.2847
0.254,0.2542
0.2081,0.1965
0.1998,0.2067
0.2285,0.2546
0.261,0.2476
0.254,0.2537
0.2905,0.2705
0.2722,0.2832
0.2957,0.304
0.2747,0.26
0.2615,0.2878
0.281,0.3113
0.261,0.2349
0.2642,0.2493
0.26,0.2527
0.2566,0.2308
0.2235,0.2261
0.239,0.2428
0.2452,0.2612
0.2903,0.2893
0.2698,0.283
0.2756,0.2437
0.199,0.203
0.2079,0.2024
0.2123,0.1981
0.2451,0.2866
0.2505,0.2568
0.2744,0.2832
0.2025,0.2151
0.21,0.1982
0.2183,0.2338
0.2903,0.2969
0.3096,0.308
0.291,0.295
0.304,0.307
0.2119,0.2296
0.2213,0.2136
0.2256,0.2258
0.2241,0.2319
0.219,0.2214
0.2057,0.2034
0.1941,0.1959
0.2493,0.2507
0.2339,0.2294
0.2333,0.2365
0.2085,0.2142
0.193,0.2122
0.2135,0.2135
0.2003,0.2151
0.2546,0.2688
0.2498,0.2595
0.2388,0.2377
0.2341,0.2295
0.291,0.2876
0.295,0.2876
0.2854,0.278
0.2302,0.2249
0.23,0.2119
0.211,0.2117
0.2274,0.2184
0.2328,0.2244
0.3054,0.2964
0.2922,0.2988
0.2917,0.2917
0.296,0.2925
0.2976,0.309
0.301,0.2944
0.293,0.2942
0.2905,0.2854
0.2935,0.2927
0.2957,0.3032
0.2996,0.2915
0.296,0.2922
0.288,0.2754
0.2942,0.283
0.2993,0.304
0.2411,0.2524
0.25,0.2532
0.2847,0.2756
0.2883,0.2852
0.2302,0.2362
0.2693,0.2676
0.237,0.2566
0.2279,0.2389
0.2345,0.2382
0.2261,0.2343
0.2817,0.285
0.2238,0.2046
0.2316,0.2365
0.2837,0.2842
0.2822,0.2708
0.292,0.3098
0.293,0.2996
0.2286,0.2168
0.2318,0.211
0.301,0.2942
0.258,0.2615
0.2683,0.2676
0.2783,0.2651
0.2856,0.2878
0.2854,0.2869
0.291,0.283
0.2373,0.2361
0.2361,0.2324
0.2935,0.2944
0.2893,0.2805
0.2412,0.2489
0.278,0.2751
0.2363,0.2468
0.2632,0.2556
0.1936,0.197
0.2043,0.2042
0.2385,0.2382
0.221,0.2238
0.2312,0.239
0.2463,0.261
0.2598,0.2627
0.2778,0.2769
0.2126,0.2084
0.2617,0.2532
0.253,0.2473
0.2417,0.2401
0.188,0.2048
0.2695,0.2786
0.2808,0.2703
0.2678,0.2712
0.1835,0.1654
0.2332,0.2256
0.2021,0.216
0.1887,0.1761
0.1907,0.1735
0.2532,0.2573
0.2415,0.2418
0.2456,0.256
0.2551,0.2484
0.2397,0.2356
0.2233,0.2477
0.2307,0.2457
0.2678,0.266
0.2717,0.2505
0.2935,0.287
0.303,0.2942
0.2761,0.2698
0.2233,0.236
0.2341,0.2386
0.1952,0.201
0.1985,0.1812
0.2656,0.2737
0.2637,0.2744
0.263,0.272
0.2625,0.2627
0.2245,0.2012
0.179,0.1655
0.1608,0.1633
0.233,0.2275
0.2247,0.2401
0.2421,0.2534
0.2466,0.2532
0.2427,0.2356
0.2664,0.282
0.28,0.2773
0.2756,0.2908
0.3347,0.315
0.3093,0.3086
0.3218,0.3103
0.2957,0.299
0.267,0.2642
0.2595,0.2522
0.2888,0.2869
0.2942,0.2944
0.2993,0.3022
0.2954,0.2969
0.278,0.2612
0.2837,0.2842
0.2944,0.2913
0.2998,0.2957
0.2683,0.2827
0.2393,0.2317
0.2747,0.2773
0.2856,0.2834
0.2139,0.2124
0.1838,0.1886
0.2118,0.2177
0.226,0.2145
0.2598,0.2644
0.2686,0.2683
0.2384,0.2468
0.2152,0.2262
0.2085,0.2064
0.2063,0.1901
0.2249,0.2351
0.2241,0.2191
0.2224,0.2094
0.2413,0.248
0.2306,0.2388
0.2219,0.2269
0.2258,0.2313
0.2394,0.224
0.2125,0.219
0.2065,0.2155
0.2416,0.2507
0.2388,0.241
0.2378,0.245
0.2216,0.2441
0.2178,0.2357
0.2067,0.2026
0.2354,0.2585
0.2673,0.285
0.2206,0.2454
0.2384,0.2588
0.2734,0.2844
0.2256,0.2445
0.2039,0.2041
0.1923,0.1958
0.2002,0.1967
0.1854,0.1864
0.228,0.2064
0.231,0.1978
0.274,0.2817
0.268,0.277
0.2644,0.286
0.2705,0.2808
0.2517,0.2732
0.255,0.2676
0.256,0.2432
0.2406,0.2285
0.2428,0.2385
0.235,0.2249
0.2406,0.2216
0.1735,0.1838
0.1921,0.1769
0.2915,0.2842
0.2703,0.2651
0.2861,0.2788
0.2625,0.2576
0.288,0.2769
0.2712,0.262
0.2433,0.2384
0.2278,0.2207
0.2394,0.2418
0.211,0.2173
0.2134,0.2192
0.2075,0.2072
0.1774,0.2158
0.1859,0.2073
0.217,0.2203
0.1737,0.2115
0.1758,0.2012
0.2117,0.2175
0.2703,0.2832
0.2703,0.278
0.2576,0.2656
0.2598,0.2646
0.263,0.2708
0.2712,0.2698
0.275,0.2761
0.2607,0.2607
0.2178,0.1979
0.2097,0.2267
0.2094,0.2064
0.1869,0.1846
0.185,0.187
0.2551,0.2583
0.2297,0.2351
0.1981,0.21
0.2268,0.2228
0.214,0.2441
0.1959,0.2158
0.2157,0.2346
0.2144,0.2183
0.2053,0.2106
0.2343,0.2499
0.2432,0.2211
0.231,0.2181
0.2366,0.2275
0.224,0.2236
0.2386,0.2404
0.2374,0.2385
0.257,0.256
0.2908,0.2944
0.2905,0.2844
0.254,0.2296
0.2405,0.2375
0.2493,0.2422
0.28,0.2742
0.284,0.2825
0.1876,0.2186
0.2437,0.2344
0.2354,0.2408
0.2217,0.2346
0.2896,0.2805
0.2644,0.2734
0.255,0.2465
0.2338,0.2482
0.2644,0.2722
0.2318,0.26
0.253,0.28
0.2507,0.2632
0.2502,0.267
0.2788,0.2935
0.2673,0.2935
0.27,0.2734
0.246,0.273
0.2798,0.291
0.2642,0.2966
0.2686,0.2742
0.2778,0.2986
0.266,0.2827
0.2817,0.3022
0.271,0.2773
0.2822,0.287
0.2974,0.306
0.3008,0.3108
0.2793,0.2935
0.287,0.2947
0.3113,0.3176
0.3066,0.3215
0.2386,0.2255
0.2388,0.2333
0.265,0.2537
0.304,0.2983
0.3108,0.3074
0.2954,0.292
0.2961,0.2976
0.2932,0.2969
0.2969,0.299
0.2883,0.2876
0.2764,0.2866
0.2659,0.265
0.1979,0.2429
0.2458,0.2366
0.2118,0.21
0.2094,0.2029
0.2291,0.2299
0.2098,0.2162
0.1927,0.1946
0.1971,0.2157
0.1932,0.1989
0.2001,0.2056
0.1829,0.182
0.2343,0.2299
0.2008,0.2048
0.3257,0.3132
0.292,0.2893
0.2737,0.264
0.3567,0.3735
0.3193,0.331
0.2208,0.2372
0.2441,0.2493
0.2423,0.2373
0.25,0.2444
0.2556,0.2313
0.248,0.2527
0.2418,0.2499
0.2467,0.257
0.2515,0.2644
0.2311,0.2537
0.2568,0.2676
0.2227,0.2301
0.2172,0.2313
0.2676,0.2703
0.3008,0.299
0.2225,0.2247
0.2301,0.2273
0.2184,0.2261
0.2379,0.2253
0.2578,0.2588
0.267,0.2542
0.256,0.2632
0.2756,0.2576
0.2654,0.2786
0.3308,0.3354
0.3438,0.355
0.2869,0.2664
0.2979,0.29
0.228,0.2311
0.2301,0.2289
0.2576,0.2573
0.269,0.2917
0.2698,0.2861
0.2515,0.2673
0.2593,0.2632
0.251,0.2732
0.2603,0.2717
0.3096,0.3223
0.307,0.3193
0.2852,0.2922
0.2383,0.2537
0.2439,0.2426
0.2651,0.2766
0.255,0.2573
0.2686,0.2678
0.2646,0.2534
0.2368,0.2191
0.2292,0.2161
0.2264,0.2032
0.2418,0.2433
0.2349,0.2401
0.2319,0.231
0.2281,0.2352
0.2227,0.2323
0.2224,0.221
0.2747,0.2788
0.2869,0.291
0.2937,0.3013
0.2925,0.2932
0.2783,0.268
0.291,0.2986
0.279,0.2937
0.2817,0.2876
0.264,0.2595
0.282,0.2925
0.276,0.283
0.279,0.2756
0.2637,0.2462
0.277,0.2815
0.2148,0.2009
0.3008,0.293
0.2161,0.2202
0.2212,0.2229
0.2253,0.2283
0.2217,0.2267
0.205,0.2139
0.2091,0.2174
0.2096,0.2181
0.2136,0.2169
0.2184,0.2217
0.2163,0.2231
0.2006,0.212
0.2058,0.2157
0.211,0.2133
0.2147,0.2136
0.2195,0.2188
0.2177,0.2208
0.2014,0.2051
0.2046,0.2085
0.2734,0.2632
0.2861,0.2832
0.298,0.2908
0.2808,0.2825
0.292,0.288
0.2651,0.2766
0.2703,0.2754
0.2732,0.2876
0.2744,0.2898
0.2003,0.195
0.1857,0.1844
0.2676,0.246
0.255,0.2379
0.2993,0.2883
0.3015,0.293
0.247,0.2446
0.2106,0.2323
0.254,0.2395
0.2172,0.2245
0.3022,0.3113
0.3079,0.3008
0.292,0.3025
0.308,0.2888
0.3167,0.3208
0.312,0.323
0.3035,0.312
0.2952,0.3086
0.237,0.251
0.2211,0.2269
0.2058,0.2131
0.3108,0.3142
0.313,0.3074
0.2646,0.2683
0.255,0.2642
0.2537,0.2625
0.2576,0.259
0.3198,0.3193
0.327,0.333
0.317,0.3223
0.3208,0.3162
0.3086,0.2952
0.264,0.2822
0.2683,0.271
0.2299,0.256
0.29,0.266
0.279,0.2773
0.2654,0.262
0.2698,0.2732
0.2617,0.2634
0.2184,0.2363
0.229,0.2446
0.2622,0.2605
0.2119,0.2177
0.2098,0.2136
0.229,0.2329
0.2145,0.2129
0.2805,0.2778
0.2693,0.2678
0.2837,0.2783
0.2847,0.284
0.274,0.2717
0.2876,0.2805
0.2695,0.2783
0.2563,0.2588
0.2756,0.2734
0.2852,0.2812
0.2747,0.2688
0.2854,0.279
0.2683,0.2644
0.2646,0.2612
0.2803,0.2627
0.263,0.2306
0.2443,0.2732
0.2542,0.2744
0.2477,0.2366
0.2454,0.2776
0.2344,0.2383
0.2418,0.2502
0.2325,0.2379
0.2432,0.2465
0.1946,0.2129
0.1661,0.1746
0.1925,0.1925
0.2094,0.2162
0.1846,0.2098
0.2235,0.2139
0.2104,0.2102
0.2693,0.264
0.2634,0.2515
0.2717,0.2815
0.2673,0.2664
0.2054,0.2396
0.2451,0.2524
0.1914,0.2013
0.2028,0.2097
0.2788,0.2793
0.2666,0.2693
0.2634,0.2734
0.26,0.2563
0.2458,0.2751
0.1555,0.1888
0.1434,0.1754
0.252,0.2646
0.2332,0.2498
0.1896,0.2158
0.2167,0.2368
0.275,0.2778
0.2744,0.2842
0.2703,0.2786
0.2917,0.2961
0.2715,0.2666
0.2664,0.2578
0.2106,0.2073
0.2179,0.211
0.2332,0.206
0.2273,0.2
0.2322,0.2205
0.2313,0.2145
0.2605,0.2612
0.2737,0.2893
0.292,0.294
0.2683,0.2766
0.2817,0.2798
0.2296,0.2247
0.2267,0.2207
0.2034,0.2075
0.2452,0.2598
0.2362,0.2285
0.2717,0.2683
0.2488,0.2473
0.2319,0.2317
0.2308,0.2294
0.227,0.2566
0.257,0.2406
0.2095,0.1996
0.2827,0.2832
0.2454,0.2522
0.2595,0.303
0.2712,0.2869
0.2502,0.2947
0.2399,0.2279
0.2935,0.317
0.2656,0.277
0.2646,0.269
0.238,0.2622
0.2524,0.252
0.2854,0.2898
0.2808,0.2908
0.2832,0.296
0.2712,0.271
0.289,0.2864
0.2664,0.2659
0.2438,0.2467
0.2169,0.2229
0.2964,0.3018
0.295,0.3054
0.2886,0.2864
0.2369,0.2339
0.208,0.2117
0.2507,0.246
0.2256,0.2279
0.2351,0.2402
0.2207,0.2273
0.2345,0.255
0.2352,0.26
0.2272,0.2498
0.28,0.2708
0.2935,0.2937
0.293,0.287
0.302,0.3096
0.2754,0.2744
0.292,0.2915
0.2443,0.254
0.2556,0.2502
0.245,0.2424
0.2482,0.2495
0.2361,0.2303
0.2354,0.2339
0.2352,0.2233
0.2435,0.2388
0.3118,0.2915
0.2808,0.258
0.21,0.2338
0.1926,0.1963
0.2224,0.2343
0.2363,0.2322
0.2332,0.2252
0.276,0.2578
0.278,0.2595
0.239,0.2443
0.2086,0.2357
0.2705,0.2546
0.27,0.2617
0.2379,0.2305
0.2397,0.2441
0.2236,0.234
0.2426,0.2372
0.2222,0.2295
0.2505,0.2622
0.2512,0.2607
0.256,0.2537
0.2507,0.2502
0.2471,0.2386
0.2374,0.2368
0.2292,0.223
0.213,0.2108
0.2499,0.2683
0.2546,0.2761
0.2291,0.2382
0.227,0.239
0.273,0.2817
0.2644,0.2815
0.2598,0.2686
0.2448,0.274
0.2163,0.2346
0.2747,0.2551
0.2522,0.2297
0.209,0.2147
0.265,0.2664
0.2725,0.2686
0.2659,0.2498
0.2288,0.2377
0.2363,0.2566
0.274,0.2593
0.2654,0.2595
0.2656,0.2494
0.2556,0.2727
0.253,0.2573
0.2903,0.2866
0.3135,0.3206
0.296,0.2952
0.311,0.3179
0.3079,0.312
0.2903,0.2898
0.2869,0.2832
0.3298,0.3325
0.3113,0.306
0.2391,0.2399
0.2512,0.2411
0.2465,0.2489
0.2489,0.2325
0.243,0.239
0.265,0.256
0.2544,0.2407
0.2498,0.2339
0.2642,0.2585
0.2734,0.272
0.2595,0.2583
0.3242,0.3215
0.2322,0.2119
0.2347,0.2393
0.2439,0.2476
0.2654,0.274
0.2522,0.256
0.2737,0.294
0.264,0.27
0.2668,0.2568
0.2913,0.2996
0.2252,0.2373
0.3083,0.324
0.3167,0.3235
0.3062,0.3213
0.242,0.2175
0.2191,0.1986
0.275,0.2761
0.2695,0.2764
0.2834,0.2944
0.2861,0.2922
0.261,0.2698
0.2588,0.2705
0.2776,0.3003
0.2832,0.2837
0.2607,0.2603
0.255,0.2465
0.2566,0.2651
0.2573,0.2537
0.2559,0.2546
0.2637,0.2502
0.2698,0.2773
0.2703,0.2708
0.2603,0.2722
0.2651,0.2588
0.2467,0.2722
0.2455,0.2666
0.2683,0.2766
0.271,0.264
0.2512,0.2644
0.2583,0.2588
0.2603,0.2715
0.2617,0.2625
0.2542,0.2737
0.2598,0.2605
0.2358,0.2368
0.23,0.2339
0.2368,0.233
0.2328,0.2333
0.2908,0.2822
0.293,0.3008
0.2834,0.2847
0.2313,0.2443
0.2512,0.254
0.2186,0.2311
0.2225,0.2451
0.217,0.2461
0.2224,0.2207
0.2302,0.2277
0.2778,0.2603
0.279,0.2698
0.2316,0.242
0.2355,0.2373
0.2546,0.2595
0.25,0.256
0.3035,0.3018
0.2854,0.2808
0.251,0.2627
0.2537,0.2576
0.2827,0.295
0.2922,0.2944
0.302,0.3013
0.2456,0.257
0.2515,0.2642
0.2268,0.233
0.2477,0.2576
0.2627,0.2617
0.2622,0.253
0.255,0.263
0.2054,0.2115
0.2452,0.2463
0.2678,0.262
0.2443,0.2427
0.2505,0.2554
0.26,0.2693
0.267,0.259
0.251,0.2566
0.258,0.2654
0.2773,0.2788
0.2006,0.2021
0.1996,0.2277
0.2029,0.2252
0.262,0.2505
0.2045,0.2117
0.2363,0.2402
0.2413,0.2456
0.2559,0.254
0.2377,0.2505
0.2627,0.2722
0.2563,0.2401
0.2734,0.2644
0.2664,0.2598
0.3022,0.3022
0.238,0.2512
0.2291,0.2367
0.2354,0.246
0.2358,0.2437
0.3423,0.3408
0.3235,0.3176
0.2328,0.2262
0.2408,0.2424
0.258,0.2676
0.258,0.2568
0.2708,0.2695
0.2637,0.2705
0.262,0.2585
0.2703,0.2708
0.266,0.272
0.248,0.2654
0.2754,0.2725
0.258,0.2708
0.238,0.2343
0.251,0.2422
0.2266,0.225
0.2347,0.236
0.2252,0.2139
0.2382,0.2244
0.2727,0.2761
0.2593,0.254
0.2278,0.2485
0.2311,0.2338
0.2114,0.2195
0.2356,0.2355
0.2266,0.2445
0.3218,0.3142
0.1958,0.2004
0.3132,0.311
0.2979,0.3252
0.301,0.2986
0.2263,0.228
0.21,0.227
0.2184,0.2534
0.1959,0.1914
0.178,0.1735
0.301,0.3262
0.291,0.3064
0.1548,0.1638
0.284,0.277
0.2917,0.2896
0.2483,0.252
0.1986,0.1951
0.2212,0.212
0.2272,0.2306
0.1995,0.1906
0.2156,0.22
0.221,0.2203
0.2935,0.2847
0.2449,0.2416
0.2773,0.2654
0.2374,0.2515
0.2668,0.2705
0.2228,0.2279
0.2249,0.218
0.2212,0.2507
0.2102,0.2471
0.2494,0.2515
0.2312,0.247
0.2374,0.2499
0.2318,0.2489
0.2412,0.2329
0.292,0.2944
0.2421,0.2532
0.2471,0.2347
0.2988,0.2976
0.1622,0.22
0.2006,0.2092
0.3022,0.3123
0.303,0.3047
0.2428,0.2386
0.2334,0.2369
0.2522,0.2607
0.2556,0.2642
0.2374,0.2437
0.228,0.247
0.2139,0.2406
0.2386,0.254
0.2532,0.2595
0.247,0.2512
0.2418,0.2495
0.2357,0.2317
0.2267,0.236
0.2244,0.2274
0.2213,0.2336
0.247,0.2502
0.2391,0.2544
0.2542,0.2512
0.2659,0.2627
0.2546,0.2627
0.262,0.2551
0.255,0.272
0.266,0.2688
0.2522,0.2578
0.2542,0.2715
0.2642,0.2734
0.3071,0.3113
0.295,0.2969
0.324,0.3167
0.2817,0.2742
0.3018,0.2852
0.2421,0.2472
0.2247,0.2593
0.2319,0.214
0.2347,0.2275
0.2262,0.2109
0.2323,0.2305
0.2546,0.2683
0.2427,0.2363
0.2476,0.248
0.2028,0.2196
0.2256,0.2389
0.1748,0.1635
0.2053,0.1934
0.1704,0.1746
0.196,0.208
0.298,0.281
0.3132,0.3005
0.1688,0.1583
0.2045,0.1891
0.1768,0.1952
0.2153,0.2212
0.1938,0.2101
0.1785,0.1917
0.2786,0.2961
0.2815,0.2886
0.293,0.298
0.2537,0.2605
0.27,0.2693
0.2651,0.272
0.2544,0.2412
0.2957,0.2688
0.2512,0.2566
0.2935,0.2766
0.2065,0.2129
0.2233,0.2162
0.2098,0.2241
0.2253,0.2158
0.1866,0.1995
0.2089,0.1921
0.1938,0.2117
0.2269,0.2213
0.2335,0.2341
0.2444,0.2476
0.2996,0.2856
0.3064,0.2905
0.2856,0.2961
0.2974,0.2856
0.3076,0.2993
0.3196,0.2996
0.322,0.3171
0.2588,0.2683
0.2583,0.261
0.2925,0.3003
0.2917,0.294
0.302,0.2913
0.3079,0.305
0.301,0.306
0.31,0.3113
0.2925,0.2908
0.3271,0.3254
0.2472,0.2617
0.2603,0.2607
0.2489,0.2585
0.2666,0.2566
0.2566,0.2642
0.2573,0.2593
0.208,0.2017
0.1993,0.1982
0.2485,0.2617
0.225,0.2423
0.2354,0.2659
0.2017,0.2466
0.2067,0.1835
0.2123,0.2356
0.1891,0.1853
0.2028,0.2412
0.2019,0.2089
0.2052,0.2101
0.1956,0.2145
0.2026,0.217
0.2225,0.2329
0.2037,0.2229
0.196,0.1923
0.2056,0.2192
0.2207,0.2292
0.1935,0.2084
0.2603,0.267
0.2734,0.2703
0.2266,0.2437
0.2471,0.2551
0.2585,0.2725
0.2391,0.2498
0.2379,0.2751
0.2291,0.2632
0.2118,0.2137
0.2172,0.2357
0.2129,0.1921
0.2112,0.2148
0.2102,0.2144
0.3052,0.3047
0.26,0.2686
0.2656,0.2742
0.2878,0.289
0.3013,0.298
0.2952,0.2917
0.2905,0.302
0.2993,0.2974
0.291,0.2874
0.2788,0.2896
0.1921,0.1864
0.2214,0.2164
0.2173,0.2104
0.2476,0.252
0.2479,0.2433
0.2094,0.1842
0.2318,0.1997
0.2263,0.2117
0.2177,0.2122
0.2415,0.2612
0.2268,0.2544
0.2551,0.2598
0.238,0.2515
0.2893,0.2954
0.287,0.294
0.2281,0.2203
0.259,0.2659
0.2573,0.2659
0.2656,0.266
0.2325,0.2329
0.2391,0.2424
0.2432,0.2408
0.2385,0.2402
0.2017,0.2031
0.1937,0.2047
0.2026,0.205
0.2817,0.2598
0.2805,0.2744
0.2534,0.2473
0.252,0.235
0.23,0.228
0.2292,0.2139
0.2408,0.2532
0.2448,0.2454
0.272,0.2727
0.2744,0.2786
0.2732,0.2715
0.2754,0.2727
0.256,0.2668
0.2627,0.2725
0.2798,0.286
0.2808,0.28
0.276,0.276
0.2512,0.2517
0.2542,0.2598
0.2517,0.2478
0.2576,0.2603
0.2346,0.2407
0.2471,0.2488
0.2339,0.233
0.271,0.2786
0.2874,0.2932
0.2751,0.286
0.2351,0.2505
0.2666,0.2646
0.2507,0.2517
0.215,0.202
0.2125,0.2223
0.2333,0.2316
0.267,0.2668
0.2402,0.2783
0.221,0.2277
0.272,0.2761
0.2052,0.2325
0.264,0.2625
0.3088,0.3066
0.3123,0.3147
0.3096,0.3203
0.3035,0.3003
0.305,0.3076
0.3188,0.3022
0.3196,0.3145
0.3215,0.3215
0.3108,0.2996
0.313,0.308
0.3323,0.3235
0.1548,0.1849
0.1688,0.1726
0.1788,0.1884
0.156,0.1681
0.1692,0.1548
0.1719,0.1715
0.3142,0.2988
0.305,0.2969
0.3132,0.3118
0.3135,0.3142
0.3162,0.3137
0.2422,0.2301
0.2568,0.2693
0.2705,0.2708
0.2861,0.2852
0.2598,0.268
0.2764,0.2827
0.2556,0.2585
0.269,0.2703
0.2585,0.2615
0.2727,0.2715
0.2468,0.2554
0.2524,0.2678
0.2354,0.2556
0.252,0.2651
0.2534,0.2455
0.2566,0.2429
0.255,0.2498
0.257,0.2496
0.2445,0.2495
0.244,0.2385
0.2368,0.2313
0.2615,0.274
0.233,0.2302
0.225,0.2268
0.2554,0.265
0.253,0.258
0.2705,0.2605
0.3271,0.3362
0.3276,0.3538
0.2756,0.2742
0.2708,0.272
0.2883,0.2844
0.2793,0.2778
0.2837,0.276
0.2942,0.292
0.2844,0.2874
0.2874,0.2869
0.2974,0.2998
0.2803,0.2808
0.2854,0.2795
0.2966,0.2961
0.285,0.2864
0.2856,0.2874
0.2937,0.2974
0.328,0.3271
0.3215,0.3206
0.3389,0.3276
0.32,0.3171
0.322,0.3206
0.3303,0.319
0.318,0.3105
0.324,0.3123
0.2705,0.2693
0.2554,0.2429
0.2686,0.2708
0.2776,0.271
0.288,0.2844
0.2964,0.292
0.31,0.3164
0.2744,0.2783
0.3057,0.309
0.2817,0.2754
0.3088,0.3096
0.27,0.285
0.2666,0.2744
0.2656,0.2693
0.2957,0.2847
0.2954,0.2888
0.2917,0.2786
0.297,0.2844
0.2798,0.2683
0.3066,0.3025
0.2935,0.2878
0.3066,0.311
0.2778,0.2708
0.305,0.3052
0.2773,0.2654
0.3018,0.2964
0.2693,0.267
0.3027,0.2993
0.2805,0.289
0.2876,0.3064
0.283,0.2864
0.2869,0.2937
0.2751,0.2903
0.2255,0.2338
0.255,0.2563
0.2084,0.2095
0.2383,0.2372
0.2222,0.2324
0.1987,0.1858
0.2358,0.2301
0.258,0.2722
0.281,0.2769
0.2698,0.271
0.2734,0.2913
0.2786,0.2957
0.271,0.2886
0.2798,0.2969
0.2588,0.2744
0.2595,0.268
0.1447,0.1595
0.1547,0.1711
0.2817,0.2854
0.3096,0.3057
0.2427,0.2107
0.2507,0.2157
0.3218,0.325
0.2263,0.2251
0.2507,0.2551
0.2556,0.2406
0.2227,0.2233
0.218,0.2244
0.2028,0.1956
0.267,0.2808
0.2974,0.3003
0.281,0.287
0.2976,0.3008
0.3162,0.3186
0.301,0.3079
0.3057,0.3098
0.2515,0.2496
0.2498,0.2615
0.3145,0.3218
0.3071,0.3088
0.3064,0.3179
0.187,0.224
0.1768,0.2012
0.1927,0.2329
0.202,0.2308
0.2429,0.2476
0.251,0.2476
0.2198,0.2368
0.2305,0.2385
0.3142,0.3064
0.3062,0.301
0.2988,0.293
0.2505,0.2485
0.3337,0.328
0.3228,0.3127
0.2256,0.2096
0.2148,0.1866
0.2368,0.2351
0.2292,0.2233
0.1791,0.1858
0.2136,0.2119
0.2308,0.2424
0.231,0.2142
0.2079,0.221
0.211,0.2295
0.2107,0.2163
0.2113,0.2244
0.2108,0.2147
0.2128,0.2231
0.2942,0.2944
0.291,0.288
0.2397,0.2456
0.3047,0.3037
0.2974,0.3074
0.3022,0.299
0.2944,0.304
0.299,0.2988
0.2915,0.3032
0.2717,0.2798
0.2915,0.3003
0.1902,0.2098
0.217,0.2201
0.251,0.2489
0.254,0.2544
0.2234,0.2437
0.2356,0.2454
0.1946,0.2048
0.205,0.206
0.253,0.2544
0.218,0.2122
0.2505,0.2441
0.2146,0.2306
0.2683,0.3015
0.2384,0.2472
0.2583,0.259
0.2622,0.2678
0.2379,0.2052
0.1885,0.1906
0.1583,0.1558
0.2406,0.2452
0.1945,0.1945
0.2358,0.2332
0.163,0.1909
0.2367,0.2408
0.2544,0.2612
0.2007,0.2598
0.1956,0.2202
0.2488,0.2659
0.2854,0.2961
0.292,0.2966
0.2815,0.2803
0.2401,0.2432
0.2773,0.272
0.1914,0.2314
0.2695,0.2812
0.2803,0.2874
0.259,0.2223
0.21,0.2043
0.2373,0.2172
0.2213,0.1847
0.2128,0.1885
0.2252,0.2136
0.195,0.2057
0.2003,0.207
0.2617,0.267
0.2462,0.257
0.2505,0.2343
0.241,0.2554
0.2708,0.2812
0.2842,0.2874
0.274,0.2747
0.2974,0.3022
0.2255,0.2347
0.2328,0.2157
0.2576,0.281
0.2566,0.2793
0.2598,0.273
0.2703,0.272
0.277,0.2883
0.2864,0.2917
0.2163,0.2037
0.2612,0.2585
0.2717,0.2678
0.28,0.2747
0.2627,0.2598
0.2742,0.2737
0.2242,0.2275
0.2119,0.2207
0.2786,0.2732
0.2512,0.2815
0.2944,0.2866
0.279,0.2776
0.2866,0.2903
0.271,0.2666
0.2712,0.268
0.282,0.2825
0.2742,0.276
0.281,0.2834
0.249,0.2384
0.2517,0.269
0.1897,0.1959
0.2424,0.2551
0.2996,0.2998
0.249,0.2457
0.2537,0.2498
0.2249,0.221
0.182,0.19
0.2058,0.1941
0.2338,0.2319
0.1904,0.205
0.198,0.2052
0.1995,0.1973
0.2035,0.1941
0.187,0.1934
0.1752,0.1857
0.2458,0.254
0.2141,0.2053
0.256,0.2588
0.2041,0.2189
0.3274,0.3413
0.2737,0.2712
0.1987,0.2048
0.2029,0.2195
0.1687,0.1804
0.2439,0.266
0.2627,0.2632
0.26,0.2659
0.2605,0.279
0.2727,0.2834
0.2964,0.3027
0.2722,0.2795
0.2812,0.2886
0.3025,0.3076
0.2808,0.28
0.2935,0.2869
0.3132,0.3047
0.2318,0.2091
0.2362,0.2074
0.239,0.2094
0.2952,0.3042
0.3362,0.3508
0.276,0.2864
0.273,0.2822
0.2986,0.3052
0.297,0.3035
0.2467,0.2451
0.2373,0.2451
0.2788,0.2776
0.2761,0.2756
0.2803,0.2815
0.2605,0.2715
0.2708,0.2734
0.2335,0.2424
0.2307,0.243
0.2288,0.2258
0.2345,0.2367
0.2595,0.281
0.2487,0.2712
0.273,0.274
0.266,0.2634
0.2664,0.2803
0.274,0.2734
0.2783,0.2766
0.2627,0.2717
0.2598,0.2666
0.277,0.2698
0.263,0.2622
0.2568,0.2566
0.2656,0.2654
0.2461,0.2463
0.2397,0.2522
0.2003,0.1923
0.2494,0.2612
0.289,0.2803
0.261,0.266
0.2996,0.2866
0.2037,0.2615
0.2063,0.2213
0.2068,0.2313
0.2432,0.247
0.285,0.292
0.282,0.278
0.2725,0.2712
0.2146,0.226
0.2438,0.2551
0.2988,0.297
0.2126,0.2112
0.1942,0.2155
0.2496,0.2451
0.2686,0.27
0.2382,0.2507
0.251,0.2388
0.2455,0.2267
0.2002,0.1978
0.2537,0.2627
0.2029,0.2092
0.2063,0.2242
0.1967,0.2156
0.1824,0.2009
0.2013,0.2172
0.274,0.2812
0.216,0.228
0.2213,0.2097
0.2228,0.2268
0.2363,0.2483
0.2583,0.2585
0.254,0.2664
0.2439,0.256
0.2458,0.2634
0.2576,0.2458
0.2175,0.2075
0.2338,0.2401
0.2576,0.2479
0.2256,0.2189
0.2358,0.2373
0.2094,0.2036
0.2235,0.2245
0.233,0.2329
0.219,0.2227
0.213,0.2163
0.192,0.1819
0.1951,0.1992
0.1825,0.1837
0.1682,0.1616
0.2903,0.2952
0.298,0.3032
0.2947,0.301
0.2129,0.2124
0.2167,0.2146
0.2142,0.2192
0.2031,0.2113
0.192,0.2015
0.2922,0.3027
0.3057,0.3088
0.3015,0.3071
0.2219,0.2369
0.2423,0.2273
0.2262,0.232
0.2141,0.2214
0.2185,0.213
0.307,0.3008
0.3105,0.3013
0.306,0.3076
0.3076,0.3079
0.2961,0.2922
0.2952,0.2903
0.1946,0.181
0.1769,0.1641
0.1964,0.2045
0.1838,0.1974
0.1837,0.1877
0.1727,0.1814
0.1755,0.1554
0.1664,0.15
0.3113,0.3113
0.3032,0.3174
0.3083,0.3132
0.2499,0.2537
0.2935,0.301
0.292,0.309
0.2344,0.2372
0.2098,0.2313
0.2046,0.239
0.1565,0.157
0.1559,0.1554
0.2041,0.2446
0.2349,0.2505
0.2893,0.285
0.283,0.2803
0.271,0.279
0.2874,0.2837
0.2776,0.282
0.262,0.265
0.2644,0.2678
0.2605,0.2576
0.276,0.269
0.2715,0.2676
0.2703,0.2769
0.277,0.2737
0.2773,0.276
0.285,0.276
0.2856,0.269
0.2195,0.2289
0.2366,0.255
0.2974,0.3042
0.2267,0.2274
0.255,0.2544
0.2783,0.2773
0.2686,0.2546
0.277,0.281
0.289,0.2844
0.2805,0.2954
0.2944,0.3062
0.2534,0.257
0.2742,0.2686
0.2725,0.296
0.298,0.3083
0.2808,0.2922
0.3018,0.3062
0.2078,0.2183
0.2247,0.2174
0.1984,0.1909
0.2607,0.2439
0.1772,0.1791
0.2446,0.2458
0.2507,0.2451
0.2303,0.2227
0.2318,0.2401
0.1865,0.1926
0.2062,0.2003
0.1925,0.204
0.2177,0.2137
0.223,0.219
0.2124,0.2235
0.2394,0.2306
0.2196,0.2156
0.2482,0.2319
0.2651,0.2603
0.2216,0.218
0.2568,0.2507
0.264,0.2583
0.265,0.262
0.2189,0.238
0.2424,0.2507
0.2313,0.2678
0.2267,0.2512
0.268,0.2847
0.2632,0.2632
0.2725,0.2837
0.2568,0.2676
0.2449,0.2454
0.2418,0.246
0.2471,0.2445
0.2445,0.2413
0.2825,0.2944
0.2854,0.2869
0.292,0.2878
0.2382,0.254
0.2472,0.2512
0.27,0.2856
0.276,0.284
0.2751,0.2769
0.2345,0.2352
0.267,0.2656
0.2251,0.2378
0.1833,0.1925
0.1942,0.1965
0.1948,0.2015
0.2042,0.2056
0.1893,0.2074
0.2751,0.2776
0.188,0.1886
0.184,0.1875
0.2161,0.2203
0.2612,0.2573
0.267,0.2605
0.2415,0.2311
0.258,0.2495
0.2474,0.2421
0.2546,0.2563
0.2318,0.2507
0.2448,0.2607
0.2428,0.23
0.2157,0.2166
0.2195,0.2262
0.2281,0.2336
0.2452,0.2412
0.2279,0.2377
0.2277,0.2278
0.2222,0.2306
0.2223,0.2318
0.209,0.2305
0.209,0.2181
0.2357,0.2356
0.2456,0.2446
0.2385,0.2402
0.2296,0.2346
0.158,0.1655
0.1642,0.1644
0.1718,0.1783
0.2239,0.2317
0.2269,0.2375
0.2258,0.2343
0.2263,0.2244
0.1952,0.2091
0.2096,0.2203
0.191,0.2059
0.1976,0.2045
0.1671,0.1747
0.261,0.2551
0.2573,0.2695
0.31,0.3225
0.2744,0.2913
0.3386,0.3381
0.2717,0.2712
0.2905,0.2898
0.298,0.304
0.2423,0.2474
0.3027,0.3018
0.3035,0.3108
0.218,0.2155
0.2472,0.251
0.3027,0.2874
0.2837,0.258
0.2496,0.2498
0.2505,0.2532
0.3286,0.326
0.2815,0.299
0.269,0.2964
0.2656,0.2795
0.2654,0.2825
0.2086,0.2151
0.2432,0.2438
0.223,0.2212
0.2373,0.2402
0.2003,0.2074
0.2214,0.2284
0.2751,0.2764
0.284,0.293
0.2722,0.266
0.2683,0.251
0.2423,0.2177
0.2866,0.3018
0.2688,0.2717
0.2314,0.2642
0.232,0.2615
0.2153,0.2468
0.2367,0.2227
0.2432,0.2214
0.2194,0.198
0.2483,0.266
0.2622,0.2715
0.2407,0.2544
0.2065,0.2258
0.1919,0.2251
0.2007,0.208
0.2029,0.1935
0.1936,0.1912
0.1998,0.1688
0.1857,0.1885
0.1932,0.1897
0.2515,0.2612
0.3003,0.2983
0.23,0.2068
0.2257,0.213
0.1992,0.2314
0.2456,0.2522
0.2332,0.2377
0.2357,0.2522
0.2357,0.2339
0.2474,0.2478
0.2935,0.3103
0.3313,0.3486
0.2642,0.3052
0.2688,0.2756
0.3,0.3137
0.253,0.2761
0.2715,0.2664
0.2678,0.2595
0.2164,0.1997
0.266,0.2451
0.2158,0.2043
0.2668,0.2438
0.186,0.1896
0.2474,0.2386
0.2401,0.265
0.2605,0.2727
0.255,0.287
0.2375,0.2773
0.2449,0.257
0.2527,0.2664
0.2722,0.2793
0.2101,0.226
0.2224,0.2307
0.2052,0.2114
0.2151,0.2098
0.3123,0.3198
0.3047,0.3232
0.3074,0.3186
0.2964,0.3022
0.289,0.3054
0.2952,0.2961
0.3086,0.318
0.2966,0.3213
0.3015,0.318
0.3037,0.3088
0.2983,0.3074
0.3015,0.3042
0.273,0.2803
0.326,0.3306
0.2817,0.2805
0.2236,0.2216
0.1941,0.2036
0.2228,0.2085
0.1874,0.2179
0.1985,0.2164
0.1891,0.2113
0.2507,0.2491
0.243,0.239
0.2499,0.2505
0.262,0.2656
0.2467,0.2485
0.2722,0.259
0.2917,0.3003
0.3027,0.3035
0.2502,0.2522
0.2808,0.2803
0.2522,0.2651
0.25,0.2678
0.23,0.2454
0.2316,0.2404
0.2627,0.2598
0.2834,0.2747
0.2766,0.2683
0.228,0.2245
0.3147,0.313
0.3215,0.3167
0.317,0.316
0.324,0.3225
0.2642,0.268
0.2676,0.2705
0.2764,0.2842
0.2299,0.2317
0.1614,0.1887
0.1647,0.187
0.2499,0.2498
0.2627,0.2388
0.212,0.2305
0.2737,0.291
0.2793,0.2969
0.2786,0.2776
0.2324,0.2313
0.2993,0.3057
0.3005,0.3147
0.3008,0.3086
0.2678,0.2717
0.2886,0.2969
0.2542,0.2698
0.2725,0.2947
0.251,0.2642
0.2683,0.2896
0.2412,0.237
0.3364,0.3225
0.3125,0.3044
0.2742,0.2783
0.3113,0.3015
0.3213,0.3235
0.1619,0.1609
0.2983,0.2957
0.2986,0.2993
0.2793,0.2822
0.2544,0.256
0.2522,0.2554
0.2045,0.2139
0.1991,0.2053
0.2261,0.2356
0.2349,0.25
0.2507,0.2615
0.2542,0.2551
0.275,0.269
0.2766,0.2744
0.2253,0.2289
0.2035,0.2201
0.2483,0.2479
0.2141,0.2131
0.2461,0.2527
0.2517,0.263
0.2764,0.2727
0.2593,0.272
0.2588,0.2666
0.2427,0.2651
0.1996,0.2212
0.1812,0.2018
0.2227,0.2136
0.2512,0.2607
0.2605,0.2651
0.203,0.214
0.2192,0.2131
0.2179,0.2279
0.1605,0.1774
0.252,0.2722
0.2566,0.274
0.2515,0.2559
0.2532,0.2566
0.2688,0.2703
0.2484,0.2411
0.2241,0.2318
0.2886,0.3025
0.27,0.2825
0.2878,0.3008
0.28,0.299
0.2954,0.2974
0.27,0.2717
0.3103,0.3076
0.3186,0.3162
0.3223,0.3215
0.3074,0.3103
0.3176,0.318
0.3157,0.3167
0.3057,0.3105
0.2803,0.2893
0.3086,0.321
0.3188,0.3306
0.2223,0.2042
0.2439,0.2407
0.236,0.24
0.2267,0.2449
0.2184,0.2234
0.2471,0.2627
0.2847,0.2898
0.279,0.304
0.2472,0.2313
0.254,0.2554
0.2194,0.2274
0.2966,0.2764
0.301,0.2825
0.224,0.248
0.1744,0.1768
0.1658,0.1714
0.3093,0.315
0.31,0.2983
0.3018,0.3042
0.3223,0.3188
0.319,0.3167
0.3054,0.322
0.3164,0.315
0.3196,0.3174
0.3137,0.315
0.2576,0.2568
0.2078,0.2017
0.2266,0.2228
0.2179,0.2152
0.2402,0.237
0.226,0.2177
0.2196,0.2275
0.2272,0.2355
0.2117,0.2335
0.2155,0.2089
0.2252,0.2185
0.2103,0.2164
0.2803,0.2766
0.276,0.2803
0.2783,0.276
0.2174,0.2119
0.2191,0.2129
0.2137,0.2156
0.2915,0.3035
0.2388,0.2404
0.2307,0.2188
0.2399,0.2324
0.2603,0.2544
0.281,0.28
0.3025,0.305
0.2404,0.2556
0.2474,0.257
0.2695,0.2698
0.2646,0.266
0.2786,0.2844
0.2646,0.2874
0.2578,0.2556
0.252,0.2467
0.255,0.2507
0.2522,0.2656
0.2554,0.258
0.204,0.1993
0.2002,0.1985
0.2065,0.1948
0.2008,0.1942
0.2063,0.2131
0.1932,0.2026
0.1991,0.204
0.185,0.1886
0.2124,0.2173
0.1967,0.199
0.2402,0.2405
0.2286,0.2383
0.2493,0.241
0.239,0.2325
0.2085,0.2112
0.1798,0.1807
0.2412,0.255
0.2428,0.2434
0.2062,0.197
0.2216,0.2255
0.1903,0.1923
0.2344,0.2515
0.201,0.1771
0.251,0.2673
0.1991,0.2057
0.234,0.2185
0.2338,0.2334
0.2517,0.2583
0.2491,0.2493
0.234,0.25
0.2585,0.256
0.1904,0.1951
0.1896,0.1902
0.1807,0.185
0.2161,0.2166
0.1951,0.1995
0.2108,0.2354
0.1873,0.1871
0.2008,0.1979
0.186,0.2075
0.2627,0.2585
0.262,0.2472
0.2507,0.2361
0.269,0.2722
0.2717,0.2766
0.257,0.2522
0.3,0.2954
0.2883,0.2966
0.3066,0.316
0.313,0.314
0.3008,0.3142
0.324,0.3318
0.3086,0.3135
0.2964,0.3147
0.3206,0.336
0.2795,0.2856
0.26,0.2732
0.2306,0.2502
0.2434,0.2484
0.2388,0.2434
0.271,0.2705
0.2876,0.2822
0.253,0.273
0.264,0.2812
0.287,0.3013
0.2922,0.3013
0.2615,0.2703
0.2104,0.212
0.2622,0.2686
0.2168,0.2157
0.2742,0.271
0.1976,0.1987
0.2542,0.2622
0.2194,0.2263
0.2246,0.2223
0.218,0.2194
0.341,0.3425
0.2478,0.279
0.2438,0.2424
0.2878,0.284
0.3013,0.289
0.3027,0.2864
0.2913,0.2761
0.141,0.1345
0.22,0.2118
0.2338,0.2299
0.2734,0.2598
0.278,0.2715
0.2534,0.2585
0.1053,0.1038
0.0995,0.10516
0.2438,0.2374
0.2286,0.2266
0.2234,0.223
0.2375,0.2422
0.2385,0.2318
0.2355,0.2352
0.2354,0.254
0.2417,0.2527
0.2394,0.2477
0.2264,0.2428
0.2505,0.2769
0.2357,0.2489
0.233,0.2446
0.2181,0.236
0.2422,0.2551
0.2297,0.2393
0.2491,0.2683
0.2352,0.2502
0.2339,0.2443
0.2188,0.231
0.237,0.259
0.2262,0.237
0.246,0.2634
0.2299,0.2445
0.2312,0.2405
0.2155,0.229
0.2277,0.2479
0.2117,0.2126
0.2125,0.2275
0.2009,0.2075
0.2057,0.2162
0.2358,0.2333
0.2297,0.231
0.2869,0.298
0.2852,0.3022
0.3018,0.313
0.3054,0.3186
0.279,0.2878
0.285,0.2954
0.2852,0.2896
0.2869,0.291
0.2795,0.2915
0.2852,0.296
0.29,0.2886
0.2954,0.2942
0.1859,0.2114
0.1498,0.209
0.1565,0.2157
0.1898,0.1987
0.1853,0.195
0.2203,0.2256
0.248,0.2484
0.2642,0.276
0.2942,0.2825
0.296,0.295
0.2588,0.2717
0.3162,0.3423
0.313,0.342
0.3208,0.349
0.323,0.3281
0.3083,0.3196
0.2517,0.26
0.2429,0.2598
0.2458,0.2598
0.251,0.264
0.2296,0.2583
0.2311,0.2563
0.2347,0.2372
0.1886,0.2035
0.2054,0.2041
0.1931,0.198
0.2062,0.201
0.1982,0.1918
0.2103,0.198
0.1934,0.209
0.189,0.1909
0.2046,0.201
0.1979,0.1932
0.202,0.1943
0.1979,0.195
0.2378,0.2524
0.249,0.2524
0.254,0.255
0.2216,0.2314
0.2277,0.2372
0.2207,0.2194
0.2291,0.2166
0.2273,0.2281
0.2196,0.2108
0.2201,0.2161
0.2217,0.2235
0.2161,0.2125
0.2576,0.2803
0.2605,0.2837
0.2825,0.2725
0.2761,0.2715
0.2627,0.2644
0.2668,0.2666
0.2062,0.2073
0.2311,0.2424
0.2412,0.2406
0.2588,0.2632
0.2651,0.2644
0.2656,0.2725
0.272,0.2742
0.2142,0.2084
0.2096,0.2045
0.2406,0.2421
0.2512,0.2471
0.284,0.273
0.287,0.2747
0.2708,0.2676
0.2751,0.271
0.2156,0.2128
0.1982,0.2069
0.196,0.1849
0.2678,0.2598
0.269,0.2612
0.2961,0.2898
0.3022,0.2908
0.3071,0.2996
0.3135,0.3032
0.3044,0.2913
0.3088,0.294
0.2313,0.2358
0.2239,0.252
0.2515,0.2568
0.2202,0.2194
0.2214,0.2179
0.2888,0.2886
0.2979,0.3071
0.2045,0.1929
0.1907,0.1864
0.2007,0.2023
0.1869,0.1904
0.2196,0.216
0.2178,0.2108
0.2175,0.2301
0.2195,0.256
0.2411,0.2673
0.2241,0.2627
0.2435,0.2467
0.237,0.2408
0.2302,0.2356
0.2211,0.2412
0.1683,0.1742
0.2136,0.2263
0.2095,0.2173
0.265,0.2573
0.2483,0.2426
0.2047,0.2319
0.2832,0.2725
0.2109,0.2255
0.2369,0.2651
0.287,0.2983
0.197,0.2142
0.2036,0.2236
0.255,0.2576
0.2448,0.2478
0.2177,0.2115
0.2284,0.2524
0.2491,0.2524
0.2195,0.2449
0.2444,0.2625
0.2428,0.2507
0.327,0.3215
0.2196,0.228
0.2795,0.286
0.2764,0.2734
0.2231,0.2449
0.2251,0.2375
0.2507,0.2375
0.247,0.2537
0.2922,0.302
0.2703,0.2651
0.282,0.2866
0.2715,0.2732
0.2979,0.3044
0.2727,0.2815
0.2864,0.3074
0.2815,0.2935
0.2854,0.2676
0.2788,0.2542
0.2805,0.292
0.2744,0.2698
0.2993,0.2925
0.293,0.2783
0.3015,0.301
0.3005,0.2922
0.2893,0.2869
0.282,0.2751
0.2257,0.2263
0.2186,0.226
0.2522,0.2573
0.2443,0.2452
0.3118,0.3237
0.3064,0.3298
0.1945,0.2164
0.2113,0.2178
0.2103,0.215
0.2106,0.2108
0.2028,0.2108
0.2172,0.2059
0.2092,0.1898
0.2222,0.2041
0.2014,0.1912
0.1896,0.1986
0.2006,0.2158
0.1958,0.2197
0.1862,0.2051
0.1964,0.2095
0.1732,0.197
0.1915,0.1963
0.2205,0.2219
0.191,0.1914
0.2076,0.1967
0.2299,0.2457
0.2554,0.2588
0.2534,0.258
0.2583,0.2627
0.2512,0.2546
0.255,0.2578
0.3115,0.3086
0.3154,0.3076
0.3079,0.3037
0.2467,0.2416
0.2683,0.2844
0.2734,0.2861
0.29,0.3247
0.2788,0.2703
0.2754,0.2644
0.308,0.2996
0.1964,0.1915
0.241,0.2488
0.2532,0.2556
0.2463,0.2441
0.2278,0.253
0.2278,0.2411
0.262,0.2578
0.2349,0.261
0.2487,0.2491
0.2319,0.2357
0.2484,0.246
0.2468,0.2374
0.2524,0.228
0.2439,0.215
0.2454,0.2095
0.2642,0.281
0.268,0.272
0.2432,0.25
0.2795,0.274
0.26,0.2542
0.235,0.2368
0.2242,0.2267
0.2355,0.243
0.2286,0.238
0.2013,0.2164
0.3008,0.3013
0.3096,0.305
0.2544,0.26
0.2822,0.2773
0.3096,0.305
0.2874,0.2898
0.2935,0.29
0.2893,0.2883
0.2957,0.2937
0.285,0.2825
0.2878,0.2866
0.2446,0.2495
0.2788,0.2695
0.2722,0.2659
0.251,0.2522
0.2445,0.2433
0.2708,0.2783
0.295,0.2937
0.247,0.265
0.2676,0.2788
0.199,0.2037
0.1976,0.1914
0.233,0.2292
0.2224,0.2191
0.3,0.3015
0.2922,0.3057
0.3022,0.2998
0.2944,0.3074
0.2085,0.1901
0.202,0.187
0.2443,0.2383
0.2517,0.2605
0.2345,0.2382
0.2396,0.241
0.248,0.2566
0.2333,0.2394
0.2013,0.2227
0.2217,0.2301
0.2642,0.267
0.2583,0.2627
0.2369,0.2465
0.2842,0.2852
0.286,0.2822
0.2686,0.2715
0.1924,0.1843
0.2045,0.1974
0.1831,0.1879
0.236,0.2568
0.2368,0.2417
0.2291,0.2346
0.2489,0.2617
0.2712,0.2783
0.2585,0.2622
0.2532,0.2678
0.2363,0.26
0.26,0.2683
0.2465,0.259
0.2141,0.2289
0.2416,0.2462
0.2241,0.2314
0.2152,0.229
0.243,0.2415
0.2297,0.234
0.2048,0.2257
0.2062,0.2058
0.1956,0.1976
0.2056,0.215
0.2396,0.2427
0.2179,0.2239
0.2126,0.2307
0.2413,0.257
0.2461,0.2588
0.3032,0.3035
0.3164,0.3052
0.3096,0.2935
0.1827,0.1816
0.3018,0.304
0.301,0.3054
0.307,0.3022
0.2998,0.306
0.3088,0.3057
0.3093,0.3115
0.3196,0.3118
0.3225,0.3213
0.2184,0.22
0.2612,0.2355
0.2651,0.2576
0.259,0.2446
0.2272,0.228
0.2915,0.288
0.3044,0.2915
0.2896,0.2988
0.2927,0.3005
0.2913,0.294
0.2947,0.2935
0.2979,0.309
0.287,0.294
0.305,0.3113
0.2898,0.2932
0.2146,0.2145
0.2534,0.2512
0.2399,0.241
0.2261,0.2299
0.226,0.2245
0.1855,0.2083
0.2278,0.2267
0.1853,0.2137
0.2668,0.282
0.266,0.2715
0.1974,0.2007
0.2183,0.2278
0.1997,0.2218
0.216,0.2103
0.196,0.2032
0.2023,0.2032
0.2355,0.2336
0.2191,0.2389
0.297,0.304
0.3076,0.3118
0.308,0.326
0.2642,0.2913
0.2812,0.2861
0.299,0.3018
0.3032,0.3096
0.258,0.2803
0.289,0.2822
0.304,0.294
0.2908,0.2964
0.2578,0.2666
0.2385,0.2695
0.2322,0.2449
0.2373,0.2532
0.231,0.2367
0.2137,0.2045
0.2131,0.2217
0.1942,0.2032
0.1798,0.166
0.1676,0.1831
0.2825,0.2905
0.2764,0.279
0.2812,0.2817
0.2386,0.2463
0.2246,0.2198
0.2233,0.2439
0.2373,0.2404
0.2305,0.2318
0.2356,0.2458
0.2542,0.2429
0.2174,0.2084
0.2295,0.2267
0.2148,0.1909
0.1875,0.1605
0.1887,0.1761
0.2388,0.2349
0.2106,0.2041
0.2229,0.2318
0.2335,0.229
0.2239,0.206
0.201,0.198
0.2491,0.2452
0.2664,0.2837
0.194,0.2129
0.2173,0.2253
0.2466,0.2344
0.262,0.2786
0.2673,0.2827
0.2522,0.2683
0.2563,0.2668
0.2502,0.266
0.2377,0.2554
0.2312,0.2417
0.2306,0.2378
0.1836,0.1906
0.163,0.1788
0.262,0.2502
0.2491,0.2457
0.2147,0.1947
0.2,0.2008
0.2297,0.2299
0.2203,0.229
0.2256,0.2362
0.2559,0.2512
0.1891,0.1974
0.2622,0.2625
0.2078,0.2037
0.2134,0.2166
0.1907,0.2028
0.2496,0.2732
0.2494,0.2646
0.1718,0.1869
0.2515,0.2493
0.1765,0.1846
0.2725,0.2766
0.2144,0.2152
0.22,0.2225
0.1576,0.1732
0.2268,0.2339
0.1938,0.1857
0.1996,0.2087
0.2496,0.257
0.2603,0.2615
0.2498,0.2512
0.2006,0.1976
0.2094,0.2264
0.2123,0.1996
0.2522,0.2805
0.1906,0.1896
0.2327,0.2183
0.2073,0.2223
0.2119,0.1909
0.2263,0.2166
0.2214,0.2084
0.2158,0.2145
0.2722,0.2795
0.2634,0.269
0.227,0.2323
0.2325,0.2363
0.2322,0.2279
0.2343,0.2399
0.2366,0.246
0.2822,0.2783
0.3,0.2996
0.3005,0.2917
0.2317,0.2496
0.2186,0.2096
0.2783,0.2913
0.2817,0.2915
0.2678,0.2747
0.278,0.2856
0.2201,0.2391
0.2764,0.2876
0.2747,0.283
0.2502,0.2588
0.2505,0.2573
0.2737,0.2715
0.2062,0.2047
0.259,0.2615
0.2422,0.2451
0.2942,0.2922
0.288,0.2893
0.1788,0.1855
0.201,0.2107
0.1931,0.207
0.2118,0.2252
0.197,0.2094
0.239,0.258
0.2622,0.2686
0.2343,0.2556
0.2517,0.244
0.2186,0.2323
0.2346,0.237
0.2231,0.2211
0.2372,0.2225
0.2395,0.2477
0.2566,0.255
0.2394,0.2395
0.2542,0.2485
0.2307,0.2522
0.2607,0.2712
0.2291,0.2532
0.2578,0.251
0.2328,0.2258
0.233,0.2366
0.2434,0.2432
0.2491,0.2563
0.2224,0.2185
0.2188,0.2305
0.2479,0.2253
0.259,0.2382
0.2396,0.2274
0.2328,0.2258
0.233,0.2366
0.2489,0.2401
0.2434,0.2432
0.2491,0.2563
0.2273,0.2227
0.2224,0.2185
0.2188,0.2305
0.2603,0.2272
0.2479,0.2253
0.259,0.2382
0.1942,0.2194
0.2299,0.2352
0.243,0.2534
0.2612,0.2612
0.2585,0.266
0.258,0.2576
0.257,0.2666
0.2515,0.265
0.257,0.2458
0.1768,0.1875
0.1907,0.2017
0.2737,0.2788
0.2869,0.2634
0.264,0.2761
0.277,0.2715
0.2124,0.2211
0.255,0.2356
0.2664,0.2654
0.268,0.2551
0.2766,0.2603
0.2678,0.2512
0.2474,0.2408
0.2444,0.2452
0.243,0.2467
0.2366,0.2386
0.252,0.2573
0.2502,0.2544
0.2473,0.2554
0.248,0.2494
0.2476,0.2695
0.2499,0.2242
0.2365,0.2296
0.2595,0.2659
0.2524,0.2708
0.2483,0.2556
0.2458,0.2546
0.2483,0.245
0.2418,0.2494
0.2015,0.2144
0.2083,0.2004
0.213,0.2064
0.2712,0.2688
0.264,0.2651
0.2654,0.2622
0.2391,0.2256
0.2095,0.2164
0.2106,0.2231
0.2013,0.2118
0.26,0.2495
0.2351,0.2465
0.2408,0.2352
0.2341,0.2356
0.2385,0.2137
0.2172,0.2089
0.1951,0.204
0.2362,0.2349
0.2827,0.2769
0.1923,0.1915
0.3088,0.3103
0.2964,0.3035
0.305,0.3083
0.2903,0.302
0.2664,0.2715
0.1802,0.1799
0.17,0.1752
0.2039,0.1954
0.2076,0.21
0.2247,0.2162
0.22,0.2177
0.2367,0.2474
0.2362,0.2399
0.253,0.2769
0.2413,0.2411
0.2416,0.241
0.2408,0.2482
0.2399,0.2443
0.251,0.2498
0.2478,0.255
0.1998,0.212
0.2046,0.1989
0.2408,0.2822
0.2747,0.2812
0.3398,0.3308
0.2874,0.284
0.2913,0.2764
0.2825,0.288
0.2634,0.2537
0.2573,0.2651
0.2734,0.2686
0.322,0.3252
0.3345,0.3318
0.324,0.3247
0.3167,0.3186
0.3445,0.3447
0.3208,0.3145
0.312,0.3145
0.3188,0.3242
0.31,0.3113
0.3013,0.2947
0.3118,0.3044
0.303,0.2969
0.283,0.2837
0.2998,0.2917
0.2522,0.2455
0.2388,0.2466
0.2452,0.256
0.256,0.248
0.2434,0.2423
0.2454,0.2474
0.2751,0.2783
0.275,0.2817
0.2742,0.2878
0.2737,0.2874
0.2725,0.28
0.278,0.2788
0.28,0.2786
0.2793,0.274
0.2847,0.285
0.2842,0.2861
0.2847,0.2869
0.2637,0.2676
0.2312,0.2411
0.2734,0.2856
0.2686,0.2666
0.2935,0.296
0.299,0.291
0.259,0.2644
0.293,0.304
0.307,0.3022
0.288,0.2776
0.3208,0.3293
0.2698,0.2471
0.2245,0.2336
0.2319,0.236
0.2124,0.2228
0.222,0.233
0.215,0.2013
0.216,0.2202
0.2808,0.2852
0.258,0.2764
0.2445,0.2563
0.2168,0.2227
0.2281,0.2395
0.2578,0.2634
0.2408,0.2751
0.257,0.2622
0.2573,0.2433
0.2443,0.2383
0.3225,0.282
0.2527,0.2559
0.2468,0.2505
0.2668,0.277
0.2678,0.2786
0.2311,0.2448
0.2113,0.2383
0.2147,0.2262
0.1904,0.2218
0.2861,0.295
0.2494,0.2507
0.231,0.24
0.3074,0.304
0.2888,0.2996
0.258,0.2507
0.25,0.257
0.2727,0.278
0.2141,0.21
0.1747,0.1799
0.1748,0.1793
0.1973,0.207
0.2094,0.2101
0.202,0.1906
0.1908,0.1833
0.205,0.1941
0.1965,0.1884
0.2473,0.2457
0.3035,0.2844
0.2878,0.2751
0.2434,0.2325
0.2415,0.2644
0.2461,0.244
0.2878,0.2798
0.2893,0.3032
0.3135,0.3223
0.285,0.2898
0.2903,0.3232
0.256,0.258
0.2646,0.258
0.2412,0.2637
0.2399,0.2778
0.2795,0.307
0.2922,0.3008
0.1456,0.1404
0.1539,0.1467
0.1764,0.1559
0.1805,0.1693
0.2854,0.2712
0.2886,0.2935
0.1757,0.16
0.2461,0.2465
0.261,0.2625
0.2634,0.251
0.2576,0.253
0.2411,0.2754
0.255,0.2537
0.1648,0.1875
0.1909,0.2098
0.2583,0.2644
0.2764,0.2793
0.155,0.181
0.2515,0.2507
0.255,0.2656
0.245,0.2578
0.2573,0.2668
0.2712,0.2698
0.282,0.2698
0.2686,0.2703
0.2827,0.2812
0.2507,0.2457
0.2664,0.2542
0.237,0.2336
0.2496,0.2451
0.2517,0.266
0.2585,0.265
0.2327,0.2308
0.2455,0.2399
0.2063,0.2333
0.2257,0.2395
0.2319,0.238
0.2236,0.2349
0.264,0.274
0.2468,0.2537
0.2651,0.2688
0.3096,0.2952
0.2917,0.284
0.28,0.2747
0.3254,0.3064
0.3074,0.2983
0.2866,0.2837
0.239,0.2268
0.2241,0.2164
0.2233,0.2197
0.231,0.2146
0.2139,0.2377
0.2374,0.2448
0.2026,0.2289
0.2126,0.2227
0.23,0.25
0.3066,0.3076
0.3096,0.3015
0.3022,0.3005
0.293,0.303
0.2954,0.2986
0.2905,0.2993
0.2722,0.267
0.2488,0.2725
0.2297,0.2242
0.2413,0.2203
0.2404,0.2267
0.232,0.2263
0.244,0.2317
0.2433,0.2306
0.3022,0.2966
0.2957,0.2917
0.3079,0.3003
0.2964,0.291
0.3,0.293
0.3103,0.3018
0.294,0.291
0.2903,0.2844
0.3079,0.2966
0.2654,0.2576
0.2627,0.2559
0.264,0.2668
0.2174,0.2277
0.2297,0.2294
0.2778,0.2751
0.3186,0.3157
0.334,0.3345
0.309,0.3079
0.2393,0.2389
0.2018,0.2134
0.1958,0.207
0.1929,0.2081
0.1755,0.1831
0.1643,0.1642
0.1619,0.1676
0.1488,0.1635
0.147,0.1436
0.2303,0.2427
0.23,0.2483
0.2351,0.2435
0.2218,0.2394
0.2164,0.2369
0.2252,0.2346
0.2335,0.2457
0.2351,0.2295
0.2676,0.2607
0.2424,0.2527
0.2389,0.2302
0.2156,0.2291
0.2065,0.2131
0.1788,0.2059
0.1804,0.1896
0.1732,0.1757
0.1399,0.1736
0.1486,0.1533
0.2036,0.1913
0.1924,0.1875
0.1942,0.2083
0.234,0.231
0.2401,0.2327
0.2426,0.2473
0.2783,0.2817
0.2783,0.2876
0.272,0.2837
0.2717,0.2815
0.2808,0.291
0.2822,0.2915
0.2388,0.2241
0.251,0.2357
0.2294,0.231
0.2297,0.1995
0.243,0.2189
0.2216,0.2257
0.238,0.2224
0.2551,0.2327
0.2256,0.2339
0.2043,0.2137
0.2028,0.1903
0.1942,0.1979
0.1957,0.1941
0.2527,0.2395
0.2457,0.25
0.1735,0.17
0.1632,0.1803
0.153,0.1731
0.224,0.2451
0.2401,0.2578
0.2461,0.2588
0.2812,0.2732
0.28,0.281
0.2708,0.2678
0.27,0.2693
0.2756,0.2812
0.276,0.2834
0.234,0.2246
0.2494,0.2379
0.2262,0.2264
0.224,0.203
0.2412,0.2246
0.2167,0.224
0.2332,0.2234
0.2534,0.2369
0.221,0.2314
0.2695,0.2373
0.2527,0.236
0.1919,0.1831
0.173,0.1864
0.1769,0.1797
0.2842,0.273
0.2788,0.2703
0.2783,0.274
0.2812,0.278
0.277,0.2737
0.28,0.2788
0.2583,0.275
0.3384,0.347
0.3237,0.3262
0.2708,0.2815
0.2737,0.2737
0.2299,0.2356
0.2346,0.2343
0.2952,0.2969
0.2488,0.2683
0.2349,0.2352
0.2012,0.1919
0.1938,0.1932
0.2615,0.2808
0.2852,0.2747
0.278,0.274
0.2201,0.2113
0.1993,0.2157
0.2717,0.2659
0.2727,0.273
0.2705,0.2776
0.2301,0.2737
0.1814,0.1958
0.1938,0.2015
0.192,0.1874
0.2458,0.2627
0.2382,0.2452
0.2408,0.2505
0.2303,0.2139
0.2979,0.2803
0.292,0.2788
0.2377,0.2383
0.2456,0.2383
0.3152,0.3193
0.3403,0.3386
0.3347,0.329
0.3286,0.3284
0.352,0.3606
0.2378,0.2273
0.2257,0.2133
0.2046,0.1954
0.252,0.2515
0.1958,0.2161
0.2827,0.2786
0.2627,0.267
0.2385,0.265
0.2805,0.2844
0.2803,0.2732
0.278,0.2917
0.244,0.2405
0.2512,0.2472
0.2566,0.2554
0.2512,0.2382
0.2488,0.249
0.252,0.2502
0.2422,0.2415
0.2491,0.2458
0.24,0.2418
0.2625,0.2673
0.2583,0.2474
0.2686,0.26
0.2213,0.2372
0.216,0.2349
0.287,0.2866
0.2593,0.2783
0.2062,0.1923
0.2103,0.2206
0.2332,0.236
0.2112,0.2213
0.2034,0.2108
0.2524,0.2642
0.235,0.2454
0.2396,0.2411
0.2563,0.2491
0.3083,0.3096
0.2443,0.252
0.3367,0.338
0.3464,0.3525
0.2238,0.2292
0.2234,0.227
0.2424,0.2517
0.2448,0.2544
0.2532,0.2617
0.2583,0.2593
0.2368,0.2515
0.2355,0.2496
0.2683,0.2798
0.2216,0.234
0.2258,0.2366
0.2537,0.2428
0.253,0.2439
0.2473,0.251
0.2228,0.2515
0.2349,0.2585
0.2468,0.252
0.2417,0.2341
0.25,0.2218
0.2495,0.2656
0.2588,0.2607
0.2612,0.2788
0.2678,0.2744
0.2544,0.2703
0.2588,0.2605
0.2556,0.256
0.2424,0.2461
0.2158,0.2006
0.2512,0.26
0.2888,0.2727
0.223,0.2086
0.2351,0.2502
0.2642,0.2622
0.2261,0.2249
0.207,0.2035
0.2396,0.2448
0.2106,0.2329
0.2266,0.2461
0.2864,0.2883
0.197,0.203
0.283,0.2693
0.2296,0.2318
0.2333,0.2498
0.2476,0.2449
0.2448,0.2532
0.1621,0.1355
0.1674,0.1581
0.1776,0.162
0.228,0.2203
0.2106,0.2245
0.2563,0.2603
0.2617,0.2788
0.252,0.264
0.2073,0.2527
0.2367,0.252
0.2585,0.278
0.2783,0.282
0.269,0.2693
0.2654,0.2722
0.2502,0.2507
0.2578,0.2578
0.2683,0.2627
0.2766,0.2668
0.2695,0.2644
0.277,0.2751
0.257,0.2443
0.2014,0.2141
0.2244,0.2404
0.2144,0.2213
0.1996,0.238
0.228,0.2275
0.2201,0.2517
0.236,0.236
0.1969,0.1897
0.2034,0.2087
0.2098,0.2129
0.2189,0.2284
0.2788,0.2441
0.2734,0.263
0.2349,0.2303
0.2278,0.2217
0.255,0.2325
0.2478,0.2512
0.2429,0.2395
0.3015,0.3167
0.244,0.246
0.236,0.2394
0.2278,0.2313
0.2196,0.2249
0.2375,0.2367
0.2335,0.2411
0.2421,0.2399
0.2335,0.2444
0.2786,0.281
0.2617,0.2786
0.2747,0.2837
0.2615,0.2817
0.262,0.2634
0.2544,0.2644
0.271,0.2737
0.266,0.2693
0.1871,0.1942
0.2142,0.1937
0.176,0.1766
0.2969,0.298
0.2852,0.2852
0.2844,0.29
0.2942,0.2952
0.3096,0.3037
0.2937,0.293
0.2893,0.2966
0.295,0.2986
0.295,0.2961
0.288,0.288
0.2734,0.2886
0.2795,0.2942
0.2842,0.287
0.2927,0.286
0.2776,0.2737
0.2683,0.2656
0.2769,0.273
0.2874,0.2937
0.295,0.3037
0.285,0.2852
0.3013,0.2952
0.2416,0.2456
0.2362,0.2426
0.2467,0.2446
0.2246,0.2228
0.2225,0.2206
0.231,0.2227
0.3096,0.306
0.3025,0.2969
0.3032,0.2996
0.3145,0.3157
0.306,0.3125
0.3086,0.3115
0.2126,0.2083
0.2252,0.2233
0.2969,0.2983
0.2856,0.2947
0.2847,0.2776
0.2954,0.2834
0.2776,0.2712
0.2888,0.2966
0.2983,0.3
0.2715,0.2776
0.217,0.2146
0.2673,0.2668
0.2286,0.2192
0.236,0.2391
0.2632,0.2683
0.2554,0.2656
0.2627,0.2666
0.245,0.2445
0.2443,0.2415
0.261,0.2507
0.2556,0.2556
0.2578,0.2622
0.2517,0.2568
0.2588,0.2627
0.2458,0.242
0.2399,0.2399
0.234,0.2379
0.228,0.2369
0.242,0.2388
0.2378,0.2404
0.2463,0.2426
0.2384,0.2416
0.2347,0.238
0.2302,0.2383
0.241,0.2418
0.2338,0.2444
0.1959,0.209
0.2006,0.2131
0.1936,0.2205
0.1825,0.1951
0.2428,0.2534
0.2576,0.26
0.2408,0.2368
0.2449,0.2355
0.1995,0.1932
0.2642,0.2695
0.2441,0.2593
0.2595,0.265
0.2576,0.2612
0.27,0.2676
0.2703,0.2712
0.2776,0.279
0.2416,0.2372
0.252,0.242
0.2585,0.266
0.2686,0.2651
0.272,0.2703
0.2299,0.2196
0.2266,0.2244
0.2385,0.236
0.236,0.237
0.2396,0.236
0.2084,0.222
0.1991,0.2281
0.2905,0.2976
0.3074,0.2993
0.2905,0.299
0.2993,0.295
0.3088,0.2937
0.2954,0.2974
0.2489,0.2935
0.2568,0.291
0.284,0.2737
0.2861,0.2773
0.2754,0.275
0.2507,0.2534
0.307,0.2996
0.3062,0.301
0.3057,0.292
0.2299,0.2341
0.2301,0.2303
0.2373,0.2249
0.2463,0.2448
0.253,0.2542
0.2625,0.2932
0.2443,0.286
0.2034,0.2422
0.2776,0.283
0.27,0.2898
0.2379,0.2434
0.2463,0.2406
0.1902,0.2031
0.241,0.2451
0.242,0.2445
0.1959,0.1927
0.1975,0.1918
0.2842,0.2927
0.2727,0.284
0.2954,0.3
0.2878,0.2893
0.2346,0.2457
0.2443,0.2522
0.2202,0.2336
0.2189,0.2207
0.2115,0.2335
0.2172,0.2666
0.204,0.2595
0.2063,0.2263
0.1974,0.2173
0.2537,0.258
0.2396,0.2456
0.2444,0.2485
0.226,0.2306
0.242,0.2394
0.2444,0.262
0.2339,0.2471
0.1783,0.1642
0.2035,0.2189
0.196,0.2056
0.297,0.2932
0.3333,0.3308
0.2673,0.2678
0.2177,0.2435
0.2123,0.2402
0.2032,0.2013
0.1863,0.1943
0.1826,0.1906
0.2025,0.2156
0.2534,0.2537
0.2147,0.2208
0.2164,0.2213
0.2449,0.2191
0.2076,0.1935
0.2527,0.2654
0.2676,0.2654
0.3079,0.3098
0.3076,0.3013
0.2341,0.2288
0.2688,0.2693
0.2607,0.2637
0.2607,0.2588
0.2484,0.265
0.2441,0.239
0.2463,0.2415
0.2366,0.2334
0.2344,0.2373
0.2097,0.2017
0.2323,0.2411
0.2372,0.265
0.2284,0.263
0.2361,0.2507
0.2184,0.2153
0.1838,0.2075
0.1814,0.1843
0.18,0.185
0.2896,0.282
0.2766,0.2734
0.2194,0.2311
0.2068,0.2006
0.285,0.2852
0.2832,0.2817
0.1733,0.2048
0.2708,0.2866
0.1925,0.2063
0.292,0.2935
0.2695,0.2954
0.253,0.2825
0.2507,0.282
0.2522,0.283
0.264,0.2615
0.2537,0.2625
0.2998,0.2961
0.3237,0.313
0.2964,0.2876
0.2605,0.2588
0.2795,0.277
0.2434,0.2432
0.2578,0.2642
0.283,0.284
0.2489,0.2578
0.2307,0.2273
0.2345,0.2418
0.2421,0.2457
0.2491,0.2676
0.2439,0.2556
0.2457,0.2847
0.2388,0.2266
0.2343,0.2231
0.2407,0.2294
0.2688,0.2979
0.2861,0.287
0.2915,0.2766
0.3013,0.2998
0.3306,0.3115
0.2969,0.3057
0.306,0.3093
0.3079,0.301
0.31,0.3064
0.2505,0.2524
0.2683,0.2737
0.271,0.2786
0.272,0.2705
0.2637,0.254
0.2656,0.2605
0.2551,0.247
0.2693,0.2808
0.2612,0.2632
0.2313,0.2424
0.2433,0.2407
0.2484,0.2512
0.2184,0.2148
0.2173,0.216
0.2283,0.2245
0.2034,0.211
0.2615,0.2527
0.2537,0.2396
0.2124,0.2177
0.2145,0.2153
0.2169,0.218
0.2727,0.2632
0.2795,0.2893
0.2769,0.2717
0.2793,0.2913
0.2386,0.251
0.2598,0.2573
0.2546,0.25
0.1588,0.1669
0.1648,0.1637
0.1691,0.1737
0.1727,0.1676
0.2429,0.245
0.2595,0.2532
0.2394,0.2515
0.2585,0.2717
0.1664,0.1714
0.1746,0.1942
0.1936,0.2002
0.1677,0.1744
0.1855,0.1912
0.1968,0.196
0.2285,0.2234
0.223,0.2092
0.2025,0.203
0.1925,0.193
0.2563,0.26
0.2627,0.2688
0.2664,0.2705
0.2537,0.268
0.2588,0.284
0.2532,0.2795
0.2607,0.2573
0.2019,0.2012
0.2017,0.2029
0.186,0.1774
0.195,0.2063
0.1841,0.1937
0.2188,0.2091
0.2421,0.2454
0.2422,0.246
0.2428,0.2468
0.2457,0.2507
0.2357,0.2346
0.2367,0.2406
0.1992,0.1964
0.2203,0.2047
0.1805,0.175
0.2032,0.1903
0.1593,0.1714
0.1902,0.176
0.1996,0.2025
0.2832,0.2756
0.279,0.2793
0.2139,0.1971
0.1965,0.2084
0.1793,0.1931
0.1738,0.1826
0.2308,0.2125
0.2388,0.2281
0.2261,0.2238
0.2433,0.2383
0.2234,0.2272
0.2375,0.2388
0.269,0.2732
0.2654,0.2717
0.2646,0.2668
0.2455,0.2408
0.2451,0.2507
0.279,0.284
0.2505,0.2482
0.2546,0.264
0.1831,0.1836
0.192,0.1934
0.1989,0.1992
0.2084,0.2112
0.2203,0.2401
0.2502,0.262
0.2737,0.2725
0.2715,0.2727
0.2544,0.2568
0.2583,0.2542
0.2588,0.266
0.2573,0.26
0.286,0.2778
0.2695,0.272
0.2778,0.2727
0.2438,0.2595
0.2449,0.255
0.2573,0.2402
0.2617,0.2507
0.2766,0.2922
0.269,0.2974
0.272,0.288
0.2603,0.2776
0.265,0.2756
0.2695,0.2793
0.2725,0.286
0.2744,0.2898
0.2861,0.3027
0.2883,0.3005
0.3018,0.3088
0.2284,0.2303
0.25,0.2537
0.254,0.2646
0.2429,0.2374
0.2544,0.2546
0.2391,0.2454
0.1593,0.1627
0.2686,0.2705
0.1887,0.1936
0.3044,0.309
0.304,0.2996
0.2195,0.2421
0.2147,0.2379
0.305,0.304
0.2976,0.3052
0.2446,0.2322
0.2185,0.2096
0.2253,0.2289
0.2231,0.2272
0.2241,0.2227
0.232,0.2281
0.2832,0.2732
0.2399,0.2408
0.2356,0.228
0.2546,0.259
0.2448,0.2432
0.2273,0.2269
0.2686,0.2595
0.2355,0.2362
0.2031,0.2305
0.1924,0.2068
0.2023,0.2139
0.2808,0.2825
0.3108,0.3022
0.289,0.289
0.2532,0.25
0.2484,0.2382
0.2595,0.251
0.2576,0.2651
0.2676,0.2751
0.3,0.3062
0.1921,0.2108
0.1559,0.2102
0.2607,0.2627
0.2466,0.2563
0.2505,0.2512
0.2861,0.2856
0.2465,0.2568
0.2551,0.2637
0.2507,0.2462
0.2302,0.232
0.2766,0.2773
0.2499,0.266
0.26,0.2603
0.2583,0.2615
0.3093,0.3032
0.2443,0.2404
0.2268,0.2244
0.2354,0.221
0.2465,0.2478
0.244,0.2456
0.2512,0.2642
0.2439,0.2534
0.257,0.263
0.2496,0.2554
0.2532,0.2495
0.2491,0.2473
0.2856,0.2922
0.2888,0.3022
0.2783,0.2832
0.2688,0.2795
0.266,0.276
0.284,0.2766
0.2825,0.2764
0.2764,0.2673
0.278,0.2695
0.2148,0.2151
0.2354,0.226
0.3152,0.32
0.3186,0.3167
0.3098,0.3174
0.3086,0.3132
0.3135,0.3171
0.3093,0.3088
0.2603,0.264
0.2603,0.264
0.2578,0.259
0.2578,0.263
0.1936,0.203
0.2,0.2235
0.2207,0.2162
0.21,0.2137
0.2219,0.2068
0.217,0.2194
0.2131,0.2316
0.2101,0.2235
0.22,0.2269
0.2153,0.2333
0.2751,0.2832
0.257,0.273
0.2625,0.2769
0.2632,0.281
0.2754,0.2717
0.2632,0.2712
0.2905,0.287
0.2837,0.2852
0.34,0.3284
0.2627,0.25
0.2542,0.2615
0.2693,0.2583
0.2524,0.252
0.2698,0.2573
0.2615,0.2625
0.2534,0.2507
0.2612,0.2622
0.2705,0.2625
0.2634,0.2607
0.2766,0.3054
0.2537,0.2578
0.2051,0.2062
0.2137,0.2142
0.3044,0.3196
0.2722,0.2935
0.3,0.3135
0.3005,0.307
0.2944,0.303
0.2993,0.3003
0.3242,0.3296
0.3296,0.3296
0.2139,0.2167
0.1938,0.2012
0.2544,0.2524
0.2496,0.2524
0.2637,0.2634
0.2383,0.241
0.2551,0.2462
0.27,0.277
0.287,0.2852
0.2715,0.2756
0.2642,0.2722
0.2732,0.2766
0.285,0.289
0.2612,0.2664
0.271,0.2793
0.2042,0.2094
0.2335,0.223
0.2363,0.2281
0.263,0.264
0.2256,0.2225
0.2247,0.216
0.273,0.2742
0.2869,0.281
0.293,0.2883
0.3008,0.3071
0.2455,0.254
0.2532,0.2607
0.2708,0.2563
0.2651,0.256
0.2705,0.3022
0.2803,0.302
0.2742,0.2712
0.1864,0.21
0.1777,0.2156
0.1787,0.2142
0.2192,0.2299
0.2228,0.2305
0.2134,0.2437
0.219,0.2417
0.1985,0.2325
0.1992,0.2332
0.2301,0.254
0.2283,0.2476
0.1307,0.1344
0.1729,0.1833
0.1816,0.184
0.2004,0.1958
0.1969,0.1907
0.1963,0.2058
0.2098,0.2118
0.2073,0.2039
0.2074,0.2202
0.2473,0.2205
0.2101,0.2069
0.2406,0.2349
0.2157,0.2188
0.2216,0.2317
0.2242,0.221
0.1987,0.2094
0.2095,0.206
0.2076,0.2274
0.214,0.2212
0.2925,0.279
0.2255,0.2422
0.2903,0.3105
0.294,0.3162
0.2452,0.2666
0.2478,0.2603
0.223,0.2286
0.2294,0.2285
0.2313,0.231
0.2715,0.271
0.2798,0.2847
0.2776,0.2805
0.269,0.2732
0.245,0.2615
0.2273,0.2612
0.35,0.3584
0.3508,0.3506
0.3438,0.3613
0.3447,0.354
0.2776,0.2715
0.2676,0.2683
0.2361,0.2524
0.2397,0.259
0.299,0.3
0.2998,0.2996
0.144,0.136
0.2734,0.2751
0.2834,0.2876
0.2878,0.2935
0.2715,0.279
0.281,0.292
0.2844,0.293
0.2598,0.257
0.243,0.247
0.2542,0.2512
0.2369,0.2468
0.267,0.269
0.28,0.2878
0.2603,0.2654
0.2732,0.269
0.2615,0.2651
0.275,0.2664
0.2874,0.288
0.2737,0.2673
0.2812,0.269
0.27,0.2627
0.2761,0.298
0.297,0.3157
0.2761,0.287
0.2815,0.291
0.269,0.2944
0.2793,0.2815
0.2654,0.2842
0.2903,0.2917
0.2722,0.2966
0.2983,0.3057
0.2837,0.3074
0.2676,0.2676
0.265,0.2717
0.287,0.288
0.2837,0.2905
0.2913,0.2822
0.2727,0.282
0.2793,0.2678
0.2698,0.2688
0.2656,0.2612
0.2632,0.267
0.2515,0.2393
0.238,0.2163
0.282,0.278
0.2773,0.2673
0.2773,0.2703
0.284,0.283
0.2864,0.264
0.2335,0.2386
0.263,0.262
0.2449,0.2473
0.2251,0.2389
0.2817,0.2874
0.2089,0.2083
0.1902,0.1869
0.212,0.2097
0.1917,0.2108
0.1808,0.1788
0.1483,0.1674
0.1953,0.208
0.1813,0.1947
0.1887,0.2024
0.2454,0.2588
0.251,0.2637
0.1793,0.207
0.1892,0.2048
0.2363,0.2389
0.165,0.161
0.2534,0.2505
0.214,0.2346
0.278,0.2708
0.2915,0.2808
0.3083,0.3096
0.2573,0.2484
0.1898,0.1615
0.2137,0.1815
0.2524,0.2507
0.2499,0.2627
0.1648,0.1603
0.1675,0.1768
0.2004,0.1941
0.206,0.2118
0.2152,0.2135
0.2367,0.2173
0.173,0.1603
0.1884,0.1844
0.2277,0.2207
0.1865,0.185
0.2255,0.2281
0.2678,0.2534
0.286,0.2795
0.2764,0.2744
0.297,0.3113
0.2893,0.2844
0.2715,0.27
0.2856,0.2883
0.2744,0.2693
0.2798,0.2703
0.269,0.2612
0.2703,0.2717
0.1547,0.1589
0.1313,0.1448
0.2457,0.2603
0.2822,0.3
0.301,0.3096
0.1544,0.1747
0.1521,0.1567
0.1713,0.1875
0.2935,0.2922
0.284,0.2944
0.263,0.2683
0.2451,0.2612
0.2878,0.2876
0.2803,0.2793
0.2375,0.2455
0.1979,0.2039
0.1797,0.2032
0.1895,0.2095
0.2542,0.255
0.266,0.2847
0.2778,0.2932
0.2603,0.2654
0.2186,0.2161
0.2358,0.2229
0.2522,0.26
0.2568,0.2448
0.2834,0.2761
0.2725,0.2546
0.2218,0.2346
0.2247,0.2229
0.2632,0.2676
0.2302,0.2222
0.2676,0.262
0.3032,0.2742
0.2563,0.2844
0.2769,0.2815
0.2986,0.2786
0.2776,0.2817
0.2979,0.2783
0.2449,0.255
0.2386,0.2532
0.292,0.285
0.2693,0.2927
0.2998,0.3083
0.2089,0.2177
0.2583,0.264
0.281,0.2712
0.2224,0.2288
0.2212,0.2104
0.2505,0.2617
0.3232,0.3274
0.309,0.323
0.1957,0.2101
0.219,0.2057
0.2065,0.2069
0.2147,0.2101
0.1815,0.1913
0.2091,0.2009
0.1908,0.1964
0.1968,0.1973
0.199,0.1958
0.1917,0.1832
0.251,0.2698
0.2898,0.28
0.2568,0.272
0.2554,0.2617
0.2395,0.2477
0.2517,0.2308
0.2505,0.2347
0.251,0.2356
0.2476,0.225
0.2678,0.2744
0.276,0.276
0.2993,0.3052
0.2805,0.2788
0.2135,0.243
0.2744,0.2764
0.2698,0.269
0.274,0.283
0.2988,0.296
0.299,0.3008
0.302,0.3037
0.3289,0.326
0.3245,0.3242
0.296,0.2798
0.2683,0.264
0.2703,0.2595
0.3054,0.3052
0.2935,0.3008
0.2239,0.2299
0.248,0.2402
0.2617,0.254
0.2311,0.2231
0.234,0.2317
0.2068,0.2238
0.2146,0.2281
0.1852,0.1953
0.1875,0.2123
0.2712,0.2798
0.253,0.285
0.2695,0.2646
0.2573,0.271
0.227,0.2335
0.1603,0.161
0.1658,0.1647
0.162,0.1521
0.1705,0.1648
0.1908,0.1952
0.2888,0.286
0.2185,0.2119
0.2255,0.2297
0.2045,0.2047
0.1804,0.1816
0.265,0.2646
0.2305,0.2399
0.2076,0.1958
0.2131,0.202
0.2786,0.2852
0.2773,0.288
0.1832,0.1959
0.2341,0.2362
0.1831,0.1842
0.1868,0.19
0.2964,0.298
0.2983,0.3025
0.1859,0.196
0.1704,0.1781
0.1644,0.1592
0.2588,0.2788
0.2598,0.2847
0.2268,0.2186
0.2666,0.2432
0.2363,0.2241
0.2542,0.3037
0.2744,0.3057
0.25,0.2273
0.2172,0.2308
0.2167,0.2096
0.266,0.2703
0.2734,0.2698
0.2499,0.273
0.26,0.2769
0.2754,0.2883
0.2585,0.2693
0.2351,0.2416
0.2317,0.227
0.2181,0.2037
0.2384,0.2515
0.2375,0.2307
0.2306,0.2389
0.2593,0.2607
0.2468,0.2494
0.2462,0.2455
0.2617,0.2512
0.2416,0.2411
0.2349,0.2467
0.2472,0.2505
0.2401,0.249
0.227,0.2325
0.2269,0.2325
0.2384,0.2322
0.2233,0.2278
0.2764,0.2827
0.2627,0.2615
0.2498,0.247
0.2627,0.2625
0.2646,0.2603
0.2878,0.2854
0.2827,0.2825
0.2532,0.248
0.2489,0.2479
0.2477,0.2524
0.2532,0.2559
0.2563,0.2576
0.2407,0.2515
0.2698,0.275
0.2585,0.2751
0.2443,0.2476
0.2366,0.2373
0.2551,0.2576
0.2496,0.2515
0.287,0.2812
0.2832,0.2793
0.2625,0.256
0.2644,0.2578
0.2402,0.2563
0.24,0.247
0.2307,0.2291
0.2363,0.2142
0.2306,0.2172
0.28,0.289
0.2942,0.2937
0.2979,0.3071
0.3127,0.314
0.3118,0.3115
0.306,0.314
0.1753,0.1755
0.2462,0.2664
0.257,0.2698
0.258,0.271
0.2595,0.2688
0.2632,0.2861
0.2546,0.2607
0.2666,0.2646
0.267,0.2622
0.2686,0.2742
0.2593,0.2527
0.2844,0.2874
0.2625,0.2646
0.2766,0.2886
0.2563,0.2742
0.259,0.2747
0.261,0.2668
0.2673,0.2854
0.261,0.271
0.273,0.2803
0.2725,0.272
0.278,0.2876
0.2717,0.2756
0.2878,0.2898
0.2617,0.2637
0.281,0.2942
0.2576,0.276
0.2394,0.24
0.227,0.2285
0.2334,0.2336
0.2236,0.2281
0.249,0.2472
0.2349,0.2379
0.2493,0.2463
0.2329,0.232
0.2534,0.2522
0.2927,0.29
0.22,0.2045
0.283,0.2766
0.2932,0.3147
0.284,0.3057
0.2595,0.2976
0.2605,0.2832
0.2268,0.2324
0.2102,0.2316
0.2262,0.2416
0.2219,0.241
0.2786,0.286
0.2656,0.2737
0.2313,0.2444
0.2212,0.234
0.272,0.3037
0.2969,0.3022
0.3086,0.3196
0.2089,0.2083
0.232,0.2443
0.2135,0.23
0.2395,0.2396
0.2341,0.2322
0.2238,0.2272
0.1926,0.1963
0.2063,0.1967
0.192,0.205
0.2024,0.2064
0.1804,0.1857
0.1973,0.188
0.2305,0.2415
0.2362,0.2377
0.2178,0.2189
0.2377,0.2319
0.2045,0.2048
0.2025,0.2008
0.1865,0.1952
0.1866,0.1936
0.2367,0.2335
0.236,0.2279
0.2147,0.2163
0.2091,0.2052
0.2098,0.2217
0.1981,0.212
0.2216,0.2247
0.2089,0.2244
0.2084,0.2125
0.2585,0.275
0.267,0.2793
0.2233,0.2269
0.2069,0.2402
0.259,0.2673
0.2379,0.2333
0.2339,0.2335
0.1871,0.1927
0.2883,0.2925
0.2443,0.2386
0.2173,0.2163
0.2085,0.2057
0.302,0.306
0.288,0.2576
0.2917,0.3057
0.277,0.2512
0.29,0.288
0.2903,0.2598
0.172,0.1681
0.218,0.2556
0.2089,0.2242
0.177,0.191
0.18,0.1809
0.2161,0.2434
0.2695,0.2693
0.2893,0.297
0.2852,0.2937
0.3118,0.3142
0.2922,0.304
0.3274,0.322
0.3098,0.3093
0.3372,0.3323
0.321,0.3208
0.265,0.2695
0.282,0.2751
0.1774,0.1592
0.2554,0.261
0.2844,0.294
0.244,0.2314
0.2576,0.2412
0.257,0.2444
0.305,0.3108
0.2368,0.2307
0.2305,0.2275
0.2234,0.215
0.2263,0.2227
0.2524,0.2534
0.2496,0.2467
0.2234,0.2273
0.2091,0.2075
0.2164,0.2169
0.2053,0.1971
0.2137,0.1979
0.2284,0.2264
0.2,0.2136
0.1909,0.2131
0.2157,0.2275
0.2195,0.2408
0.236,0.2488
0.2123,0.223
0.2148,0.2098
0.2284,0.2264
0.2026,0.215
0.2084,0.2344
0.222,0.2429
0.2,0.2155
0.2004,0.2018
0.2152,0.2164
0.2323,0.2272
0.2341,0.241
0.2502,0.2502
0.2277,0.2262
0.2313,0.2091
0.2333,0.2188
0.3025,0.2942
0.3103,0.3086
0.3088,0.3076
0.278,0.2764
0.294,0.2915
0.2932,0.296
0.2133,0.221
0.2158,0.235
0.224,0.2458
0.2756,0.2744
0.2847,0.2932
0.2302,0.2223
0.2351,0.2372
0.2484,0.2477
0.2142,0.2184
0.2441,0.2269
0.2922,0.2886
0.2866,0.2852
0.205,0.2036
0.2015,0.2129
0.2336,0.2343
0.1898,0.2043
0.243,0.238
0.2747,0.2703
0.269,0.2695
0.277,0.2722
0.2727,0.28
0.2817,0.284
0.2074,0.2416
0.2427,0.2391
0.2725,0.281
0.26,0.266
0.2542,0.2715
0.2542,0.2605
0.2189,0.2418
0.271,0.2693
0.2566,0.2378
0.3015,0.3137
0.321,0.3186
0.28,0.2827
0.2842,0.2852
0.2705,0.2715
0.2686,0.2773
0.27,0.2788
0.266,0.2861
0.2642,0.2773
0.2322,0.2415
0.2435,0.2449
0.242,0.2439
0.2139,0.2404
0.2274,0.242
0.2256,0.2346
0.2778,0.2751
0.3235,0.3206
0.2375,0.2612
0.2808,0.2908
0.2074,0.2104
0.2998,0.2903
0.2834,0.2927
0.2844,0.2886
0.2917,0.2964
0.29,0.2913
0.2893,0.2927
0.2888,0.29
0.2476,0.2683
0.2445,0.2769
0.2153,0.2333
0.2969,0.2974
0.3062,0.309
0.196,0.2067
0.2041,0.2032
0.2915,0.2761
0.2805,0.2766
0.2922,0.2817
0.2754,0.2769
0.2617,0.2573
0.245,0.2485
0.1954,0.186
0.2847,0.273
0.19,0.1829
0.2008,0.1855
0.2656,0.2534
0.1925,0.1926
0.2488,0.2678
0.2603,0.2656
0.3042,0.3142
0.2246,0.2179
0.241,0.2177
0.285,0.2678
0.2245,0.2273
0.2595,0.2527
0.2532,0.2551
0.2119,0.2224
0.2563,0.2471
0.2225,0.2343
0.2795,0.2847
0.2847,0.2837
0.2333,0.2035
0.2346,0.2269
0.2035,0.2012
0.2294,0.2133
0.2285,0.2224
0.2385,0.2288
0.2556,0.2487
0.2437,0.2421
0.2593,0.2445
0.2095,0.2169
0.215,0.2352
0.2346,0.2349
0.2365,0.2468
0.2544,0.2542
0.2576,0.2654
0.2432,0.2576
0.2312,0.2522
0.2507,0.2678
0.2834,0.289
0.2712,0.2795
0.2441,0.2593
0.2452,0.2666
0.1852,0.2002
0.1914,0.2034
0.1918,0.1874
0.2194,0.2283
0.2695,0.2834
0.258,0.2998
0.1862,0.1948
0.1946,0.1964
0.2135,0.2164
0.1991,0.2145
0.21,0.2068
0.2283,0.2354
0.2457,0.2405
0.1727,0.1808
0.1675,0.1758
0.1973,0.1829
0.1901,0.176
0.2487,0.2607
0.2793,0.2844
0.2986,0.3022
0.257,0.2986
0.272,0.2583
0.2505,0.2534
0.2727,0.264
0.2664,0.2532
0.2515,0.2773
0.255,0.2408
0.288,0.289
0.1952,0.1986
0.2893,0.313
0.2461,0.2578
0.2307,0.2192
0.2399,0.2499
0.2288,0.2386
0.2346,0.2433
0.2463,0.241
0.2334,0.2505
0.2323,0.2277
0.2231,0.2335
0.3154,0.312
0.305,0.3015
0.2976,0.307
0.2869,0.3005
0.264,0.2537
0.2362,0.2537
0.2394,0.2399
0.2249,0.2329
0.2426,0.2498
0.2515,0.2644
0.2411,0.2439
0.335,0.3257
0.3142,0.315
0.3123,0.3096
0.298,0.2996
0.3164,0.3108
0.2996,0.302
0.2361,0.2441
0.1996,0.2166
0.2241,0.2245
0.2737,0.2656
0.2457,0.26
0.2418,0.2379
0.229,0.2332
0.2622,0.251
0.236,0.2407
0.2505,0.26
0.256,0.263
0.2302,0.234
0.2416,0.2417
0.237,0.2372
0.2461,0.2413
0.317,0.3132
0.2986,0.2979
0.3176,0.3184
0.3047,0.3076
0.2441,0.2546
0.2622,0.2673
0.2932,0.2915
0.238,0.2416
0.25,0.2463
0.2375,0.2345
0.2489,0.2394
0.2922,0.3057
0.273,0.2888
0.3044,0.3132
0.3003,0.3108
0.296,0.2979
0.2886,0.2935
0.3137,0.3164
0.3113,0.32
0.3037,0.2969
0.295,0.302
0.2224,0.2279
0.2078,0.2173
0.2498,0.2499
0.2637,0.259
0.2314,0.2329
0.2408,0.2396
0.2734,0.2742
0.276,0.2808
0.2668,0.28
0.2576,0.259
0.2788,0.301
0.2773,0.274
0.2546,0.2452
0.2668,0.2622
0.257,0.253
0.2542,0.2458
0.2292,0.2292
0.2172,0.22
0.221,0.2288
0.1866,0.1956
0.2311,0.2354
0.2922,0.2927
0.2769,0.2834
0.2656,0.2498
0.2573,0.2659
0.2432,0.2559
0.272,0.2778
0.2405,0.229
0.2668,0.2637
0.2625,0.252
0.2471,0.2357
0.263,0.2605
0.2595,0.2554
0.308,0.3152
0.3206,0.31
0.2634,0.2832
0.2825,0.283
0.1967,0.1958
0.238,0.2267
0.2366,0.2174
0.2169,0.2123
0.2369,0.2322
0.2487,0.2393
0.2607,0.2468
0.2117,0.206
0.2135,0.2014
0.2512,0.25
0.2275,0.2443
0.1813,0.1971
0.2471,0.2563
0.269,0.2659
0.242,0.2404
0.1913,0.1674
0.1786,0.1772
0.1943,0.185
0.1802,0.1776
0.2705,0.2666
0.2532,0.2852
0.2285,0.2664
0.2156,0.2274
0.2137,0.2369
0.1938,0.216
0.2274,0.2355
0.2158,0.2252
0.2715,0.2703
0.2418,0.2426
0.1975,0.1748
0.1902,0.1776
0.1959,0.1906
0.2021,0.2213
0.1896,0.1956
0.1879,0.1986
0.1833,0.1964
0.2402,0.24
0.2441,0.2803
0.2462,0.2783
0.2625,0.2754
0.2424,0.2563
0.2314,0.2427
0.2275,0.2432
0.2251,0.2373
0.266,0.2869
0.2705,0.2625
0.2708,0.2617
0.1882,0.2026
0.2107,0.2213
0.1781,0.1824
0.2034,0.2122
0.1666,0.1753
0.1956,0.2009
0.2476,0.2472
0.2408,0.2493
0.2361,0.236
0.2217,0.2263
0.2832,0.2812
0.247,0.2421
0.2429,0.2397
0.3022,0.298
0.3083,0.3083
0.2961,0.3008
0.29,0.2844
0.2732,0.285
0.2052,0.2136
0.1968,0.1934
0.1826,0.2015
0.1669,0.1746
0.3276,0.3213
0.306,0.3118
0.301,0.318
0.303,0.3086
0.3179,0.2944
0.2607,0.274
0.2666,0.2744
0.2727,0.2708
0.2744,0.293
0.2844,0.289
0.2866,0.2788
0.2744,0.2698
0.2732,0.2769
0.2263,0.2278
0.2252,0.2316
0.2367,0.2312
0.2267,0.214
0.2471,0.2411
0.2433,0.2341
0.2408,0.2546
0.2372,0.2489
0.2418,0.2458
0.2333,0.2472
0.2333,0.2402
0.2225,0.2361
0.2191,0.2217
0.2076,0.2212
0.2727,0.267
0.2837,0.2705
0.2808,0.2822
0.2993,0.2915
0.2876,0.2898
0.2747,0.2754
0.2795,0.2698
0.3303,0.3176
0.3396,0.3015
0.3318,0.315
0.3374,0.3281
0.3357,0.335
0.3306,0.3254
0.3186,0.3115
0.2866,0.2764
0.2786,0.2693
0.2927,0.2705
0.2742,0.2534
0.2944,0.2812
0.284,0.279
0.2922,0.2935
0.2734,0.285
0.292,0.2922
0.2798,0.2764
0.29,0.2905
0.27,0.2737
0.2817,0.2705
0.2668,0.2578
0.272,0.265
0.2632,0.2556
0.2515,0.2445
0.2983,0.2944
0.2983,0.2944
0.2817,0.2786
0.2588,0.2646
0.2499,0.2512
0.2732,0.2664
0.2834,0.26
0.2732,0.2664
0.2341,0.2262
0.2834,0.26
0.2302,0.2124
0.2764,0.2715
0.2693,0.267
0.2556,0.2542
0.2646,0.2422
0.2612,0.2744
0.2126,0.2307
0.274,0.2712
0.2505,0.2556
0.258,0.2573
0.2141,0.2263
0.2175,0.2205
0.2866,0.2988
0.2852,0.2922
0.2854,0.2788
0.2852,0.2827
0.2988,0.2917
0.2815,0.287
0.2355,0.2292
0.2068,0.1952
0.3064,0.3103
0.236,0.2305
0.2181,0.2316
0.2048,0.2108
0.2047,0.214
0.1969,0.2102
0.2334,0.2379
0.251,0.2512
0.251,0.256
0.2045,0.2072
0.2122,0.2224
0.2744,0.2803
0.1747,0.1882
0.1677,0.1782
0.2546,0.255
0.2664,0.2761
0.2462,0.2292
0.2405,0.238
0.319,0.3196
0.318,0.3215
0.3228,0.3313
0.3274,0.3386
0.2145,0.2078
0.1862,0.1802
0.2067,0.1865
0.2019,0.1868
0.2089,0.2024
0.276,0.2698
0.2168,0.2166
0.2554,0.2686
0.2498,0.2637
0.1444,0.146
0.1443,0.1489
0.1554,0.154
0.2427,0.2449
0.2384,0.2468
0.2382,0.2329
0.1394,0.1356
0.1598,0.1564
0.2257,0.2299
0.2166,0.2219
0.247,0.2605
0.21,0.2145
0.1923,0.2054
0.2291,0.2207
0.2162,0.2095
0.2477,0.2423
0.2717,0.2693
0.3115,0.3123
0.3125,0.3079
0.265,0.2607
0.2583,0.2546
0.2532,0.249
0.2283,0.2263
0.2378,0.2377
0.3198,0.3137
0.3142,0.322
0.2654,0.2769
0.264,0.2634
0.2725,0.2532
0.2913,0.2947
0.2666,0.28
0.2822,0.2812
0.2615,0.259
0.288,0.2817
0.264,0.259
0.3406,0.3306
0.3176,0.3047
0.2935,0.3047
0.3342,0.3264
0.319,0.3286
0.1783,0.1858
0.2311,0.2512
0.2181,0.2305
0.218,0.2339
0.2115,0.2163
0.2238,0.2225
0.2267,0.2068
0.2727,0.28
0.2954,0.2822
0.2922,0.3042
0.2783,0.2932
0.3054,0.3042
0.2292,0.2388
0.2617,0.254
0.2612,0.274
0.2289,0.2421
0.2251,0.2373
0.2212,0.2299
0.238,0.2411
0.2014,0.2086
0.2413,0.2783
0.2512,0.2612
0.2522,0.2622
0.2568,0.2761
0.2429,0.2167
0.228,0.2142
0.1998,0.2086
0.2058,0.2155
0.2145,0.2172
0.2438,0.2285
0.2612,0.2566
0.2087,0.2247
0.272,0.2798
0.2112,0.2196
0.2769,0.26
0.2134,0.2003
0.2477,0.265
0.2319,0.256
0.245,0.2573
0.2402,0.2345
0.2264,0.2285
0.2615,0.2546
0.319,0.3083
0.295,0.2922
0.3027,0.2988
0.3076,0.306
0.2903,0.292
0.2832,0.2827
0.2769,0.28
0.2156,0.2303
0.2274,0.2349
0.217,0.2314
0.2305,0.2476
0.2212,0.2703
0.241,0.2438
0.2372,0.2405
0.1757,0.1724
0.1622,0.1752
0.1671,0.158
0.2551,0.2805
0.2756,0.2734
0.2605,0.279
0.2693,0.2866
0.2778,0.2698
0.2666,0.2854
0.2783,0.2815
0.2866,0.275
0.2764,0.282
0.264,0.2744
0.2498,0.2563
0.2585,0.2717
0.1852,0.1819
0.1748,0.1826
0.2291,0.2502
0.2559,0.256
0.2477,0.227
0.2489,0.2262
0.235,0.2384
0.2537,0.2446
0.2668,0.2715
0.2267,0.2524
0.238,0.2356
0.2642,0.2717
0.2062,0.2236
0.2133,0.2156
0.2625,0.2732
0.2133,0.217
0.2198,0.211
0.252,0.2668
0.2427,0.2402
0.2524,0.2451
0.2343,0.2551
0.2296,0.2286
0.2289,0.2179
0.268,0.27
0.2161,0.2242
0.2299,0.2347
0.265,0.267
0.2032,0.1989
0.229,0.219
0.2413,0.2493
0.2052,0.2141
0.2139,0.2145
0.2125,0.2067
0.2186,0.2214
0.2588,0.2489
0.263,0.2654
0.2448,0.2554
0.2235,0.2372
0.2201,0.2334
0.2421,0.2372
0.2405,0.2369
0.2277,0.2439
0.2307,0.2461
0.2256,0.2377
0.2208,0.2368
0.2118,0.2123
0.223,0.2196
0.2073,0.2119
0.2173,0.2251
0.2155,0.2356
0.2234,0.2372
0.204,0.2084
0.2158,0.2214
0.2246,0.2222
0.2355,0.2296
0.231,0.2358
0.2281,0.2308
0.2295,0.2274
0.228,0.24
0.2334,0.2335
0.2415,0.2384
0.2355,0.244
0.2278,0.2296
0.2296,0.2373
0.2267,0.2368
0.1791,0.1897
0.1993,0.2041
0.1803,0.1869
0.197,0.2009
0.1849,0.204
0.1832,0.2145
0.2034,0.2035
0.1948,0.1996
0.1986,0.2067
0.2004,0.2174
0.1918,0.217
0.1971,0.2258
0.2585,0.271
0.2551,0.2698
0.2452,0.2585
0.1934,0.2108
0.3113,0.3242
0.278,0.3008
0.2754,0.2903
0.281,0.2886
0.2793,0.2727
0.2693,0.2654
0.2391,0.2463
0.2737,0.2527
0.2238,0.2329
0.2625,0.2407
0.243,0.2363
0.2563,0.255
0.257,0.2607
0.193,0.1865
0.2136,0.2064
0.2537,0.2637
0.2534,0.2568
0.2593,0.267
0.2622,0.263
0.2452,0.2452
0.2452,0.2463
0.2478,0.247
0.2542,0.2499
0.2566,0.2573
0.2598,0.2693
0.2515,0.2568
0.2563,0.258
0.2585,0.2698
0.2524,0.2576
0.2166,0.2301
0.2256,0.2236
0.2477,0.2559
0.2664,0.2666
0.273,0.2812
0.2654,0.265
0.2563,0.263
0.2686,0.2754
0.2612,0.2634
0.3154,0.313
0.3035,0.3018
0.2426,0.2341
0.2358,0.2401
0.2449,0.2354
0.2402,0.2324
0.2351,0.2407
0.2405,0.2327
0.239,0.2362
0.232,0.2389
0.213,0.2323
0.2261,0.2373
0.2255,0.2375
0.3066,0.2998
0.292,0.291
0.2776,0.2837
0.2369,0.2634
0.257,0.2612
0.2947,0.2908
0.273,0.2732
0.2612,0.2598
0.2703,0.2588
0.2627,0.2494
0.2402,0.2441
0.2356,0.2427
0.2446,0.2369
0.2336,0.2405
0.2396,0.2517
0.2617,0.2656
0.262,0.262
0.2764,0.277
0.2715,0.2769
0.267,0.2673
0.2588,0.2664
0.2576,0.2573
0.2588,0.2542
0.258,0.2554
0.2142,0.213
0.2119,0.208
0.2172,0.2177
0.2688,0.2805
0.2463,0.251
0.2408,0.254
0.2406,0.2479
0.2405,0.2461
0.2411,0.2457
0.2456,0.2502
0.2274,0.2448
0.224,0.2415
0.2141,0.2262
0.2605,0.2455
0.2698,0.2583
0.257,0.266
0.2429,0.2646
0.2439,0.2373
0.2012,0.1991
0.2239,0.2279
0.2223,0.2001
0.2272,0.2201
0.1849,0.1666
0.1971,0.1902
0.2563,0.2446
0.2727,0.2644
0.2266,0.2074
0.2416,0.2424
0.2272,0.2031
0.2517,0.2383
0.2573,0.2566
0.255,0.2756
0.2524,0.242
0.2185,0.2272
0.2251,0.2288
0.2266,0.2346
0.2198,0.2483
0.2522,0.2634
0.2461,0.2651
0.261,0.2686
0.2522,0.275
0.28,0.2932
0.259,0.265
0.2405,0.2437
0.2178,0.2249
0.2537,0.2754
0.2559,0.2632
0.2305,0.2471
0.2167,0.2268
0.2133,0.2222
0.2913,0.2993
0.292,0.3025
0.3025,0.2969
0.2932,0.2952
0.1757,0.199
0.2007,0.2166
0.2612,0.2576
0.2164,0.2269
0.2191,0.254
0.2722,0.303
0.2297,0.2417
0.1854,0.2026
0.1882,0.1942
0.1952,0.1896
0.2021,0.212
0.1644,0.1721
0.1702,0.1664
0.1841,0.1903
0.2612,0.2861
0.266,0.275
0.2627,0.2798
0.2676,0.2917
0.274,0.282
0.3225,0.3079
0.321,0.3242
0.3147,0.3135
0.326,0.3289
0.2903,0.3042
0.313,0.3118
0.3054,0.3093
0.3108,0.3108
0.3257,0.3274
0.2852,0.2932
0.286,0.2932
0.2417,0.2554
0.2391,0.2377
0.2507,0.2566
0.2379,0.2292
0.2216,0.21
0.2379,0.2273
0.2446,0.2258
0.2424,0.2234
0.2178,0.2092
0.1855,0.1941
0.2776,0.2932
0.2479,0.2546
0.2546,0.2446
0.2498,0.2344
0.2389,0.2559
0.2515,0.252
0.2449,0.2408
0.2303,0.2512
0.2438,0.2435
0.2408,0.2316
0.2595,0.263
0.2942,0.2927
0.2988,0.284
0.2451,0.2876
0.2546,0.232
0.2502,0.2479
0.2607,0.2491
0.2622,0.2678
0.2651,0.2489
0.2622,0.2656
0.2595,0.2517
0.2612,0.2737
0.2393,0.2242
0.245,0.2368
0.2651,0.243
0.2456,0.2391
0.2634,0.2399
0.2578,0.2534
0.2244,0.2133
0.2264,0.214
0.2546,0.2617
0.2406,0.2493
0.2598,0.2842
0.2817,0.2827
0.2795,0.2805
0.2847,0.2803
0.2688,0.27
0.2627,0.2615
0.2302,0.253
0.2576,0.2551
0.2742,0.2693
0.2673,0.2725
0.2852,0.2837
0.2803,0.2866
0.2854,0.2832
0.279,0.287
0.3079,0.3071
0.3247,0.3286
0.3235,0.3271
0.2847,0.281
0.2769,0.2786
0.2927,0.2983
0.2786,0.2776
0.2566,0.2732
0.2472,0.2496
0.2788,0.2659
0.2686,0.2815
0.2866,0.2869
0.256,0.2615
0.2751,0.2695
0.2035,0.2158
0.2034,0.2097
0.1912,0.19
0.2305,0.2422
0.2937,0.3132
0.2642,0.2615
0.2062,0.2074
0.3306,0.3452
0.2812,0.31
0.2998,0.3167
0.243,0.2491
0.269,0.2625
0.2109,0.2035
0.2054,0.215
0.2396,0.259
0.2546,0.2656
0.225,0.2406
0.2163,0.242
0.2646,0.2764
0.2737,0.2869
0.2434,0.2477
0.2291,0.2349
0.266,0.2761
0.2496,0.2563
0.2612,0.2593
0.2423,0.2449
0.2026,0.209
0.2532,0.2438
0.2524,0.2507
0.2462,0.2457
0.2632,0.251
0.2576,0.2578
0.273,0.2805
0.2686,0.2732
0.3196,0.315
0.2363,0.2441
0.2422,0.2517
0.257,0.271
0.1941,0.2117
0.2443,0.2456
0.1932,0.1982
0.2644,0.2644
0.2415,0.2498
0.2208,0.2219
0.265,0.2666
0.208,0.1995
0.2605,0.2505
0.2081,0.2153
0.2191,0.2334
0.1945,0.1943
0.2438,0.2333
0.2003,0.2307
0.2368,0.2573
0.2128,0.2279
0.283,0.2815
0.1968,0.2019
0.1776,0.1984
0.2494,0.261
0.249,0.2551
0.2559,0.2439
0.333,0.3303
0.3228,0.3232
0.323,0.3237
0.318,0.3213
0.3052,0.2852
0.292,0.2786
0.2834,0.2808
0.304,0.3062
0.3013,0.3052
0.2986,0.3042
0.3086,0.3103
0.2976,0.292
0.3047,0.308
0.3005,0.2969
0.2451,0.2424
0.2563,0.2566
0.259,0.272
0.277,0.2852
0.2578,0.2603
0.2688,0.265
0.2554,0.2515
0.2422,0.2435
0.2491,0.2556
0.2542,0.2544
0.27,0.2512
0.26,0.2627
0.258,0.2852
0.2262,0.2397
0.2136,0.2162
0.2031,0.2104
0.1987,0.2028
0.1908,0.204
0.142,0.1475
0.2483,0.2642
0.2585,0.2537
0.2465,0.2318
0.2146,0.2241
0.2223,0.2343
0.3193,0.3335
0.29,0.3047
0.3054,0.3013
0.24,0.25
0.2522,0.263
0.2394,0.2477
0.2272,0.2383
0.2196,0.2196
0.1757,0.1997
0.1879,0.1888
0.2012,0.2395
0.2103,0.223
0.2542,0.2607
0.274,0.286
0.3083,0.3027
0.2627,0.271
0.2932,0.2795
0.1887,0.1978
0.1946,0.2019
0.2086,0.2345
0.2278,0.2239
0.2318,0.2247
0.317,0.307
0.321,0.3137
0.3098,0.3088
0.2394,0.2197
0.263,0.2617
0.267,0.263
0.263,0.2742
0.2812,0.2803
0.2454,0.2568
0.2805,0.3076
0.2932,0.298
0.2996,0.2986
0.31,0.2993
0.272,0.2705
0.245,0.2474
0.2668,0.2842
0.254,0.2603
0.2507,0.2778
0.2385,0.2339
0.2537,0.2632
0.2505,0.253
0.2832,0.2734
0.2927,0.2869
0.2388,0.2448
0.2505,0.2595
0.2566,0.2563
0.1713,0.1835
0.2048,0.2019
0.2725,0.2695
0.2717,0.2754
0.2966,0.3066
0.3013,0.299
0.2964,0.3013
0.3005,0.2988
0.3008,0.309
0.303,0.3127
0.2964,0.3147
0.3083,0.3008
0.304,0.305
0.2703,0.2703
0.275,0.273
0.303,0.3032
0.2944,0.2893
0.2979,0.3025
0.29,0.2927
0.2727,0.2832
0.2678,0.2688
0.2683,0.2717
0.2642,0.275
0.261,0.258
0.258,0.2642
0.258,0.2498
0.2484,0.2448
0.2673,0.2476
0.2896,0.2854
0.2878,0.2827
0.2866,0.2837
0.2856,0.2866
0.284,0.285
0.2837,0.2856
0.2336,0.2325
0.2264,0.2408
0.2253,0.2465
0.2379,0.2476
0.1525,0.1545
0.1912,0.2114
0.2338,0.2617
0.2151,0.2393
0.21,0.2113
0.2328,0.2471
0.2129,0.2365
0.2913,0.289
0.2996,0.3042
0.277,0.2703
0.2712,0.29
0.259,0.2725
0.2798,0.2908
0.2705,0.2766
0.2727,0.2898
0.256,0.264
0.2534,0.259
0.2484,0.289
0.2546,0.2532
0.2542,0.256
0.2474,0.2556
0.251,0.256
0.2725,0.2966
0.2494,0.2722
0.2605,0.2693
0.2588,0.2656
0.254,0.2925
0.3086,0.304
0.3386,0.3381
0.32,0.3257
0.3464,0.34
0.3257,0.332
0.2238,0.2303
0.2605,0.2461
0.2761,0.2576
0.243,0.2456
0.2217,0.2336
0.3066,0.3022
0.294,0.2932
0.3076,0.3086
0.2979,0.2952
0.3052,0.3003
0.2903,0.2861
0.2246,0.2328
0.2394,0.217
0.2532,0.2487
0.2426,0.2449
0.218,0.2289
0.232,0.2339
0.2307,0.2308
0.2089,0.216
0.2155,0.2202
0.1993,0.1989
0.2146,0.2169
0.2593,0.2491
0.2275,0.2482
0.2798,0.2737
0.2472,0.2329
0.245,0.2468
0.284,0.2927
0.2778,0.3208
0.194,0.2021
0.1837,0.176
0.2045,0.226
0.2598,0.2732
0.2262,0.2211
0.2241,0.2249
0.2522,0.2505
0.2365,0.2637
0.2434,0.2125
0.2627,0.2512
0.26,0.2313
0.2423,0.211
0.267,0.2556
0.2556,0.2288
0.2583,0.2598
0.2686,0.277
0.2832,0.2795
0.2292,0.2264
0.219,0.1997
0.2734,0.2676
0.2009,0.2152
0.2269,0.2502
0.2343,0.2559
0.2468,0.2588
0.2373,0.2463
0.2502,0.2491
0.2544,0.2664
0.2642,0.272
0.2769,0.2737
0.2484,0.2634
0.2324,0.2183
0.2314,0.2292
0.2664,0.2556
0.2334,0.2266
0.275,0.2737
0.2249,0.238
0.2427,0.2477
0.2966,0.2751
0.2585,0.269
0.1996,0.1982
0.2373,0.2382
0.2222,0.2224
0.2217,0.2239
0.235,0.2324
0.2429,0.2607
0.2402,0.2634
0.2874,0.3005
0.2876,0.3083
0.294,0.3093
0.2607,0.265
0.252,0.2354
0.246,0.2573
0.2394,0.2404
0.2493,0.2532
0.2336,0.228
0.2734,0.307
0.2627,0.2996
0.253,0.2979
0.2252,0.2229
0.2117,0.22
0.21,0.234
0.2035,0.163
0.2573,0.2695
0.2544,0.2656
0.2588,0.2498
0.2627,0.2563
0.2825,0.2883
0.2081,0.2407
0.2145,0.2365
0.2488,0.2362
0.2556,0.25
0.2406,0.2515
0.2527,0.257
0.2168,0.1874
0.2224,0.2114
0.2021,0.1772
0.208,0.1958
0.2102,0.2014
0.244,0.227
0.2098,0.2045
0.164,0.1538
0.2219,0.2241
0.2142,0.2239
0.1971,0.2097
0.2032,0.2153
0.2505,0.2489
0.2622,0.259
0.1971,0.2097
0.1989,0.2123
0.2388,0.2297
0.2517,0.2463
0.2225,0.2233
0.228,0.228
0.2021,0.2094
0.206,0.217
0.2421,0.251
0.2903,0.2896
0.2307,0.2454
0.238,0.2357
0.2896,0.2808
0.2306,0.2329
0.2212,0.2181
0.2205,0.2101
0.256,0.2612
0.2595,0.274
0.2695,0.2817
0.2313,0.2479
0.2207,0.2388
0.2422,0.2517
0.2306,0.2458
0.1735,0.2034
0.1764,0.1847
0.2227,0.2328
0.2161,0.2275
0.2125,0.2157
0.208,0.2133
0.2004,0.2163
0.1908,0.1965
0.2715,0.2698
0.276,0.2717
0.274,0.2783
0.2808,0.2822
0.2268,0.2217
0.27,0.2625
0.258,0.2534
0.2742,0.2722
0.262,0.2625
0.2498,0.2457
0.2666,0.2583
0.267,0.262
0.2607,0.2583
0.2688,0.2656
0.2693,0.2683
0.261,0.2588
0.2622,0.268
0.2751,0.2747
0.2438,0.249
0.2448,0.2627
0.2524,0.267
0.2725,0.3154
0.2827,0.3005
0.288,0.3145
0.2886,0.2812
0.1891,0.1901
0.2167,0.2344
0.2563,0.277
0.2285,0.2233
0.258,0.2385
0.2646,0.278
0.26,0.2544
0.257,0.25
0.2208,0.224
0.2302,0.2278
0.228,0.2217
0.291,0.3086
0.3225,0.3118
0.2915,0.3064
0.31,0.3113
0.2788,0.285
0.2932,0.288
0.279,0.2788
0.287,0.2864
0.2595,0.2727
0.2778,0.2751
0.2622,0.2651
0.2683,0.2734
0.2515,0.25
0.296,0.294
0.2896,0.2927
0.299,0.2693
0.278,0.2693
0.2817,0.277
0.2686,0.2478
0.2588,0.2546
0.2747,0.2588
0.2632,0.2544
0.2668,0.2622
0.2646,0.266
0.3218,0.3157
0.3076,0.2966
0.3076,0.3162
0.3032,0.3086
0.307,0.3105
0.2964,0.303
0.306,0.319
0.2986,0.311
0.2903,0.3298
0.2947,0.3188
0.291,0.3257
0.3293,0.3284
0.3325,0.3274
0.3105,0.3093
0.324,0.3167
0.3076,0.314
0.3164,0.317
0.2878,0.3037
0.295,0.306
0.3193,0.3267
0.2986,0.31
0.3083,0.317
0.2974,0.325
0.286,0.302
0.297,0.3071
0.2793,0.3083
0.3135,0.324
0.313,0.319
0.3086,0.313
0.301,0.3098
0.3113,0.3152
0.312,0.316
0.3015,0.3152
0.3127,0.3223
0.2617,0.257
0.2808,0.277
0.2338,0.247
0.2756,0.286
0.3098,0.3079
0.3035,0.3088
0.3164,0.3215
0.306,0.3062
0.3022,0.3037
0.3047,0.303
0.3008,0.3003
0.275,0.274
0.2786,0.2878
0.29,0.2812
0.3098,0.2842
0.2856,0.2646
0.286,0.2673
0.2935,0.2627
0.2922,0.2913
0.2493,0.2439
0.2458,0.251
0.2263,0.2087
0.2218,0.2075
0.2228,0.2124
0.2073,0.2128
0.2542,0.254
0.2656,0.256
0.2345,0.247
0.2291,0.2374
0.2203,0.2212
0.2329,0.2313
0.228,0.2362
0.2191,0.2258
0.2295,0.234
0.2542,0.2551
0.2715,0.2695
0.2474,0.256
0.263,0.2698
0.1787,0.1821
0.1791,0.1954
0.1888,0.195
0.2029,0.2091
0.1942,0.1893
0.2031,0.2056
0.2544,0.2686
0.2742,0.2793
0.2041,0.2063
0.209,0.2188
0.244,0.2576
0.2336,0.2499
0.2332,0.27
0.2267,0.258
0.232,0.2249
0.2249,0.2406
0.2588,0.266
0.2708,0.2747
0.271,0.2744
0.2903,0.2964
0.285,0.2944
0.2874,0.2905
0.2812,0.2812
0.2854,0.2815
0.2964,0.2822
0.2925,0.2998
0.2976,0.2952
0.2035,0.1918
0.2092,0.2128
0.2074,0.2052
0.193,0.1696
0.1959,0.1766
0.3293,0.3215
0.348,0.3435
0.1967,0.2068
0.2876,0.2837
0.2251,0.2273
0.2036,0.2
0.185,0.1886
0.2388,0.2438
0.2101,0.2141
0.2144,0.2164
0.2085,0.2083
0.1665,0.1749
0.2546,0.2537
0.242,0.2354
0.2004,0.2123
0.261,0.2747
0.2937,0.2903
0.2983,0.289
0.2935,0.2988
0.211,0.2333
0.2079,0.2168
0.2452,0.2489
0.2332,0.2385
0.2257,0.2386
0.1974,0.2227
0.2307,0.2334
0.2233,0.2003
0.2742,0.2852
0.3005,0.3086
0.2698,0.2712
0.3105,0.3086
0.2903,0.289
0.3193,0.3184
0.282,0.2864
0.22,0.2117
0.2417,0.2483
0.2266,0.2338
0.2715,0.2676
0.2878,0.3027
0.3418,0.3398
0.32,0.3223
0.2798,0.2832
0.277,0.2937
0.263,0.2908
0.29,0.2832
0.2793,0.2754
0.284,0.271
0.2693,0.2588
0.2686,0.2688
0.2507,0.2422
0.2668,0.2686
0.2544,0.2524
0.276,0.2479
0.256,0.2485
0.2456,0.2345
0.2294,0.2307
0.2313,0.2378
0.2275,0.2297
0.2524,0.2517
0.2559,0.2522
0.2656,0.2668
0.2216,0.2299
0.2439,0.2388
0.2175,0.2272
0.2275,0.2345
0.2423,0.2316
0.2593,0.2559
0.2583,0.259
0.246,0.2563
0.2496,0.2502
0.237,0.2327
0.2297,0.234
0.2698,0.274
0.2627,0.271
0.2651,0.2666
0.2025,0.2017
0.2805,0.2815
0.2181,0.2316
0.2145,0.2274
0.282,0.2935
0.3252,0.319
0.2942,0.2937
0.2854,0.2979
0.2578,0.256
0.2693,0.254
0.2172,0.2615
0.2277,0.2534
0.2253,0.2573
0.2278,0.2761
0.2406,0.265
0.2357,0.2676
0.1868,0.1925
0.1859,0.1875
0.2656,0.261
0.236,0.2273
0.2288,0.245
0.2612,0.2756
0.2396,0.2455
0.2129,0.2136
0.2412,0.2395
0.2166,0.2169
0.2747,0.2812
0.2793,0.2751
0.272,0.265
0.2068,0.2256
0.2644,0.2686
0.1921,0.1836
0.263,0.2434
0.2744,0.293
0.2725,0.2659
0.263,0.2637
0.2328,0.2335
0.2986,0.2913
0.256,0.2324
0.2119,0.2186
0.2024,0.2074
0.2566,0.2656
0.2294,0.2505
0.2285,0.2382
0.2559,0.2522
0.2192,0.2339
0.222,0.2307
0.2277,0.2375
0.1904,0.2216
0.1859,0.2123
0.2146,0.185
0.2003,0.1799
0.2205,0.2205
0.2096,0.2134
0.2156,0.2024
0.2114,0.2019
0.1925,0.1947
0.18,0.1952
0.2546,0.263
0.2603,0.262
0.2379,0.2465
0.2358,0.2457
0.2341,0.2434
0.2379,0.2407
0.284,0.3008
0.2866,0.3015
0.2238,0.2208
0.22,0.2362
0.2445,0.2493
0.2812,0.2766
0.2869,0.2903
0.2742,0.2883
0.2585,0.2776
0.2435,0.2515
0.2473,0.2732
0.2468,0.2756
0.2228,0.2588
0.2593,0.286
0.2161,0.2252
0.1727,0.1954
0.3313,0.3237
0.3252,0.3247
0.2722,0.2472
0.263,0.2576
0.2974,0.278
0.2844,0.269
0.291,0.2883
0.2815,0.2727
0.224,0.2278
0.2208,0.2236
0.272,0.2747
0.2544,0.2803
0.2104,0.205
0.2727,0.2455
0.2124,0.2156
0.1876,0.2136
0.1924,0.2073
0.1909,0.2084
0.2086,0.2301
0.2109,0.2151
0.213,0.218
0.2214,0.2174
0.2485,0.2485
0.2573,0.2551
0.316,0.32
0.3103,0.3284
0.2363,0.2418
0.2708,0.287
0.279,0.2937
0.2205,0.2123
0.2408,0.2245
0.1963,0.1914
0.1985,0.1989
0.249,0.2598
0.276,0.288
0.2896,0.2947
0.3018,0.295
0.2056,0.1956
0.2026,0.1992
0.2075,0.1997
0.201,0.203
0.307,0.3042
0.285,0.2876
0.3213,0.3186
0.2944,0.3003
0.2114,0.216
0.2108,0.2205
0.22,0.221
0.228,0.2296
0.2383,0.2502
0.2377,0.251
0.24,0.2446
0.2424,0.248
0.1891,0.218
0.1914,0.209
0.2251,0.2449
0.2184,0.2344
0.2722,0.2847
0.2588,0.2703
0.2988,0.3083
0.2766,0.2935
0.2266,0.2314
0.2468,0.2496
0.2603,0.267
0.201,0.2343
0.1909,0.2034
0.232,0.2537
0.2283,0.2325
0.2236,0.2773
0.2393,0.2435
0.1727,0.1644
0.165,0.1754
0.246,0.2395
0.1937,0.2035
0.1914,0.2004
0.2627,0.273
0.2515,0.2607
0.2627,0.2722
0.2593,0.2737
0.2754,0.2793
0.2825,0.2876
0.2354,0.2297
0.2776,0.287
0.2329,0.2476
0.2025,0.2151
0.3154,0.3013
0.3157,0.3042
0.3154,0.3062
0.316,0.3171
0.2522,0.2512
0.2479,0.264
0.2522,0.265
0.2793,0.2644
0.2479,0.2396
0.253,0.2705
0.247,0.261
0.254,0.2443
0.2333,0.2123
0.2534,0.2202
0.2366,0.2109
0.2441,0.2427
0.264,0.2705
0.2532,0.257
0.2451,0.249
0.2021,0.2129
0.1932,0.2103
0.2313,0.209
0.2263,0.2103
0.2646,0.263
0.265,0.2598
0.2954,0.2954
0.2854,0.2808
0.2273,0.219
0.2207,0.2174
0.2335,0.2412
0.2363,0.2455
0.2113,0.1913
0.2874,0.285
0.2852,0.293
0.2362,0.2703
0.2462,0.2686
0.2333,0.2585
0.2292,0.2798
0.2411,0.2756
0.2756,0.3
0.244,0.2854
0.259,0.2854
0.2817,0.2742
0.2742,0.2666
0.267,0.2834
0.2793,0.2983
0.302,0.3035
0.2766,0.2961
0.302,0.3052
0.3003,0.2964
0.2869,0.2854
0.2915,0.29
0.2961,0.2898
0.283,0.281
0.2837,0.2842
0.2058,0.1927
0.1824,0.1816
0.172,0.1896
0.1857,0.2008
0.1576,0.1837
0.1865,0.1941
0.152,0.1687
0.1807,0.1808
0.2078,0.2068
0.1952,0.1943
0.2014,0.1987
0.1858,0.1825
0.1736,0.1793
0.1792,0.1754
0.1682,0.1875
0.157,0.1857
0.1578,0.1785
0.193,0.2004
0.1836,0.195
0.1776,0.1876
0.2161,0.212
0.221,0.2112
0.2659,0.2727
0.261,0.2607
0.2578,0.2612
0.2668,0.2644
0.2429,0.2467
0.2285,0.2405
0.2625,0.2664
0.1909,0.2175
0.2654,0.2612
0.2408,0.2339
0.2466,0.263
0.2556,0.2786
0.2163,0.2172
0.2822,0.2944
0.2484,0.2637
0.2715,0.2717
0.2373,0.2234
0.2305,0.2311
0.2272,0.2351
0.1772,0.1823
0.1832,0.1783
0.1837,0.1765
0.1663,0.1837
0.1768,0.1804
0.1721,0.1782
0.1875,0.1996
0.1777,0.1885
0.195,0.2003
0.1852,0.1924
0.1814,0.1904
0.1887,0.1877
0.264,0.2605
0.2551,0.2593
0.2605,0.2632
0.1803,0.1871
0.1785,0.1793
0.196,0.1947
0.1841,0.185
0.1754,0.1681
0.194,0.1852
0.1816,0.1915
0.18,0.1876
0.193,0.1953
0.2656,0.2593
0.2585,0.2585
0.2737,0.278
0.2715,0.2646
0.2678,0.2795
0.286,0.2612
0.2788,0.2708
0.2472,0.263
0.2878,0.2954
0.2659,0.2961
0.272,0.2998
0.2827,0.2976
0.2783,0.3022
0.2451,0.2327
0.3083,0.3105
0.3135,0.3132
0.3076,0.3013
0.31,0.3076
0.284,0.2551
0.2979,0.2527
0.299,0.263
0.2666,0.2717
0.2157,0.2333
0.2156,0.2429
0.2532,0.2766
0.2576,0.2654
0.2654,0.2766
0.2705,0.2686
0.2476,0.2473
0.2378,0.2345
0.2446,0.2517
0.2512,0.2515
0.2233,0.2441
0.2668,0.2434
0.253,0.2532
0.2404,0.2473
0.2595,0.2522
0.2668,0.2693
0.2732,0.2627
0.2382,0.2524
0.265,0.2607
0.2607,0.2688
0.2732,0.2703
0.2358,0.2411
0.2524,0.2455
0.2605,0.2642
0.2654,0.2554
0.2505,0.2603
0.2605,0.264
0.2106,0.2576
0.2148,0.2583
0.2378,0.2408
0.2292,0.2437
0.1812,0.2162
0.1835,0.2227
0.273,0.2817
0.2664,0.2646
0.2754,0.2837
0.2515,0.2568
0.2566,0.2468
0.2573,0.2556
0.253,0.2515
0.2402,0.2668
0.2551,0.2566
0.2491,0.278
0.2742,0.2722
0.2322,0.2499
0.2378,0.2622
0.2734,0.276
0.269,0.2783
0.2542,0.2563
0.2443,0.2524
0.2448,0.2505
0.2698,0.263
0.2952,0.3062
0.3044,0.3054
0.2998,0.3025
0.3035,0.308
0.3032,0.3022
0.3083,0.3083
0.317,0.3118
0.3154,0.314
0.3152,0.3115
0.3127,0.3113
0.3184,0.3127
0.2876,0.296
0.2534,0.2456
0.2524,0.259
0.2424,0.2417
0.254,0.2646
0.2627,0.2668
0.2576,0.2559
0.2632,0.268
0.2395,0.238
0.2059,0.228
0.221,0.213
0.2255,0.2252
0.263,0.265
0.2249,0.2495
0.2439,0.2357
0.2465,0.249
0.2485,0.237
0.2015,0.2308
0.275,0.2722
0.2247,0.2607
0.242,0.24
0.2566,0.2546
0.2153,0.232
0.2356,0.26
0.2559,0.2512
0.2292,0.2434
0.2433,0.2351
0.2366,0.2401
0.2072,0.2151
0.1886,0.1921
0.1995,0.2118
0.209,0.2108
0.2644,0.2615
0.226,0.2458
0.2275,0.2404
0.221,0.2224
0.268,0.263
0.2634,0.274
0.2573,0.2551
0.2418,0.243
0.2388,0.2389
0.2844,0.3013
0.2812,0.2932
0.2722,0.2805
0.278,0.289
0.25,0.2644
0.2524,0.2583
0.2477,0.2493
0.2532,0.25
0.2542,0.2585
0.2487,0.2487
0.2573,0.2544
0.2191,0.2362
0.2302,0.235
0.2472,0.25
0.2078,0.2074
0.1962,0.199
0.2126,0.2297
0.1782,0.1779
0.2155,0.2262
0.2578,0.252
0.225,0.2578
0.2498,0.2566
0.3096,0.313
0.2247,0.2441
0.2303,0.2401
0.2491,0.2422
0.2463,0.256
0.2625,0.2487
0.2314,0.226
0.236,0.2429
0.2166,0.2086
0.2148,0.2091
0.2603,0.2683
0.2644,0.2668
0.2208,0.2186
0.1984,0.2095
0.2037,0.2108
0.2554,0.2686
0.2489,0.2583
0.284,0.2866
0.1979,0.2225
0.1909,0.2089
0.2612,0.2725
0.2423,0.2505
0.2228,0.2427
0.2698,0.3062
0.2603,0.282
0.2769,0.301
0.2646,0.2773
0.2344,0.269
0.2401,0.2625
0.2213,0.2205
0.3083,0.314
0.2455,0.2551
0.257,0.2651
0.3103,0.3113
0.2656,0.2476
0.2444,0.2466
0.2976,0.2866
0.2477,0.2532
0.2842,0.294
0.28,0.279
0.273,0.2688
0.2815,0.288
0.2537,0.2422
0.2888,0.2856
0.3098,0.2957
0.293,0.3032
0.2961,0.297
0.2998,0.304
0.2197,0.2336
0.2355,0.248
0.2397,0.2365
0.2551,0.2546
0.25,0.2415
0.2542,0.2573
0.2375,0.2402
0.2396,0.2351
0.2462,0.25
0.2382,0.2415
0.241,0.2363
0.2466,0.2493
0.2242,0.234
0.2401,0.2416
0.241,0.2328
0.2715,0.2688
0.2644,0.253
0.1758,0.1937
0.1643,0.1736
0.3066,0.3096
0.2646,0.2673
0.3135,0.3213
0.262,0.2803
0.2418,0.2428
0.2249,0.2233
0.2289,0.2532
0.2147,0.2389
0.323,0.324
0.3083,0.3152
0.2876,0.2747
0.2583,0.26
0.2698,0.27
0.27,0.2666
0.2627,0.274
0.2651,0.2722
0.2615,0.2737
0.258,0.2715
0.2656,0.272
0.2625,0.2727
0.2559,0.262
0.2644,0.2756
0.2578,0.2698
0.2522,0.2573
0.2634,0.2686
0.2537,0.2595
0.2783,0.2732
0.282,0.2688
0.2786,0.2898
0.2803,0.2837
0.234,0.237
0.2487,0.2366
0.2412,0.2491
0.2462,0.2468
0.2319,0.2566
0.2388,0.2369
0.2494,0.2346
0.216,0.227
0.2332,0.2247
0.2742,0.2856
0.2893,0.2815
0.282,0.285
0.278,0.2856
0.2595,0.2585
0.2124,0.2123
0.2588,0.2502
0.2025,0.2068
0.2722,0.2642
0.225,0.2448
0.3079,0.304
0.256,0.2678
0.265,0.2754
0.2947,0.3005
0.279,0.2979
0.2216,0.2285
0.2319,0.2383
0.2367,0.2576
0.2322,0.2291
0.2164,0.2245
0.237,0.2573
0.2289,0.2286
0.2224,0.2296
0.2554,0.2668
0.2654,0.2583
0.2542,0.2534
0.2837,0.29
0.2578,0.2769
0.2888,0.2947
0.2825,0.291
0.3052,0.2917
0.2783,0.2822
0.3005,0.2969
0.2822,0.2952
0.219,0.2322
0.2612,0.2654
0.266,0.2793
0.2578,0.2717
0.2544,0.2603
0.2693,0.271
0.2676,0.271
0.2712,0.275
0.2742,0.2878
0.2686,0.2815
0.272,0.2803
0.2678,0.2708
0.2817,0.2844
0.271,0.2727
0.265,0.2695
0.2422,0.2382
0.308,0.3113
0.3076,0.3164
0.326,0.317
0.3323,0.3257
0.2347,0.2471
0.2365,0.2512
0.1627,0.1748
0.1959,0.2097
0.1609,0.1732
0.193,0.2098
0.2268,0.2316
0.254,0.2454
0.2048,0.2102
0.2034,0.2021
0.2328,0.2362
0.2394,0.2439
0.2452,0.2491
0.2744,0.268
0.273,0.2852
0.2644,0.2659
0.2422,0.252
0.244,0.2795
0.2219,0.2272
0.2368,0.2546
0.2278,0.2395
0.1868,0.169
0.2284,0.2021
0.1864,0.1968
0.206,0.2185
0.2041,0.2028
0.2654,0.2883
0.2554,0.2632
0.2695,0.2559
0.2622,0.2644
0.2544,0.265
0.2678,0.252
0.2605,0.253
0.2583,0.264
0.2766,0.258
0.2637,0.2505
0.252,0.265
0.2708,0.2612
0.2566,0.257
0.2532,0.2573
0.2537,0.2426
0.2476,0.2517
0.281,0.298
0.2942,0.3
0.2888,0.2944
0.2239,0.2373
0.3035,0.297
0.2954,0.295
0.29,0.2878
0.2922,0.2957
0.2937,0.2947
0.2942,0.3003
0.2837,0.282
0.2869,0.2688
0.2793,0.28
0.2966,0.2942
0.2788,0.2856
0.2317,0.2605
0.227,0.2578
0.2245,0.2542
0.246,0.2795
0.2179,0.2249
0.222,0.2264
0.2527,0.26
0.2417,0.2537
0.2429,0.2354
0.2368,0.2396
0.2761,0.2776
0.2585,0.2773
0.2394,0.271
0.2664,0.2673
0.2703,0.2668
0.2815,0.29
0.3027,0.3027
0.2952,0.2913
0.2365,0.2374
0.2607,0.275
0.2947,0.295
0.1876,0.1886
0.1818,0.1747
0.1682,0.1697
0.2335,0.2428
0.2578,0.2478
0.1935,0.1967
0.199,0.2124
0.2908,0.2712
0.2932,0.2917
0.3208,0.3198
0.281,0.2864
0.2532,0.2568
0.307,0.303
0.3018,0.3071
0.249,0.2563
0.2551,0.2537
0.2135,0.2397
0.2108,0.2499
0.1842,0.2013
0.1818,0.2042
0.2236,0.2477
0.2231,0.2472
0.2423,0.2286
0.247,0.2322
0.1965,0.2152
0.1915,0.2233
0.2247,0.2318
0.2278,0.236
0.3037,0.3152
0.127,0.1243
0.1724,0.1719
0.1516,0.1406
0.191,0.1807
0.1376,0.1263
0.1803,0.1814
0.176,0.1864
0.1653,0.1681
0.2056,0.1964
0.2012,0.2146
0.1903,0.1874
0.2227,0.2095
0.1709,0.1991
0.1599,0.1754
0.2056,0.2048
0.216,0.1952
0.2109,0.1855
0.3477,0.3333
0.2507,0.2496
0.2566,0.2408
0.251,0.246
0.2568,0.253
0.2607,0.2542
0.2573,0.2546
0.2443,0.2532
0.2795,0.2878
0.258,0.27
0.2211,0.2303
0.2693,0.2769
0.2355,0.2532
0.2291,0.2377
0.216,0.2109
0.2866,0.289
0.2737,0.2795
0.2903,0.2913
0.2852,0.287
0.2842,0.291
0.265,0.2805
0.2878,0.2878
0.286,0.2834
0.2625,0.2479
0.2688,0.2627
0.2769,0.2612
0.2559,0.2551
0.2646,0.2725
0.2778,0.2695
0.2866,0.2583
0.2937,0.2747
0.272,0.221
0.2632,0.255
0.3142,0.3066
0.2603,0.2317
0.2517,0.2445
0.3076,0.298
0.2693,0.2556
0.3108,0.2957
0.2578,0.2673
0.2903,0.2854
0.2896,0.2986
0.2725,0.2612
0.2769,0.2795
0.2903,0.291
0.2896,0.2998
0.311,0.3064
0.289,0.285
0.3013,0.309
0.3013,0.3003
0.2676,0.264
0.2498,0.2499
0.2683,0.2683
0.2615,0.2712
0.2496,0.2878
0.277,0.306
0.272,0.287
0.2922,0.3037
0.294,0.2979
0.3098,0.3076
0.2927,0.292
0.3062,0.3042
0.3018,0.2979
0.284,0.275
0.2905,0.3003
0.2903,0.2952
0.3184,0.3127
0.3042,0.3042
0.3057,0.3025
0.2932,0.287
0.3218,0.3284
0.3071,0.307
0.3152,0.3145
0.299,0.3013
0.2625,0.2622
0.2766,0.2805
0.273,0.2715
0.2915,0.2844
0.2969,0.3037
0.2993,0.2922
0.31,0.3093
0.3057,0.294
0.3186,0.3115
0.2411,0.2325
0.3235,0.3086
0.3252,0.3257
0.246,0.2394
0.294,0.2942
0.2793,0.2788
0.2651,0.2505
0.2668,0.2754
0.301,0.2827
0.2183,0.2262
0.2396,0.2605
0.2428,0.2698
0.311,0.3125
0.2764,0.2883
0.3245,0.3242
0.276,0.2988
0.2659,0.2673
0.2515,0.2542
0.2389,0.2456
0.2341,0.2244
0.2296,0.2203
0.2228,0.2267
0.2213,0.2213
0.245,0.2544
0.3054,0.3164
0.3096,0.3035
0.2312,0.2372
0.2333,0.2344
0.2576,0.2593
0.2428,0.2517
0.246,0.2472
0.2625,0.273
0.148,0.1483
0.2489,0.2491
0.255,0.265
0.2455,0.237
0.2559,0.2573
0.2695,0.2688
0.3003,0.3022
0.2644,0.2598
0.3008,0.2947
0.208,0.2213
0.2155,0.2338
0.2148,0.2185
0.2219,0.2279
0.1996,0.2202
0.2073,0.2135
0.2717,0.2686
0.3123,0.3074
0.2686,0.2676
0.3027,0.296
0.2444,0.2412
0.2421,0.243
0.222,0.2268
0.2205,0.2324
0.2238,0.219
0.2142,0.228
0.2437,0.2424
0.2483,0.2482
0.2722,0.2686
0.2776,0.272
0.2544,0.2568
0.297,0.286
0.2006,0.1931
0.2118,0.2169
0.271,0.2847
0.2827,0.2969
0.3254,0.3242
0.3442,0.3433
0.2876,0.2913
0.2854,0.2786
0.3054,0.3064
0.304,0.2954
0.292,0.295
0.2585,0.2666
0.2239,0.232
0.2454,0.2393
0.2297,0.2255
0.2297,0.2268
0.2324,0.2266
0.2102,0.2128
0.2148,0.2136
0.2246,0.2393
0.2189,0.2286
0.2228,0.2312
0.2372,0.2404
0.2443,0.2416
0.2435,0.2415
0.2322,0.2445
0.2141,0.2454
0.208,0.2223
0.2554,0.2573
0.2388,0.2484
0.2494,0.2471
0.2427,0.252
0.2163,0.2256
0.2151,0.2201
0.1879,0.2274
0.2366,0.2302
0.2179,0.2218
0.2727,0.28
0.2515,0.2468
0.2715,0.2688
0.2042,0.207
0.286,0.2854
0.3015,0.2961
0.291,0.294
0.3027,0.3093
0.2869,0.3018
0.28,0.2842
0.2832,0.2827
0.2644,0.2576
0.2559,0.27
0.2903,0.2908
0.2505,0.267
0.241,0.2566
0.304,0.3066
0.2893,0.2932
0.2896,0.3037
0.2878,0.2898
0.2808,0.292
0.313,0.314
0.2983,0.2915
0.293,0.2861
0.2803,0.267
0.3232,0.3235
0.283,0.292
0.321,0.3213
0.3464,0.3384
0.2717,0.287
0.2842,0.2966
0.3022,0.3127
0.1978,0.1903
0.2,0.2021
0.2019,0.1833
0.1992,0.1989
0.1967,0.1802
0.1921,0.1895
0.2247,0.2316
0.2458,0.2585
0.2377,0.2544
0.24,0.2499
0.268,0.272
0.2355,0.2433
0.269,0.2708
0.202,0.1998
0.2274,0.2263
0.2057,0.2163
0.2223,0.2356
0.1987,0.2076
0.2183,0.2303
0.2112,0.2137
0.2189,0.2195
0.2744,0.2805
0.2583,0.2632
0.2852,0.294
0.2698,0.2654
0.25,0.2474
0.2854,0.2825
0.2222,0.1953
0.2139,0.2163
0.2388,0.2052
0.2278,0.2186
0.2727,0.3062
0.2627,0.2834
0.2678,0.3042
0.263,0.2732
0.2783,0.2861
0.2463,0.2427
0.2517,0.259
0.25,0.2625
0.2654,0.2808
0.2217,0.257
0.2532,0.251
0.1885,0.1904
0.1693,0.1814
0.2102,0.1903
0.1992,0.1881
0.2009,0.181
0.2598,0.2695
0.239,0.2366
0.2446,0.255
0.1611,0.1876
0.2297,0.2435
0.1758,0.1954
0.2482,0.2491
0.2522,0.2466
0.2222,0.215
0.2285,0.2263
0.2788,0.2454
0.2844,0.3005
0.2239,0.2311
0.2444,0.2397
0.2717,0.2627
0.2686,0.2537
0.2627,0.2477
0.274,0.2656
0.26,0.2512
0.2551,0.2487
0.2664,0.255
0.2595,0.259
0.251,0.2551
0.2644,0.2703
0.2583,0.267
0.2693,0.2678
0.2693,0.265
0.2722,0.2666
0.2656,0.2651
0.2627,0.2646
0.2625,0.2646
0.2715,0.2725
0.2954,0.2927
0.2737,0.2754
0.2612,0.2664
0.3054,0.31
0.293,0.2925
0.2365,0.248
0.2615,0.2551
0.2932,0.2847
0.283,0.2856
0.28,0.2896
0.2756,0.2651
0.292,0.296
0.2678,0.2761
0.239,0.233
0.2235,0.2329
0.2168,0.2395
0.222,0.2163
0.218,0.2233
0.2498,0.2507
0.2365,0.2532
0.2351,0.2411
0.2878,0.2961
0.2917,0.2886
0.2544,0.2578
0.272,0.2576
0.2485,0.2467
0.2004,0.2018
0.211,0.208
0.1896,0.1877
0.2009,0.2129
0.2043,0.2083
0.2443,0.2617
0.2646,0.27
0.2861,0.2986
0.2886,0.3032
0.2489,0.256
0.251,0.2617
0.252,0.2566
0.2499,0.2546
0.2515,0.2517
0.2412,0.2407
0.2622,0.2556
0.2705,0.2693
0.2494,0.2465
0.259,0.2542
0.2224,0.2228
0.2568,0.2463
0.24,0.2339
0.2281,0.1654
0.2355,0.1796
0.2203,0.1593
0.3477,0.2983
0.2396,0.2318
0.2651,0.2273
0.2524,0.212
0.2319,0.2026
0.298,0.301
0.3018,0.3008
0.2976,0.2864
0.2556,0.2568
0.2473,0.252
0.2363,0.2462
0.2142,0.2247
0.2462,0.255
0.2401,0.249
0.2306,0.2427
0.2054,0.2233
0.2493,0.2333
0.2462,0.2303
0.2302,0.2184
0.1957,0.1963
0.3025,0.305
0.3057,0.3062
0.289,0.302
0.299,0.298
0.1963,0.21
0.196,0.2052
0.263,0.2925
0.2466,0.2466
0.2544,0.2676
0.282,0.2874
0.2377,0.2615
0.2637,0.2644
0.2109,0.2142
0.2465,0.2406
0.207,0.2155
0.2285,0.2328
0.2185,0.2225
0.2659,0.2668
0.2646,0.2656
0.2605,0.2634
0.2461,0.2615
0.283,0.3018
0.2852,0.3008
0.1608,0.1729
0.1545,0.1936
0.1693,0.1768
0.1901,0.1891
0.1744,0.1791
0.1864,0.1971
0.2335,0.2424
0.2405,0.2433
0.2379,0.2438
0.242,0.247
0.277,0.2656
0.1937,0.2041
0.2344,0.2347
0.28,0.277
0.2942,0.2957
0.2664,0.2717
0.266,0.2708
0.2937,0.2878
0.2289,0.2493
0.2377,0.257
0.3296,0.3347
0.318,0.3108
0.3308,0.3413
0.314,0.3186
0.2515,0.2502
0.2344,0.2394
0.257,0.2695
0.2462,0.2556
0.2842,0.278
0.278,0.2883
0.2693,0.2686
0.266,0.2798
0.2676,0.2573
0.2378,0.2578
0.2783,0.281
0.2512,0.283
0.2737,0.2734
0.2617,0.2595
0.2913,0.303
0.2913,0.2878
0.3333,0.3289
0.3284,0.3196
0.327,0.313
0.3228,0.3027
0.2656,0.256
0.2634,0.2484
0.3057,0.3032
0.296,0.2927
0.2808,0.281
0.2705,0.2756
0.228,0.2366
0.216,0.2416
0.2214,0.2281
0.2334,0.2308
0.2457,0.2568
0.2288,0.2522
0.2537,0.254
0.2439,0.2556
0.2252,0.2294
0.2494,0.2388
0.2333,0.2339
0.2454,0.262
0.2676,0.2708
0.2512,0.261
0.2423,0.2498
0.2698,0.2583
0.2524,0.255
0.2281,0.2278
0.2412,0.2314
0.237,0.2333
0.2301,0.2412
0.2421,0.2515
0.2458,0.2532
0.2454,0.2408
0.2454,0.2408
0.2598,0.2712
0.2123,0.1924
0.269,0.2705
0.2969,0.298
0.2437,0.2537
0.2532,0.2544
0.2593,0.2644
0.2488,0.2808
0.26,0.2866
0.2578,0.2607
0.2676,0.2615
0.1862,0.2079
0.2139,0.2252
0.253,0.2551
0.325,0.3247
0.3374,0.3276
0.3643,0.3472
0.2893,0.304
0.3281,0.3367
0.3247,0.323
0.2202,0.2578
0.2462,0.2554
0.2917,0.2917
0.2761,0.28
0.269,0.2737
0.2888,0.29
0.3047,0.303
0.299,0.2952
0.231,0.233
0.2693,0.2705
0.2568,0.2588
0.2732,0.2754
0.2654,0.2666
0.2634,0.2607
0.2588,0.2622
0.2479,0.2537
0.2651,0.2593
0.2825,0.2812
0.328,0.3215
0.2935,0.2832
0.2386,0.2487
0.2542,0.2625
0.2344,0.2637
0.2546,0.2693
0.2324,0.2495
0.2489,0.2515
0.23,0.238
0.2454,0.2605
0.213,0.1947
0.1815,0.1836
0.199,0.2057
0.1694,0.1589
0.1776,0.1816
0.2576,0.2438
0.2637,0.2605
0.227,0.2205
0.2446,0.2288
0.2188,0.2146
0.2212,0.2257
0.212,0.2191
0.2153,0.2223
0.2278,0.2412
0.238,0.2512
0.2097,0.2019
0.2006,0.211
0.2181,0.2177
0.2174,0.2324
0.2158,0.2094
0.2123,0.2251
0.222,0.2205
0.2184,0.2351
0.2174,0.2148
0.2559,0.2585
0.226,0.2079
0.2134,0.2166
0.2119,0.2073
0.2017,0.2018
0.2239,0.2189
0.2151,0.2108
0.2905,0.3076
0.2969,0.2925
0.299,0.3086
0.2808,0.2832
0.2974,0.301
0.3098,0.3
0.3152,0.3057
0.2898,0.291
0.32,0.3215
0.3179,0.3188
0.324,0.327
0.318,0.3142
0.3176,0.3125
0.3108,0.3005
0.3184,0.3052
0.3093,0.2937
0.2345,0.2292
0.2167,0.2477
0.224,0.23
0.2341,0.2458
0.2487,0.2822
0.2769,0.2974
0.2273,0.2605
0.2223,0.2432
0.2245,0.2415
0.2288,0.2612
0.2505,0.2463
0.2407,0.2247
0.2568,0.2502
0.2428,0.258
0.2185,0.258
0.2737,0.268
0.2783,0.2756
0.2886,0.281
0.267,0.265
0.258,0.2678
0.2761,0.281
0.2379,0.2615
0.254,0.27
0.2546,0.2578
0.2583,0.2698
0.277,0.2698
0.2295,0.2363
0.2488,0.2433
0.261,0.2428
0.253,0.2686
0.2441,0.257
0.2773,0.272
0.2817,0.2817
0.335,0.3342
0.2937,0.2935
0.2983,0.284
0.3125,0.3044
0.2913,0.2917
0.297,0.2898
0.3076,0.3047
0.3162,0.3125
0.3162,0.313
0.324,0.3132
0.309,0.3103
0.307,0.305
0.3123,0.3096
0.1882,0.1981
0.1963,0.2054
0.2062,0.1997
0.208,0.2053
0.2327,0.2336
0.2439,0.2347
0.2372,0.2361
0.2443,0.2432
0.2502,0.2405
0.2485,0.1951
0.2563,0.252
0.242,0.2527
0.2312,0.2405
0.1921,0.2013
0.194,0.2003
0.2725,0.2656
0.2656,0.2576
0.2551,0.2646
0.255,0.2551
0.2396,0.265
0.242,0.2551
0.2489,0.2446
0.2329,0.2441
0.2218,0.2377
0.2725,0.266
0.2423,0.2418
0.2401,0.2554
0.2444,0.2489
0.2637,0.2605
0.2744,0.276
0.275,0.2756
0.2646,0.2646
0.2803,0.2756
0.2438,0.2347
0.254,0.2576
0.252,0.252
0.2393,0.2407
0.2632,0.2546
0.238,0.2559
0.2119,0.2319
0.2588,0.2654
0.2471,0.2476
0.2386,0.2416
0.267,0.2783
0.2817,0.2827
0.2815,0.2808
0.2383,0.2455
0.2803,0.2795
0.214,0.2181
0.2712,0.2703
0.2825,0.2776
0.2805,0.2761
0.2695,0.264
0.2817,0.2783
0.2484,0.2551
0.2642,0.265
0.2615,0.259
0.2437,0.2487
0.262,0.2668
0.2478,0.2573
0.2607,0.2668
0.2559,0.2644
0.2452,0.2556
0.2603,0.2659
0.2407,0.2484
0.2173,0.2252
0.2247,0.239
0.2786,0.2798
0.258,0.264
0.272,0.274
0.2578,0.2568
0.2607,0.259
0.1798,0.1808
0.1718,0.1764
0.2114,0.2197
0.2156,0.2274
0.1584,0.1637
0.179,0.1924
0.1799,0.1924
0.1914,0.1891
0.2085,0.2275
0.1918,0.1749
0.181,0.1898
0.1998,0.1957
0.2053,0.1925
0.1836,0.1816
0.1722,0.1871
0.1892,0.1906
0.1915,0.186
0.18,0.183
0.1927,0.1985
0.2034,0.202
0.1953,0.1971
0.1892,0.1929
0.2039,0.2089
0.2106,0.213
0.2047,0.2096
0.3113,0.3274
0.2793,0.311
0.2957,0.2957
0.242,0.2482
0.2183,0.2148
0.2947,0.3152
0.3142,0.3289
0.2878,0.2927
0.3064,0.307
0.2942,0.294
0.3037,0.301
0.2815,0.2788
0.2708,0.2732
0.28,0.274
0.2627,0.2615
0.256,0.2546
0.2605,0.2627
0.2578,0.2542
0.2386,0.2462
0.2925,0.2986
0.276,0.2976
0.294,0.2976
0.2659,0.262
0.2473,0.2456
0.2622,0.2595
0.2279,0.2384
0.2598,0.2625
0.2489,0.2485
0.2245,0.2415
0.3047,0.3115
0.269,0.2666
0.2551,0.2715
0.2693,0.2747
0.2593,0.2695
0.2433,0.2479
0.2281,0.2268
0.2308,0.234
0.2578,0.2637
0.254,0.2566
0.283,0.2742
0.2676,0.2832
0.2878,0.2747
0.2722,0.2825
0.2495,0.2428
0.2457,0.2463
0.278,0.2783
0.291,0.2751
0.2861,0.2827
0.2307,0.2333
0.2454,0.2573
0.2866,0.2925
0.2184,0.2257
0.2222,0.2195
0.2223,0.2117
0.2783,0.2783
0.2385,0.2494
0.2583,0.2788
0.2197,0.2534
0.3232,0.33
0.328,0.3267
0.3337,0.3284
0.3103,0.3103
0.274,0.302
0.2815,0.2793
0.278,0.2957
0.2744,0.2766
0.2727,0.2756
0.1906,0.2029
0.2203,0.2188
0.2229,0.2146
0.3293,0.3262
0.3235,0.329
0.1959,0.1791
0.2053,0.1907
0.2913,0.2903
0.2847,0.292
0.31,0.3025
0.3044,0.3003
0.3157,0.318
0.308,0.312
0.3215,0.323
0.3188,0.306
0.3108,0.3105
0.294,0.2908
0.3079,0.3135
0.2913,0.2905
0.3127,0.322
0.2893,0.2888
0.2861,0.2913
0.29,0.3035
0.2698,0.2815
0.2678,0.2695
0.2388,0.2434
0.2356,0.2361
0.2812,0.2798
0.3027,0.295
0.301,0.2603
0.262,0.2585
0.2646,0.261
0.2756,0.2695
0.2773,0.2686
0.2405,0.2607
0.2754,0.2793
0.2693,0.2786
0.2822,0.296
0.2766,0.274
0.2301,0.2283
0.2325,0.25
0.2727,0.2896
0.2556,0.2433
0.2439,0.2524
0.2158,0.2351
0.1986,0.1976
0.2097,0.1952
0.2054,0.2019
0.2001,0.1964
0.1936,0.2031
0.272,0.2637
0.1996,0.2001
0.223,0.2247
0.2234,0.2261
0.2505,0.2433
0.1936,0.1976
0.2034,0.2064
0.1963,0.1951
0.2043,0.2222
0.194,0.213
0.2014,0.1948
0.2028,0.1979
0.199,0.1887
0.2078,0.2186
0.2012,0.213
0.2607,0.2764
0.2717,0.2673
0.2175,0.2242
0.2185,0.2433
0.2207,0.2269
0.2305,0.2483
0.1913,0.1884
0.2068,0.1965
0.193,0.1901
0.2118,0.2037
0.198,0.2074
0.2512,0.2632
0.2003,0.2015
0.2107,0.2119
0.1876,0.1958
0.2117,0.2068
0.2017,0.184
0.2181,0.1937
0.203,0.2032
0.222,0.2207
0.1812,0.2003
0.1979,0.2144
0.1991,0.2012
0.2139,0.2152
0.2467,0.2544
0.2544,0.2688
0.3225,0.3267
0.314,0.3105
0.2603,0.251
0.2832,0.2815
0.2769,0.2854
0.2482,0.2615
0.2302,0.2283
0.2357,0.2292
0.2257,0.2264
0.2104,0.2155
0.2495,0.2262
0.23,0.2262
0.2396,0.252
0.26,0.2532
0.2405,0.2427
0.2673,0.2664
0.2761,0.275
0.2141,0.228
0.2852,0.2854
0.3054,0.296
0.2842,0.2837
0.273,0.2786
0.2893,0.289
0.2783,0.2874
0.3,0.2903
0.2832,0.2893
0.278,0.2842
0.2812,0.291
0.2876,0.2947
0.2646,0.2683
0.267,0.2642
0.2693,0.2656
0.227,0.2292
0.2368,0.2473
0.2434,0.2522
0.2617,0.2534
0.2532,0.2585
0.296,0.291
0.2861,0.2864
0.312,0.3132
0.297,0.3098
0.2493,0.2468
0.283,0.2798
0.2988,0.291
0.2252,0.2546
0.2292,0.2378
0.2502,0.2607
0.2108,0.2284
0.2025,0.2059
0.2263,0.2367
0.2515,0.2448
0.216,0.2108
0.2177,0.2281
0.2253,0.2318
0.2585,0.266
0.2328,0.2404
0.2432,0.254
0.2181,0.2162
0.219,0.2223
0.2456,0.25
0.216,0.2092
0.2223,0.2247
0.2396,0.2466
0.275,0.2727
0.245,0.2395
0.2355,0.2279
0.2683,0.2832
0.2465,0.253
0.2413,0.2467
0.1694,0.1812
0.1965,0.1876
0.1996,0.2062
0.2153,0.2081
0.307,0.3044
0.2898,0.2979
0.2778,0.2927
0.2612,0.2852
0.2659,0.2654
0.2534,0.2566
0.2402,0.2386
0.2507,0.2448
0.3086,0.3145
0.2957,0.2988
0.303,0.3057
0.2795,0.2798
0.2472,0.2495
0.285,0.292
0.1692,0.174
0.2195,0.2172
0.2427,0.2585
0.23,0.2407
0.2903,0.3037
0.2942,0.301
0.258,0.2668
0.1846,0.2054
0.3313,0.3286
0.2445,0.2443
0.2715,0.2786
0.262,0.244
0.2001,0.2042
0.207,0.2031
0.2183,0.2277
0.1967,0.1982
0.2218,0.2433
0.1705,0.1764
0.3406,0.342
0.2598,0.2534
0.2094,0.205
0.2876,0.2754
0.2854,0.2808
0.2886,0.2842
0.268,0.276
0.2275,0.2301
0.1974,0.2052
0.2515,0.2678
0.2693,0.2698
0.282,0.284
0.2263,0.2225
0.2098,0.2484
0.2428,0.241
0.2532,0.2727
0.2351,0.2357
0.2405,0.2269
0.2362,0.2301
0.2852,0.2935
0.287,0.2842
0.24,0.2732
0.2542,0.2676
0.206,0.29
0.2238,0.2277
0.221,0.228
0.2306,0.2703
0.2202,0.2236
0.2915,0.2961
0.2793,0.299
0.2432,0.2332
0.3132,0.3027
0.3054,0.3289
0.3064,0.317
0.3135,0.3254
0.3215,0.3198
0.2847,0.3125
0.2969,0.305
0.2869,0.2886
0.2576,0.2583
0.252,0.259
0.2202,0.2104
0.2308,0.2318
0.244,0.2325
0.1874,0.2238
0.1869,0.2185
0.2068,0.216
0.2115,0.2108
0.207,0.2213
0.2744,0.2837
0.2194,0.2261
0.2427,0.2566
0.253,0.2446
0.2678,0.254
0.2612,0.2338
0.2637,0.2842
0.28,0.2805
0.2898,0.2854
0.2786,0.2705
0.2238,0.263
0.2612,0.276
0.2217,0.2686
0.2761,0.2834
0.2727,0.2722
0.2415,0.2766
0.2515,0.267
0.1998,0.2067
0.2634,0.268
0.2578,0.258
0.234,0.2445
0.2217,0.2546
0.2783,0.283
0.2844,0.3042
0.1981,0.1892
0.2474,0.256
0.2262,0.2656
0.2472,0.2568
0.2201,0.2651
0.2427,0.2457
0.213,0.2578
0.2585,0.259
0.2766,0.2761
0.2627,0.2654
0.277,0.2798
0.266,0.2686
0.279,0.2815
0.2222,0.21
0.2418,0.2251
0.2134,0.2207
0.2368,0.2231
0.1997,0.2059
0.2329,0.2158
0.2756,0.265
0.283,0.2793
0.2856,0.2732
0.2942,0.2922
0.2517,0.2412
0.2502,0.2573
0.2666,0.253
0.2698,0.2688
0.2512,0.2428
0.2517,0.2603
0.2705,0.285
0.2659,0.276
0.2734,0.2786
0.2703,0.2847
0.256,0.2773
0.2612,0.2825
0.2766,0.2742
0.2747,0.264
0.278,0.2695
0.275,0.2751
0.2622,0.2678
0.27,0.2695
0.289,0.2937
0.2864,0.2766
0.291,0.2776
0.2883,0.285
0.2727,0.2808
0.2825,0.292
0.2737,0.2832
0.2688,0.2712
0.2754,0.2783
0.2744,0.2832
0.2598,0.2761
0.2666,0.2783
0.282,0.293
0.2776,0.2798
0.2793,0.2805
0.2827,0.2883
0.2673,0.283
0.2788,0.2915
0.1803,0.2056
0.19,0.2
0.1785,0.2004
0.1816,0.1981
0.1771,0.1935
0.1788,0.1915
0.175,0.1984
0.1788,0.196
0.1792,0.1998
0.1898,0.1991
0.2698,0.2942
0.2428,0.2676
0.2494,0.2734
0.258,0.285
0.2634,0.2866
0.2135,0.2052
0.2104,0.2161
0.2261,0.2345
0.2363,0.246
0.2546,0.2578
0.2411,0.2472
0.2128,0.2363
0.2627,0.2642
0.296,0.293
0.2776,0.2795
0.2798,0.2822
0.2092,0.2168
0.2876,0.283
0.275,0.279
0.2468,0.2343
0.2449,0.2396
0.2441,0.2472
0.2454,0.2452
0.255,0.2517
0.2727,0.2798
0.2666,0.2627
0.2251,0.2103
0.2328,0.2076
0.2327,0.2225
0.2546,0.2556
0.2676,0.2524
0.259,0.258
0.2388,0.2389
0.2487,0.2402
0.2515,0.2522
0.2157,0.2053
0.2401,0.2482
0.236,0.2123
0.2266,0.2527
0.257,0.264
0.258,0.253
0.2803,0.2788
0.2678,0.278
0.277,0.2803
0.214,0.1954
0.2439,0.24
0.2725,0.28
0.2186,0.2152
0.2227,0.216
0.1769,0.1964
0.2566,0.2559
0.2429,0.243
0.2795,0.283
0.237,0.233
0.289,0.2925
0.288,0.296
0.2048,0.1842
0.1982,0.1749
0.1936,0.1741
0.2233,0.243
0.2317,0.2546
0.2139,0.2319
0.292,0.299
0.2974,0.2983
0.3303,0.3152
0.1954,0.2112
0.27,0.2761
0.2698,0.3032
0.2847,0.3057
0.3052,0.2986
0.3079,0.3105
0.3088,0.3152
0.2742,0.2773
0.2715,0.2856
0.2659,0.266
0.2678,0.2642
0.2927,0.2903
0.2793,0.284
0.2825,0.2766
0.2406,0.2487
0.2488,0.2524
0.2446,0.2437
0.2462,0.2522
0.2632,0.256
0.248,0.2446
0.1902,0.2048
0.1803,0.2181
0.2014,0.2053
0.1937,0.2213
0.2112,0.2192
0.2223,0.2205
0.2113,0.2197
0.2161,0.2267
0.1892,0.204
0.2168,0.2242
0.2188,0.2295
0.1929,0.1998
0.2128,0.2229
0.2241,0.2225
0.2438,0.2482
0.2517,0.2563
0.2357,0.2366
0.257,0.2563
0.2615,0.2603
0.2458,0.2441
0.2087,0.2338
0.2435,0.245
0.2267,0.2252
0.2434,0.2424
0.2365,0.2401
0.2351,0.2454
0.2297,0.2263
0.2288,0.2244
0.2285,0.2278
0.2273,0.2229
0.2269,0.2222
0.2262,0.2253
0.312,0.3174
0.2737,0.2686
0.311,0.3125
0.2766,0.2646
0.2703,0.2673
0.3047,0.3088
0.3079,0.302
0.275,0.2632
0.305,0.307
0.3076,0.3027
0.2427,0.2428
0.2778,0.272
0.2507,0.2466
0.25,0.2659
0.2289,0.2207
0.2715,0.2976
0.2788,0.2947
0.2357,0.2343
0.2446,0.2388
0.2435,0.249
0.2524,0.2559
0.3071,0.312
0.2153,0.2119
0.2307,0.2228
0.2488,0.2502
0.2554,0.2583
0.2886,0.2913
0.2834,0.2864
0.2551,0.2551
0.262,0.2634
0.2556,0.2585
0.2742,0.2576
0.285,0.2964
0.1953,0.2117
0.2311,0.2568
0.2264,0.2423
0.2312,0.2329
0.2247,0.2296
0.217,0.2246
0.2274,0.2242
0.2888,0.3008
0.2925,0.2905
0.2803,0.2715
0.26,0.248
0.2783,0.276
0.2123,0.214
0.2803,0.3022
0.2208,0.1997
0.2219,0.2183
0.2316,0.2433
0.2439,0.2463
0.2367,0.2378
0.2417,0.2479
0.305,0.328
0.2527,0.2441
0.2347,0.2389
0.234,0.2446
0.2386,0.2537
0.2316,0.2291
0.2216,0.2257
0.2983,0.308
0.2705,0.3054
0.2646,0.3245
0.2825,0.3284
0.2815,0.3438
0.2764,0.3342
0.2515,0.2803
0.2605,0.2898
0.257,0.2834
0.257,0.266
0.2496,0.2715
0.2573,0.2778
0.2598,0.2754
0.2625,0.2627
0.1703,0.1765
0.1586,0.1688
0.1772,0.1862
0.1857,0.1915
0.1849,0.1874
0.1852,0.1847
0.1844,0.1829
0.2007,0.2068
0.2021,0.2051
0.2047,0.2059
0.1935,0.2102
0.2732,0.262
0.1843,0.1719
0.2292,0.2261
0.2815,0.272
0.2898,0.2842
0.2489,0.2463
0.256,0.2517
0.2373,0.2329
0.301,0.3035
0.2291,0.2423
0.2837,0.2803
0.299,0.285
0.2744,0.276
0.2429,0.243
0.2474,0.2472
0.2668,0.27
0.2764,0.2627
0.2808,0.2822
0.2308,0.2527
0.249,0.2383
0.2412,0.2405
0.263,0.2605
0.2688,0.2798
0.2883,0.2559
0.2717,0.268
0.266,0.279
0.2776,0.2896
0.2905,0.2751
0.27,0.288
0.2032,0.2261
0.2198,0.2449
0.2245,0.2257
0.2151,0.2363
0.3093,0.3022
0.2905,0.3037
0.3152,0.3066
0.2898,0.301
0.3215,0.3167
0.3008,0.322
0.2942,0.2917
0.305,0.313
0.3105,0.3135
0.2783,0.2615
0.287,0.2852
0.2566,0.258
0.236,0.2449
0.2637,0.278
0.2358,0.2238
0.2747,0.2576
0.2927,0.29
0.2712,0.2769
0.2732,0.284
0.2961,0.283
0.2698,0.2651
0.273,0.27
0.2244,0.205
0.2157,0.1918
0.215,0.1926
0.2593,0.2598
0.2524,0.2366
0.2524,0.2416
0.237,0.2235
0.3074,0.3162
0.278,0.3093
0.2253,0.2338
0.2264,0.2396
0.2708,0.2668
0.292,0.2886
0.2878,0.2766
0.2517,0.2495
0.2498,0.2495
0.2532,0.251
0.2479,0.253
0.2399,0.2378
0.2227,0.2233
0.2114,0.2133
0.1947,0.2125
0.1821,0.2063
0.1799,0.2072
0.2615,0.2708
0.2416,0.2412
0.2299,0.2498
0.2054,0.2222
0.274,0.2676
0.253,0.2405
0.255,0.2654
0.2312,0.2467
0.2338,0.2457
0.2944,0.2966
0.2612,0.2664
0.2524,0.2556
0.264,0.258
0.3215,0.3083
0.3145,0.3125
0.311,0.3096
0.2302,0.2245
0.2034,0.2041
0.2394,0.2378
0.2844,0.2776
0.2427,0.2317
0.3289,0.336
0.2479,0.2433
0.2532,0.248
0.2064,0.2106
0.2013,0.204
0.2404,0.2317
0.2336,0.2208
0.2412,0.2313
0.2356,0.2235
0.1938,0.1788
0.301,0.2952
0.2852,0.2932
0.2969,0.3
0.3164,0.322
0.2776,0.2847
0.3132,0.3115
0.2866,0.2969
0.3174,0.3171
0.2925,0.3042
0.2654,0.2715
0.2542,0.2559
0.2712,0.2678
0.3027,0.3027
0.2861,0.2922
0.298,0.3047
0.2803,0.2896
0.2742,0.2769
0.2908,0.2908
0.257,0.2673
0.253,0.2588
0.28,0.2788
0.2915,0.287
0.278,0.284
0.2668,0.26
0.3035,0.304
0.297,0.2998
0.3152,0.3157
0.3264,0.3281
0.2644,0.265
0.2607,0.259
0.2451,0.2615
0.2213,0.2328
0.246,0.2424
0.2595,0.2568
0.289,0.296
0.3079,0.3088
0.2668,0.2795
0.284,0.3066
0.2903,0.3103
0.3132,0.31
0.2747,0.275
0.2886,0.2817
0.315,0.3047
0.2585,0.2961
0.2756,0.2827
0.28,0.2844
0.2803,0.2776
0.2964,0.2976
0.2864,0.2747
0.2737,0.2612
0.2563,0.2705
0.1991,0.207
0.293,0.325
0.3013,0.3267
0.2869,0.313
0.2457,0.2676
0.2546,0.2712
0.2185,0.253
0.265,0.249
0.1428,0.1713
0.1752,0.1704
0.168,0.1941
0.1891,0.2102
0.1686,0.177
0.1932,0.1969
0.2358,0.2402
0.2358,0.2413
0.2428,0.251
0.2388,0.241
0.2593,0.2462
0.2732,0.263
0.2386,0.2467
0.2415,0.2418
0.253,0.2465
0.2568,0.2527
0.2703,0.2698
0.2688,0.2688
0.2064,0.24
0.2203,0.2306
0.2103,0.239
0.2223,0.2239
0.2198,0.2446
0.2285,0.2384
0.2563,0.268
0.2688,0.2715
0.267,0.2668
0.2854,0.2761
0.2664,0.2703
0.285,0.2927
0.2344,0.232
0.2272,0.2239
0.2242,0.2036
0.2341,0.2391
0.1748,0.1858
0.2057,0.2031
0.1654,0.1655
0.1935,0.1825
0.2666,0.2725
0.2544,0.2637
0.2576,0.2522
0.2546,0.2551
0.2888,0.288
0.2788,0.2837
0.2145,0.2329
0.2438,0.2676
0.1935,0.1998
0.2642,0.2827
0.2673,0.2754
0.2834,0.2883
0.2793,0.2905
0.2966,0.2905
0.2634,0.2747
0.2727,0.2834
0.273,0.2786
0.275,0.2795
0.2764,0.28
0.274,0.2744
0.2778,0.2776
0.2727,0.2786
0.2844,0.2766
0.2866,0.2966
0.27,0.2683
0.2693,0.2668
0.26,0.2495
0.3171,0.3079
0.2834,0.285
0.3093,0.3098
0.302,0.302
0.3132,0.2986
0.2006,0.2126
0.216,0.2085
0.2812,0.268
0.2588,0.2534
0.241,0.2408
0.2527,0.2634
0.2086,0.221
0.2308,0.2292
0.288,0.2783
0.2766,0.2754
0.2844,0.2566
0.29,0.2737
0.2874,0.2852
0.2756,0.2751
0.2808,0.258
0.2878,0.2766
0.1941,0.211
0.1981,0.2115
0.186,0.189
0.1924,0.1948
0.2385,0.2754
0.2607,0.2837
0.2277,0.2659
0.2505,0.2742
0.2112,0.2366
0.2184,0.2446
0.2443,0.2698
0.2559,0.2693
0.2489,0.2537
0.2386,0.2559
0.2456,0.2517
0.2479,0.2537
0.2212,0.2356
0.2129,0.2194
0.2208,0.2332
0.2788,0.2788
0.2367,0.2367
0.2568,0.261
0.253,0.2622
0.2036,0.203
0.2617,0.2983
0.2612,0.2852
0.2583,0.2903
0.2534,0.2651
0.286,0.2944
0.2927,0.2903
0.2927,0.3093
0.295,0.301
0.2927,0.2974
0.2903,0.2927
0.2615,0.2673
0.2708,0.2751
0.2299,0.2487
0.2406,0.2512
0.2401,0.2451
0.2478,0.252
0.241,0.255
0.2411,0.2498
0.2463,0.2448
0.2512,0.2424
0.255,0.2576
0.2031,0.2068
0.1947,0.2041
0.215,0.2291
0.1841,0.21
0.1824,0.2173
0.1835,0.2037
0.2129,0.2275
0.2021,0.2216
0.2327,0.2308
0.2153,0.2416
0.2332,0.2299
0.2212,0.2366
0.2311,0.2356
0.2373,0.2413
0.2104,0.2216
0.2156,0.2252
0.2035,0.2069
0.2133,0.2065
0.2247,0.2208
0.289,0.2915
0.2185,0.2231
0.2969,0.2966
0.2705,0.2793
0.1831,0.1902
0.1857,0.1823
0.2303,0.2505
0.2323,0.2295
0.252,0.2463
0.2336,0.2394
0.2373,0.2432
0.2986,0.2937
0.2852,0.2969
0.2769,0.2832
0.246,0.262
0.2458,0.2522
0.1973,0.2156
0.2163,0.2251
0.2141,0.2251
0.2106,0.2246
0.2156,0.2312
0.2468,0.252
0.2703,0.2625
0.2566,0.2634
0.266,0.259
0.2756,0.266
0.2554,0.2396
0.2732,0.2705
0.2534,0.2537
0.2563,0.2598
0.266,0.266
0.2554,0.2512
0.283,0.2773
0.2593,0.2656
0.265,0.2673
0.2727,0.2747
0.2551,0.2482
0.275,0.2776
0.2532,0.2585
0.2588,0.264
0.2676,0.271
0.2554,0.2505
0.2725,0.2754
0.2505,0.2585
0.2625,0.2627
0.2659,0.2688
0.2622,0.2524
0.2825,0.2761
0.2622,0.2644
0.2673,0.2666
0.2778,0.275
0.2489,0.264
0.242,0.2637
0.2754,0.2776
0.2676,0.2715
0.2556,0.2676
0.2537,0.2751
0.2554,0.267
0.2457,0.268
0.2708,0.2742
0.2615,0.2734
0.2314,0.2279
0.1816,0.1742
0.1848,0.189
0.177,0.184
0.1803,0.1819
0.2067,0.1976
0.2603,0.2632
0.2627,0.2717
0.2413,0.2395
0.263,0.2583
0.2654,0.2632
0.2676,0.2615
0.267,0.263
0.2695,0.2598
0.2727,0.2688
0.2856,0.2935
0.2808,0.2969
0.3098,0.3252
0.3093,0.3252
0.3057,0.3179
0.2922,0.3123
0.3079,0.312
0.3015,0.313
0.304,0.3113
0.3037,0.3123
0.2747,0.2744
0.3118,0.3137
0.2922,0.2866
0.2046,0.2039
0.2,0.1809
0.1959,0.2051
0.2036,0.1901
0.3179,0.3223
0.3254,0.3108
0.3171,0.3074
0.322,0.2974
0.3413,0.3384
0.3477,0.332
0.3179,0.307
0.3242,0.2966
0.2808,0.285
0.2683,0.2722
0.286,0.2837
0.253,0.2617
0.2668,0.2632
0.2556,0.2534
0.2712,0.2698
0.2883,0.284
0.2996,0.2927
0.2433,0.2372
0.2727,0.2632
0.2893,0.2754
0.2747,0.2695
0.1885,0.2045
0.209,0.1997
0.226,0.2236
0.2118,0.2524
0.2318,0.246
0.2385,0.2302
0.2307,0.2163
0.2385,0.2489
0.249,0.2397
0.2372,0.2253
0.2788,0.2764
0.2573,0.2554
0.2769,0.284
0.2527,0.2507
0.2534,0.2512
0.2244,0.2219
0.2457,0.241
0.3005,0.3052
0.2961,0.2942
0.2598,0.2712
0.268,0.2644
0.267,0.2632
0.248,0.2327
0.2808,0.273
0.259,0.2551
0.2659,0.2593
0.2325,0.2363
0.2585,0.2517
0.283,0.2915
0.1659,0.1897
0.1754,0.2004
0.2583,0.257
0.1709,0.1816
0.2615,0.2803
0.2922,0.2942
0.1973,0.2214
0.1786,0.1855
0.1841,0.1781
0.2047,0.2102
0.2096,0.2156
0.2083,0.2092
0.2151,0.2211
0.1816,0.1989
0.2046,0.2148
0.2886,0.2996
0.2827,0.3032
0.2244,0.2175
0.2306,0.2278
0.2095,0.2065
0.2098,0.1863
0.2258,0.2164
0.2218,0.2112
0.2306,0.223
0.2084,0.198
0.2123,0.21
0.2886,0.285
0.2732,0.2783
0.292,0.2988
0.2869,0.2942
0.2944,0.297
0.2369,0.241
0.1979,0.2092
0.1772,0.1941
0.1831,0.2072
0.2478,0.2527
0.2915,0.2883
0.2988,0.2861
0.3042,0.2993
0.285,0.2815
0.294,0.2844
0.287,0.2866
0.3027,0.3037
0.28,0.2844
0.2913,0.2893
0.2937,0.2898
0.301,0.2969
0.2815,0.2874
0.2712,0.2832
0.2837,0.2893
0.2886,0.2893
0.295,0.2937
0.2698,0.2776
0.2908,0.2842
0.2915,0.2847
0.2983,0.2869
0.2656,0.2793
0.2896,0.2883
0.286,0.2856
0.2925,0.2922
0.319,0.3188
0.324,0.3247
0.3281,0.3245
0.3184,0.3252
0.3145,0.311
0.319,0.3174
0.3232,0.3176
0.314,0.3176
0.3206,0.3196
0.323,0.3262
0.328,0.3247
0.3188,0.3245
0.3083,0.3013
0.3154,0.309
0.3186,0.3098
0.3113,0.3103
0.2269,0.2341
0.2593,0.2473
0.2285,0.2426
0.247,0.242
0.258,0.25
0.3076,0.315
0.3171,0.3237
0.3132,0.3079
0.3176,0.312
0.2239,0.2202
0.2284,0.236
0.2563,0.2474
0.306,0.2935
0.3093,0.2983
0.299,0.2908
0.289,0.2883
0.3247,0.317
0.3274,0.3232
0.3113,0.3184
0.2974,0.289
0.3171,0.317
0.3137,0.3164
0.3088,0.3076
0.2129,0.1984
0.2212,0.2054
0.2245,0.2222
0.2118,0.2074
0.2218,0.2194
0.2236,0.2378
0.2393,0.2502
0.2412,0.2505
0.1754,0.1705
0.2837,0.2888
0.2861,0.2976
0.255,0.2418
0.2385,0.238
0.25,0.2537
0.3057,0.2969
0.2325,0.2351
0.2607,0.2578
0.2908,0.2937
0.3032,0.2908
0.3054,0.299
0.3037,0.2898
0.2805,0.2769
0.301,0.2966
0.2805,0.2803
0.2502,0.2554
0.2917,0.2866
0.3218,0.298
0.314,0.3145
0.2905,0.286
0.2979,0.2988
0.3071,0.299
0.2983,0.2893
0.2065,0.1996
0.2046,0.2041
0.2583,0.2622
0.2487,0.2356
0.1913,0.1918
0.1986,0.1931
0.1913,0.1965
0.1904,0.1979
0.187,0.1935
0.1814,0.1876
0.2117,0.2384
0.2179,0.2332
0.2233,0.2212
0.2343,0.2454
0.2284,0.25
0.277,0.2817
0.2157,0.239
0.2429,0.2472
0.237,0.2491
0.2263,0.2301
0.2482,0.2256
0.2568,0.2357
0.2476,0.2163
0.2515,0.2349
0.2252,0.244
0.2651,0.2598
0.2267,0.2195
0.2727,0.2632
0.2465,0.2588
0.2462,0.2522
0.274,0.274
0.282,0.2805
0.313,0.316
0.3105,0.314
0.3167,0.3186
0.3096,0.3005
0.3115,0.2983
0.3206,0.3262
0.3123,0.333
0.3076,0.3088
0.3118,0.3076
0.2708,0.2627
0.2583,0.2454
0.275,0.279
0.2603,0.2632
0.271,0.2698
0.2512,0.2463
0.2783,0.2776
0.2664,0.2632
0.2603,0.2544
0.2493,0.2467
0.2373,0.2136
0.2236,0.2141
0.255,0.2478
0.2393,0.2426
0.2612,0.2493
0.2448,0.2457
0.2472,0.236
0.247,0.2235
0.2688,0.2715
0.2327,0.2329
0.2532,0.2607
0.296,0.3047
0.292,0.2954
0.2988,0.312
0.297,0.3096
0.2893,0.3013
0.3018,0.3162
0.2935,0.3054
0.2852,0.2942
0.2925,0.3088
0.3188,0.3206
0.3125,0.3147
0.317,0.3257
0.3083,0.3064
0.302,0.2996
0.3066,0.3093
0.2715,0.2786
0.2598,0.268
0.26,0.265
0.2717,0.2715
0.2708,0.2678
0.3135,0.3035
0.2944,0.2942
0.3132,0.3132
0.1974,0.1852
0.2416,0.2418
0.2179,0.2041
0.2886,0.2761
0.2676,0.2808
0.196,0.2178
0.1835,0.2041
0.2351,0.251
0.2167,0.2338
0.2482,0.2534
0.2266,0.2357
0.26,0.276
0.2517,0.2617
0.274,0.2817
0.2532,0.2668
0.282,0.2769
0.2595,0.262
0.2993,0.292
0.2778,0.2788
0.2917,0.2944
0.3096,0.314
0.2913,0.2954
0.3096,0.3062
0.3215,0.3306
0.3088,0.321
0.2329,0.2324
0.2072,0.2113
0.2627,0.2673
0.26,0.2615
0.2522,0.2544
0.293,0.2969
0.321,0.3225
0.307,0.3079
0.306,0.3079
0.2478,0.2515
0.2705,0.272
0.218,0.2245
0.2128,0.207
0.1904,0.203
0.2168,0.2201
0.2177,0.2334
0.2153,0.2169
0.2,0.2086
0.2275,0.2273
0.2301,0.2445
0.2888,0.2976
0.3027,0.2942
0.2734,0.2627
0.2625,0.2446
0.2603,0.2603
0.2756,0.2686
0.2625,0.2473
0.263,0.2576
0.2472,0.252
0.2368,0.2466
0.2588,0.2617
0.2546,0.255
0.2698,0.2651
0.2467,0.2479
0.257,0.257
0.2534,0.2593
0.2666,0.2646
0.2496,0.2786
0.265,0.2852
0.2495,0.2683
0.2554,0.2686
0.3047,0.306
0.2876,0.2947
0.2169,0.2444
0.2335,0.254
0.2416,0.2351
0.222,0.2233
0.254,0.2517
0.2338,0.2351
0.2864,0.2842
0.2803,0.2776
0.236,0.2458
0.2319,0.2191
0.2356,0.2085
0.2264,0.2354
0.2695,0.265
0.2227,0.2423
0.2437,0.2369
0.2428,0.252
0.2454,0.2489
0.249,0.247
0.295,0.296
0.2148,0.2167
0.2659,0.256
0.2615,0.2505
0.2568,0.27
0.2673,0.2537
0.259,0.259
0.2405,0.249
0.2109,0.2142
0.3171,0.309
0.275,0.2747
0.3064,0.2954
0.2688,0.2686
0.299,0.2788
0.2595,0.2505
0.2751,0.266
0.2864,0.2898
0.2896,0.292
0.2664,0.2615
0.3386,0.3442
0.3438,0.355
0.3286,0.335
0.3215,0.3164
0.2456,0.2495
0.283,0.2898
0.2883,0.2983
0.289,0.299
0.2947,0.3042
0.284,0.2847
0.2761,0.2766
0.2766,0.271
0.2888,0.2917
0.2097,0.2208
0.2537,0.2634
0.2603,0.281
0.2603,0.2744
0.256,0.269
0.2114,0.2113
0.1992,0.1978
0.2427,0.2301
0.2284,0.2173
0.2935,0.2935
0.2905,0.3027
0.292,0.293
0.3015,0.293
0.3188,0.322
0.2427,0.2478
0.2542,0.2491
0.272,0.2607
0.2205,0.2404
0.2522,0.2527
0.2407,0.2517
0.255,0.2429
0.2373,0.2391
0.2366,0.252
0.2537,0.26
0.2559,0.253
0.2468,0.257
0.2401,0.236
0.2396,0.2351
0.2092,0.2031
0.2522,0.2454
0.2473,0.2488
0.2515,0.266
0.2394,0.2505
0.2686,0.2673
0.277,0.2737
0.2976,0.3074
0.2122,0.2213
0.2493,0.255
0.2717,0.2678
0.2715,0.2666
0.1989,0.1874
0.1976,0.2096
0.2444,0.2404
0.2437,0.234
0.2249,0.2343
0.296,0.2825
0.281,0.2778
0.2993,0.3047
0.25,0.2296
0.2388,0.2295
0.2203,0.2203
0.219,0.2283
0.1812,0.1943
0.2134,0.2028
0.2113,0.2257
0.2198,0.215
0.2267,0.2351
0.2401,0.2406
0.303,0.2917
0.2966,0.276
0.3054,0.2874
0.284,0.279
0.2751,0.2786
0.265,0.2522
0.2876,0.2795
0.2637,0.2585
0.303,0.3047
0.293,0.282
0.3052,0.2944
0.29,0.2854
0.2245,0.2368
0.2047,0.223
0.231,0.2334
0.208,0.223
0.2388,0.2333
0.2175,0.2225
0.215,0.2269
0.2158,0.216
0.281,0.2861
0.3105,0.3174
0.3008,0.3018
0.299,0.309
0.2898,0.295
0.2072,0.2255
0.2515,0.2385
0.2401,0.2429
0.2734,0.295
0.2922,0.2827
0.2876,0.2834
0.2507,0.2676
0.2925,0.2883
0.2922,0.2866
0.2333,0.2426
0.2286,0.2468
0.2183,0.1935
0.2534,0.256
0.256,0.2556
0.2676,0.2727
0.264,0.2695
0.286,0.2844
0.2937,0.2908
0.2961,0.2854
0.246,0.2495
0.2522,0.2615
0.2369,0.2559
0.2335,0.2634
0.242,0.2441
0.2449,0.2487
0.2135,0.2258
0.2233,0.2231
0.2222,0.2297
0.2394,0.2378
0.2012,0.2113
0.2085,0.2158
0.1948,0.2101
0.2308,0.2383
0.26,0.2651
0.2437,0.2598
0.2622,0.2651
