0,1
0.2092,0.2087
0.2255,0.2196
0.2162,0.2157
0.2266,0.2407
0.2351,0.239
0.2262,0.2505
0.2169,0.2134
0.2996,0.3005
0.2438,0.2496
0.2446,0.254
0.3015,0.3025
0.303,0.2993
0.3037,0.2932
0.2476,0.2449
0.2566,0.2551
0.2505,0.2472
0.3062,0.2966
0.3032,0.3057
0.259,0.276
0.3098,0.3057
0.2646,0.2646
0.2369,0.2462
0.229,0.2308
0.25,0.2559
0.2773,0.2815
0.2808,0.28
0.2363,0.2477
0.2495,0.2512
0.2498,0.2524
0.2134,0.197
0.2524,0.2424
0.2498,0.2524
0.2808,0.2822
0.2688,0.2708
0.2732,0.2737
0.2415,0.2432
0.2554,0.2703
0.2673,0.261
0.2378,0.2389
0.2429,0.2435
0.3145,0.3162
0.3162,0.3147
0.2993,0.2988
0.3071,0.299
0.2261,0.2135
0.2096,0.2156
0.2786,0.2786
0.2466,0.2595
0.2307,0.2354
0.2605,0.268
0.2312,0.2336
0.226,0.2339
0.2347,0.2306
0.2173,0.2192
0.2212,0.2152
0.2595,0.2632
0.2734,0.2742
0.2207,0.2264
0.2345,0.2329
0.279,0.2769
0.2607,0.2627
0.2272,0.227
0.204,0.2095
0.2554,0.257
0.2228,0.2212
0.2715,0.2761
0.2119,0.2079
0.2964,0.2827
0.2837,0.2725
0.2715,0.2673
0.307,0.294
0.2722,0.2756
0.2734,0.2744
0.292,0.291
0.2769,0.2834
0.2954,0.2993
0.2761,0.2712
0.2947,0.293
0.2866,0.291
0.198,0.1676
0.1732,0.2014
0.2844,0.2754
0.2255,0.2322
0.2278,0.2289
0.2416,0.2367
0.2356,0.2334
0.3054,0.307
0.2651,0.2668
0.265,0.2654
0.3003,0.3022
0.2401,0.2473
0.2429,0.2505
0.2996,0.301
0.2795,0.2817
0.2446,0.2498
0.2355,0.2517
0.2773,0.28
0.284,0.3062
0.2524,0.277
0.256,0.2686
0.2515,0.2615
0.2866,0.2898
0.2393,0.236
0.2683,0.2537
0.254,0.2477
0.2537,0.2386
0.26,0.2576
0.297,0.2947
0.2925,0.2793
0.2554,0.265
0.2964,0.2944
0.2666,0.257
0.2922,0.2944
0.277,0.2678
0.1786,0.1815
0.2427,0.245
0.2678,0.277
0.2598,0.292
0.2854,0.2937
0.289,0.2893
0.2844,0.295
0.2976,0.2922
0.2893,0.289
0.2401,0.2354
0.1967,0.1965
0.1859,0.1862
0.258,0.242
0.2668,0.2676
0.2742,0.2732
0.2449,0.2433
0.244,0.2377
0.2463,0.2456
0.2515,0.2544
0.272,0.2598
0.2296,0.2375
0.2266,0.2188
0.2134,0.2198
0.245,0.244
0.2485,0.2554
0.2448,0.2427
0.263,0.2695
0.2356,0.2385
0.2634,0.2656
0.2461,0.2373
0.2788,0.2654
0.2423,0.2439
0.2627,0.2727
0.2388,0.2319
0.239,0.2388
0.2267,0.2319
0.2651,0.2698
0.2822,0.281
0.2773,0.286
0.2686,0.2585
0.231,0.221
0.2766,0.2976
0.2966,0.293
0.2622,0.2542
0.2542,0.2622
0.2441,0.2323
0.2366,0.2401
0.166,0.1705
0.2888,0.2932
0.3015,0.282
0.2942,0.2852
0.2913,0.3
0.2598,0.256
0.2157,0.2094
0.2522,0.2537
0.2074,0.2109
0.3098,0.2961
0.3032,0.2993
0.246,0.2432
0.2382,0.2485
0.292,0.3013
0.2964,0.3108
0.2207,0.2112
0.2112,0.2207
0.243,0.2605
0.2568,0.2461
0.266,0.264
0.2654,0.267
0.2825,0.2896
0.273,0.27
0.2961,0.3037
0.3071,0.3088
0.2986,0.291
0.2656,0.2725
0.2983,0.2961
0.2834,0.296
0.274,0.2905
0.2947,0.2883
0.2644,0.273
0.2869,0.2756
0.286,0.28
0.2942,0.2822
0.334,0.3225
0.3022,0.2964
0.2888,0.2966
0.3167,0.3254
0.2296,0.2279
0.2727,0.2654
0.2426,0.2646
0.2842,0.2815
0.2367,0.2424
0.2382,0.2576
0.2573,0.2603
0.2452,0.2595
0.2693,0.2727
0.315,0.3225
0.319,0.327
0.2324,0.2466
0.2482,0.2576
0.299,0.3022
0.2499,0.2416
0.2417,0.2421
0.2993,0.305
0.2383,0.2284
0.2384,0.2505
0.205,0.1862
0.2098,0.2089
0.1812,0.1879
0.2057,0.2015
0.26,0.2578
0.2261,0.2181
0.256,0.259
0.256,0.2622
0.2603,0.255
0.255,0.2603
0.2522,0.271
0.2532,0.2399
0.2268,0.2225
0.2472,0.2487
0.2292,0.2366
0.2253,0.2164
0.24,0.2412
0.2377,0.2412
0.259,0.2722
0.303,0.2966
0.2966,0.303
0.2834,0.2612
0.2174,0.2124
0.2029,0.2106
0.2273,0.2358
0.1921,0.184
0.2369,0.2332
0.2332,0.2389
0.1943,0.2073
0.179,0.1875
0.2076,0.1987
0.2356,0.238
0.2294,0.2402
0.1937,0.191
0.292,0.296
0.2585,0.2527
0.2717,0.2698
0.2551,0.257
0.263,0.2583
0.2607,0.257
0.2522,0.274
0.3005,0.293
0.2937,0.2883
0.2944,0.2976
0.2573,0.2446
0.3032,0.3108
0.2612,0.257
0.282,0.2725
0.2751,0.2788
0.302,0.2993
0.2646,0.2747
0.2391,0.2291
0.2479,0.257
0.2556,0.2502
0.237,0.2454
0.253,0.2363
0.302,0.2976
0.2957,0.3123
0.2993,0.3096
0.2815,0.281
0.3115,0.3005
0.2866,0.283
0.2067,0.214
0.2405,0.2491
0.242,0.2517
0.219,0.2502
0.257,0.2502
0.2446,0.2544
0.288,0.3
0.2786,0.2844
0.257,0.2617
0.2808,0.2734
0.265,0.2793
0.272,0.2822
0.2505,0.2568
0.2817,0.2908
0.2754,0.2656
0.2898,0.282
0.2418,0.2444
0.2439,0.2355
0.2207,0.2427
0.2308,0.2272
0.2273,0.2345
0.2458,0.2751
0.2443,0.2458
0.251,0.2388
0.2795,0.2856
0.2605,0.2751
0.2788,0.273
0.2563,0.2598
0.2683,0.2585
0.242,0.242
0.2554,0.2615
0.2318,0.2444
0.2551,0.264
0.2627,0.26
0.2722,0.2593
0.27,0.2625
0.2534,0.2644
0.2568,0.2734
0.2373,0.2349
0.2637,0.2644
0.2688,0.2678
0.2834,0.2773
0.2588,0.2659
0.2852,0.293
0.223,0.207
0.314,0.3147
0.2505,0.2443
0.2852,0.3003
0.2795,0.2834
0.3005,0.2925
0.2998,0.2886
0.2323,0.2401
0.2832,0.2788
0.2524,0.255
0.3008,0.3008
0.2915,0.302
0.2472,0.2452
0.2986,0.2988
0.1732,0.1763
0.278,0.2917
0.2224,0.2179
0.2834,0.2812
0.2878,0.28
0.301,0.2954
0.2795,0.2822
0.1763,0.1732
0.2898,0.303
0.278,0.2756
0.2603,0.2676
0.263,0.2583
0.2773,0.2734
0.279,0.2793
0.2786,0.2761
0.2747,0.276
0.2556,0.2615
0.2698,0.2798
0.2474,0.249
0.2725,0.2717
0.2693,0.2705
0.2778,0.2773
0.2834,0.2727
0.2583,0.2664
0.274,0.2708
0.2827,0.28
0.2625,0.2559
0.2612,0.2556
0.2556,0.2471
0.275,0.269
0.2783,0.2766
0.2534,0.2664
0.2094,0.2013
0.1877,0.1871
0.2303,0.2458
0.293,0.2896
0.2744,0.2898
0.2852,0.282
0.3005,0.3262
0.2896,0.293
0.2876,0.2974
0.2915,0.2983
0.282,0.2852
0.2715,0.2778
0.2625,0.2754
0.2394,0.2448
0.279,0.276
0.2769,0.2712
0.1956,0.1906
0.2328,0.2186
0.2191,0.2274
0.2217,0.231
0.2317,0.2296
0.2299,0.223
0.2384,0.2268
0.221,0.2338
0.2332,0.2292
0.1981,0.1953
0.2336,0.2466
0.3071,0.3013
0.2357,0.2283
0.252,0.2512
0.298,0.2993
0.2842,0.2957
0.2576,0.2637
0.3032,0.2957
0.237,0.2319
0.291,0.2988
0.2406,0.2347
0.2532,0.2443
0.2333,0.251
0.2179,0.222
0.2725,0.2798
0.2615,0.2644
0.2712,0.2642
0.292,0.2903
0.28,0.2793
0.2642,0.2712
0.2607,0.257
0.2634,0.2705
0.2808,0.2913
0.264,0.2715
0.261,0.2532
0.2554,0.2566
0.2803,0.2803
0.2113,0.2124
0.253,0.2534
0.2247,0.2247
0.2644,0.2627
0.2583,0.2556
0.263,0.2673
0.2942,0.3013
0.2876,0.288
0.2588,0.2637
0.3088,0.3152
0.2695,0.2678
0.28,0.2996
0.26,0.2483
0.3015,0.293
0.2876,0.289
0.278,0.2812
0.2913,0.2761
0.2737,0.285
0.2485,0.2161
0.2644,0.2598
0.239,0.243
0.262,0.2734
0.2466,0.2454
0.2183,0.253
0.2698,0.2773
0.2676,0.2688
0.2408,0.2369
0.234,0.2479
0.2411,0.261
0.2228,0.2233
0.2269,0.2275
0.2189,0.2217
0.2421,0.2374
0.2473,0.2654
0.2368,0.2377
0.2686,0.2524
0.2795,0.2776
0.2742,0.2795
0.2397,0.239
0.2278,0.227
0.2249,0.1971
0.2043,0.1963
0.199,0.1992
0.236,0.2433
0.2372,0.2389
0.2004,0.2302
0.2003,0.2017
0.1963,0.2112
0.2043,0.1967
0.2205,0.2166
0.2054,0.21
0.2233,0.2263
0.3293,0.326
0.2418,0.2415
0.2385,0.2411
0.3257,0.3264
0.2595,0.2625
0.2544,0.247
0.2465,0.2515
0.2664,0.275
0.2737,0.2686
0.2463,0.2452
0.2211,0.2255
0.2197,0.2118
0.2194,0.214
0.2251,0.2247
0.2441,0.2563
0.2532,0.2605
0.2327,0.2343
0.2698,0.2634
0.2261,0.2249
0.2173,0.2177
0.281,0.2668
0.2864,0.2751
0.2593,0.2466
0.2986,0.2964
0.2563,0.2637
0.276,0.295
0.2935,0.282
0.2903,0.2913
0.274,0.2537
0.3,0.2966
0.2852,0.2927
0.2917,0.269
0.2942,0.2715
0.2708,0.2803
0.2776,0.2815
0.2961,0.2974
0.2893,0.2932
0.232,0.2289
0.2277,0.2296
0.201,0.203
0.2137,0.2264
0.2115,0.2224
0.2478,0.2446
0.2289,0.2327
0.1896,0.1865
0.201,0.2039
0.1975,0.2095
0.2585,0.2456
0.2379,0.2239
0.1943,0.1925
0.2225,0.238
0.2374,0.2422
0.2018,0.207
0.2335,0.2349
0.2218,0.224
0.1969,0.1971
0.1992,0.1979
0.2029,0.1937
0.2202,0.2256
0.2255,0.2305
0.2793,0.2815
0.2727,0.2686
0.2482,0.263
0.2612,0.2502
0.2566,0.242
0.2395,0.2305
0.2603,0.2722
0.2472,0.2443
0.244,0.2457
0.2415,0.2444
0.3193,0.309
0.2568,0.2382
0.2255,0.2483
0.2273,0.2415
0.2395,0.24
0.2389,0.2416
0.279,0.2834
0.281,0.2773
0.2145,0.2683
0.2281,0.2761
0.2346,0.2454
0.2778,0.268
0.2021,0.21
0.2734,0.2764
0.28,0.2773
0.2695,0.2747
0.2656,0.2517
0.2172,0.2131
0.2507,0.2603
0.3042,0.3113
0.2676,0.2764
0.2698,0.265
0.275,0.2686
0.2664,0.2666
0.2817,0.278
0.2544,0.2568
0.2817,0.2852
0.2496,0.2527
0.2278,0.2367
0.2039,0.202
0.2964,0.3022
0.255,0.2446
0.3037,0.2961
0.2052,0.196
0.2421,0.2515
0.1976,0.2035
0.1948,0.1975
0.2942,0.2756
0.2456,0.2299
0.2786,0.2625
0.2974,0.3003
0.3032,0.3079
0.2744,0.2607
0.2291,0.248
0.2747,0.2693
0.2305,0.2352
0.2607,0.2744
0.2693,0.2747
0.2988,0.2925
0.2625,0.2786
0.2351,0.2335
0.2712,0.2637
0.2502,0.2573
0.2974,0.2886
0.3057,0.3079
0.249,0.2512
0.2573,0.2688
0.2769,0.2761
0.2383,0.2401
0.2368,0.2394
0.2382,0.2369
0.264,0.2595
0.2446,0.243
0.2725,0.2708
0.2471,0.2391
0.2482,0.2776
0.231,0.2291
0.2776,0.2766
0.2664,0.2471
0.2369,0.238
0.2244,0.2241
0.2368,0.247
0.2219,0.2323
0.2532,0.2499
0.2395,0.2444
0.2267,0.2336
0.2336,0.2267
0.2773,0.292
0.2915,0.277
0.2751,0.2847
0.28,0.2725
0.2644,0.2732
0.2864,0.2874
0.269,0.2576
0.289,0.2878
0.2457,0.2384
0.2588,0.2489
0.286,0.2856
0.2798,0.2878
0.2678,0.2744
0.2559,0.2605
0.2607,0.2664
0.2842,0.2832
0.289,0.2837
0.2817,0.2795
0.2637,0.2556
0.2683,0.261
0.2235,0.2422
0.2405,0.2379
0.225,0.2247
0.2172,0.2161
0.2566,0.2578
0.2227,0.2247
0.2448,0.2473
0.2361,0.222
0.25,0.2433
0.265,0.279
0.2152,0.2303
0.2668,0.2673
0.2883,0.282
0.2905,0.271
0.253,0.2288
0.2832,0.2747
0.224,0.2462
0.2727,0.2869
0.2676,0.275
0.2678,0.2595
0.2217,0.207
0.2483,0.249
0.2024,0.2201
0.1664,0.1791
0.1829,0.1738
0.2148,0.2118
0.2373,0.2454
0.2222,0.2202
0.2573,0.262
0.2585,0.2622
0.259,0.2585
0.2537,0.273
0.2622,0.266
0.2646,0.2664
0.2673,0.2688
0.2764,0.2778
0.251,0.2656
0.253,0.262
0.2637,0.2627
0.3132,0.3098
0.3093,0.3123
0.2457,0.2446
0.3022,0.2656
0.3022,0.2656
0.248,0.248
0.2688,0.2612
0.255,0.2644
0.244,0.2612
0.2499,0.2698
0.2673,0.2766
0.2927,0.301
0.2927,0.2927
0.1941,0.1993
0.283,0.286
0.2205,0.2216
0.2142,0.2041
0.2234,0.2229
0.2441,0.248
0.2352,0.233
0.2025,0.2003
0.2136,0.2081
0.2457,0.2366
0.2435,0.2303
0.2122,0.2097
0.262,0.2625
0.249,0.2551
0.2632,0.2612
0.2715,0.2683
0.2059,0.1998
0.286,0.283
0.2698,0.2732
0.2727,0.2776
0.2505,0.2532
0.2751,0.2822
0.2578,0.2585
0.2042,0.2113
0.278,0.2744
0.284,0.2778
0.265,0.2783
0.2761,0.286
0.2876,0.285
0.242,0.2499
0.2186,0.2274
0.2323,0.234
0.2441,0.2421
0.2405,0.248
0.2195,0.231
0.2465,0.2413
0.2483,0.2429
0.222,0.2375
0.226,0.2517
0.2173,0.2119
0.2205,0.2156
0.2162,0.2316
0.2183,0.2324
0.2474,0.2524
0.2421,0.2273
0.2355,0.2208
0.2678,0.262
0.2615,0.2595
0.2844,0.2896
0.2744,0.2686
0.2428,0.2427
0.253,0.253
0.2397,0.2407
0.2471,0.2471
0.2622,0.278
0.2551,0.2494
0.2808,0.2922
0.284,0.2908
0.282,0.2793
0.2405,0.2463
0.288,0.2798
0.3057,0.2983
0.263,0.262
0.2637,0.2642
0.2357,0.2412
0.1947,0.1964
0.2439,0.2472
0.2783,0.278
0.2405,0.2411
0.2793,0.283
0.2832,0.2908
0.292,0.2969
0.314,0.3203
0.2732,0.2783
0.2693,0.27
0.2673,0.2668
0.2708,0.266
0.1969,0.1987
0.3352,0.3367
0.28,0.2642
0.268,0.2446
0.2754,0.285
0.268,0.2664
0.2695,0.2683
0.2764,0.2832
0.2346,0.2273
0.299,0.2893
0.2798,0.2717
0.2583,0.2542
0.3223,0.312
0.2883,0.277
0.2644,0.2554
0.3396,0.3318
0.1941,0.1915
0.258,0.2573
0.251,0.2527
0.2698,0.2722
0.282,0.2808
0.2482,0.2477
0.2727,0.265
0.2622,0.2722
0.2527,0.258
0.2336,0.236
0.2207,0.2236
0.2172,0.2262
0.2588,0.252
0.2236,0.2173
0.252,0.2651
0.2612,0.2627
0.2178,0.2192
0.2595,0.2605
0.2996,0.3027
0.2974,0.3015
0.2815,0.2737
0.1884,0.1815
0.2744,0.2815
0.2141,0.208
0.2343,0.2311
0.22,0.2092
0.253,0.2435
0.237,0.2411
0.2468,0.2408
0.2393,0.2406
0.2185,0.2148
0.2162,0.215
0.2167,0.2205
0.2118,0.2137
0.2489,0.2612
0.2421,0.2386
0.2454,0.2537
0.2384,0.238
0.2583,0.2678
0.2465,0.254
0.279,0.2825
0.2625,0.253
0.2678,0.2625
0.2854,0.2847
0.2551,0.2554
0.2434,0.249
0.2234,0.2205
0.2454,0.2443
0.2084,0.2163
0.2219,0.2145
0.2429,0.2457
0.268,0.2754
0.2395,0.2527
0.241,0.238
0.2117,0.2125
0.1906,0.1989
0.1906,0.1989
0.2017,0.2035
0.2076,0.2101
0.193,0.2
0.2053,0.2086
0.207,0.2119
0.1976,0.1993
0.1951,0.1888
0.1951,0.1888
0.1958,0.1915
0.2438,0.2507
0.2676,0.2705
0.2644,0.2703
0.2527,0.2622
0.2563,0.2527
0.286,0.2852
0.2773,0.267
0.279,0.2637
0.2693,0.2788
0.2678,0.2727
0.2634,0.268
0.2598,0.2512
0.2476,0.253
0.26,0.2585
0.268,0.2637
0.3057,0.2966
0.3071,0.3064
0.287,0.295
0.2983,0.3032
0.2974,0.3052
0.2656,0.2654
0.2764,0.2744
0.2377,0.2214
0.2367,0.2333
0.2666,0.2708
0.3015,0.293
0.2568,0.251
0.2551,0.262
0.2615,0.2534
0.2712,0.2722
0.2246,0.2319
0.2474,0.252
0.3,0.307
0.2308,0.2246
0.2395,0.2404
0.2456,0.2357
0.2395,0.2522
0.2401,0.2351
0.304,0.3228
0.3,0.2979
0.3176,0.303
0.299,0.3042
0.267,0.2656
0.2568,0.2666
0.2285,0.2089
0.2593,0.2644
0.2617,0.257
0.2703,0.2766
0.2188,0.2284
0.2998,0.2966
0.2983,0.3052
0.2932,0.301
0.2551,0.2703
0.264,0.2517
0.2324,0.2534
0.2115,0.2145
0.3044,0.3015
0.2195,0.2157
0.2113,0.2131
0.2966,0.307
0.257,0.2556
0.2219,0.2245
0.2847,0.284
0.2974,0.3022
0.3003,0.3064
0.2983,0.2861
0.2517,0.2473
0.2937,0.2893
0.2346,0.2404
0.3008,0.3025
0.258,0.253
0.2842,0.2761
0.266,0.264
0.2756,0.2695
0.2761,0.2778
0.297,0.3008
0.2893,0.2854
0.2976,0.2917
0.2908,0.2964
0.2847,0.2712
0.3008,0.307
0.2913,0.2979
0.2693,0.267
0.2627,0.2734
0.2554,0.255
0.3052,0.3015
0.2637,0.2708
0.2922,0.2903
0.2642,0.2651
0.3035,0.2969
0.2306,0.2299
0.2913,0.2903
0.263,0.2593
0.2583,0.254
0.2893,0.294
0.2715,0.271
0.256,0.2615
0.2517,0.2607
0.2482,0.2622
0.2423,0.2471
0.2766,0.2664
0.305,0.2944
0.2678,0.2708
0.285,0.2783
0.247,0.2573
0.2133,0.2234
0.2615,0.2842
0.288,0.2947
0.2905,0.2964
0.2537,0.263
0.2559,0.2517
0.254,0.2476
0.2627,0.2605
0.2644,0.252
0.2876,0.2798
0.3032,0.3022
0.27,0.2861
0.2583,0.2664
0.2421,0.2463
0.2397,0.2404
0.2308,0.2279
0.2157,0.2285
0.2422,0.2328
0.2365,0.2476
0.2349,0.2288
0.2443,0.2388
0.2367,0.2334
0.2239,0.2241
0.2307,0.215
0.2234,0.2357
0.2382,0.2362
0.2468,0.2474
0.2446,0.2424
0.271,0.2705
0.2576,0.2559
0.269,0.2754
0.2644,0.2576
0.2651,0.269
0.2837,0.2766
0.2197,0.2203
0.2203,0.212
0.256,0.2544
0.2194,0.2213
0.2463,0.2485
0.2551,0.2725
0.2245,0.2269
0.226,0.2239
0.2145,0.223
0.2275,0.2185
0.2502,0.2458
0.2432,0.256
0.2385,0.2384
0.2391,0.256
0.2583,0.2411
0.261,0.2634
0.2815,0.2756
0.2896,0.2734
0.2437,0.2532
0.2487,0.2435
0.2727,0.2856
0.2812,0.2896
0.2778,0.2734
0.2522,0.2451
0.2576,0.2444
0.271,0.2732
0.268,0.2764
0.2852,0.297
0.2659,0.2632
0.1887,0.1943
0.1907,0.1986
0.277,0.29
0.2935,0.2783
0.2205,0.2312
0.226,0.2212
0.286,0.2803
0.2979,0.2932
0.2769,0.2686
0.2688,0.2761
0.282,0.2852
0.2942,0.302
0.1721,0.1713
0.1844,0.1875
0.2346,0.2327
0.2452,0.2441
0.205,0.2112
0.2472,0.2415
0.2864,0.2913
0.224,0.2142
0.2695,0.2651
0.2976,0.3074
0.2625,0.2637
0.2852,0.286
0.2737,0.277
0.3,0.2998
0.3218,0.322
0.2676,0.2725
0.2578,0.2634
0.3184,0.316
0.2744,0.2585
0.1998,0.1976
0.312,0.3115
0.3125,0.3235
0.2252,0.2045
0.2478,0.2479
0.1978,0.2174
0.2288,0.2236
0.23,0.2252
0.226,0.2319
0.279,0.2766
0.2722,0.2734
0.2715,0.2708
0.2935,0.2927
0.1992,0.2001
0.2961,0.2976
0.2001,0.1992
0.2979,0.297
0.2996,0.2993
0.289,0.295
0.2212,0.209
0.2015,0.1978
0.269,0.2769
0.2979,0.2925
0.2096,0.2175
0.2003,0.1936
0.277,0.2708
0.2195,0.223
0.2141,0.2213
0.264,0.2715
0.2747,0.2834
0.2632,0.2698
0.2944,0.2932
0.2815,0.277
0.2966,0.3037
0.2766,0.2761
0.2795,0.2705
0.2727,0.2693
0.2695,0.2712
0.293,0.2913
0.2583,0.275
0.222,0.2341
0.2905,0.2893
0.238,0.2292
0.2864,0.276
0.293,0.2847
0.3115,0.2461
0.2817,0.249
0.2932,0.2896
0.2847,0.2944
0.2634,0.3113
0.2769,0.2793
0.2668,0.2568
0.2433,0.2491
0.2369,0.2262
0.2339,0.222
0.2505,0.2444
0.2216,0.2186
0.2401,0.2432
0.2423,0.2432
0.275,0.2725
0.2712,0.2705
0.2678,0.276
0.2744,0.2686
0.2515,0.2462
0.253,0.2495
0.2766,0.2556
0.2766,0.2603
0.2266,0.2068
0.2505,0.258
0.2117,0.2268
0.2069,0.2062
0.2443,0.2524
0.227,0.2324
0.2056,0.2034
0.2153,0.2443
0.2449,0.2406
0.1816,0.2313
0.3062,0.3052
0.1991,0.2065
0.1927,0.2007
0.2107,0.2136
0.2131,0.2197
0.23,0.2318
0.2233,0.2129
0.206,0.1986
0.2268,0.2135
0.2551,0.2517
0.2396,0.2322
0.258,0.2512
0.2429,0.2354
0.2363,0.2374
0.24,0.2408
0.2393,0.2515
0.2477,0.25
0.2421,0.2335
0.246,0.2495
0.2173,0.1995
0.24,0.2424
0.2303,0.2222
0.2057,0.2244
0.227,0.2302
0.2251,0.2213
0.2184,0.2297
0.2421,0.2395
0.2175,0.2294
0.2479,0.2329
0.256,0.26
0.2368,0.2332
0.2732,0.2776
0.272,0.2742
0.2576,0.2603
0.2573,0.2445
0.259,0.2433
0.2487,0.2534
0.2542,0.257
0.2388,0.2384
0.2283,0.2329
0.257,0.2622
0.2576,0.267
0.3044,0.3005
0.3052,0.3064
0.259,0.2585
0.2404,0.2268
0.235,0.2452
0.2874,0.2854
0.2822,0.279
0.2407,0.2437
0.2438,0.2435
0.2612,0.2578
0.2417,0.265
0.2323,0.2417
0.2556,0.2573
0.2252,0.2185
0.2212,0.1987
0.2274,0.2365
0.2455,0.2429
0.2566,0.258
0.256,0.2361
0.2651,0.257
0.2507,0.257
0.227,0.2461
0.2673,0.2634
0.2443,0.224
0.2644,0.266
0.2913,0.2966
0.293,0.298
0.1761,0.1825
0.1825,0.1761
0.3025,0.2969
0.2537,0.2397
0.2493,0.2502
0.2532,0.2515
0.2527,0.251
0.2399,0.2493
0.2568,0.2605
0.2673,0.2617
0.2607,0.2695
0.2566,0.264
0.257,0.2593
0.2607,0.2568
0.322,0.3188
0.2988,0.3135
0.3047,0.29
0.2754,0.2766
0.2651,0.2625
0.2705,0.272
0.2532,0.2435
0.2605,0.27
0.2708,0.2747
0.283,0.2712
0.258,0.2754
0.2588,0.278
0.2852,0.2725
0.2456,0.248
0.2458,0.2413
0.2754,0.2898
0.2773,0.2837
0.2617,0.2632
0.2898,0.2754
0.2852,0.2766
0.2465,0.2532
0.2446,0.2593
0.2399,0.2417
0.3127,0.322
0.3108,0.3145
0.3118,0.3147
0.2493,0.2489
0.2598,0.256
0.2913,0.2888
0.2944,0.289
0.272,0.2888
0.2966,0.2952
0.2627,0.2769
0.303,0.3015
0.2986,0.2996
0.2615,0.2656
0.2896,0.276
0.2786,0.2666
0.2598,0.2673
0.263,0.2622
0.2427,0.2524
0.2595,0.2507
0.281,0.2756
0.2527,0.2563
0.2935,0.3057
0.261,0.2563
0.2537,0.256
0.267,0.2644
0.2886,0.2842
0.3071,0.2957
0.2769,0.2832
0.2686,0.268
0.2152,0.2286
0.2294,0.228
0.2303,0.2303
0.2151,0.2264
0.2935,0.2974
0.2812,0.286
0.296,0.2966
0.2554,0.2556
0.2664,0.2703
0.2499,0.2598
0.2734,0.2866
0.2788,0.2961
0.2551,0.2563
0.2976,0.3042
0.2585,0.2673
0.267,0.2659
0.287,0.2786
0.2476,0.2595
0.2744,0.277
0.3022,0.2993
0.2883,0.2898
0.2328,0.272
0.3022,0.297
0.1989,0.2632
0.2732,0.2737
0.251,0.257
0.2274,0.2352
0.3103,0.3174
0.3193,0.3057
0.2964,0.2996
0.2844,0.281
0.259,0.2622
0.2568,0.2532
0.2588,0.27
0.2676,0.2632
0.2954,0.2834
0.2532,0.2595
0.2617,0.2467
0.2135,0.2377
0.2316,0.2314
0.2081,0.202
0.2037,0.1968
0.2468,0.2397
0.3003,0.293
0.2333,0.2354
0.2365,0.2347
0.2373,0.2305
0.2365,0.235
0.2507,0.2462
0.271,0.2734
0.2505,0.2551
0.2593,0.2588
0.2505,0.2482
0.214,0.2085
0.2494,0.2402
0.2318,0.2284
0.231,0.2344
0.2708,0.2491
0.2407,0.2368
0.2261,0.2375
0.1908,0.1953
0.2401,0.2344
0.2444,0.2439
0.2505,0.2463
0.2399,0.2285
0.2418,0.2502
0.2435,0.2703
0.2395,0.2389
0.2128,0.223
0.2021,0.1997
0.2206,0.2318
0.1891,0.1869
0.2415,0.2291
0.2062,0.2178
0.2279,0.2139
0.2062,0.2084
0.2524,0.252
0.2566,0.2537
0.2979,0.301
0.2847,0.2988
0.221,0.2106
0.3071,0.3103
0.2189,0.2302
0.3088,0.3062
0.2345,0.2351
0.2336,0.231
0.2693,0.2773
0.267,0.2769
0.267,0.2769
0.2612,0.2754
0.3171,0.3198
0.2922,0.297
0.3098,0.3103
0.2483,0.2433
0.2312,0.2314
0.2395,0.2465
0.2607,0.2482
0.2296,0.2373
0.2412,0.2345
0.25,0.2607
0.2251,0.2363
0.2494,0.26
0.2324,0.2264
0.253,0.2477
0.2408,0.2457
0.2668,0.2524
0.2445,0.2454
0.2744,0.273
0.2397,0.2351
0.2407,0.27
0.2517,0.263
0.266,0.2654
0.2659,0.2651
0.2646,0.2534
0.2368,0.2286
0.2832,0.2727
0.2747,0.282
0.252,0.2573
0.277,0.2708
0.2683,0.2769
0.2146,0.2184
0.2218,0.2166
0.2168,0.2258
0.2058,0.2123
0.1971,0.1771
0.1818,0.1984
0.2546,0.257
0.2502,0.2546
0.247,0.2384
0.245,0.2455
0.3005,0.294
0.293,0.3052
0.2411,0.247
0.1818,0.1683
0.2346,0.2428
0.2267,0.2211
0.2183,0.2257
0.2627,0.2512
0.1862,0.1891
0.249,0.2499
0.2935,0.2974
0.2047,0.2007
0.2104,0.2144
0.1622,0.1887
0.1987,0.195
0.2515,0.2634
0.299,0.2947
0.2761,0.261
0.2554,0.2603
0.315,0.329
0.3176,0.3298
0.3115,0.3108
0.3296,0.348
0.312,0.3096
0.3367,0.3237
0.3357,0.3276
0.2495,0.2607
0.2389,0.2273
0.2273,0.2389
0.2844,0.283
0.2817,0.2817
0.2795,0.2805
0.2366,0.2363
0.2306,0.2332
0.2448,0.2428
0.2805,0.29
0.2363,0.2366
0.2397,0.2393
0.2817,0.2817
0.2815,0.2732
0.289,0.278
0.2615,0.2715
0.2058,0.2043
0.2179,0.2313
0.2468,0.2416
0.2413,0.246
0.2325,0.2415
0.2314,0.2212
0.2323,0.2411
0.2339,0.2317
0.2401,0.2346
0.1995,0.1989
0.2284,0.2155
0.2388,0.241
0.2183,0.2299
0.2019,0.1995
0.2042,0.2069
0.2236,0.2295
0.2079,0.2085
0.2059,0.2118
0.2313,0.2297
0.2281,0.2313
0.3171,0.3167
0.324,0.3235
0.305,0.312
0.2488,0.258
0.2494,0.2467
0.2705,0.2822
0.2554,0.2646
0.2585,0.2715
0.2732,0.256
0.2417,0.2499
0.2573,0.2454
0.2412,0.263
0.2585,0.2673
0.2578,0.2428
0.2474,0.2275
0.2505,0.2451
0.2009,0.207
0.2659,0.2434
0.2866,0.301
0.2487,0.245
0.2556,0.2642
0.2583,0.2542
0.2944,0.273
0.2954,0.2986
0.2625,0.2512
0.2454,0.2413
0.3079,0.3054
0.2281,0.2307
0.2673,0.2666
0.272,0.2864
0.2394,0.2424
0.2328,0.2269
0.282,0.2668
0.308,0.3071
0.2932,0.304
0.268,0.2698
0.253,0.2485
0.2335,0.2345
0.246,0.2456
0.2365,0.2323
0.261,0.2598
0.2644,0.2703
0.2375,0.2365
0.2394,0.244
0.2883,0.288
0.2695,0.266
0.2205,0.2158
0.2012,0.2078
0.2842,0.2856
0.265,0.2595
0.2615,0.2695
0.2754,0.2842
0.229,0.2404
0.2185,0.2086
0.2408,0.2417
0.2832,0.2761
0.287,0.2903
0.2717,0.2703
0.2644,0.2693
0.2583,0.2595
0.2583,0.2722
0.3252,0.3186
0.3098,0.3018
0.3062,0.313
0.322,0.3286
0.2969,0.3005
0.3005,0.2954
0.2793,0.2805
0.243,0.245
0.2744,0.276
0.2734,0.2734
0.267,0.274
0.2712,0.2764
0.247,0.2605
0.1902,0.201
0.1908,0.1901
0.2196,0.2213
0.2715,0.2803
0.2288,0.2249
0.1952,0.2263
0.2378,0.2086
0.2355,0.2096
0.2365,0.2213
0.2194,0.1926
0.2373,0.235
0.2174,0.2369
0.2489,0.2456
0.2512,0.2421
0.243,0.255
0.2573,0.2512
0.1997,0.2137
0.2463,0.254
0.2072,0.242
0.2463,0.2386
0.2202,0.23
0.1837,0.1838
0.2568,0.2593
0.2556,0.264
0.249,0.254
0.2323,0.2336
0.2096,0.2284
0.2296,0.2313
0.2769,0.2908
0.2954,0.2861
0.2578,0.2593
0.2805,0.2869
0.2588,0.2773
0.2837,0.2585
0.2444,0.2386
0.2444,0.2458
0.2339,0.2375
0.2488,0.2502
0.2654,0.2566
0.2878,0.28
0.2532,0.259
0.2551,0.2534
0.251,0.2357
0.2249,0.2047
0.2203,0.2251
0.2386,0.2515
0.2053,0.2166
0.2578,0.2622
0.2281,0.2266
0.2283,0.222
0.2262,0.2222
0.214,0.2213
0.233,0.2313
0.2289,0.2338
0.2123,0.2195
0.2009,0.206
0.2883,0.2795
0.2327,0.2307
0.2302,0.2192
0.2734,0.2705
0.2666,0.2725
0.2277,0.2289
0.223,0.229
0.2247,0.231
0.2686,0.2491
0.259,0.2808
0.1796,0.2006
0.231,0.2126
0.2148,0.2423
0.245,0.2522
0.2406,0.2457
0.2415,0.2366
0.2395,0.2502
0.2578,0.2646
0.2434,0.2346
0.2598,0.256
0.2343,0.2382
0.2379,0.2354
0.2583,0.2493
0.2396,0.2406
0.2458,0.2412
0.2537,0.2485
0.2778,0.27
0.2607,0.2717
0.2325,0.2115
0.2651,0.256
0.3008,0.2969
0.207,0.2198
0.2085,0.2267
0.2556,0.2578
0.298,0.3132
0.2213,0.2212
0.2578,0.2455
0.2842,0.2847
0.2494,0.2474
0.2463,0.2461
0.2512,0.2378
0.259,0.2478
0.2391,0.2502
0.2427,0.2384
0.283,0.296
0.2505,0.2637
0.2515,0.2454
0.2432,0.2607
0.2515,0.2454
0.2227,0.2388
0.2235,0.2333
0.2325,0.2295
0.2344,0.2408
0.2544,0.2646
0.2722,0.2732
0.2522,0.256
0.27,0.2961
0.2034,0.2
0.2915,0.2942
0.2942,0.2935
0.3013,0.296
0.3008,0.2976
0.2908,0.2874
0.2808,0.2837
0.2642,0.234
0.231,0.251
0.2944,0.3027
0.2393,0.2361
0.243,0.2482
0.2467,0.2411
0.2466,0.2383
0.2284,0.2334
0.2411,0.2467
0.2383,0.2466
0.3198,0.3276
0.321,0.3262
0.3228,0.3157
0.3306,0.3247
0.2385,0.2559
0.2542,0.2386
0.2322,0.224
0.2793,0.291
0.2235,0.2347
0.3003,0.3096
0.2546,0.2566
0.3035,0.3018
0.2489,0.2527
0.2087,0.1886
0.2202,0.2236
0.2118,0.1973
0.192,0.2075
0.2452,0.2445
0.2437,0.2421
0.2898,0.2708
0.2783,0.2747
0.2751,0.2754
0.2776,0.2686
0.2798,0.2903
0.2585,0.2693
0.1948,0.1904
0.1888,0.1871
0.264,0.254
0.2925,0.2964
0.2988,0.2888
0.2786,0.2708
0.2568,0.2798
0.2725,0.2778
0.2786,0.2668
0.2625,0.272
0.2377,0.2214
0.2554,0.2401
0.2292,0.2502
0.265,0.251
0.2517,0.2515
0.2434,0.2573
0.2122,0.2109
0.321,0.3108
0.3096,0.3262
0.1982,0.2012
0.2008,0.206
0.2172,0.2244
0.2012,0.1982
0.256,0.2595
0.2585,0.2585
0.1891,0.1885
0.2583,0.26
0.2559,0.255
0.2507,0.2446
0.236,0.2365
0.2404,0.2418
0.2341,0.2291
0.2495,0.2483
0.2094,0.2389
0.2355,0.225
0.2299,0.2253
0.2568,0.2568
0.2274,0.2266
0.2444,0.2103
0.2603,0.2598
0.2693,0.277
0.2272,0.216
0.1947,0.1941
0.1967,0.192
0.2211,0.2208
0.277,0.277
0.28,0.2817
0.25,0.262
0.2822,0.271
0.272,0.2825
0.2783,0.284
0.2595,0.2554
0.2866,0.299
0.2734,0.2708
0.2157,0.2206
0.2395,0.2393
0.2335,0.2277
0.243,0.2468
0.2722,0.2698
0.2236,0.23
0.304,0.3003
0.2397,0.2365
0.2471,0.2445
0.2233,0.2311
0.2184,0.2329
0.2515,0.2485
0.2297,0.24
0.2983,0.3003
0.214,0.208
0.2292,0.2166
0.2201,0.2262
0.2386,0.2297
0.2238,0.2163
0.2151,0.215
0.2832,0.2727
0.2368,0.2311
0.2275,0.2262
0.264,0.2698
0.2727,0.27
0.1957,0.1926
0.2031,0.2074
0.1904,0.189
0.1932,0.1929
0.2115,0.2096
0.1952,0.1995
0.2081,0.2144
0.2042,0.1992
0.2336,0.2329
0.2803,0.2734
0.2725,0.2737
0.2261,0.2229
0.2512,0.258
0.2094,0.2268
0.2585,0.2527
0.2372,0.2292
0.2281,0.2275
0.2229,0.2261
0.2177,0.2179
0.1929,0.1973
0.247,0.2267
0.2183,0.1985
0.2054,0.2236
0.2308,0.2432
0.2261,0.2375
0.2299,0.2385
0.2042,0.2198
0.2281,0.2413
0.2152,0.2155
0.2345,0.2229
0.251,0.23
0.2288,0.2355
0.2128,0.202
0.2522,0.231
0.1923,0.1886
0.2336,0.2242
0.2532,0.2502
0.2576,0.2427
0.2417,0.2625
0.2191,0.2322
0.2283,0.239
0.2285,0.225
0.2328,0.2234
0.2308,0.2269
0.2278,0.228
0.26,0.2585
0.3079,0.3176
0.2391,0.2603
0.2742,0.2737
0.3274,0.3079
0.2566,0.2462
0.2668,0.2637
0.266,0.2698
0.2856,0.284
0.2979,0.2996
0.2878,0.2917
0.3066,0.3044
0.2659,0.259
0.2917,0.3
0.2986,0.3008
0.28,0.2764
0.2588,0.2617
0.272,0.2773
0.2559,0.2559
0.263,0.2634
0.2769,0.2864
0.284,0.28
0.2583,0.2615
0.2622,0.2588
0.2817,0.2898
0.3071,0.2827
0.283,0.2974
0.294,0.2854
0.1945,0.19
0.2137,0.2212
0.2158,0.2279
0.2109,0.2156
0.2446,0.2402
0.2306,0.2183
0.219,0.212
0.2244,0.2162
0.2437,0.2404
0.2864,0.2703
0.2744,0.2844
0.1898,0.1965
0.285,0.3064
0.2925,0.2983
0.3018,0.2898
0.2686,0.2756
0.3066,0.2942
0.277,0.2678
0.288,0.293
0.2788,0.268
0.3108,0.3108
0.2725,0.2825
0.309,0.3105
0.275,0.2659
0.2412,0.2374
0.2343,0.226
0.2258,0.2262
0.2361,0.2394
0.278,0.2932
0.2556,0.2467
0.2388,0.2388
0.2996,0.3005
0.27,0.2798
0.2388,0.2395
0.257,0.2512
0.2937,0.288
0.305,0.304
0.2747,0.2742
0.2847,0.284
0.2817,0.2861
0.244,0.2542
0.2544,0.2976
0.3005,0.302
0.306,0.3125
0.319,0.3066
0.2764,0.2876
0.318,0.31
0.2822,0.307
0.254,0.247
0.2778,0.2566
0.296,0.2783
0.2181,0.215
0.2181,0.2147
0.2578,0.2603
0.2438,0.2496
0.2217,0.2319
0.2263,0.222
0.2708,0.2664
0.257,0.2678
0.2421,0.2394
0.2659,0.262
0.2233,0.2158
0.2117,0.2263
0.247,0.2434
0.2217,0.2141
0.244,0.2451
0.2157,0.2197
0.2058,0.204
0.2058,0.2003
0.2349,0.2329
0.2397,0.2487
0.2686,0.2705
0.2688,0.2588
0.2437,0.2507
0.2856,0.2896
0.2722,0.2754
0.277,0.268
0.2812,0.2717
0.2439,0.2517
0.2476,0.2434
0.268,0.2744
0.2874,0.2869
0.2281,0.2324
0.2598,0.2443
0.2607,0.2627
0.266,0.264
0.2385,0.2388
0.2446,0.2449
0.2007,0.201
0.2317,0.2329
0.2374,0.2352
0.2218,0.2175
0.2217,0.2205
0.2368,0.2374
0.2242,0.2239
0.221,0.2227
0.2289,0.2306
0.2235,0.2244
0.2227,0.2086
0.206,0.2046
0.2037,0.2207
0.2222,0.2252
0.2264,0.2253
0.2377,0.241
0.2155,0.2175
0.228,0.2308
0.2522,0.2607
0.301,0.2957
0.2651,0.2573
0.3044,0.294
0.2913,0.3088
0.3098,0.3052
0.2217,0.2177
0.2144,0.2236
0.1934,0.1879
0.2091,0.2162
0.2181,0.2153
0.19,0.1924
0.2996,0.3052
0.2051,0.2065
0.2861,0.284
0.2856,0.2925
0.2396,0.2416
0.248,0.2373
0.2389,0.2377
0.2057,0.2316
0.275,0.2769
0.2876,0.2886
0.2927,0.2937
0.238,0.2383
0.2188,0.2037
0.2786,0.2815
0.2803,0.277
0.2754,0.2834
0.2854,0.2793
0.2974,0.2876
0.2441,0.2406
0.303,0.2915
0.1921,0.216
0.2756,0.2732
0.284,0.2754
0.2026,0.2252
0.2576,0.2382
0.2345,0.2206
0.2285,0.2551
0.2495,0.257
0.2094,0.2056
0.2363,0.225
0.2252,0.2157
0.2642,0.2627
0.2654,0.265
0.2683,0.267
0.2705,0.2688
0.2732,0.2893
0.268,0.2715
0.2747,0.2734
0.2727,0.2715
0.2712,0.2678
0.2996,0.2961
0.27,0.2722
0.2935,0.3013
0.2886,0.3066
0.301,0.2866
0.276,0.2805
0.2668,0.264
0.2489,0.2502
0.2042,0.208
0.2732,0.274
0.2478,0.2333
0.2708,0.2478
0.2695,0.2479
0.252,0.2737
0.2761,0.2686
0.2622,0.2698
0.2637,0.2722
0.235,0.2367
0.2383,0.2356
0.2214,0.2206
0.2225,0.2194
0.3005,0.3018
0.2198,0.2314
0.2886,0.28
0.2905,0.2927
0.2815,0.2898
0.2993,0.2983
0.3013,0.3027
0.294,0.3035
0.2976,0.2988
0.2554,0.2554
0.2524,0.2502
0.2524,0.2537
0.2722,0.288
0.2612,0.2585
0.284,0.2837
0.2517,0.256
0.2563,0.2498
0.2805,0.2773
0.2866,0.2686
0.23,0.2229
0.221,0.2207
0.224,0.2166
0.2418,0.2383
0.2375,0.2452
0.2395,0.2517
0.2427,0.2556
0.2451,0.2383
0.2478,0.2476
0.2524,0.2544
0.2585,0.2472
0.2354,0.2172
0.2017,0.2172
0.2113,0.2074
0.1952,0.189
0.2179,0.2155
0.2205,0.2236
0.2622,0.2554
0.2196,0.2179
0.248,0.258
0.2637,0.2612
0.2605,0.244
0.2413,0.2542
0.2084,0.2238
0.2463,0.2451
0.2296,0.2142
0.2876,0.3074
0.2632,0.2722
0.254,0.27
0.2676,0.2668
0.2341,0.2413
0.2281,0.226
0.2416,0.2305
0.2842,0.286
0.287,0.2866
0.2952,0.2917
0.2861,0.2852
0.2842,0.2812
0.286,0.2852
0.2847,0.2834
0.2803,0.2773
0.2479,0.254
0.2773,0.2834
0.2517,0.2471
0.2996,0.3025
0.318,0.3247
0.303,0.302
0.1901,0.2085
0.2935,0.2231
0.2054,0.1945
0.255,0.2484
0.2361,0.2437
0.2507,0.2551
0.2468,0.2534
0.279,0.2786
0.2742,0.2825
0.1904,0.1923
0.2678,0.2766
0.2847,0.2847
0.2031,0.2036
0.1989,0.1964
0.271,0.2686
0.283,0.2864
0.2715,0.281
0.2896,0.2844
0.2969,0.2898
0.2927,0.2922
0.266,0.277
0.266,0.262
0.256,0.2542
0.2273,0.2354
0.2637,0.2534
0.2308,0.2192
0.2328,0.2382
0.2937,0.2734
0.2947,0.2756
0.3103,0.2903
0.292,0.2695
0.291,0.2693
0.2922,0.2815
0.2913,0.2942
0.2725,0.2742
0.3,0.3022
0.2874,0.2974
0.2795,0.2798
0.3025,0.3022
0.298,0.297
0.2568,0.282
0.2727,0.2703
0.2537,0.2786
0.2793,0.2795
0.2021,0.2117
0.3208,0.3127
0.2705,0.3113
0.277,0.303
0.2644,0.3032
0.3105,0.3088
0.2283,0.2343
0.2019,0.1913
0.2058,0.2109
0.2299,0.2228
0.2524,0.2344
0.2433,0.2406
0.2344,0.2524
0.2444,0.2625
0.2479,0.2426
0.2654,0.2651
0.2695,0.2773
0.2815,0.2764
0.2913,0.2874
0.2605,0.2615
0.2712,0.2808
0.2954,0.293
0.2837,0.2844
0.2898,0.2874
0.2935,0.2966
0.2834,0.2983
0.2524,0.2534
0.2361,0.2401
0.2363,0.2251
0.2593,0.258
0.2395,0.2289
0.2246,0.231
0.2234,0.2412
0.2566,0.255
0.24,0.2327
0.2622,0.2502
0.2534,0.2532
0.2098,0.2206
0.2206,0.2098
0.275,0.2742
0.269,0.2803
0.2756,0.2693
0.2786,0.2766
0.2947,0.297
0.269,0.2424
0.2454,0.269
0.231,0.2319
0.2383,0.2444
0.2042,0.1992
0.2025,0.2052
0.2844,0.2798
0.2725,0.2747
0.271,0.266
0.2654,0.2612
0.1947,0.1858
0.1884,0.1965
0.2362,0.2463
0.2656,0.2737
0.2305,0.2311
0.22,0.2167
0.273,0.2578
0.229,0.2306
0.2255,0.2289
0.2261,0.2507
0.226,0.2262
0.2277,0.2261
0.2698,0.2695
0.2534,0.2325
0.2303,0.2241
0.2214,0.2244
0.2483,0.2654
0.2207,0.2174
0.2646,0.2404
0.2495,0.2484
0.2603,0.2576
0.2705,0.2583
0.253,0.274
0.2766,0.293
0.233,0.2524
0.2756,0.2793
0.1984,0.2069
0.2483,0.246
0.2942,0.2727
0.2625,0.2593
0.2842,0.2793
0.2322,0.2446
0.278,0.2698
0.2744,0.277
0.1633,0.1686
0.2673,0.2725
0.2744,0.2644
0.1738,0.1593
0.289,0.2688
0.2542,0.2477
0.2499,0.2399
0.2974,0.29
0.2241,0.223
0.2145,0.227
0.29,0.2937
0.2886,0.2922
0.198,0.1967
0.2242,0.2253
0.1962,0.2007
0.2976,0.293
0.244,0.2546
0.2522,0.2595
0.2822,0.295
0.296,0.2834
0.2448,0.2443
0.1891,0.2314
0.261,0.26
0.297,0.2935
0.2905,0.2932
0.2925,0.2866
0.2786,0.2974
0.2866,0.2769
0.2803,0.2866
0.3,0.2935
0.277,0.2861
0.2474,0.2617
0.2722,0.2632
0.264,0.2537
0.2966,0.2976
0.205,0.2015
0.2189,0.2167
0.216,0.1975
0.2161,0.2172
0.2827,0.2725
0.2075,0.2113
0.2754,0.2683
0.3071,0.3108
0.2588,0.2627
0.2842,0.2874
0.2218,0.2264
0.2717,0.2651
0.265,0.2715
0.2634,0.261
0.2238,0.2224
0.2251,0.2207
0.2043,0.2123
0.2537,0.2559
0.267,0.2634
0.2698,0.257
0.257,0.2734
0.2703,0.276
0.2808,0.275
0.2812,0.2737
0.2417,0.2527
0.2325,0.2378
0.2903,0.2878
0.2515,0.2356
0.3047,0.2976
0.276,0.2703
0.2803,0.2827
0.3005,0.3152
0.2844,0.2886
0.2502,0.225
0.2573,0.262
0.2378,0.2446
0.284,0.2896
0.2169,0.2456
0.2693,0.2915
0.293,0.2861
0.2776,0.285
0.2888,0.2786
0.2502,0.2148
0.27,0.2683
0.2612,0.2683
0.2944,0.3057
0.2368,0.2468
0.2517,0.2622
0.1844,0.1786
0.2217,0.2135
0.2494,0.26
0.2468,0.2368
0.2465,0.2625
0.188,0.1918
0.2712,0.2634
0.2261,0.2195
0.2686,0.2659
0.2401,0.2408
0.25,0.2673
0.282,0.2847
0.2063,0.203
0.208,0.1984
0.1963,0.1995
0.2002,0.2001
0.2136,0.2019
0.2115,0.212
0.1976,0.2043
0.1941,0.1991
0.2676,0.2769
0.2742,0.2744
0.2625,0.2632
0.2537,0.2607
0.2427,0.2362
0.2476,0.2478
0.3044,0.3013
0.2922,0.2988
0.3032,0.3015
0.28,0.2922
0.3032,0.2964
0.2932,0.274
0.2284,0.2301
0.2698,0.278
0.229,0.2231
0.278,0.275
0.3005,0.3076
0.2213,0.2177
0.237,0.2341
0.2161,0.2208
0.2396,0.2305
0.2059,0.2128
0.2131,0.2216
0.234,0.2405
0.228,0.2336
0.2222,0.2164
0.2213,0.2186
0.2141,0.2104
0.298,0.306
0.3044,0.295
0.2747,0.2761
0.2922,0.2993
0.2954,0.3018
0.2908,0.2961
0.2942,0.279
0.3071,0.3115
0.2986,0.2832
0.3108,0.3088
0.3052,0.2896
0.2118,0.1968
0.2003,0.2017
0.1919,0.2015
0.3142,0.3132
0.3167,0.316
0.3286,0.3215
0.3271,0.3125
0.314,0.3257
0.2603,0.2527
0.2507,0.2598
0.2815,0.287
0.287,0.278
0.2969,0.2905
0.2668,0.257
0.265,0.2598
0.2563,0.2462
0.2095,0.2118
0.2125,0.216
0.2168,0.2167
0.2198,0.2144
0.2205,0.2166
0.2834,0.2864
0.2905,0.2864
0.3005,0.2957
0.2998,0.29
0.2869,0.298
0.2118,0.2401
0.1818,0.1776
0.202,0.19
0.2152,0.2054
0.2135,0.2069
0.1951,0.2051
0.1827,0.1891
0.2218,0.2291
0.2266,0.2256
0.2188,0.2167
0.2174,0.2168
0.2761,0.2878
0.278,0.2776
0.285,0.2737
0.2854,0.2815
0.2847,0.2896
0.2805,0.2798
0.2654,0.2703
0.2805,0.2798
0.2756,0.2756
0.277,0.2673
0.2693,0.2695
0.283,0.271
0.2678,0.2698
0.2986,0.3147
0.251,0.2379
0.2534,0.2416
0.2659,0.2764
0.2003,0.1934
0.2325,0.2485
0.1866,0.1937
0.2358,0.2474
0.2505,0.2484
0.2295,0.2219
0.2484,0.2642
0.2695,0.2505
0.2472,0.2542
0.2278,0.2299
0.2717,0.27
0.2603,0.2612
0.2411,0.2363
0.2693,0.2708
0.2651,0.2705
0.2703,0.2778
0.2766,0.2615
0.2411,0.2363
0.2542,0.2473
0.261,0.2644
0.256,0.252
0.281,0.266
0.2563,0.263
0.2737,0.2905
0.3013,0.292
0.2837,0.2883
0.2144,0.2167
0.272,0.265
0.275,0.276
0.2817,0.2588
0.2798,0.2654
0.2334,0.2385
0.2421,0.2505
0.2473,0.2761
0.2654,0.2798
0.2761,0.2473
0.2505,0.2421
0.278,0.265
0.2617,0.2683
0.2632,0.2676
0.277,0.2664
0.2974,0.302
0.2417,0.2468
0.2482,0.2566
0.2637,0.2551
0.2913,0.2961
0.2229,0.2178
0.2896,0.2874
0.2717,0.261
0.26,0.2642
0.2216,0.2134
0.2573,0.2673
0.261,0.2566
0.2532,0.282
0.2905,0.2703
0.3044,0.3127
0.2683,0.2654
0.3115,0.306
0.2998,0.296
0.2957,0.3018
0.3005,0.291
0.298,0.2913
0.294,0.302
0.2588,0.263
0.2556,0.2559
0.1985,0.1874
0.1907,0.2002
0.1982,0.1973
0.2644,0.2625
0.2634,0.2644
0.2695,0.2737
0.2742,0.271
0.2654,0.265
0.249,0.2467
0.2158,0.2068
0.2585,0.2554
0.2194,0.1927
0.2169,0.2069
0.2202,0.2098
0.2583,0.2654
0.1974,0.1967
0.2622,0.261
0.2029,0.2035
0.2386,0.2031
0.2164,0.2268
0.2727,0.2703
0.296,0.2905
0.2878,0.279
0.2659,0.27
0.2896,0.295
0.2808,0.2798
0.2776,0.2864
0.2844,0.2825
0.2698,0.2654
0.2688,0.2722
0.2795,0.2856
0.2495,0.2489
0.241,0.2361
0.2349,0.2391
0.2874,0.2913
0.2415,0.2484
0.3328,0.3223
0.325,0.3237
0.261,0.2708
0.2725,0.2717
0.2825,0.291
0.251,0.2651
0.248,0.2715
0.2576,0.261
0.2174,0.2198
0.2334,0.2365
0.235,0.238
0.2451,0.2421
0.277,0.2766
0.2808,0.2754
0.2542,0.2449
0.1837,0.1941
0.2908,0.2932
0.2915,0.2935
0.2705,0.267
0.2542,0.268
0.2676,0.2656
0.2502,0.2522
0.2563,0.26
0.261,0.2695
0.2603,0.267
0.3083,0.2996
0.2627,0.2603
0.3113,0.3027
0.2878,0.29
0.2588,0.2603
0.287,0.29
0.3071,0.2979
0.312,0.303
0.256,0.255
0.2688,0.2632
0.2313,0.242
0.2433,0.2573
0.2281,0.2269
0.294,0.2917
0.2979,0.3022
0.2732,0.2659
0.23,0.2368
0.2351,0.24
0.2416,0.2512
0.2676,0.273
0.29,0.29
0.268,0.2788
0.279,0.2876
0.2289,0.2355
0.2299,0.2235
0.2242,0.2062
0.2683,0.2678
0.2766,0.274
0.2086,0.1998
0.2585,0.2576
0.2106,0.2008
0.2131,0.2163
0.283,0.2727
0.2473,0.252
0.2856,0.274
0.2842,0.278
0.2988,0.3013
0.306,0.3032
0.2484,0.2551
0.2415,0.2373
0.2448,0.2573
0.244,0.2418
0.2412,0.236
0.2301,0.2305
0.2476,0.2666
0.247,0.2717
0.213,0.2383
0.2747,0.2573
0.258,0.2566
0.2622,0.2605
0.2355,0.2241
0.2756,0.2583
0.2246,0.2142
0.2087,0.221
0.2388,0.2257
0.2441,0.2605
0.247,0.2383
0.3281,0.3145
0.2686,0.2544
0.2322,0.2303
0.2773,0.278
0.256,0.267
0.2335,0.2341
0.311,0.3242
0.2834,0.2817
0.2632,0.2563
0.2233,0.2235
0.2493,0.2559
0.2286,0.2289
0.2211,0.2129
0.2129,0.2211
0.252,0.238
0.254,0.246
0.2428,0.2477
0.257,0.2622
0.251,0.2634
0.2605,0.256
0.2637,0.28
0.247,0.2377
0.2278,0.2405
0.2318,0.2465
0.2363,0.2377
0.2559,0.2712
0.2822,0.2654
0.2617,0.252
0.231,0.2313
0.2426,0.2489
0.2399,0.2295
0.295,0.2832
0.2878,0.2903
0.2256,0.2222
0.2354,0.2434
0.2225,0.2227
0.2308,0.2334
0.2104,0.2043
0.2715,0.2656
0.2457,0.241
0.2094,0.2147
0.2703,0.2673
0.2507,0.2527
0.2439,0.2383
0.2214,0.2151
0.2227,0.2343
0.2363,0.2406
0.2452,0.2428
0.2108,0.2091
0.286,0.277
0.2399,0.2446
0.256,0.2507
0.2406,0.2441
0.2325,0.2323
0.2286,0.2208
0.2289,0.2303
0.2341,0.2338
0.267,0.2769
0.2361,0.2429
0.2421,0.2396
0.2468,0.2556
0.2352,0.2378
0.2372,0.2374
0.2275,0.2297
0.252,0.2487
0.2479,0.256
0.2512,0.2415
0.2206,0.2473
0.2292,0.2324
0.2559,0.2559
0.2302,0.2262
0.2279,0.2369
0.2474,0.2212
0.3037,0.3088
0.2551,0.2522
0.2683,0.263
0.2693,0.2693
0.2281,0.2305
0.261,0.26
0.26,0.2556
0.2428,0.24
0.2566,0.261
0.2324,0.2289
0.2603,0.2507
0.2686,0.2676
0.2563,0.264
0.2217,0.211
0.2634,0.258
0.2393,0.2338
0.2228,0.236
0.2219,0.2367
0.2261,0.2408
0.2114,0.2236
0.1997,0.2115
0.2598,0.2646
0.2502,0.258
0.2352,0.23
0.2217,0.2183
0.2732,0.2693
0.285,0.2795
0.317,0.3096
0.294,0.3025
0.2457,0.2448
0.2686,0.2686
0.2654,0.2656
0.2686,0.2664
0.258,0.2559
0.2651,0.2627
0.2676,0.2554
0.2725,0.2761
0.2147,0.217
0.2727,0.2742
0.3245,0.3323
0.326,0.3289
0.3015,0.3005
0.3108,0.3083
0.333,0.334
0.267,0.2754
0.2744,0.274
0.2114,0.2157
0.3152,0.3057
0.3147,0.304
0.3086,0.3054
0.32,0.3037
0.317,0.304
0.2404,0.2429
0.255,0.2471
0.2393,0.2465
0.246,0.2418
0.3398,0.342
0.3403,0.3435
0.348,0.3464
0.34,0.3357
0.276,0.2834
0.2751,0.2844
0.285,0.2622
0.3147,0.3018
0.3188,0.304
0.3147,0.3018
0.3171,0.3086
0.3057,0.2976
0.2678,0.28
0.2961,0.3044
0.3027,0.3137
0.2844,0.2688
0.2375,0.2413
0.2023,0.208
0.2642,0.2634
0.2698,0.2727
0.254,0.2576
0.2338,0.2418
0.3013,0.305
0.2798,0.2756
0.2148,0.2086
0.2966,0.3035
0.2654,0.2622
0.2346,0.2275
0.2017,0.2133
0.2372,0.2344
0.2471,0.2322
0.2322,0.2471
0.2281,0.2312
0.2307,0.2515
0.256,0.2542
0.2313,0.2168
0.2478,0.256
0.2483,0.2417
0.2407,0.247
0.2932,0.2935
0.2935,0.27
0.2847,0.3037
0.2295,0.2377
0.2288,0.2184
0.2351,0.233
0.2213,0.2246
0.2563,0.2477
0.2695,0.257
0.304,0.294
0.2505,0.244
0.2397,0.227
0.2612,0.2612
0.2192,0.2087
0.2507,0.2433
0.2527,0.257
0.2247,0.2336
0.244,0.2482
0.2292,0.2384
0.2415,0.2396
0.255,0.2393
0.2428,0.2317
0.1929,0.1975
0.2046,0.2122
0.191,0.1904
0.3018,0.31
0.2395,0.256
0.2554,0.261
0.2354,0.2375
0.2421,0.2456
0.2646,0.2705
0.2832,0.2893
0.2412,0.2468
0.2385,0.2303
0.2499,0.2373
0.1884,0.2031
0.2211,0.2024
0.2507,0.2527
0.2527,0.2507
0.2405,0.2456
0.2566,0.2399
0.2676,0.262
0.2686,0.2725
0.2115,0.2319
0.2676,0.2744
0.2756,0.277
0.285,0.2766
0.2727,0.2778
0.2832,0.277
0.2852,0.285
0.278,0.2764
0.2834,0.292
0.2179,0.2231
0.2078,0.2134
0.2098,0.2219
0.237,0.251
0.2089,0.2052
0.2424,0.28
0.304,0.311
0.3086,0.299
0.2405,0.2416
0.2255,0.2443
0.238,0.2405
0.242,0.2418
0.2415,0.2395
0.2328,0.208
0.2267,0.216
0.2389,0.2404
0.2113,0.2162
0.2362,0.2377
0.2332,0.2369
0.234,0.2445
0.2194,0.2242
0.2366,0.238
0.2491,0.2524
0.2168,0.2112
0.2318,0.2261
0.2537,0.2411
0.2438,0.2415
0.2515,0.2444
0.2325,0.245
0.2268,0.2256
0.2218,0.2322
0.2644,0.2637
0.2422,0.2502
0.2673,0.2656
0.254,0.2551
0.265,0.2676
0.266,0.268
0.2534,0.2505
0.2585,0.255
0.2593,0.26
0.2715,0.2666
0.2756,0.2637
0.2678,0.2659
0.266,0.2656
0.2676,0.2776
0.2832,0.2861
0.2773,0.273
0.257,0.2473
0.253,0.2622
0.2544,0.2512
0.2544,0.2576
0.2007,0.2021
0.1987,0.2003
0.1721,0.1746
0.255,0.2673
0.2089,0.2195
0.2756,0.2654
0.2537,0.2374
0.2177,0.2169
0.2534,0.2563
0.2654,0.2664
0.2583,0.2632
0.2239,0.2191
0.3198,0.3223
0.2693,0.2715
0.2693,0.2651
0.3171,0.3064
0.1998,0.2129
0.21,0.1935
0.281,0.2822
0.2847,0.2886
0.3003,0.2996
0.2659,0.2751
0.2742,0.2747
0.2388,0.2404
0.2186,0.2153
0.322,0.3342
0.3132,0.3264
0.3157,0.3093
0.3245,0.318
0.2009,0.2043
0.2046,0.2064
0.2012,0.1952
0.2015,0.2023
0.2347,0.2297
0.1996,0.199
0.2075,0.2039
0.2026,0.2029
0.2,0.204
0.2292,0.2351
0.2532,0.2666
0.2167,0.2277
0.2028,0.2091
0.1912,0.2002
0.228,0.241
0.2018,0.1825
0.2002,0.1893
0.189,0.1875
0.1825,0.2018
0.2556,0.2472
0.2317,0.2289
0.2104,0.2015
0.2314,0.221
0.2118,0.2057
0.2119,0.2218
0.2405,0.2468
0.1947,0.2081
0.2341,0.2203
0.2617,0.2683
0.2683,0.2756
0.2323,0.2347
0.2798,0.2656
0.2423,0.2322
0.2383,0.2494
0.2034,0.1903
0.1769,0.1804
0.1962,0.2048
0.1769,0.1824
0.1683,0.1713
0.1791,0.1713
0.1804,0.1769
0.2401,0.2302
0.2406,0.2345
0.2627,0.274
0.2067,0.2051
0.2332,0.2406
0.2024,0.2129
0.2123,0.2144
0.2268,0.2166
0.2422,0.2542
0.203,0.2096
0.2123,0.211
0.2122,0.2122
0.1732,0.1803
0.201,0.203
0.1979,0.2018
0.2167,0.2156
0.2095,0.2096
0.2251,0.2363
0.2184,0.23
0.2141,0.2075
0.2698,0.2542
0.2338,0.2235
0.2023,0.2037
0.1956,0.1924
0.274,0.2703
0.2189,0.2264
0.2189,0.2084
0.2703,0.2676
0.2152,0.2122
0.2103,0.2169
0.2281,0.2231
0.2053,0.2068
0.2292,0.2386
0.2466,0.2443
0.2468,0.254
0.202,0.2125
0.2471,0.2527
0.2546,0.254
0.2583,0.2761
0.2576,0.2712
0.2651,0.2507
0.2135,0.2118
0.243,0.2214
0.21,0.2263
0.288,0.2905
0.2954,0.2915
0.2856,0.2886
0.2993,0.29
0.3123,0.3337
0.2944,0.2905
0.2612,0.2522
0.2937,0.2837
0.264,0.2678
0.2866,0.2927
0.2954,0.2915
0.2603,0.2632
0.293,0.2944
0.2297,0.2317
0.2347,0.2439
0.2133,0.2396
0.2192,0.2283
0.2286,0.2194
0.2966,0.3
0.3037,0.3079
0.2434,0.2393
0.2458,0.2432
0.2817,0.2896
0.2744,0.2747
0.273,0.267
0.2472,0.252
0.2537,0.2551
0.2489,0.246
0.2935,0.3025
0.2411,0.2426
0.2861,0.2744
0.3152,0.3184
0.2932,0.2788
0.301,0.2937
0.3145,0.314
0.2903,0.2764
0.2925,0.2896
0.2896,0.2905
0.2883,0.294
0.2388,0.2429
0.2683,0.272
0.2316,0.2284
0.2322,0.2296
0.2,0.2013
0.193,0.2025
0.2299,0.2382
0.2367,0.2278
0.2886,0.2876
0.2483,0.266
0.2957,0.296
0.2715,0.255
0.2476,0.2524
0.2428,0.2404
0.2627,0.263
0.2588,0.263
0.265,0.271
0.2468,0.2607
0.2487,0.254
0.2499,0.2664
0.2607,0.2468
0.2622,0.2727
0.2625,0.2478
0.2664,0.2499
0.2537,0.2654
0.2913,0.2852
0.2795,0.2793
0.2815,0.2769
0.2637,0.2668
0.2957,0.2964
0.3389,0.3455
0.3008,0.2905
0.265,0.2603
0.3423,0.3354
0.2744,0.274
0.3152,0.3203
0.311,0.3135
0.3235,0.3088
0.2932,0.2852
0.2585,0.2947
0.3164,0.3074
0.2778,0.2289
0.228,0.2253
0.24,0.246
0.2598,0.2664
0.2229,0.2262
0.2673,0.261
0.2245,0.2201
0.2224,0.224
0.2354,0.232
0.2163,0.2151
0.2006,0.1956
0.2527,0.2462
0.2109,0.2152
0.2301,0.2324
0.2029,0.1968
0.2318,0.2351
0.1986,0.2046
0.2356,0.2242
0.2454,0.2473
0.222,0.2312
0.2515,0.2524
0.2683,0.2705
0.2379,0.229
0.262,0.2612
0.2388,0.2367
0.2927,0.283
0.2186,0.2169
0.242,0.2446
0.2435,0.2438
0.2869,0.2944
0.247,0.2417
0.2524,0.2598
0.2595,0.257
0.248,0.2544
0.2291,0.23
0.2708,0.26
0.2534,0.2625
0.2299,0.222
0.22,0.2568
0.2444,0.2458
0.2438,0.2329
0.2448,0.2362
0.2422,0.2379
0.259,0.263
0.25,0.2544
0.216,0.223
0.2502,0.2534
0.2627,0.2598
0.2057,0.2145
0.2286,0.2241
0.2197,0.2112
0.2078,0.2091
0.2345,0.2384
0.2362,0.2252
0.2263,0.2415
0.2734,0.2764
0.2656,0.2651
0.2695,0.2659
0.2166,0.2202
0.2494,0.2366
0.2515,0.2416
0.243,0.2489
0.274,0.2803
0.2356,0.2391
0.2786,0.2842
0.2156,0.209
0.2106,0.2052
0.2107,0.205
0.2062,0.2106
0.2072,0.1951
0.2107,0.2085
0.2267,0.2175
0.2012,0.2039
0.2047,0.2139
0.2036,0.2023
0.1926,0.2056
0.2444,0.2517
0.2537,0.245
0.3113,0.307
0.2815,0.2876
0.291,0.2754
0.2788,0.2617
0.3003,0.3098
0.267,0.2817
0.2563,0.2532
0.256,0.2537
0.248,0.2493
0.2585,0.2595
0.2482,0.2499
0.2233,0.2311
0.2651,0.2822
0.276,0.2773
0.2512,0.2588
0.2766,0.2678
0.2415,0.2266
0.3213,0.3196
0.3186,0.3215
0.2291,0.2186
0.2483,0.2603
0.2275,0.2397
0.235,0.2343
0.224,0.2192
0.2712,0.2556
0.24,0.2515
0.2446,0.254
0.2122,0.2148
0.2812,0.2812
0.2869,0.2852
0.2583,0.2751
0.2642,0.2554
0.2537,0.2673
0.2275,0.2244
0.2025,0.2087
0.2402,0.2352
0.2101,0.2017
0.2266,0.2231
0.2401,0.2429
0.2869,0.282
0.2382,0.2415
0.2979,0.2878
0.2664,0.2651
0.26,0.26
0.2365,0.231
0.277,0.2793
0.2827,0.283
0.3186,0.3098
0.2683,0.2751
0.288,0.286
0.2056,0.2102
0.2637,0.2534
0.2502,0.2498
0.2537,0.2612
0.2386,0.2368
0.2451,0.245
0.2148,0.2107
0.2844,0.2808
0.2783,0.286
0.279,0.284
0.2903,0.2793
0.2363,0.2437
0.1956,0.1968
0.2202,0.213
0.2703,0.2654
0.2445,0.2429
0.2444,0.235
0.2189,0.2258
0.2769,0.2773
0.261,0.265
0.248,0.2432
0.2068,0.2032
0.2085,0.2029
0.273,0.2578
0.2087,0.2068
0.2668,0.2632
0.2732,0.2712
0.2974,0.2842
0.289,0.2769
0.2937,0.295
0.299,0.3062
0.3018,0.3037
0.286,0.2935
0.288,0.283
0.285,0.285
0.2996,0.295
0.307,0.2908
0.275,0.2761
0.2377,0.2317
0.2328,0.2394
0.1945,0.2058
0.2805,0.2722
0.2673,0.2585
0.277,0.283
0.2656,0.2717
0.2888,0.2766
0.254,0.259
0.2458,0.2396
0.272,0.2786
0.2593,0.284
0.1959,0.1968
0.2712,0.269
0.2617,0.2576
0.2456,0.259
0.2615,0.258
0.2483,0.265
0.2805,0.2598
0.2656,0.2495
0.2659,0.276
0.2668,0.2673
0.2778,0.2822
0.2664,0.2712
0.2076,0.1998
0.2576,0.248
0.2289,0.2347
0.2103,0.2153
0.2288,0.2141
0.2428,0.2405
0.2405,0.2451
0.2407,0.2457
0.3003,0.2898
0.2883,0.2979
0.2284,0.2294
0.2302,0.2306
0.276,0.2712
0.2428,0.2496
0.2421,0.254
0.297,0.3008
0.3,0.296
0.3013,0.2917
0.3127,0.308
0.2722,0.2935
0.2299,0.218
0.2421,0.2551
0.2145,0.2045
0.2219,0.211
0.2155,0.2435
0.305,0.288
0.3008,0.297
0.2932,0.2905
0.2196,0.216
0.285,0.291
0.2908,0.2969
0.2903,0.292
0.2966,0.3
0.2264,0.2255
0.2428,0.2275
0.2285,0.2278
0.2198,0.2192
0.309,0.3005
0.2194,0.2258
0.226,0.2249
0.246,0.2688
0.2646,0.2427
0.2222,0.2178
0.2192,0.2246
0.208,0.2096
0.2126,0.2216
0.2133,0.2051
0.203,0.1962
0.2301,0.2106
0.1862,0.1912
0.2008,0.2163
0.22,0.2174
0.2087,0.2189
0.2053,0.2234
0.2144,0.2043
0.2678,0.2622
0.2803,0.2832
0.2173,0.2081
0.28,0.2834
0.2717,0.2622
0.2622,0.2673
0.2898,0.3088
0.3054,0.3147
0.3164,0.3013
0.3088,0.2898
0.3176,0.308
0.3157,0.3162
0.2467,0.2416
0.2966,0.3008
0.304,0.3025
0.303,0.2988
0.299,0.301
0.3042,0.3013
0.303,0.2988
0.3042,0.3013
0.221,0.2153
0.2258,0.2242
0.2644,0.284
0.2485,0.267
0.2651,0.2866
0.2866,0.2715
0.2942,0.276
0.2615,0.2634
0.2673,0.254
0.2122,0.2021
0.2466,0.2397
0.216,0.221
0.2225,0.2078
0.2367,0.2395
0.2189,0.2157
0.2046,0.2037
0.217,0.2119
0.2168,0.2208
0.2737,0.2734
0.2075,0.2181
0.2312,0.2357
0.2656,0.2734
0.2075,0.2094
0.2009,0.2106
0.2551,0.2471
0.2406,0.2554
0.301,0.2993
0.2896,0.296
0.2542,0.2612
0.2405,0.2432
0.2406,0.2517
0.2428,0.2361
0.2068,0.2179
0.2399,0.2473
0.2737,0.286
0.261,0.2722
0.2214,0.2214
0.252,0.2454
0.2935,0.2783
0.2373,0.247
0.2607,0.2908
0.2576,0.2478
0.2349,0.2247
0.2104,0.2136
0.2177,0.2152
0.263,0.272
0.2625,0.263
0.2483,0.2527
0.2216,0.2218
0.2267,0.2396
0.252,0.2493
0.2148,0.217
0.2471,0.2478
0.2546,0.2542
0.2349,0.2273
0.2435,0.2483
0.2754,0.2744
0.2339,0.2395
0.2517,0.2485
0.2493,0.2487
0.2462,0.2489
0.2603,0.2489
0.2864,0.285
0.2866,0.2886
0.2527,0.2505
0.2734,0.276
0.2664,0.2747
0.2676,0.26
0.2734,0.2693
0.2695,0.2776
0.2725,0.2861
0.2676,0.2725
0.2734,0.2712
0.2693,0.2773
0.2236,0.2216
0.2255,0.2231
0.2207,0.2184
0.222,0.223
0.2942,0.2988
0.296,0.2952
0.2186,0.22
0.1798,0.1865
0.2615,0.2625
0.2542,0.2524
0.2484,0.246
0.2098,0.2112
0.262,0.2607
0.2178,0.2137
0.2195,0.22
0.2189,0.2169
0.2484,0.2479
0.2449,0.2489
0.2465,0.241
0.2028,0.1914
0.2102,0.206
0.2189,0.2253
0.2117,0.2124
0.1968,0.1925
0.2393,0.2467
0.2644,0.2585
0.2461,0.2411
0.2233,0.2148
0.1866,0.1746
0.2136,0.2214
0.1957,0.1927
0.2217,0.2299
0.281,0.2783
0.263,0.2651
0.2888,0.2866
0.2754,0.2761
0.2886,0.2878
0.293,0.2925
0.2603,0.2686
0.2888,0.2896
0.2593,0.2673
0.1897,0.1965
0.2362,0.2379
0.2544,0.2524
0.272,0.2788
0.2878,0.2886
0.2676,0.301
0.2798,0.2915
0.2742,0.2732
0.2367,0.2563
0.2267,0.2496
0.2275,0.2527
0.2312,0.2583
0.2644,0.2408
0.2593,0.2308
0.2615,0.2323
0.266,0.2349
0.3008,0.2637
0.253,0.2546
0.2893,0.2822
0.2568,0.2485
0.2382,0.2505
0.228,0.2388
0.249,0.248
0.257,0.257
0.2311,0.2233
0.2783,0.2834
0.2462,0.253
0.2144,0.2144
0.1985,0.1976
0.1976,0.1985
0.2964,0.3015
0.2354,0.2346
0.2217,0.2279
0.2222,0.2256
0.261,0.2556
0.268,0.2627
0.2673,0.2725
0.2502,0.253
0.2712,0.2842
0.2479,0.2457
0.2747,0.2795
0.261,0.26
0.2688,0.2761
0.2778,0.272
0.282,0.2864
0.1775,0.179
0.1906,0.19
0.19,0.1906
0.2496,0.2522
0.2861,0.281
0.2537,0.2583
0.2452,0.2456
0.2517,0.2482
0.2905,0.2917
0.269,0.2693
0.29,0.2869
0.2756,0.279
0.2546,0.259
0.2593,0.254
0.2231,0.2343
0.262,0.269
0.2151,0.2131
0.226,0.2378
0.2103,0.2112
0.2328,0.2258
0.2128,0.2117
0.2255,0.2117
0.2228,0.2281
0.2489,0.2458
0.2458,0.2489
0.2683,0.273
0.2106,0.2214
0.2544,0.2625
0.2299,0.2275
0.2832,0.2786
0.2097,0.2117
0.219,0.2211
0.2502,0.2517
0.2773,0.2917
0.2856,0.2932
0.2874,0.302
0.2384,0.2361
0.2952,0.3003
0.287,0.2937
0.2114,0.2188
0.2554,0.282
0.3298,0.345
0.3052,0.2969
0.2964,0.288
0.2297,0.2456
0.2319,0.2413
0.2693,0.2793
0.273,0.2585
0.2418,0.2275
0.2534,0.2563
0.298,0.3083
0.2522,0.2448
0.2405,0.2325
0.2357,0.2275
0.2161,0.2169
0.22,0.233
0.2861,0.2803
0.2732,0.2864
0.2974,0.305
0.2952,0.2905
0.2974,0.2878
0.281,0.2808
0.283,0.2832
0.2238,0.2109
0.296,0.297
0.2883,0.2947
0.2358,0.2373
0.2396,0.2407
0.2001,0.1991
0.2092,0.2032
0.2134,0.2157
0.2227,0.2266
0.2014,0.2029
0.2355,0.2428
0.2404,0.2617
0.2161,0.2289
0.2228,0.2261
0.2294,0.2311
0.2566,0.246
0.2296,0.2277
0.2786,0.2566
0.2379,0.2363
0.2595,0.2686
0.2482,0.2524
0.2385,0.2343
0.2578,0.249
0.2615,0.2524
0.2532,0.2559
0.2786,0.2734
0.284,0.2812
0.307,0.2983
0.2505,0.2627
0.2491,0.2444
0.2393,0.2346
0.2249,0.2114
0.3005,0.2988
0.3035,0.305
0.2393,0.2378
0.3032,0.3003
0.2021,0.2269
0.2969,0.2969
0.2751,0.2773
0.2783,0.2808
0.2429,0.2467
0.2415,0.2551
0.2712,0.2625
0.2463,0.2416
0.2517,0.255
0.264,0.2751
0.2625,0.2712
0.2725,0.269
0.2461,0.2396
0.2715,0.2732
0.2693,0.2693
0.2052,0.2126
0.2164,0.2104
0.3289,0.3257
0.3196,0.3237
0.2866,0.2937
0.2727,0.2878
0.2935,0.2769
0.2505,0.2524
0.2179,0.2185
0.259,0.2546
0.2556,0.254
0.243,0.2377
0.2277,0.2416
0.2443,0.2522
0.2222,0.2195
0.2595,0.2603
0.2477,0.2517
0.2412,0.2423
0.2676,0.2634
0.2773,0.278
0.2546,0.2296
0.2358,0.2551
0.2328,0.2247
0.2426,0.2346
0.2114,0.2219
0.2412,0.2352
0.2247,0.2328
0.2573,0.2544
0.2969,0.3052
0.2377,0.2576
0.2372,0.24
0.2417,0.2373
0.29,0.2852
0.2922,0.2903
0.266,0.2563
0.2703,0.2588
0.257,0.25
0.2637,0.274
0.2494,0.2585
0.2563,0.266
0.2085,0.2214
0.2219,0.2207
0.2551,0.2598
0.2744,0.273
0.2715,0.2737
0.2598,0.2551
0.223,0.2188
0.2922,0.284
0.28,0.2961
0.2261,0.2336
0.2078,0.2046
0.2067,0.2074
0.2382,0.2262
0.2225,0.2161
0.2183,0.2213
0.298,0.3079
0.28,0.289
0.2993,0.2913
0.301,0.3108
0.2998,0.2932
0.2042,0.1902
0.1936,0.2161
0.2698,0.2844
0.2837,0.2664
0.277,0.28
0.2737,0.2732
0.2379,0.2318
0.2456,0.251
0.2318,0.2404
0.265,0.2727
0.2595,0.266
0.2788,0.2659
0.33,0.3252
0.2439,0.2496
0.2605,0.2527
0.2734,0.278
0.1993,0.2064
0.3079,0.2969
0.2236,0.2147
0.2058,0.1902
0.3074,0.2998
0.231,0.206
0.2146,0.2332
0.2257,0.2292
0.2822,0.3005
0.2952,0.3125
0.3015,0.3066
0.2317,0.2201
0.2224,0.2458
0.3037,0.301
0.2798,0.2688
0.2927,0.3015
0.2683,0.2761
0.241,0.2394
0.2357,0.2363
0.2368,0.2434
0.244,0.2441
0.2474,0.2607
0.2542,0.2576
0.2646,0.2593
0.2659,0.2593
0.2153,0.2255
0.2178,0.2065
0.2279,0.2325
0.2218,0.2151
0.2134,0.2118
0.25,0.2485
0.2576,0.2444
0.2642,0.2742
0.2683,0.2705
0.2812,0.2869
0.245,0.2678
0.2974,0.288
0.2307,0.228
0.2488,0.2487
0.2756,0.268
0.256,0.26
0.2379,0.2394
0.2627,0.2554
0.2457,0.2361
0.236,0.2437
0.266,0.2742
0.2815,0.2869
0.2808,0.2754
0.2454,0.2346
0.2876,0.281
0.2428,0.2435
0.2219,0.2145
0.2433,0.2522
0.2279,0.2349
0.2401,0.2224
0.2477,0.2255
0.2296,0.2395
0.2151,0.2272
0.2136,0.2169
0.2233,0.2166
0.243,0.2668
0.2654,0.2474
0.2783,0.2712
0.2688,0.2734
0.2612,0.2695
0.2096,0.2181
0.2181,0.2285
0.2429,0.2603
0.2021,0.2002
0.201,0.2039
0.2085,0.229
0.2161,0.2288
0.2338,0.2451
0.233,0.218
0.2468,0.244
0.2229,0.2178
0.3093,0.2925
0.2583,0.2433
0.2446,0.2363
0.2715,0.2659
0.2668,0.272
0.2426,0.2468
0.3,0.3005
0.2832,0.2869
0.298,0.31
0.287,0.2844
0.2869,0.2832
0.2905,0.291
0.297,0.2954
0.2688,0.2634
0.2388,0.236
0.2462,0.247
0.2502,0.2499
0.22,0.2183
0.2346,0.2378
0.2382,0.2422
0.2148,0.2183
0.2355,0.2334
0.2463,0.25
0.2417,0.2352
0.2834,0.2742
0.2725,0.2673
0.28,0.2803
0.2546,0.261
0.2803,0.296
0.2795,0.2905
0.2798,0.2698
0.223,0.276
0.2686,0.264
0.2725,0.2588
0.2634,0.2277
0.2612,0.259
0.2566,0.258
0.2703,0.2656
0.267,0.2664
0.2637,0.283
0.2634,0.2625
0.256,0.2612
0.2505,0.2499
0.2732,0.2798
0.2808,0.281
0.2625,0.2725
0.2324,0.2307
0.2776,0.2903
0.269,0.2595
0.2756,0.2659
0.2717,0.2764
0.2776,0.2935
0.2588,0.2812
0.2812,0.2588
0.278,0.2664
0.2065,0.1956
0.3062,0.3037
0.2966,0.2964
0.323,0.3152
0.3108,0.3145
0.2844,0.2817
0.238,0.2238
0.2434,0.2374
0.2124,0.2102
0.2378,0.265
0.2177,0.2135
0.2401,0.2219
0.1975,0.212
0.2966,0.2861
0.2944,0.2866
0.2112,0.2045
0.2854,0.2986
0.2832,0.2986
0.2573,0.2554
0.256,0.2551
0.2341,0.2208
0.2092,0.2098
0.2358,0.2218
0.2576,0.2617
0.2152,0.2195
0.2255,0.2412
0.2272,0.2426
0.2576,0.2524
0.2568,0.2393
0.2386,0.2294
0.2422,0.2515
0.2339,0.2329
0.2314,0.2268
0.3037,0.3003
0.2712,0.2751
0.2725,0.2703
0.245,0.2505
0.261,0.2537
0.3015,0.316
0.2876,0.293
0.3064,0.3022
0.2883,0.2844
0.3118,0.3037
0.2786,0.285
0.2866,0.2834
0.3079,0.3125
0.3071,0.3125
0.2776,0.2888
0.2507,0.2556
0.2983,0.2815
0.2615,0.2588
0.2544,0.2502
0.2683,0.2554
0.2355,0.2494
0.2554,0.2627
0.2435,0.2485
0.2598,0.2568
0.2554,0.256
0.2778,0.277
0.2422,0.24
0.2766,0.277
0.271,0.2732
0.2499,0.2524
0.2332,0.2568
0.2795,0.281
0.2712,0.2617
0.2795,0.2686
0.2664,0.254
0.2583,0.2651
0.2544,0.2761
0.2489,0.2391
0.2544,0.2578
0.2844,0.2788
0.2683,0.2676
0.2179,0.2155
0.3083,0.31
0.3088,0.3096
0.2191,0.227
0.204,0.2146
0.2522,0.2534
0.26,0.2642
0.278,0.2742
0.2637,0.2664
0.2659,0.2903
0.2493,0.2303
0.2817,0.2776
0.277,0.278
0.2754,0.2847
0.2693,0.2507
0.265,0.2678
0.245,0.2627
0.2443,0.2496
0.274,0.27
0.2502,0.2472
0.2299,0.2302
0.2903,0.2788
0.2377,0.253
0.2754,0.2893
0.253,0.2377
0.2443,0.2473
0.2512,0.2688
0.267,0.2744
0.2754,0.2705
0.2659,0.262
0.2375,0.229
0.27,0.2625
0.3032,0.3008
0.2664,0.276
0.2396,0.2588
0.243,0.2654
0.2358,0.231
0.2316,0.2334
0.243,0.2314
0.2788,0.2825
0.278,0.286
0.2715,0.2842
0.2654,0.2727
0.277,0.2776
0.277,0.2703
0.2656,0.2837
0.2778,0.2717
0.2416,0.2844
0.283,0.2808
0.2235,0.2659
0.2583,0.2262
0.2915,0.2996
0.2338,0.2369
0.2927,0.2812
0.2423,0.233
0.2344,0.2241
0.2194,0.2222
0.2008,0.192
0.2625,0.2437
0.2437,0.2625
0.2715,0.2725
0.2754,0.2961
0.2483,0.257
0.3088,0.285
0.2438,0.2174
0.232,0.211
0.244,0.244
0.1926,0.2214
0.2157,0.2341
0.1844,0.186
0.2698,0.2656
0.2062,0.2268
0.1903,0.1888
0.2198,0.2134
0.2373,0.2281
0.2568,0.2449
0.2534,0.2678
0.2318,0.2449
0.217,0.2153
0.2534,0.2568
0.2534,0.258
0.2107,0.2109
0.2136,0.2135
0.2563,0.2742
0.2983,0.3037
0.3232,0.331
0.3005,0.3047
0.2527,0.2505
0.2021,0.1926
0.2054,0.2034
0.2181,0.2169
0.233,0.2385
0.1993,0.2113
0.2556,0.2524
0.1923,0.2034
0.2142,0.2058
0.2114,0.1965
0.2037,0.2001
0.281,0.2783
0.1989,0.2047
0.2069,0.2057
0.2401,0.2644
0.2286,0.231
0.2362,0.2251
0.2935,0.2793
0.2722,0.2725
0.2642,0.25
0.2642,0.2502
0.2291,0.2505
0.2432,0.2583
0.2673,0.272
0.2498,0.2434
0.2424,0.2444
0.2637,0.2593
0.3074,0.2888
0.316,0.3071
0.1888,0.1879
0.2888,0.3074
0.299,0.3047
0.297,0.306
0.3083,0.3164
0.2443,0.2413
0.254,0.2617
0.2308,0.2412
0.2499,0.261
0.2487,0.2563
0.2517,0.2502
0.2615,0.2595
0.2554,0.2566
0.275,0.287
0.2479,0.248
0.1995,0.2023
0.1936,0.1855
0.2532,0.2368
0.285,0.272
0.2181,0.2002
0.2369,0.2357
0.2152,0.2357
0.2383,0.247
0.3079,0.2996
0.2837,0.287
0.288,0.2861
0.3179,0.3127
0.3005,0.3083
0.3179,0.3186
0.2585,0.268
0.2578,0.2546
0.249,0.246
0.288,0.2927
0.2434,0.2491
0.2496,0.2489
0.25,0.255
0.2979,0.2896
0.2576,0.26
0.2603,0.2708
0.2361,0.2415
0.2402,0.2223
0.2394,0.2383
0.2201,0.2205
0.251,0.2502
0.2238,0.2345
0.2517,0.2542
0.261,0.255
0.2588,0.262
0.2522,0.2559
0.2583,0.2605
0.243,0.2322
0.2668,0.2766
0.2551,0.25
0.256,0.2563
0.248,0.248
0.2683,0.2715
0.2844,0.284
0.267,0.271
0.2754,0.2844
0.2394,0.2343
0.219,0.2158
0.2174,0.217
0.2703,0.2864
0.2778,0.2832
0.2122,0.2181
0.1935,0.1942
0.2025,0.1973
0.1758,0.1705
0.3018,0.2942
0.2793,0.281
0.3,0.3037
0.26,0.2576
0.26,0.258
0.2842,0.2888
0.2773,0.2744
0.284,0.2922
0.2705,0.2827
0.29,0.2888
0.2966,0.2925
0.2708,0.284
0.29,0.2888
0.25,0.2583
0.2644,0.2651
0.2042,0.2072
0.248,0.2698
0.2578,0.2551
0.2517,0.2588
0.2742,0.2654
0.268,0.2764
0.258,0.2484
0.2588,0.2517
0.2213,0.2201
0.1974,0.2045
0.2257,0.2291
0.232,0.2183
0.2128,0.2188
0.2106,0.2092
0.2308,0.2366
0.2603,0.2634
0.2861,0.2842
0.2861,0.2842
0.29,0.2974
0.283,0.2778
0.2273,0.22
0.177,0.2203
0.2139,0.2198
0.2273,0.2212
0.1721,0.2188
0.2133,0.2236
0.2339,0.2273
0.1737,0.1611
0.1862,0.1727
0.251,0.253
0.1736,0.1918
0.2496,0.2452
0.2109,0.1991
0.2461,0.256
0.294,0.2964
0.2405,0.2559
0.2708,0.2808
0.2668,0.271
0.273,0.2742
0.2686,0.266
0.2861,0.2812
0.2915,0.2883
0.2688,0.2712
0.2856,0.2812
0.275,0.2776
0.2866,0.2903
0.2898,0.2852
0.2727,0.2817
0.2573,0.2483
0.2712,0.2715
0.284,0.2761
0.2776,0.278
0.276,0.2676
0.2477,0.2388
0.2668,0.2708
0.281,0.275
0.2664,0.272
0.221,0.2106
0.261,0.2532
0.2854,0.2905
0.2625,0.2678
0.292,0.2905
0.2467,0.25
0.2754,0.264
0.2546,0.2472
0.209,0.2117
0.2155,0.2195
0.2257,0.2255
0.2081,0.2095
0.265,0.2673
0.2076,0.202
0.2448,0.2397
0.2424,0.2502
0.2554,0.2683
0.2822,0.2717
0.2627,0.2783
0.2527,0.2502
0.2347,0.2365
0.3003,0.284
0.284,0.2954
0.285,0.3003
0.2808,0.2883
0.2432,0.2338
0.2896,0.2842
0.2406,0.2479
0.2109,0.2102
0.2104,0.2184
0.2397,0.2476
0.2322,0.2212
0.2605,0.2556
0.2164,0.2235
0.2496,0.2339
0.2844,0.272
0.272,0.2844
0.2708,0.2491
0.252,0.2751
0.25,0.27
0.2532,0.2568
0.27,0.2605
0.247,0.2502
0.246,0.2399
0.2795,0.286
0.2913,0.2832
0.2773,0.282
0.1815,0.1721
0.2394,0.2499
0.2932,0.2808
0.2747,0.2673
0.26,0.2542
0.2646,0.2651
0.2795,0.2832
0.261,0.2603
0.2737,0.2778
0.2725,0.2495
0.2433,0.2634
0.291,0.2808
0.2837,0.2915
0.255,0.2551
0.2247,0.2269
0.2255,0.2263
0.2208,0.2361
0.2401,0.2439
0.2264,0.2328
0.2179,0.2202
0.25,0.2306
0.2068,0.2054
0.2113,0.2125
0.2118,0.2145
0.1979,0.2003
0.2225,0.2229
0.2264,0.2201
0.221,0.2186
0.2664,0.253
0.2112,0.222
0.2279,0.2246
0.2125,0.2135
0.286,0.2874
0.2864,0.2803
0.2133,0.2122
0.2186,0.2322
0.2223,0.2229
0.2151,0.215
0.1969,0.2083
0.2291,0.2236
0.2057,0.2128
0.2238,0.221
0.2112,0.206
0.2114,0.1956
0.281,0.2878
0.2773,0.25
0.278,0.2554
0.3025,0.303
0.3047,0.3054
0.2363,0.2301
0.2412,0.242
0.253,0.2566
0.2328,0.2224
0.2211,0.2307
0.2158,0.233
0.263,0.2449
0.2428,0.24
0.2583,0.2507
0.2542,0.255
0.307,0.3027
0.2986,0.3008
0.2443,0.2461
0.2812,0.282
0.2808,0.2754
0.2705,0.2778
0.2281,0.2361
0.276,0.2788
0.2937,0.308
0.252,0.2568
0.2676,0.2783
0.2751,0.2764
0.2773,0.2668
0.2725,0.2786
0.215,0.2073
0.2368,0.2323
0.2515,0.2542
0.232,0.2427
0.253,0.2527
0.2495,0.2427
0.1973,0.209
0.2457,0.2474
0.2473,0.245
0.1948,0.2051
0.2378,0.2366
0.2505,0.2417
0.222,0.2289
0.2578,0.2625
0.2028,0.2072
0.2825,0.2808
0.2822,0.282
0.2676,0.277
0.2756,0.2751
0.261,0.2632
0.2595,0.2566
0.225,0.2422
0.2576,0.2605
0.2644,0.2634
0.2397,0.2406
0.2654,0.2646
0.2686,0.2695
0.2401,0.2432
0.2915,0.297
0.2695,0.28
0.301,0.3022
0.2479,0.2458
0.3086,0.3027
0.2499,0.2484
0.287,0.2742
0.2456,0.2446
0.2399,0.2402
0.2568,0.2603
0.2612,0.26
0.264,0.2732
0.2708,0.278
0.3076,0.3054
0.2954,0.2632
0.2188,0.2103
0.2507,0.2622
0.289,0.2961
0.2888,0.2883
0.278,0.2773
0.2181,0.2124
0.226,0.2268
0.2522,0.2544
0.2573,0.2578
0.2578,0.2563
0.2568,0.253
0.258,0.2585
0.2673,0.261
0.2395,0.2349
0.2267,0.2239
0.224,0.2264
0.2588,0.2615
0.2644,0.266
0.254,0.241
0.264,0.2686
0.2404,0.2473
0.2291,0.2295
0.2644,0.2644
0.2524,0.254
0.2217,0.2177
0.2434,0.253
0.2368,0.2355
0.2291,0.2281
0.2268,0.2278
0.2656,0.2727
0.2712,0.2683
0.2361,0.2328
0.2299,0.2095
0.2415,0.2646
0.2423,0.2432
0.2473,0.2576
0.2145,0.1957
0.2393,0.238
0.2012,0.2225
0.2302,0.2493
0.1935,0.2074
0.2157,0.236
0.2412,0.2424
0.2461,0.2349
0.2037,0.1814
0.2441,0.2417
0.2622,0.2479
0.2416,0.2311
0.2905,0.2957
0.246,0.24
0.247,0.2498
0.292,0.2896
0.2688,0.2668
0.2408,0.2452
0.2751,0.2708
0.2505,0.257
0.2433,0.2476
0.2793,0.2766
0.248,0.2485
0.2233,0.2357
0.2292,0.233
0.2754,0.2866
0.2277,0.2307
0.2734,0.269
0.2773,0.2747
0.2715,0.2615
0.272,0.2756
0.267,0.2563
0.2703,0.2737
0.213,0.1882
0.2546,0.2542
0.2695,0.2454
0.2673,0.256
0.3022,0.3022
0.263,0.2522
0.2361,0.2354
0.2401,0.228
0.2969,0.3076
0.2351,0.2378
0.2284,0.2297
0.2391,0.232
0.1941,0.1923
0.2917,0.2864
0.2737,0.2798
0.2457,0.2388
0.2239,0.2135
0.2374,0.2527
0.2146,0.2142
0.2708,0.272
0.2317,0.2386
0.2427,0.244
0.1943,0.2
0.2786,0.2815
0.2285,0.2355
0.254,0.257
0.272,0.2742
0.28,0.28
0.3152,0.3088
0.3152,0.3174
0.2585,0.2678
0.2272,0.2247
0.2361,0.2291
0.23,0.2169
0.2632,0.2583
0.2585,0.2644
0.2634,0.2698
0.2258,0.2302
0.2712,0.2642
0.2473,0.2423
0.25,0.254
0.2793,0.278
0.2354,0.2522
0.237,0.2605
0.2769,0.2751
0.2527,0.2656
0.2576,0.259
0.2715,0.2852
0.2544,0.2507
0.201,0.1934
0.1959,0.1929
0.1986,0.2015
0.2546,0.24
0.2646,0.2499
0.202,0.1982
0.2654,0.2408
0.2556,0.2498
0.2551,0.2563
0.2484,0.2434
0.2045,0.2007
0.2488,0.254
0.2456,0.2556
0.2166,0.2227
0.2546,0.2566
0.2439,0.24
0.2532,0.2412
0.268,0.2622
0.2776,0.2766
0.2676,0.272
0.2756,0.2734
0.2163,0.2094
0.1963,0.1968
0.2329,0.2153
0.225,0.2365
0.274,0.2786
0.234,0.2341
0.2554,0.2622
0.2612,0.2634
0.2817,0.2812
0.2457,0.2401
0.2208,0.2313
0.256,0.2559
0.2291,0.2207
0.2177,0.2098
0.2465,0.2478
0.2842,0.2983
0.2384,0.2339
0.2383,0.2391
0.2332,0.248
0.257,0.2532
0.232,0.2275
0.2468,0.2495
0.2886,0.3025
0.2428,0.2384
0.243,0.2388
0.2566,0.2578
0.2585,0.262
0.2544,0.268
0.2303,0.2429
0.2358,0.2406
0.2374,0.2405
0.2754,0.2837
0.2141,0.2203
0.2732,0.282
0.2482,0.2429
0.2465,0.2462
0.2375,0.2322
0.3074,0.2917
0.273,0.2698
0.2866,0.2764
0.2883,0.2737
0.2644,0.253
0.3042,0.2886
0.2815,0.2693
0.2483,0.2483
0.2585,0.2651
0.2424,0.2448
0.253,0.2546
0.2498,0.247
0.2167,0.2162
0.273,0.2915
0.2207,0.2289
0.2477,0.2551
0.23,0.2194
0.3108,0.3044
0.3147,0.3098
0.2986,0.299
0.2979,0.301
0.3054,0.3123
0.31,0.3157
0.2817,0.2886
0.2952,0.2805
0.294,0.287
0.2783,0.298
0.2058,0.2058
0.2544,0.2568
0.222,0.223
0.233,0.2407
0.2225,0.2297
0.257,0.2683
0.2654,0.2556
0.2625,0.2612
0.2583,0.2725
0.2983,0.292
0.298,0.3005
0.28,0.2898
0.2983,0.3027
0.288,0.2827
0.2173,0.2239
0.247,0.252
0.3025,0.3096
0.2496,0.2482
0.2203,0.2142
0.2311,0.2314
0.233,0.2338
0.281,0.2747
0.2227,0.2188
0.2566,0.266
0.2673,0.2837
0.27,0.2603
0.2893,0.2727
0.2656,0.2634
0.2654,0.2703
0.2637,0.2698
0.2339,0.2137
0.2346,0.2415
0.2693,0.264
0.2705,0.2632
0.275,0.253
0.265,0.262
0.2534,0.2695
0.2666,0.2695
0.2189,0.2292
0.2059,0.2208
0.2725,0.2705
0.2717,0.2744
0.281,0.2688
0.2776,0.2756
0.2773,0.2786
0.2437,0.2228
0.2355,0.2094
0.2537,0.245
0.2373,0.2446
0.2295,0.2332
0.2351,0.2311
0.2742,0.2703
0.2783,0.2786
0.2178,0.2122
0.232,0.233
0.2097,0.2035
0.1947,0.1996
0.1982,0.1953
0.2118,0.22
0.1848,0.1892
0.1833,0.1898
0.1993,0.1975
0.2051,0.2106
0.1792,0.1764
0.1901,0.2019
0.1986,0.2155
0.2576,0.2457
0.2457,0.2576
0.2651,0.2637
0.2932,0.2842
0.2778,0.28
0.282,0.2783
0.2812,0.2766
0.2217,0.233
0.2246,0.2495
0.2375,0.2355
0.2632,0.2474
0.331,0.3203
0.277,0.2583
0.2744,0.27
0.2632,0.281
0.27,0.2798
0.2744,0.2603
0.2563,0.2515
0.262,0.263
0.2585,0.258
0.262,0.2573
0.2588,0.25
0.2461,0.2593
0.2673,0.2634
0.2656,0.2659
0.2534,0.2625
0.252,0.2625
0.2805,0.2822
0.2678,0.2551
0.278,0.2668
0.2212,0.2152
0.2289,0.2345
0.2343,0.2346
0.2356,0.2302
0.2261,0.2289
0.2334,0.2278
0.2327,0.2196
0.2415,0.2389
0.2583,0.2512
0.2766,0.258
0.2354,0.2365
0.2507,0.245
0.2625,0.2717
0.2294,0.2339
0.2335,0.2323
0.2245,0.2378
0.2423,0.2428
0.2805,0.287
0.2367,0.2329
0.2344,0.2264
0.2231,0.2367
0.2537,0.253
0.2534,0.2461
0.3127,0.2983
0.2429,0.2482
0.3154,0.3113
0.31,0.31
0.2964,0.3062
0.2502,0.2605
0.2754,0.2673
0.2817,0.2734
0.2715,0.272
0.2379,0.24
0.2456,0.2451
0.282,0.2837
0.262,0.2588
0.2654,0.2603
0.26,0.2642
0.2937,0.3013
0.2861,0.2886
0.261,0.2688
0.2651,0.2637
0.2842,0.2844
0.2644,0.2678
0.2644,0.2678
0.2825,0.277
0.2615,0.2556
0.284,0.2842
0.262,0.2588
0.2188,0.2279
0.2247,0.2289
0.3013,0.2893
0.2754,0.2744
0.2196,0.2224
0.3354,0.3335
0.3274,0.3303
0.2037,0.2467
0.2386,0.2411
0.1898,0.1989
0.2363,0.2372
0.2883,0.285
0.303,0.2969
0.257,0.2585
0.2294,0.2338
0.2566,0.261
0.2617,0.2668
0.2878,0.2864
0.262,0.2578
0.2346,0.2354
0.2301,0.231
0.286,0.296
0.2532,0.2554
0.2333,0.2279
0.254,0.2603
0.3074,0.308
0.287,0.2834
0.2727,0.2812
0.2339,0.2211
0.2267,0.2301
0.2622,0.2698
0.271,0.2712
0.2751,0.274
0.2152,0.2225
0.2747,0.2717
0.26,0.2651
0.2708,0.2786
0.2686,0.2664
0.257,0.2505
0.2429,0.2546
0.2423,0.2446
0.2379,0.248
0.2566,0.2477
0.225,0.2168
0.225,0.2142
0.2218,0.2272
0.2311,0.2283
0.2446,0.255
0.2578,0.2563
0.2632,0.2686
0.2764,0.2686
0.2676,0.2651
0.3047,0.2944
0.2651,0.2585
0.2563,0.2751
0.2693,0.2737
0.2883,0.2798
0.2495,0.2563
0.2783,0.2527
0.2625,0.2783
0.2832,0.2703
0.2776,0.2778
0.277,0.2786
0.2761,0.279
0.2778,0.2776
0.2676,0.261
0.2073,0.2036
0.2144,0.2108
0.2139,0.2157
0.2261,0.243
0.2634,0.2646
0.2773,0.278
0.2676,0.272
0.2358,0.2241
0.3003,0.2908
0.3003,0.2903
0.2715,0.26
0.2573,0.254
0.2651,0.2593
0.259,0.2576
0.2646,0.2732
0.2422,0.2451
0.2546,0.2534
0.2915,0.2917
0.2534,0.2435
0.2373,0.246
0.2449,0.2386
0.2167,0.2227
0.2566,0.2498
0.2463,0.2546
0.218,0.2207
0.2588,0.263
0.2258,0.2305
0.2224,0.2222
0.2412,0.2479
0.248,0.2627
0.2283,0.2263
0.2512,0.2444
0.2334,0.226
0.2201,0.2203
0.2344,0.2433
0.2612,0.284
0.287,0.2942
0.1981,0.1991
0.287,0.2878
0.2129,0.2168
0.2397,0.2461
0.2834,0.281
0.289,0.2893
0.2815,0.2856
0.2378,0.2294
0.2505,0.255
0.258,0.2483
0.228,0.2339
0.2847,0.283
0.233,0.2356
0.2352,0.2245
0.2455,0.2456
0.242,0.2236
0.2451,0.242
0.2244,0.2382
0.242,0.242
0.2222,0.2256
0.254,0.2456
0.2214,0.2214
0.242,0.2478
0.2443,0.2361
0.3152,0.3176
0.3162,0.3171
0.3193,0.3276
0.3254,0.326
0.326,0.321
0.325,0.3286
0.2808,0.2903
0.2817,0.288
0.2764,0.2778
0.275,0.271
0.2883,0.281
0.291,0.286
0.2583,0.2761
0.2432,0.2372
0.2517,0.2505
0.2461,0.2485
0.27,0.28
0.2268,0.2317
0.2551,0.2566
0.2773,0.2832
0.285,0.2766
0.2764,0.2698
0.2717,0.28
0.2312,0.2434
0.2396,0.2489
0.2852,0.2786
0.2542,0.2642
0.2712,0.2708
0.2756,0.273
0.2542,0.2517
0.2673,0.2546
0.2524,0.2559
0.2472,0.2603
0.2632,0.2688
0.2524,0.243
0.255,0.2487
0.2505,0.251
0.2747,0.2722
0.2397,0.2407
0.2888,0.2927
0.2502,0.2593
0.3103,0.2922
0.2615,0.2678
0.2896,0.2917
0.2922,0.2883
0.3186,0.322
0.2578,0.2605
0.334,0.328
0.3271,0.3215
0.2905,0.3196
0.322,0.3254
0.2903,0.2896
0.263,0.2637
0.2556,0.255
0.263,0.264
0.2542,0.2617
0.3054,0.3032
0.327,0.332
0.2673,0.2769
0.29,0.2883
0.2468,0.2544
0.2175,0.2284
0.267,0.2578
0.1832,0.1799
0.1842,0.1846
0.2147,0.2128
0.2505,0.2634
0.2732,0.284
0.2798,0.2727
0.2244,0.2327
0.268,0.2725
0.2329,0.2173
0.2192,0.22
0.2236,0.2372
0.2737,0.2712
0.261,0.255
0.2656,0.2576
0.234,0.2534
0.2517,0.2473
0.26,0.2542
0.2517,0.2463
0.2698,0.27
0.2727,0.2712
0.2384,0.2483
0.1877,0.2
0.2107,0.224
0.2155,0.2228
0.1951,0.1855
0.2,0.1877
0.2303,0.219
0.2233,0.2229
0.2485,0.2554
0.2184,0.2207
0.26,0.2517
0.2324,0.2297
0.2267,0.2279
0.2313,0.2346
0.2344,0.2301
0.2988,0.2903
0.3223,0.3203
0.3044,0.303
0.2172,0.2255
0.2837,0.2952
0.2196,0.228
0.303,0.3071
0.2461,0.2454
0.2352,0.2343
0.32,0.3208
0.2076,0.2153
0.2202,0.217
0.2351,0.2407
0.2325,0.2382
0.2062,0.1985
0.3323,0.328
0.2505,0.2595
0.2554,0.2487
0.2625,0.2551
0.2861,0.281
0.28,0.2876
0.2487,0.2522
0.2605,0.2554
0.259,0.2563
0.2534,0.263
0.2317,0.2524
0.2522,0.2493
0.2944,0.2988
0.2937,0.2925
0.2969,0.3013
0.3022,0.3005
0.284,0.3054
0.2751,0.276
0.3315,0.3186
0.3276,0.334
0.2394,0.2181
0.3113,0.2761
0.2876,0.2954
0.2878,0.287
0.2703,0.2986
0.2089,0.2219
0.2788,0.2788
0.283,0.2832
0.203,0.2089
0.2118,0.2053
0.2059,0.2126
0.255,0.2573
0.273,0.2734
0.2659,0.2598
0.2742,0.2683
0.2249,0.2219
0.2147,0.2162
0.2206,0.2188
0.2378,0.2324
0.2205,0.224
0.2428,0.2412
0.226,0.2313
0.235,0.2349
0.2418,0.2386
0.2272,0.2305
0.2505,0.2454
0.2612,0.2556
0.2186,0.2335
0.2493,0.2563
0.2383,0.2551
0.2654,0.259
0.2842,0.2842
0.2444,0.2275
0.2089,0.2095
0.2393,0.2404
0.2328,0.2407
0.2422,0.2345
0.2418,0.2394
0.2717,0.2683
0.2869,0.2686
0.2266,0.2047
0.2054,0.2103
0.2864,0.2886
0.2175,0.2358
0.1927,0.1914
0.2261,0.2299
0.2461,0.2385
0.1981,0.2021
0.2388,0.2286
0.2443,0.2427
0.2482,0.2424
0.2362,0.2362
0.2246,0.236
0.2427,0.2443
0.2424,0.2482
0.2382,0.2374
0.1962,0.1993
0.2423,0.234
0.2395,0.2274
0.2362,0.2496
0.2313,0.2421
0.3003,0.291
0.2861,0.2822
0.287,0.271
0.2764,0.284
0.266,0.2913
0.2927,0.2917
0.222,0.2795
0.296,0.2932
0.2372,0.2803
0.2617,0.2668
0.2305,0.2351
0.2642,0.2634
0.2468,0.2695
0.3071,0.296
0.222,0.2107
0.2737,0.2474
0.2351,0.2307
0.2896,0.304
0.2114,0.2179
0.2683,0.2673
0.2734,0.2588
0.283,0.276
0.2925,0.278
0.2622,0.2727
0.2893,0.2832
0.2815,0.2842
0.2812,0.2942
0.2742,0.2788
0.2505,0.2532
0.2927,0.2974
0.2583,0.2524
0.3013,0.2915
0.1877,0.1992
0.238,0.2301
0.2247,0.2235
0.2595,0.2659
0.2107,0.2141
0.2334,0.2346
0.2322,0.2279
0.27,0.2566
0.2314,0.2255
0.2303,0.2267
0.2422,0.2375
0.2191,0.2227
0.2147,0.2135
0.2367,0.2354
0.2188,0.2136
0.2329,0.2279
0.2034,0.2128
0.2465,0.2395
0.233,0.2422
0.21,0.2258
0.1897,0.215
0.236,0.2378
0.2213,0.2356
0.235,0.2438
0.2737,0.2817
0.2725,0.2786
0.3462,0.3396
0.3018,0.295
0.2961,0.2957
0.2585,0.2844
0.2551,0.262
0.2443,0.243
0.239,0.2423
0.263,0.2708
0.2542,0.2551
0.2412,0.2416
0.2421,0.2385
0.262,0.2556
0.2559,0.2637
0.294,0.2908
0.2744,0.2837
0.2656,0.2534
0.273,0.274
0.2898,0.2937
0.2698,0.2688
0.2795,0.2686
0.2832,0.2815
0.2695,0.2668
0.268,0.273
0.2676,0.271
0.2698,0.2734
0.1985,0.1886
0.2805,0.2754
0.2744,0.2717
0.2598,0.2744
0.2002,0.2041
0.2664,0.269
0.2644,0.2612
0.2783,0.2825
0.2927,0.2944
0.2754,0.2732
0.287,0.2864
0.2776,0.2754
0.2424,0.2451
0.2627,0.2568
0.255,0.258
0.2426,0.2432
0.26,0.2703
0.2484,0.261
0.2625,0.2551
0.234,0.2399
0.2444,0.2396
0.2416,0.2256
0.2566,0.259
0.304,0.2996
0.3074,0.304
0.2996,0.304
0.304,0.3074
0.306,0.3064
0.2993,0.3047
0.3071,0.2988
0.2598,0.2593
0.2568,0.2644
0.2678,0.2566
0.2493,0.2435
0.2025,0.2009
0.2646,0.2905
0.229,0.2484
0.2079,0.2079
0.3225,0.3123
0.2766,0.2778
0.306,0.308
0.268,0.2769
0.2559,0.2522
0.1378,0.1581
0.1742,0.2114
0.2659,0.258
0.2305,0.2222
0.2117,0.2197
0.1608,0.1426
0.2122,0.1859
0.1897,0.2147
0.2131,0.2009
0.2008,0.2079
0.232,0.2194
0.2351,0.2336
0.2288,0.232
0.2986,0.2988
0.2512,0.2585
0.2893,0.2917
0.2279,0.2301
0.2241,0.2247
0.2754,0.263
0.2227,0.2225
0.2664,0.262
0.298,0.297
0.2913,0.2788
0.2932,0.2883
0.288,0.2776
0.2603,0.2415
0.274,0.2893
0.2179,0.2192
0.2194,0.2135
0.2812,0.2883
0.2124,0.2156
0.2632,0.2766
0.2473,0.259
0.2825,0.2786
0.3015,0.2751
0.2004,0.198
0.2284,0.2544
0.1992,0.2174
0.204,0.2245
0.2183,0.2197
0.2267,0.2102
0.2043,0.1957
0.234,0.2156
0.1908,0.185
0.2004,0.2096
0.1873,0.2028
0.2294,0.2478
0.2189,0.2568
0.2397,0.2207
0.253,0.2147
0.2478,0.2391
0.2764,0.2673
0.2634,0.272
0.2932,0.281
0.2888,0.2847
0.2727,0.2747
0.2317,0.2262
0.275,0.2734
0.2998,0.3047
0.2308,0.2292
0.2155,0.2227
0.3018,0.3057
0.2423,0.243
0.2433,0.2388
0.2251,0.228
0.2734,0.2744
0.2705,0.2832
0.2815,0.273
0.2812,0.2703
0.1912,0.1891
0.2147,0.2166
0.2058,0.2124
0.2266,0.2252
0.1858,0.1998
0.2396,0.2483
0.1959,0.2074
0.2074,0.2068
0.2318,0.243
0.2466,0.2347
0.2472,0.2401
0.2292,0.2236
0.2362,0.2272
0.2201,0.2141
0.2126,0.2122
0.2339,0.2366
0.1768,0.1832
0.185,0.193
0.1852,0.1849
0.1975,0.1865
0.211,0.2194
0.2045,0.2035
0.255,0.2517
0.2267,0.2198
0.2391,0.2274
0.2258,0.2374
0.231,0.2251
0.2085,0.2186
0.2483,0.2499
0.2449,0.252
0.2524,0.241
0.2578,0.251
0.2034,0.2113
0.2507,0.252
0.2181,0.2183
0.2255,0.2274
0.2888,0.2942
0.314,0.3135
0.2966,0.296
0.3115,0.308
0.2461,0.2421
0.2737,0.2712
0.2405,0.2417
0.2133,0.2152
0.2224,0.2213
0.2327,0.2413
0.26,0.2588
0.2455,0.2466
0.273,0.268
0.2563,0.272
0.2754,0.2773
0.259,0.2668
0.2773,0.2693
0.2764,0.265
0.3103,0.3127
0.216,0.226
0.3184,0.307
0.2174,0.2084
0.2654,0.2568
0.2622,0.2625
0.2484,0.264
0.2483,0.2605
0.2612,0.2517
0.2695,0.2776
0.2832,0.2798
0.2096,0.2131
0.2227,0.2244
0.3123,0.3215
0.3213,0.3184
0.3125,0.3027
0.3074,0.3013
0.3062,0.2773
0.284,0.2754
0.307,0.3052
0.2362,0.2344
0.286,0.2993
0.2405,0.2339
0.1868,0.2058
0.2834,0.2737
0.2808,0.2847
0.1849,0.2
0.3137,0.3179
0.2805,0.2756
0.277,0.2693
0.3054,0.3008
0.3052,0.301
0.2966,0.291
0.2947,0.2988
0.26,0.26
0.3198,0.3118
0.3135,0.3171
0.2607,0.2598
0.28,0.2573
0.2827,0.2854
0.2603,0.2585
0.2627,0.262
0.2534,0.2834
0.291,0.2834
0.264,0.2656
0.247,0.247
0.2147,0.2185
0.2288,0.2306
0.211,0.2035
0.229,0.2256
0.2388,0.2456
0.2201,0.2198
0.2588,0.2573
0.2244,0.2198
0.2174,0.2147
0.2283,0.221
0.2235,0.2223
0.2253,0.2291
0.2141,0.2288
0.2262,0.2393
0.1903,0.2017
0.2421,0.2524
0.2134,0.2272
0.2114,0.2004
0.2551,0.256
0.2622,0.2637
0.2576,0.2546
0.2605,0.2632
0.2332,0.2241
0.249,0.2406
0.2361,0.2391
0.2773,0.281
0.2764,0.2751
0.2163,0.2131
0.2866,0.2798
0.269,0.2761
0.286,0.283
0.321,0.3225
0.3147,0.316
0.2145,0.2189
0.2189,0.2175
0.24,0.2517
0.237,0.2361
0.2517,0.24
0.245,0.2408
0.2222,0.2261
0.2036,0.2076
0.246,0.2467
0.2286,0.2256
0.2074,0.2056
0.2462,0.2482
0.2688,0.2666
0.2654,0.2795
0.2742,0.2817
0.2773,0.2917
0.2844,0.2888
0.2822,0.283
0.2903,0.2854
0.2727,0.2607
0.247,0.268
0.2817,0.284
0.2688,0.2795
0.2776,0.2666
0.2307,0.2356
0.2815,0.288
0.222,0.2305
0.2347,0.2256
0.3093,0.3054
0.2874,0.2832
0.3108,0.3105
0.3098,0.315
0.2783,0.312
0.3208,0.28
0.275,0.2856
0.281,0.2737
0.2668,0.2673
0.2676,0.2664
0.2615,0.2603
0.2141,0.2349
0.2563,0.2603
0.2605,0.2515
0.2328,0.2131
0.2678,0.2637
0.2607,0.239
0.2646,0.2585
0.2637,0.2773
0.2385,0.2615
0.2761,0.2725
0.303,0.3083
0.2622,0.274
0.317,0.3035
0.24,0.2377
0.2255,0.2385
0.2563,0.2505
0.2395,0.2358
0.278,0.2761
0.2776,0.2773
0.2167,0.2205
0.2205,0.2224
0.2976,0.292
0.2852,0.2844
0.297,0.304
0.3032,0.2986
0.2534,0.2585
0.3003,0.303
0.2654,0.2568
0.2374,0.2197
0.275,0.28
0.2727,0.269
0.2173,0.2327
0.2363,0.2361
0.2424,0.2532
0.2362,0.2361
0.2394,0.2375
0.2362,0.2305
0.2445,0.2432
0.2303,0.2399
0.247,0.271
0.251,0.255
0.2325,0.243
0.2485,0.2451
0.2617,0.2491
0.233,0.2147
0.2468,0.2198
0.1829,0.1791
0.2676,0.2622
0.2874,0.2886
0.1812,0.1733
0.2798,0.2822
0.2627,0.255
0.2573,0.2668
0.2744,0.2751
0.2703,0.2683
0.2593,0.259
0.2856,0.2915
0.2937,0.2922
0.2203,0.2173
0.2296,0.2257
0.2937,0.2878
0.2537,0.2534
0.294,0.2896
0.2822,0.2817
0.2223,0.2303
0.2742,0.2778
0.254,0.2471
0.2434,0.2544
0.252,0.2642
0.2218,0.219
0.2637,0.2537
0.2091,0.2053
0.2413,0.2515
0.2595,0.2505
0.2457,0.2424
0.2476,0.261
0.254,0.2401
0.1987,0.1892
0.1843,0.1952
0.27,0.2676
0.2092,0.2183
0.2477,0.2527
0.2334,0.2412
0.2179,0.2461
0.2698,0.2725
0.2357,0.2352
0.2137,0.2222
0.2281,0.2317
0.2754,0.2825
0.2164,0.2145
0.2344,0.2362
0.2515,0.2512
0.2366,0.2365
0.2283,0.2412
0.2656,0.2698
0.2703,0.262
0.2345,0.2423
0.239,0.237
0.2756,0.2878
0.2698,0.2788
0.2368,0.228
0.2354,0.2284
0.243,0.2407
0.2295,0.24
0.284,0.2827
0.2888,0.2793
0.3271,0.316
0.3188,0.3174
0.3098,0.319
0.2375,0.2329
0.1942,0.1937
0.2512,0.2566
0.2329,0.2375
0.2505,0.2478
0.2837,0.2732
0.1827,0.198
0.269,0.2747
0.2428,0.2384
0.2351,0.235
0.2098,0.2125
0.2852,0.2756
0.2405,0.2311
0.2815,0.276
0.2512,0.2393
0.2328,0.2393
0.2438,0.2559
0.2238,0.2404
0.2262,0.2296
0.2223,0.229
0.2261,0.2223
0.2372,0.2396
0.2313,0.2316
0.2634,0.2556
0.2751,0.2737
0.2808,0.2874
0.2627,0.266
0.1842,0.1848
0.2471,0.2393
0.278,0.266
0.335,0.32
0.3213,0.311
0.3105,0.314
0.3015,0.3027
0.3113,0.3047
0.3062,0.299
0.2595,0.2693
0.2954,0.2983
0.302,0.2979
0.3037,0.2976
0.3179,0.3247
0.2389,0.2389
0.2734,0.2817
0.2825,0.2834
0.272,0.2668
0.2886,0.29
0.2627,0.2783
0.2664,0.2607
0.2064,0.216
0.2612,0.2678
0.2778,0.284
0.301,0.2832
0.2864,0.2703
0.282,0.2947
0.2305,0.2146
0.2957,0.3005
0.279,0.274
0.267,0.2734
0.2339,0.2484
0.2114,0.2019
0.2217,0.2354
0.2383,0.227
0.2505,0.2355
0.2415,0.2524
0.2019,0.21
0.2087,0.2009
0.2429,0.2445
0.2524,0.2441
0.2646,0.2598
0.2238,0.2229
0.2462,0.2402
0.2327,0.2466
0.2227,0.2185
0.2123,0.2112
0.2462,0.2258
0.2236,0.2413
0.246,0.2394
0.2515,0.2438
0.209,0.2106
0.2106,0.209
0.2164,0.1954
0.2162,0.2286
0.2169,0.2275
0.2383,0.2334
0.2769,0.2705
0.2568,0.2615
0.2668,0.2705
0.2325,0.224
0.2107,0.2096
0.1956,0.2131
0.271,0.2764
0.2607,0.2737
0.2427,0.2428
0.2844,0.2627
0.26,0.2615
0.247,0.2524
0.2445,0.2352
0.2517,0.256
0.285,0.2803
0.2646,0.2722
0.2844,0.2935
0.2028,0.2151
0.2411,0.2505
0.2505,0.2411
0.2788,0.3003
0.2656,0.2695
0.2384,0.2422
0.2162,0.2435
0.2245,0.2367
0.2634,0.261
0.2405,0.2216
0.3135,0.3206
0.3228,0.318
0.2408,0.2386
0.2351,0.2225
0.266,0.275
0.2925,0.2979
0.2695,0.2651
0.2676,0.252
0.265,0.255
0.2408,0.2595
0.2666,0.2676
0.2732,0.2678
0.2656,0.2712
0.2993,0.2952
0.2866,0.2957
0.2065,0.2051
0.2025,0.2078
0.2935,0.3064
0.2688,0.2683
0.2957,0.2864
0.2676,0.2644
0.278,0.2861
0.2642,0.262
0.2673,0.2742
0.298,0.2893
0.2837,0.2798
0.3108,0.3162
0.3225,0.3118
0.2207,0.1997
0.234,0.2153
0.2338,0.2174
0.2607,0.257
0.257,0.26
0.2286,0.2264
0.1978,0.1943
0.2338,0.2194
0.2502,0.2505
0.252,0.2563
0.2603,0.2566
0.2764,0.272
0.27,0.275
0.2651,0.262
0.2421,0.236
0.266,0.271
0.2646,0.2688
0.2651,0.2642
0.2437,0.2463
0.2625,0.2563
0.2927,0.2864
0.278,0.2874
0.2463,0.2437
0.2693,0.2622
0.274,0.2754
0.271,0.2688
0.2454,0.249
0.2343,0.2324
0.237,0.2373
0.2457,0.2517
0.251,0.2666
0.257,0.2644
0.2808,0.288
0.2664,0.2754
0.2341,0.241
0.2361,0.2285
0.2988,0.3057
0.2329,0.2277
0.302,0.2915
0.2927,0.2761
0.2727,0.2673
0.288,0.29
0.2052,0.2015
0.1759,0.1852
0.2131,0.2155
0.1837,0.1776
0.197,0.1838
0.1798,0.1836
0.2008,0.2064
0.2175,0.2183
0.268,0.2612
0.2698,0.2715
0.2761,0.2861
0.2788,0.262
0.1892,0.1836
0.28,0.27
0.2335,0.2352
0.2284,0.2219
0.2163,0.2284
0.2223,0.2406
0.2683,0.26
0.2335,0.2255
0.252,0.2438
0.239,0.2281
0.2468,0.2559
0.2556,0.2632
0.2666,0.2505
0.2507,0.2673
0.2717,0.2722
0.2969,0.2932
0.2932,0.2969
0.2825,0.2778
0.259,0.253
0.2688,0.2795
0.2568,0.2654
0.3115,0.3137
0.3225,0.3137
0.301,0.3044
0.3025,0.2944
0.3035,0.3064
0.3044,0.301
0.1868,0.1791
0.1866,0.1973
0.1991,0.1936
0.255,0.2583
0.273,0.2725
0.285,0.2805
0.263,0.2477
0.2695,0.265
0.2747,0.2725
0.242,0.253
0.2656,0.2754
0.2693,0.2693
0.2844,0.2737
0.2435,0.2418
0.2284,0.226
0.231,0.2374
0.251,0.2522
0.2827,0.278
0.2335,0.2247
0.2341,0.2325
0.2783,0.2756
0.2197,0.2305
0.2793,0.287
0.2712,0.2825
0.2349,0.2295
0.2217,0.2269
0.2788,0.267
0.259,0.2712
0.2715,0.2727
0.2334,0.2172
0.276,0.268
0.2756,0.2742
0.2747,0.2778
0.2786,0.2642
0.3035,0.2993
0.3003,0.3015
0.2213,0.2153
0.2153,0.2164
0.2408,0.2332
0.2683,0.268
0.3137,0.3071
0.3147,0.3123
0.3008,0.3127
0.307,0.3142
0.2393,0.2439
0.2874,0.304
0.306,0.2935
0.3076,0.2888
0.2886,0.3206
0.2559,0.258
0.261,0.258
0.2416,0.2332
0.262,0.2499
0.2305,0.2411
0.328,0.329
0.3325,0.3345
0.2998,0.307
0.2898,0.301
0.305,0.312
0.303,0.3018
0.2177,0.2532
0.239,0.2393
0.2369,0.2332
0.2336,0.2407
0.2137,0.2084
0.2188,0.2148
0.232,0.2406
0.2047,0.2157
0.2167,0.2228
0.2422,0.259
0.2668,0.2407
0.2778,0.2844
0.2776,0.2832
0.2883,0.2947
0.248,0.2441
0.2905,0.2815
0.244,0.2489
0.2445,0.2448
0.2598,0.2585
0.2627,0.2603
0.2435,0.2395
0.2437,0.2463
0.2405,0.2466
0.26,0.2588
0.2522,0.2566
0.2113,0.232
0.2524,0.2566
0.2219,0.2343
0.2296,0.2296
0.273,0.2825
0.233,0.2235
0.2319,0.2352
0.2517,0.2588
0.2458,0.2399
0.2393,0.2336
0.2301,0.2257
0.2323,0.2332
0.2314,0.2393
0.2107,0.2104
0.204,0.2096
0.2395,0.243
0.235,0.2385
0.2261,0.2264
0.2404,0.2405
0.2803,0.278
0.2491,0.2496
0.279,0.282
0.275,0.2737
0.2869,0.2915
0.232,0.2317
0.2395,0.238
0.2351,0.233
0.281,0.2812
0.2676,0.269
0.2747,0.275
0.2634,0.2651
0.2742,0.2751
0.2573,0.259
0.301,0.295
0.2385,0.2386
0.2443,0.252
0.2295,0.2266
0.2893,0.294
0.2632,0.2627
0.2876,0.283
0.2612,0.2498
0.284,0.289
0.2617,0.2712
0.255,0.2659
0.2573,0.2742
0.2888,0.2935
0.2238,0.2272
0.2311,0.2394
0.2693,0.2659
0.2952,0.296
0.2734,0.2683
0.275,0.2585
0.2915,0.29
0.261,0.256
0.2659,0.2717
0.2732,0.2725
0.2327,0.2258
0.2961,0.293
0.252,0.2686
0.261,0.268
0.268,0.2465
0.2764,0.2747
0.2047,0.2152
0.223,0.2118
0.2605,0.2617
0.26,0.2559
0.2715,0.2612
0.2568,0.265
0.2416,0.2715
0.201,0.1981
0.288,0.276
0.2441,0.2429
0.2646,0.2703
0.2693,0.262
0.2473,0.2324
0.2732,0.2603
0.26,0.264
0.2258,0.2438
0.2313,0.2446
0.2129,0.2164
0.2993,0.2996
0.2656,0.2644
0.264,0.2705
0.2888,0.2961
0.1847,0.1881
0.15,0.1471
0.2072,0.2078
0.2335,0.2312
0.2189,0.2142
0.2169,0.2192
0.2146,0.2201
0.2288,0.2329
0.266,0.2812
0.2998,0.2996
0.3333,0.3394
0.3198,0.3247
0.2825,0.2808
0.3315,0.3298
0.2969,0.3
0.3083,0.308
0.3027,0.3005
0.2795,0.2683
0.279,0.294
0.3196,0.3225
0.278,0.2776
0.1982,0.2108
0.213,0.2085
0.2776,0.2717
0.2988,0.2942
0.2288,0.2211
0.3174,0.3008
0.277,0.2734
0.2922,0.3076
0.3022,0.3127
0.2925,0.3113
0.2893,0.286
0.2803,0.2834
0.2288,0.2318
0.3108,0.2856
0.2725,0.266
0.2166,0.2211
0.2666,0.2673
0.2786,0.2776
0.2668,0.261
0.2537,0.2354
0.2428,0.2527
0.315,0.3027
0.2937,0.3066
0.2102,0.2214
0.2954,0.2874
0.2869,0.2898
0.2815,0.2988
0.3035,0.2842
0.251,0.2478
0.2391,0.248
0.2957,0.2673
0.2517,0.2412
0.2052,0.2056
0.2213,0.22
0.2615,0.2476
0.2622,0.2416
0.2206,0.2062
0.2507,0.259
0.2537,0.2515
0.25,0.224
0.212,0.205
0.2202,0.2478
0.227,0.2418
0.2415,0.2275
0.2703,0.2622
0.3035,0.3
0.227,0.228
0.2179,0.2144
0.2261,0.2245
0.2344,0.2267
0.2678,0.2695
0.2273,0.2343
0.219,0.2277
0.2722,0.2732
0.26,0.2783
0.251,0.2495
0.2896,0.2676
0.2517,0.2445
0.3215,0.317
0.3154,0.318
0.286,0.2825
0.2864,0.2908
0.2908,0.2876
0.275,0.283
0.2815,0.278
0.299,0.2983
0.2332,0.2352
0.2305,0.2346
0.258,0.2568
0.2622,0.2615
0.1711,0.1846
0.2632,0.2471
0.2507,0.2598
0.1909,0.182
0.2578,0.2507
0.2156,0.217
0.2125,0.2136
0.2303,0.2347
0.2313,0.2302
0.2307,0.2363
0.2595,0.257
0.2595,0.253
0.273,0.26
0.2632,0.259
0.2422,0.2296
0.292,0.294
0.295,0.2983
0.2485,0.2428
0.3237,0.3298
0.2295,0.2522
0.2018,0.2104
0.2439,0.2295
0.2375,0.2383
0.2583,0.249
0.2174,0.2192
0.2422,0.2384
0.2214,0.2174
0.2416,0.2424
0.2424,0.2324
0.2976,0.2874
0.307,0.3137
0.3164,0.3135
0.305,0.3025
0.3015,0.2864
0.3057,0.2993
0.2993,0.2876
0.2864,0.2988
0.2925,0.3015
0.29,0.3027
0.2954,0.3044
0.2974,0.303
0.2961,0.3008
0.3013,0.295
0.2964,0.2854
0.2659,0.283
0.2852,0.27
0.2285,0.2266
0.2246,0.2312
0.2374,0.2355
0.224,0.2249
0.272,0.2751
0.3384,0.3367
0.2308,0.1929
0.2937,0.2983
0.3257,0.3218
0.3196,0.3245
0.2969,0.2952
0.34,0.3293
0.3345,0.352
0.3367,0.344
0.2158,0.2131
0.2325,0.2306
0.2205,0.2244
0.2466,0.251
0.2446,0.2329
0.258,0.2477
0.2297,0.2224
0.2253,0.2183
0.2223,0.254
0.2534,0.2433
0.2358,0.2505
0.3079,0.3208
0.3286,0.3396
0.31,0.312
0.3135,0.31
0.277,0.274
0.2783,0.2815
0.3137,0.3228
0.3008,0.3003
0.2651,0.2703
0.2666,0.2727
0.2373,0.2301
0.2715,0.2656
0.2727,0.256
0.2242,0.2234
0.2249,0.2201
0.2603,0.2607
0.2289,0.2284
0.2273,0.2299
0.2285,0.227
0.2556,0.2507
0.1743,0.1807
0.2812,0.307
0.1921,0.2072
0.3154,0.3052
0.3086,0.3125
0.2296,0.222
0.2184,0.224
0.2578,0.269
0.2627,0.2832
0.2637,0.253
0.2507,0.2385
0.285,0.2793
0.2834,0.289
0.2177,0.2166
0.276,0.2869
0.2961,0.3008
0.225,0.2183
0.2983,0.294
0.2837,0.2783
0.2393,0.2452
0.2754,0.289
0.286,0.2722
0.2429,0.2366
0.2396,0.2449
0.2222,0.2181
0.2957,0.295
0.2947,0.287
0.2593,0.2537
0.2151,0.2144
0.2477,0.2554
0.287,0.2827
0.261,0.2625
0.2478,0.2507
0.2532,0.2458
0.2488,0.247
0.2642,0.2625
0.2563,0.2483
0.2483,0.2563
0.2595,0.2666
0.1985,0.2068
0.2588,0.2695
0.2517,0.262
0.2372,0.2372
0.2788,0.2805
0.2095,0.2134
0.2213,0.2235
0.2264,0.2273
0.2708,0.27
0.2223,0.1993
0.2524,0.2644
0.2368,0.2351
0.262,0.2484
0.2627,0.2493
0.2683,0.2703
0.2961,0.3022
0.3064,0.311
0.301,0.302
0.2932,0.2834
0.25,0.258
0.2808,0.2932
0.2588,0.257
0.2443,0.2476
0.2434,0.2426
0.2527,0.2467
0.2646,0.264
0.26,0.2559
0.2246,0.2224
0.2391,0.2327
0.2375,0.2395
0.2183,0.2235
0.2384,0.2378
0.2162,0.2238
0.22,0.2229
0.2247,0.2222
0.2399,0.24
0.2102,0.2057
0.2915,0.2964
0.3,0.296
0.2964,0.2915
0.2546,0.2439
0.21,0.2129
0.2075,0.2045
0.3167,0.3113
0.2485,0.2498
0.2527,0.2668
0.305,0.3145
0.3044,0.3113
0.2727,0.2808
0.2507,0.26
0.255,0.2336
0.2664,0.2551
0.2805,0.2644
0.2471,0.2542
0.2612,0.2585
0.2634,0.2642
0.2659,0.2583
0.2534,0.2505
0.2578,0.254
0.2954,0.27
0.275,0.2815
0.2847,0.2722
0.3047,0.2964
0.2742,0.2576
0.27,0.2954
0.2961,0.3013
0.2042,0.2284
0.3193,0.327
0.297,0.304
0.286,0.282
0.3313,0.3235
0.2786,0.2812
0.3044,0.3013
0.2391,0.2344
0.2344,0.2391
0.2067,0.2089
0.1799,0.1802
0.2001,0.1948
0.2046,0.2145
0.21,0.2091
0.198,0.193
0.1826,0.1852
0.186,0.1849
0.2007,0.2028
0.2119,0.2223
0.2089,0.2046
0.1796,0.1829
0.1888,0.1958
0.266,0.264
0.272,0.285
0.2029,0.1959
0.2023,0.2056
0.1936,0.1938
0.2109,0.2068
0.2576,0.2568
0.1976,0.1816
0.1752,0.1884
0.1924,0.1729
0.2375,0.231
0.207,0.1982
0.2067,0.2008
0.1803,0.1821
0.257,0.2583
0.1969,0.205
0.2323,0.2239
0.2183,0.2334
0.2478,0.2532
0.2366,0.2341
0.2366,0.2306
0.2327,0.22
0.2368,0.2345
0.2798,0.284
0.2354,0.2292
0.2815,0.2737
0.2542,0.2462
0.22,0.2327
0.2388,0.2385
0.2306,0.2366
0.2347,0.2406
0.2632,0.2654
0.2389,0.2372
0.2408,0.2455
0.2651,0.2688
0.2559,0.2493
0.2517,0.2576
0.2668,0.2756
0.267,0.2664
0.2413,0.242
0.242,0.2413
0.2368,0.239
0.2075,0.2117
0.2421,0.2404
0.2241,0.2319
0.2157,0.2141
0.2357,0.231
0.2888,0.2917
0.287,0.283
0.279,0.276
0.288,0.277
0.3066,0.302
0.3022,0.3052
0.2534,0.2817
0.2832,0.2866
0.2861,0.2878
0.283,0.2593
0.2201,0.2417
0.2522,0.2546
0.2688,0.269
0.274,0.2715
0.2551,0.2568
0.2299,0.2427
0.2452,0.2255
0.296,0.2944
0.2998,0.2976
0.2944,0.296
0.2766,0.2842
0.2812,0.28
0.2397,0.2444
0.2551,0.2446
0.2083,0.214
0.2507,0.2568
0.2113,0.225
0.2201,0.2257
0.297,0.2925
0.2292,0.2349
0.2498,0.2427
0.2773,0.2644
0.2856,0.3018
0.2783,0.2744
0.2834,0.2803
0.284,0.2817
0.2915,0.2852
0.2866,0.2817
0.2822,0.2966
0.2673,0.2607
0.2773,0.2644
0.2783,0.2769
0.2583,0.2566
0.2194,0.2114
0.2482,0.2448
0.239,0.2424
0.213,0.2168
0.2213,0.214
0.2118,0.1986
0.2515,0.237
0.2072,0.2163
0.2468,0.2542
0.2183,0.2222
0.2223,0.235
0.275,0.2722
0.2754,0.2808
0.2793,0.2861
0.2815,0.2798
0.2427,0.2424
0.2384,0.2356
0.2515,0.2554
0.2391,0.2333
0.2474,0.2417
0.2434,0.2517
0.2744,0.2544
0.262,0.2651
0.2544,0.2744
0.2542,0.2659
0.266,0.2734
0.28,0.2815
0.2375,0.2285
0.2688,0.2717
0.28,0.2817
0.2666,0.2585
0.2566,0.2769
0.2866,0.2788
0.266,0.2715
0.2727,0.274
0.276,0.285
0.2625,0.2585
0.2808,0.2773
0.2418,0.2556
0.2517,0.2312
0.2052,0.1825
0.264,0.2795
0.2477,0.252
0.2578,0.257
0.233,0.2329
0.2402,0.2366
0.2542,0.254
0.2524,0.2563
0.2507,0.2559
0.2285,0.2305
0.3054,0.2922
0.2356,0.223
0.254,0.2568
0.2426,0.2417
0.25,0.2487
0.2367,0.2458
0.26,0.2546
0.2262,0.2183
0.2512,0.245
0.2229,0.2312
0.254,0.2524
0.2515,0.2498
0.2908,0.2932
0.2773,0.269
0.3027,0.3071
0.3074,0.3052
0.302,0.3008
0.2568,0.2458
0.2341,0.2471
0.257,0.2727
0.2393,0.2238
0.258,0.243
0.2922,0.2874
0.2825,0.286
0.2664,0.2693
0.2358,0.2659
0.2688,0.2668
0.2715,0.238
0.272,0.271
0.2727,0.2754
0.274,0.2642
0.2834,0.273
0.3115,0.2944
0.2554,0.2637
0.2878,0.3076
0.2617,0.2622
0.278,0.2764
0.2817,0.2808
0.2876,0.2922
0.2932,0.2927
0.2598,0.2656
0.293,0.289
0.2695,0.267
0.2642,0.2712
0.2642,0.2683
0.279,0.2769
0.2656,0.2544
0.266,0.2642
0.289,0.2883
0.2751,0.2722
0.2363,0.2354
0.2278,0.2369
0.2354,0.2363
0.2534,0.2512
0.1953,0.1992
0.2507,0.264
0.1874,0.1896
0.1979,0.1965
0.1978,0.2008
0.2231,0.2069
0.1982,0.2062
0.1908,0.1888
0.1813,0.1837
0.2102,0.2219
0.2242,0.2178
0.293,0.2852
0.2258,0.2262
0.2285,0.2249
0.254,0.2607
0.2228,0.2136
0.2074,0.198
0.2094,0.1984
0.2172,0.2179
0.2267,0.2388
0.214,0.2114
0.2317,0.2544
0.26,0.2712
0.1965,0.1965
0.1937,0.202
0.265,0.255
0.2595,0.2457
0.273,0.259
0.253,0.2463
0.253,0.2607
0.2443,0.2693
0.2761,0.2866
0.1958,0.202
0.1882,0.1958
0.1968,0.1981
0.1985,0.1959
0.3228,0.3135
0.2512,0.257
0.312,0.3154
0.2408,0.2416
0.2335,0.2312
0.2554,0.255
0.2568,0.2485
0.3096,0.3115
0.3052,0.2988
0.2656,0.274
0.284,0.2847
0.2686,0.2637
0.2827,0.2837
0.2751,0.282
0.2167,0.2225
0.2751,0.282
0.2751,0.282
0.2446,0.2498
0.2316,0.2272
0.2358,0.2328
0.2546,0.2573
0.1963,0.214
0.2211,0.2084
0.2524,0.2496
0.265,0.2703
0.278,0.2725
0.3406,0.3423
0.3367,0.3433
0.2258,0.2113
0.2642,0.2551
0.2327,0.2161
0.2627,0.2698
0.2186,0.203
0.2303,0.2307
0.347,0.3467
0.3428,0.3472
0.2483,0.2505
0.2883,0.291
0.272,0.2698
0.2803,0.2825
0.2532,0.2488
0.27,0.2644
0.2019,0.204
0.2032,0.2018
0.2262,0.2385
0.2389,0.2372
0.2297,0.2527
0.2411,0.2185
0.2554,0.2595
0.2223,0.2317
0.2327,0.2224
0.243,0.2418
0.2644,0.2578
0.2703,0.2805
0.2651,0.2732
0.2732,0.2666
0.2062,0.2168
0.21,0.2013
0.2347,0.2206
0.2563,0.2751
0.2189,0.2305
0.228,0.2231
0.2468,0.244
0.2399,0.239
0.2362,0.2424
0.255,0.2527
0.2544,0.2654
0.2318,0.2437
0.2125,0.2273
0.2242,0.2202
0.2305,0.2324
0.1965,0.2043
0.2024,0.2035
0.3125,0.3064
0.2974,0.3066
0.2268,0.2242
0.2272,0.2286
0.2822,0.2861
0.2343,0.2472
0.2498,0.2372
0.2883,0.287
0.2734,0.2725
0.2734,0.2725
0.3064,0.3052
0.3254,0.3218
0.3167,0.3103
0.2734,0.272
0.273,0.2627
0.2162,0.2185
0.271,0.2505
0.2238,0.236
0.217,0.2246
0.2693,0.263
0.2489,0.2578
0.2537,0.28
0.2651,0.2627
0.214,0.2081
0.2201,0.2095
0.2344,0.2241
0.2328,0.2162
0.2664,0.247
0.2333,0.2441
0.2408,0.2289
0.2039,0.2062
0.2083,0.2069
0.2279,0.2203
0.2311,0.2277
0.2239,0.2234
0.2402,0.2407
0.2349,0.2307
0.2391,0.2325
0.2498,0.2502
0.3035,0.3179
0.315,0.313
0.3179,0.3035
0.2131,0.234
0.2888,0.292
0.282,0.2861
0.2578,0.252
0.2177,0.2179
0.2438,0.237
0.2462,0.2435
0.2377,0.2341
0.2183,0.2255
0.2532,0.2498
0.2333,0.2344
0.239,0.2382
0.2104,0.2144
0.2208,0.2203
0.266,0.2725
0.2793,0.2769
0.2556,0.2607
0.2583,0.2566
0.2505,0.2463
0.2493,0.2477
0.2803,0.2754
0.1982,0.1869
0.1609,0.1688
0.2961,0.2744
0.2795,0.2964
0.2705,0.2915
0.2744,0.2961
0.2705,0.283
0.2766,0.2812
0.283,0.2705
0.2393,0.2443
0.2465,0.2449
0.2915,0.2722
0.2627,0.285
0.2227,0.2206
0.2134,0.2064
0.2247,0.2183
0.2172,0.2078
0.2063,0.2103
0.1885,0.1951
0.2396,0.236
0.2314,0.234
0.2249,0.2196
0.2405,0.2242
0.2238,0.2312
0.2272,0.2474
0.2421,0.243
0.2278,0.2405
0.275,0.269
0.2428,0.2285
0.266,0.2678
0.275,0.2778
0.2883,0.2874
0.2512,0.2505
0.2893,0.2825
0.2747,0.2754
0.2477,0.2484
0.258,0.2491
0.2583,0.2471
0.2812,0.289
0.2391,0.2319
0.2382,0.2281
0.283,0.2793
0.2467,0.2396
0.2446,0.255
0.2527,0.2637
0.2441,0.2534
0.2251,0.2568
0.2668,0.2766
0.2522,0.2212
0.2795,0.2725
0.2128,0.2106
0.2109,0.2214
0.2336,0.2213
0.2446,0.2253
0.2198,0.2108
0.2404,0.2512
0.2192,0.223
0.2249,0.2281
0.252,0.2386
0.2295,0.2394
0.2146,0.2118
0.2112,0.2133
0.271,0.2717
0.268,0.2717
0.2646,0.2583
0.2886,0.2842
0.2637,0.2688
0.285,0.293
0.2998,0.3008
0.2764,0.271
0.2776,0.2825
0.2341,0.2396
0.2866,0.2893
0.2925,0.2915
0.2825,0.2837
0.2886,0.2888
0.253,0.2524
0.2756,0.2756
0.2559,0.2532
0.2747,0.271
0.3005,0.2947
0.258,0.2708
0.3032,0.299
0.2664,0.2593
0.2954,0.3013
0.282,0.2827
0.2976,0.3054
0.2386,0.2332
0.267,0.2532
0.2507,0.2434
0.2369,0.2295
0.2456,0.2467
0.2324,0.246
0.2537,0.2625
0.247,0.2458
0.2434,0.2356
0.251,0.2487
0.2472,0.2408
0.2465,0.2542
0.2312,0.2366
0.2418,0.2245
0.262,0.2534
0.2366,0.2268
0.254,0.2576
0.261,0.261
0.3171,0.3083
0.2668,0.2664
0.263,0.263
0.2852,0.2966
0.2363,0.2451
0.2764,0.2815
0.2964,0.299
0.278,0.2773
0.3005,0.304
0.3083,0.2966
0.263,0.2522
0.2727,0.283
0.2493,0.2556
0.2756,0.268
0.2185,0.2133
0.2439,0.2393
0.2308,0.237
0.2234,0.227
0.249,0.2448
0.2563,0.252
0.2144,0.2233
0.2489,0.2532
0.2627,0.2668
0.257,0.2479
0.2534,0.2524
0.2483,0.2483
0.2683,0.2573
0.2598,0.2491
0.2344,0.2312
0.2162,0.2253
0.2218,0.2272
0.236,0.2296
0.27,0.281
0.2482,0.2487
0.2532,0.2627
0.2245,0.2343
0.2455,0.2443
0.2001,0.2062
0.2332,0.234
0.2488,0.2452
0.2395,0.2205
0.2048,0.2045
0.2485,0.2439
0.264,0.2622
0.2449,0.2437
0.2568,0.2605
0.2686,0.2695
0.2664,0.2542
0.2496,0.2498
0.3064,0.3027
0.2917,0.296
0.2104,0.21
0.2793,0.2717
0.3171,0.3245
0.3167,0.3193
0.312,0.313
0.3079,0.3076
0.262,0.2666
0.3132,0.3213
0.3086,0.311
0.3132,0.313
0.3003,0.2998
0.3088,0.317
0.3076,0.306
0.3076,0.3079
0.3179,0.3203
0.3098,0.3167
0.2554,0.2634
0.298,0.297
0.2815,0.2793
0.2441,0.252
0.2559,0.245
0.272,0.2778
0.197,0.1888
0.2935,0.3032
0.2842,0.2917
0.242,0.2308
0.2184,0.2109
0.234,0.2329
0.2294,0.2228
0.2328,0.2402
0.1996,0.2014
0.2144,0.2146
0.1945,0.1989
0.2281,0.2303
0.2224,0.2352
0.2727,0.278
0.2169,0.2189
0.1943,0.1919
0.1981,0.1962
0.2188,0.2164
0.2161,0.2074
0.2122,0.214
0.2202,0.2258
0.2642,0.269
0.2194,0.2207
0.277,0.2646
0.2379,0.231
0.256,0.2544
0.2612,0.2534
0.256,0.2542
0.2402,0.2278
0.2693,0.2617
0.2708,0.2646
0.2517,0.2446
0.2559,0.2595
0.2551,0.2585
0.2607,0.2698
0.2444,0.2449
0.2874,0.29
0.294,0.287
0.2551,0.244
0.217,0.2196
0.2124,0.2151
0.2225,0.223
0.2192,0.224
0.2368,0.2388
0.2424,0.252
0.2102,0.208
0.226,0.22
0.2136,0.2141
0.2223,0.2283
0.2261,0.2161
0.2164,0.2156
0.2642,0.2625
0.2576,0.2683
0.2693,0.2664
0.2664,0.2646
0.2046,0.2161
0.227,0.2424
0.1873,0.1782
0.2393,0.2416
0.2117,0.2042
0.253,0.2603
0.2439,0.2346
0.2252,0.2255
0.2257,0.225
0.2844,0.284
0.2299,0.227
0.2059,0.216
0.285,0.2844
0.2786,0.279
0.2095,0.2062
0.2542,0.25
0.251,0.2532
0.2595,0.2722
0.288,0.2886
0.1923,0.2018
0.2484,0.248
0.2524,0.2524
0.2034,0.1832
0.254,0.2422
0.21,0.2065
0.2776,0.2617
0.2007,0.1973
0.1974,0.1864
0.2942,0.2878
0.2399,0.2383
0.2303,0.2317
0.2267,0.2351
0.2644,0.261
0.2522,0.2622
0.2457,0.2537
0.2292,0.2307
0.1753,0.2035
0.1841,0.1891
0.2223,0.2205
0.2394,0.253
0.2627,0.2568
0.1968,0.2074
0.2158,0.2186
0.2725,0.2773
0.2747,0.2705
0.2262,0.2445
0.2091,0.2081
0.2455,0.2413
0.2546,0.2725
0.2095,0.2131
0.2258,0.221
0.253,0.2524
0.2527,0.2393
0.1947,0.1963
0.2512,0.2554
0.202,0.1964
0.25,0.253
0.2693,0.281
0.2433,0.246
0.2827,0.2805
0.2915,0.2896
0.2365,0.2441
0.2666,0.264
0.3071,0.3025
0.311,0.31
0.2896,0.3003
0.2966,0.2866
0.3013,0.2988
0.258,0.2651
0.2878,0.2874
0.293,0.293
0.2263,0.2214
0.2932,0.2925
0.2866,0.285
0.2012,0.2134
0.2522,0.2482
0.2205,0.2219
0.2262,0.2255
0.1957,0.1942
0.271,0.2642
0.2544,0.2607
0.2341,0.2272
0.2416,0.2457
0.2756,0.2786
0.2285,0.229
0.2009,0.2026
0.305,0.2815
0.2854,0.3118
0.2861,0.2944
0.2886,0.2925
0.2878,0.2783
0.2854,0.2817
0.286,0.291
0.303,0.3098
0.2834,0.2957
0.302,0.3003
0.3013,0.2888
0.2505,0.2568
0.2585,0.263
0.238,0.2128
0.223,0.2457
0.2634,0.2786
0.3,0.3052
0.2693,0.2673
0.2766,0.2537
0.2744,0.2769
0.2903,0.2651
0.2445,0.2676
0.2404,0.2344
0.2463,0.2379
0.3103,0.3123
0.2463,0.2346
0.314,0.3047
0.279,0.2842
0.252,0.259
0.2686,0.2786
0.265,0.259
0.296,0.3044
0.2803,0.2798
0.296,0.289
0.3064,0.305
0.3076,0.3137
0.2788,0.2717
0.2588,0.2563
0.2546,0.2542
0.2491,0.2502
0.2305,0.2312
0.2092,0.216
0.2925,0.2957
0.2175,0.2256
0.1974,0.1958
0.2207,0.2095
0.2988,0.2915
0.1953,0.2015
0.198,0.1958
0.2115,0.2108
0.2207,0.2212
0.2556,0.255
0.28,0.2766
0.2817,0.2737
0.2426,0.2443
0.2747,0.278
0.2556,0.255
0.279,0.2886
0.2072,0.2369
0.246,0.2394
0.2847,0.2773
0.2467,0.252
0.269,0.275
0.2712,0.268
0.2578,0.2493
0.1986,0.1866
0.2465,0.2426
0.2507,0.2583
0.2471,0.239
0.2224,0.226
0.2383,0.2433
0.2235,0.2234
0.1989,0.2078
0.1824,0.2097
0.2238,0.2296
0.1891,0.1985
0.2145,0.2328
0.2422,0.2622
0.2449,0.2505
0.241,0.2336
0.2269,0.2446
0.2603,0.253
0.258,0.2522
0.2397,0.225
0.2113,0.2004
0.2369,0.2366
0.2122,0.221
0.2324,0.2251
0.2725,0.2737
0.2646,0.2688
0.2404,0.2368
0.2318,0.2355
0.273,0.273
0.2742,0.284
0.2803,0.2776
0.2485,0.2434
0.21,0.198
0.2484,0.2532
0.2185,0.207
0.1948,0.2031
0.1963,0.2045
0.2461,0.2382
0.2367,0.2413
0.3015,0.312
0.277,0.2717
0.2607,0.268
0.2717,0.277
0.2605,0.257
0.2307,0.232
0.2487,0.2483
0.2224,0.226
0.2476,0.2451
0.2462,0.243
0.2302,0.2441
0.2407,0.2404
0.2405,0.2424
0.2184,0.2189
0.2383,0.2415
0.2742,0.2778
0.2178,0.2144
0.2566,0.2499
0.2798,0.2717
0.2222,0.2249
0.272,0.2896
0.2253,0.224
0.2744,0.2847
0.2766,0.2795
0.2258,0.2238
0.1938,0.1862
0.1929,0.2019
0.202,0.2013
0.2756,0.2888
0.2394,0.2426
0.2546,0.2666
0.2474,0.2595
0.222,0.2184
0.2438,0.2668
0.2426,0.251
0.2517,0.2578
0.2462,0.2651
0.225,0.2432
0.2673,0.2495
0.267,0.2605
0.1956,0.1941
0.204,0.2058
0.2546,0.2522
0.2622,0.2646
0.2179,0.2214
0.291,0.2886
0.2866,0.287
0.284,0.2866
0.2417,0.254
0.2551,0.2522
0.295,0.2913
0.2957,0.2976
0.2656,0.2517
0.2676,0.2754
0.2402,0.252
0.2415,0.2284
0.2179,0.2103
0.2096,0.2142
0.298,0.2976
0.2025,0.2046
0.2983,0.3025
0.309,0.3047
0.2107,0.2081
0.2676,0.2369
0.2401,0.261
0.2634,0.2542
0.2578,0.2656
0.2642,0.271
0.2612,0.25
0.3198,0.3228
0.321,0.3176
0.3247,0.3171
0.2966,0.294
0.2908,0.2947
0.2496,0.266
0.2966,0.295
0.2585,0.2512
0.303,0.298
0.2908,0.2986
0.2925,0.2964
0.2869,0.2876
0.2452,0.2317
0.2352,0.2202
0.2502,0.2527
0.2666,0.2668
0.283,0.2795
0.2644,0.266
0.2517,0.2491
0.2354,0.2379
0.2793,0.2795
0.24,0.2472
0.2686,0.2761
0.2761,0.282
0.2583,0.258
0.2515,0.2532
0.265,0.2666
0.2534,0.2517
0.243,0.2505
0.2646,0.2678
0.2499,0.2432
0.2401,0.2391
0.234,0.2322
0.2365,0.229
0.2512,0.2505
0.2452,0.2477
0.247,0.2458
0.2493,0.2439
0.2406,0.233
0.2415,0.2463
0.2284,0.2374
0.2437,0.2449
0.2266,0.2341
0.2935,0.3003
0.2507,0.2454
0.293,0.289
0.2798,0.2974
0.2678,0.27
0.2137,0.2275
0.2245,0.2168
0.2576,0.2512
0.2279,0.2351
0.2181,0.216
0.268,0.2445
0.2311,0.2181
0.2122,0.2147
0.2566,0.256
0.2905,0.2898
0.2404,0.2285
0.2477,0.2517
0.2292,0.2177
0.2598,0.2461
0.2369,0.2432
0.2277,0.2349
0.2651,0.2712
0.1893,0.1809
0.2338,0.2314
0.2316,0.2583
0.2178,0.2218
0.254,0.2316
0.25,0.2448
0.2361,0.2284
0.2229,0.2218
0.2742,0.2644
0.2477,0.252
0.2478,0.2426
0.2576,0.2585
0.282,0.286
0.283,0.2646
0.2646,0.283
0.2874,0.2976
0.2695,0.2866
0.2898,0.304
0.2866,0.2695
0.2532,0.253
0.3005,0.2854
0.2515,0.258
0.2979,0.3013
0.2607,0.2542
0.2937,0.2861
0.2769,0.267
0.2761,0.272
0.2793,0.2773
0.2754,0.2698
0.2568,0.2512
0.2612,0.2605
0.277,0.2822
0.2368,0.2394
0.261,0.2559
0.2289,0.2292
0.2292,0.2261
0.2255,0.2288
0.2277,0.231
0.2634,0.2698
0.2615,0.258
0.2155,0.2025
0.1847,0.2034
0.1609,0.1481
0.2333,0.2351
0.2396,0.2466
0.2467,0.2473
0.2433,0.2312
0.2532,0.2391
0.2167,0.2167
0.2075,0.1984
0.2157,0.2091
0.1737,0.1742
0.219,0.2219
0.2227,0.2179
0.2495,0.2429
0.2363,0.2451
0.2235,0.229
0.2416,0.2358
0.2478,0.2585
0.2412,0.2289
0.2507,0.2415
0.2369,0.2372
0.2344,0.242
0.213,0.2318
0.2229,0.205
0.2422,0.2354
0.2457,0.251
0.2856,0.283
0.2795,0.2876
0.2605,0.2751
0.2402,0.2333
0.2576,0.2556
0.234,0.2358
0.2683,0.2563
0.2788,0.273
0.2844,0.2754
0.276,0.2778
0.2433,0.2461
0.2133,0.2112
0.2224,0.223
0.2251,0.2252
0.2291,0.2255
0.2014,0.2089
0.2306,0.23
0.2089,0.2014
0.2216,0.2216
0.2397,0.2395
0.2642,0.2664
0.2915,0.2927
0.267,0.2622
0.2139,0.2164
0.2452,0.2446
0.2515,0.2551
0.2123,0.2097
0.2211,0.212
0.2072,0.2196
0.3115,0.2776
0.2654,0.2935
0.2216,0.2256
0.2283,0.2277
0.2319,0.2356
0.2319,0.2285
0.2406,0.2346
0.2524,0.2507
0.19,0.1997
0.2023,0.189
0.2578,0.2556
0.2478,0.2489
0.253,0.27
0.275,0.2551
0.2732,0.2656
0.2301,0.2311
0.29,0.2922
0.2208,0.233
0.2349,0.2114
0.2568,0.2666
0.2343,0.2053
0.2651,0.2678
0.2676,0.2607
0.2474,0.264
0.2212,0.2252
0.2035,0.2026
0.2007,0.2106
0.2654,0.2683
0.2032,0.2107
0.2443,0.2742
0.1973,0.2085
0.1952,0.2047
0.2068,0.2034
0.2744,0.2466
0.2339,0.2281
0.2034,0.1969
0.2036,0.1968
0.2305,0.2512
0.3044,0.3054
0.307,0.302
0.2937,0.294
0.2832,0.2783
0.2925,0.2847
0.2712,0.2935
0.2252,0.2869
0.2952,0.301
0.2744,0.2874
0.2893,0.2979
0.2426,0.2507
0.2783,0.2832
0.2742,0.2761
0.3096,0.3071
0.2734,0.27
0.2874,0.2847
0.2598,0.2499
0.2479,0.251
0.2335,0.2487
0.2379,0.2402
0.2465,0.2482
0.2332,0.24
0.2837,0.2766
0.2854,0.2947
0.2742,0.2856
0.306,0.2803
0.2795,0.2896
0.2424,0.2617
0.2484,0.269
0.3074,0.3074
0.219,0.2319
0.2312,0.229
0.2346,0.233
0.252,0.2399
0.2664,0.2744
0.293,0.3054
0.306,0.297
0.3018,0.2888
0.277,0.2827
0.269,0.2727
0.2122,0.2072
0.2106,0.2131
0.2139,0.2219
0.2627,0.2664
0.2117,0.2153
0.2878,0.2786
0.2917,0.2727
0.247,0.2412
0.2668,0.2915
0.2479,0.256
0.2761,0.2825
0.2734,0.2654
0.2603,0.2498
0.275,0.276
0.196,0.2118
0.2373,0.2356
0.2551,0.2576
0.2546,0.2559
0.2445,0.2428
0.2717,0.2722
0.2214,0.2003
0.2683,0.2607
0.2465,0.2588
0.2566,0.2725
0.2197,0.2223
0.2751,0.2634
0.262,0.2615
0.2615,0.262
0.2627,0.2644
0.2651,0.2642
0.2627,0.2644
0.2399,0.2382
0.2416,0.2395
0.234,0.2457
0.2356,0.2463
0.226,0.237
0.2366,0.2224
0.2015,0.2042
0.2167,0.2131
0.1875,0.1804
0.2178,0.2203
0.2013,0.2047
0.2383,0.2429
0.251,0.2489
0.2421,0.2382
0.274,0.2705
0.2407,0.2505
0.2651,0.273
0.25,0.2563
0.244,0.2412
0.251,0.2416
0.2705,0.2698
0.2722,0.2651
0.268,0.276
0.2241,0.2405
0.268,0.2524
0.221,0.2323
0.2559,0.2761
0.237,0.2466
0.2434,0.2476
0.2363,0.2212
0.2471,0.2428
0.2357,0.2233
0.2443,0.2375
0.2299,0.2383
0.2642,0.2512
0.2467,0.2499
0.2499,0.241
0.2896,0.2727
0.247,0.2598
0.286,0.3057
0.2537,0.2769
0.27,0.2854
0.2874,0.2825
0.2756,0.2725
0.2479,0.2437
0.264,0.2744
0.2751,0.27
0.2793,0.276
0.2744,0.264
0.2407,0.2308
0.2006,0.217
0.321,0.309
0.2493,0.2441
0.2362,0.2396
0.2651,0.2573
0.2646,0.27
0.251,0.2593
0.255,0.2493
0.2588,0.256
0.251,0.2363
0.2598,0.2654
0.2416,0.2435
0.2385,0.2446
0.2316,0.235
0.2323,0.2318
0.2351,0.2295
0.2205,0.2307
0.2734,0.2712
0.3208,0.3247
0.3271,0.3293
0.2401,0.2437
0.3271,0.3257
0.2018,0.2152
0.3208,0.3186
0.2217,0.2106
0.2452,0.2391
0.2568,0.255
0.2788,0.2808
0.26,0.266
0.2693,0.2603
0.2081,0.209
0.2219,0.2198
0.2776,0.278
0.2505,0.2593
0.2695,0.2695
0.2395,0.272
0.2622,0.257
0.2805,0.284
0.2544,0.259
0.2593,0.2656
0.286,0.2903
0.2393,0.2725
0.2832,0.2883
0.2205,0.2457
0.288,0.2861
0.288,0.2852
0.251,0.2233
0.2399,0.2452
0.2262,0.2238
0.2389,0.256
0.2313,0.2239
0.2471,0.2356
0.2241,0.2284
0.2388,0.246
0.2109,0.2179
0.2346,0.2291
0.2625,0.272
0.2751,0.2756
0.2703,0.2454
0.2654,0.26
0.2603,0.257
0.2566,0.2554
0.2491,0.2505
0.2537,0.256
0.2844,0.2874
0.2808,0.2793
0.317,0.304
0.294,0.2793
0.307,0.3047
0.3035,0.3066
0.2827,0.2942
0.2452,0.2345
0.243,0.2421
0.3118,0.3083
0.2316,0.2279
0.2522,0.2472
0.2883,0.2866
0.227,0.2283
0.1938,0.2043
0.2269,0.2334
0.2822,0.2827
0.2285,0.223
0.3054,0.3071
0.2224,0.228
0.1906,0.1879
0.23,0.2415
0.2438,0.2278
0.221,0.223
0.249,0.266
0.2207,0.2274
0.2074,0.2103
0.263,0.2499
0.2551,0.2566
0.2336,0.24
0.2402,0.236
0.2311,0.2372
0.2396,0.2355
0.2389,0.2354
0.2335,0.2356
0.2219,0.2178
0.2917,0.2961
0.2499,0.2563
0.2622,0.2688
0.2898,0.2869
0.26,0.257
0.2712,0.2683
0.2418,0.255
0.202,0.2145
0.2429,0.2429
0.2634,0.2473
0.2542,0.2379
0.244,0.2537
0.248,0.2742
0.2361,0.2476
0.3074,0.3042
0.2932,0.2969
0.266,0.2668
0.2808,0.2776
0.2573,0.2617
0.2515,0.2494
0.2866,0.283
0.2742,0.276
0.2832,0.2754
0.2708,0.2751
0.2546,0.25
0.2556,0.254
0.2365,0.2307
0.2317,0.2346
0.2422,0.2407
0.2444,0.2434
0.2445,0.2507
0.2312,0.2345
0.2417,0.2418
0.2433,0.2413
0.2448,0.2375
0.2957,0.3064
0.2952,0.3132
0.1981,0.1855
0.1924,0.2083
0.2556,0.2617
0.254,0.2461
0.2861,0.2944
0.25,0.254
0.2449,0.2515
0.2306,0.237
0.2275,0.2249
0.2239,0.2253
0.2018,0.2306
0.2456,0.2563
0.2452,0.2489
0.2161,0.2253
0.254,0.264
0.2466,0.2532
0.2242,0.2218
0.2598,0.2573
0.2379,0.2139
0.2101,0.209
0.2717,0.2773
0.2588,0.2573
0.2595,0.2554
0.275,0.272
0.2544,0.2544
0.2502,0.2496
0.2429,0.2588
0.1976,0.198
0.2712,0.2627
0.2603,0.2732
0.2267,0.2485
0.243,0.2676
0.264,0.2717
0.2676,0.243
0.21,0.201
0.2795,0.2607
0.2198,0.213
0.2822,0.2847
0.2883,0.2864
0.25,0.265
0.2491,0.2659
0.265,0.25
0.1936,0.2062
0.229,0.2405
0.2365,0.2261
0.314,0.3076
0.2915,0.301
0.3328,0.324
0.2534,0.2495
0.293,0.3098
0.3103,0.3135
0.297,0.3123
0.325,0.3318
0.283,0.2917
0.2979,0.2886
0.2908,0.2964
0.2247,0.2385
0.2244,0.2152
0.2576,0.2788
0.2847,0.293
0.2756,0.2773
0.2725,0.2803
0.2465,0.2512
0.2656,0.2615
0.26,0.2578
0.2695,0.2668
0.2683,0.269
0.2603,0.2588
0.2568,0.2546
0.2463,0.2544
0.259,0.2622
0.259,0.266
0.2578,0.26
0.258,0.264
0.2494,0.2593
0.2673,0.2507
0.2473,0.2515
0.229,0.2275
0.1875,0.1929
0.2546,0.2563
0.2598,0.2527
0.2764,0.2795
0.2275,0.25
0.2365,0.2593
0.2664,0.2452
0.2852,0.282
0.2834,0.2805
0.2156,0.2179
0.2328,0.2394
0.2402,0.2394
0.24,0.2585
0.2585,0.24
0.2172,0.2212
0.1929,0.198
0.2012,0.193
0.2878,0.3005
0.2737,0.2732
0.291,0.292
0.2198,0.2184
0.2227,0.219
0.2834,0.279
0.275,0.277
0.253,0.2457
0.2554,0.2524
0.242,0.2617
0.2532,0.257
0.2245,0.2229
0.2139,0.2064
0.223,0.2224
0.2301,0.2319
0.2101,0.2228
0.2122,0.2179
0.2087,0.2106
0.2101,0.2157
0.2224,0.217
0.2281,0.2279
0.2294,0.2185
0.2075,0.2146
0.2411,0.237
0.2122,0.2217
0.2295,0.2294
0.2352,0.2382
0.2179,0.2113
0.2006,0.2003
0.2031,0.2036
0.2084,0.2069
0.2307,0.232
0.2258,0.2285
0.227,0.2218
0.2195,0.2141
0.2036,0.2198
0.2352,0.2323
0.2113,0.2213
0.2744,0.2786
0.2666,0.27
0.2357,0.2432
0.272,0.2668
0.2512,0.259
0.259,0.2512
0.2408,0.2573
0.2798,0.2822
0.273,0.2703
0.2576,0.2466
0.254,0.2472
0.249,0.2607
0.1943,0.1973
0.1973,0.1943
0.2937,0.2905
0.3027,0.3062
0.2379,0.208
0.208,0.248
0.242,0.2406
0.2388,0.2451
0.2307,0.2372
0.1652,0.2314
0.2484,0.2473
0.273,0.2712
0.2367,0.2295
0.2411,0.237
0.2747,0.2754
0.2793,0.2832
0.2135,0.2234
0.2394,0.2373
0.2235,0.2194
0.2262,0.2285
0.2136,0.2094
0.2161,0.2168
0.2369,0.2352
0.2325,0.234
0.2515,0.24
0.2551,0.2491
0.2157,0.2114
0.2264,0.2256
0.2241,0.2312
0.2338,0.2393
0.225,0.2283
0.2003,0.2117
0.2372,0.242
0.2257,0.2374
0.2218,0.2244
0.215,0.2179
0.227,0.2191
0.2207,0.2145
0.2144,0.207
0.2474,0.2404
0.3,0.2947
0.2319,0.2382
0.2483,0.2463
0.299,0.2869
0.2512,0.2651
0.3005,0.2961
0.307,0.3066
0.3215,0.3208
0.2961,0.3005
0.2217,0.214
0.2203,0.2285
0.2268,0.2239
0.2666,0.2563
0.2473,0.2502
0.2498,0.2524
0.2563,0.2666
0.271,0.2732
0.2744,0.275
0.2029,0.2025
0.2854,0.2842
0.2512,0.26
0.268,0.269
0.2957,0.3054
0.3008,0.2927
0.2678,0.2585
0.222,0.2197
0.2051,0.2091
0.2308,0.234
0.24,0.2515
0.2428,0.2363
0.2477,0.2347
0.2395,0.2388
0.2394,0.2434
0.2435,0.2537
0.261,0.256
0.311,0.313
0.3103,0.3171
0.294,0.296
0.2954,0.2913
0.2445,0.2428
0.2084,0.159
0.1617,0.217
0.2673,0.2634
0.2678,0.2751
0.2686,0.2659
0.2411,0.2377
0.2788,0.2825
0.2903,0.2869
0.2869,0.2903
0.3057,0.3052
0.26,0.2634
0.2527,0.254
0.2642,0.2527
0.2764,0.2563
0.303,0.3074
0.263,0.2795
0.2776,0.2856
0.2883,0.28
0.2708,0.2646
0.2563,0.248
0.2913,0.2886
0.2917,0.3003
0.2045,0.2157
0.277,0.2637
0.2192,0.212
0.2776,0.2822
0.303,0.3022
0.2712,0.2998
0.2213,0.1993
0.2715,0.2708
0.2686,0.2683
0.2566,0.2654
0.2006,0.2156
0.2212,0.2183
0.268,0.2717
0.275,0.273
0.2659,0.284
0.2375,0.2299
0.2393,0.2393
0.2617,0.261
0.2268,0.2327
0.2517,0.258
0.2332,0.2275
0.2438,0.2404
0.3093,0.3127
0.2305,0.2401
0.295,0.3108
0.2542,0.2305
0.3025,0.3086
0.2676,0.2603
0.2725,0.2656
0.2421,0.236
0.2368,0.2473
0.2693,0.2717
0.2396,0.2443
0.2306,0.2534
0.2546,0.2542
0.2688,0.2656
0.2463,0.234
0.2467,0.2426
0.2632,0.2627
0.2534,0.2434
0.2654,0.2666
0.2505,0.2585
0.2573,0.259
0.2515,0.2595
0.2847,0.2837
0.286,0.282
0.2146,0.2087
0.2021,0.2122
0.2803,0.273
0.2798,0.2903
0.2947,0.301
0.296,0.296
0.2292,0.234
0.2386,0.2335
0.2998,0.3035
0.2395,0.2474
0.1937,0.19
0.2424,0.2313
0.2913,0.2947
0.304,0.2937
0.3083,0.2974
0.2327,0.2234
0.2034,0.21
0.1882,0.1691
0.1971,0.2076
0.1765,0.1932
0.2168,0.2145
0.2162,0.2247
0.1846,0.1987
0.2295,0.2356
0.2595,0.2338
0.22,0.2141
0.2451,0.237
0.2391,0.232
0.2468,0.2485
0.2693,0.2576
0.2588,0.2537
0.2491,0.2379
0.2522,0.2642
0.2479,0.2272
0.2563,0.2673
0.2542,0.262
0.2534,0.233
0.2454,0.2537
0.249,0.237
0.2278,0.219
0.2158,0.2307
0.2832,0.2766
0.2515,0.2576
0.2632,0.266
0.2778,0.284
0.2646,0.2615
0.2461,0.2408
0.2668,0.274
0.2688,0.2705
0.2473,0.2542
0.266,0.2678
0.26,0.255
0.2722,0.2734
0.2573,0.25
0.2795,0.271
0.2844,0.2825
0.2522,0.248
0.2412,0.248
0.268,0.2554
0.2715,0.2756
0.2573,0.269
0.275,0.2715
0.2642,0.2457
0.2399,0.2281
0.2418,0.2423
0.2878,0.295
0.2374,0.2456
0.292,0.2979
0.2499,0.258
0.301,0.2852
0.2869,0.275
0.2435,0.2347
0.268,0.2676
0.2566,0.251
0.2479,0.2507
0.2595,0.254
0.2434,0.2405
0.2583,0.2532
0.2698,0.2717
0.287,0.279
0.2322,0.2284
0.279,0.2866
0.246,0.2568
0.2478,0.2524
0.279,0.2874
0.2361,0.2457
0.233,0.2324
0.2295,0.2205
0.2612,0.2544
0.2532,0.2458
0.2179,0.2317
0.2595,0.2742
0.1917,0.2031
0.2089,0.2012
0.2607,0.2634
0.2458,0.2622
0.2166,0.2257
0.2218,0.2236
0.2502,0.2312
0.1825,0.1853
0.1925,0.195
0.2289,0.2241
0.197,0.1991
0.2119,0.1997
0.265,0.2698
0.2751,0.2666
0.2622,0.2634
0.2246,0.2197
0.2715,0.2585
0.264,0.2637
0.2654,0.2678
0.1906,0.1819
0.2136,0.2334
0.2637,0.2634
0.1917,0.1895
0.1812,0.1796
0.1777,0.1809
0.2202,0.2244
0.2212,0.2095
0.231,0.2272
0.2214,0.2194
0.2283,0.2341
0.2136,0.2125
0.2262,0.219
0.2764,0.2878
0.208,0.2021
0.1915,0.2001
0.236,0.2382
0.2041,0.2054
0.2429,0.2401
0.3,0.305
0.2996,0.2954
0.2654,0.275
0.2466,0.2478
0.2725,0.2783
0.324,0.3218
0.3174,0.32
0.2491,0.2388
0.2478,0.249
0.2512,0.2488
0.2612,0.2479
0.2532,0.271
0.241,0.2505
0.233,0.2377
0.2435,0.2357
0.2245,0.219
0.2208,0.2329
0.2289,0.2292
0.2363,0.2491
0.2242,0.2333
0.2316,0.2308
0.2402,0.2263
0.2404,0.2349
0.1963,0.1925
0.229,0.2356
0.2087,0.2084
0.2186,0.2205
0.251,0.2566
0.2146,0.213
0.2332,0.2245
0.2261,0.2255
0.2217,0.214
0.2588,0.2532
0.2218,0.2258
0.1865,0.2021
0.2052,0.213
0.2334,0.2345
0.2003,0.1898
0.1997,0.1935
0.238,0.2397
0.2783,0.2827
0.2273,0.2245
0.254,0.2583
0.2218,0.2261
0.2683,0.284
0.264,0.2778
0.2068,0.2065
0.2338,0.2236
0.2388,0.2422
0.337,0.334
0.2303,0.2346
0.2842,0.283
0.2405,0.2468
0.2167,0.2114
0.264,0.274
0.251,0.2479
0.2317,0.2405
0.2177,0.226
0.2417,0.2476
0.2186,0.2262
0.2269,0.2256
0.2969,0.2969
0.326,0.323
0.2737,0.2754
0.2817,0.2778
0.3252,0.32
0.3237,0.3242
0.2374,0.2368
0.2391,0.2418
0.2532,0.253
0.2876,0.2832
0.2617,0.2568
0.2783,0.2798
0.242,0.2517
0.24,0.2505
0.251,0.2563
0.2378,0.243
0.2637,0.262
0.2424,0.2444
0.299,0.297
0.301,0.2942
0.2856,0.2883
0.2695,0.263
0.291,0.2957
0.2788,0.2732
0.2932,0.2856
0.2695,0.269
0.2837,0.2913
0.2756,0.27
0.272,0.2761
0.2532,0.2517
0.2406,0.2462
0.2306,0.2385
0.2386,0.236
0.2646,0.247
0.2157,0.2155
0.2808,0.2917
0.302,0.304
0.3018,0.2998
0.297,0.2913
0.2842,0.2817
0.2732,0.2778
0.2612,0.2627
0.2532,0.2566
0.1979,0.1859
0.2573,0.2544
0.2686,0.2612
0.238,0.2473
0.2455,0.2418
0.2976,0.3005
0.2993,0.2874
0.2476,0.2433
0.2423,0.2421
0.2406,0.2448
0.2435,0.2451
0.3052,0.3113
0.2742,0.2708
0.2766,0.274
0.2585,0.2642
0.262,0.266
0.3093,0.3015
0.2727,0.2725
0.2725,0.28
0.316,0.316
0.3157,0.3083
0.285,0.2844
0.3088,0.3225
0.2866,0.2844
0.31,0.312
0.2406,0.2432
0.2291,0.2437
0.2546,0.2434
0.2439,0.2585
0.3035,0.3103
0.2998,0.3018
0.3005,0.306
0.3035,0.3103
0.3008,0.3157
0.2634,0.2634
0.2437,0.2369
0.2544,0.2656
0.271,0.2637
0.257,0.2651
0.2876,0.2983
0.224,0.216
0.3052,0.2993
0.3108,0.308
0.2583,0.2559
0.218,0.2151
0.268,0.2683
0.1984,0.1974
0.2023,0.2125
0.1974,0.1924
0.2036,0.2063
0.2096,0.2007
0.1965,0.1971
0.2084,0.2161
0.1842,0.1888
0.2032,0.2126
0.206,0.2174
0.2057,0.2155
0.252,0.2595
0.2286,0.2418
0.2454,0.2556
0.2261,0.2245
0.2786,0.2732
0.2517,0.2491
0.258,0.254
0.2642,0.2527
0.2737,0.2761
0.2703,0.2715
0.269,0.269
0.3042,0.3086
0.2776,0.2827
0.2822,0.2893
0.2969,0.302
0.2969,0.285
0.2983,0.2905
0.2693,0.2722
0.2598,0.2603
0.2756,0.2864
0.277,0.2822
0.2725,0.2761
0.273,0.2686
0.268,0.2734
0.2467,0.2568
0.267,0.2622
0.2788,0.273
0.2764,0.2793
0.2457,0.263
0.3054,0.299
0.2751,0.2664
0.254,0.2627
0.2744,0.2983
0.275,0.297
0.2969,0.3047
0.2693,0.292
0.2922,0.2996
0.292,0.3
0.2932,0.3022
0.3167,0.3079
0.2998,0.3127
0.3003,0.2996
0.2944,0.2905
0.2893,0.276
0.2964,0.2825
0.2917,0.2896
0.2974,0.2822
0.2927,0.289
0.2,0.2043
0.2751,0.2686
0.2476,0.2573
0.2297,0.252
0.2319,0.2317
0.2666,0.2617
0.2325,0.24
0.2473,0.2522
0.2732,0.2778
0.2439,0.2274
0.2422,0.238
0.2494,0.253
0.2229,0.2137
0.2534,0.2517
0.268,0.2659
0.2659,0.268
0.2632,0.273
0.2217,0.2212
0.2498,0.26
0.2627,0.258
0.2698,0.2668
0.1857,0.1929
0.2651,0.2678
0.2744,0.2834
0.249,0.2573
0.2815,0.2856
0.2201,0.2268
0.2617,0.257
0.2913,0.2708
0.2281,0.2242
0.2705,0.26
0.2605,0.271
0.247,0.256
0.2593,0.254
0.2251,0.2294
0.283,0.2808
0.2683,0.273
0.2018,0.2096
0.216,0.215
0.2141,0.2208
0.287,0.2927
0.267,0.2756
0.2683,0.2595
0.2238,0.2455
0.2927,0.2815
0.2278,0.2267
0.2974,0.3005
0.2017,0.188
0.1885,0.1854
0.1942,0.2026
0.2654,0.282
0.1986,0.2053
0.2028,0.2035
0.2052,0.1992
0.2783,0.2776
0.2036,0.2023
0.1862,0.189
0.272,0.2798
0.28,0.2766
0.283,0.2617
0.279,0.2742
0.2401,0.245
0.2487,0.256
0.2854,0.2883
0.2983,0.3015
0.2957,0.2766
0.2805,0.2856
0.2351,0.2362
0.2607,0.2769
0.2465,0.2399
0.2695,0.2502
0.2605,0.2411
0.2524,0.271
0.2678,0.272
0.2817,0.288
0.2817,0.2776
0.269,0.2688
0.2856,0.2815
0.292,0.2754
0.2913,0.3054
0.2484,0.246
0.272,0.2886
0.2922,0.2905
0.2803,0.2942
0.2942,0.3018
0.2993,0.2937
0.2942,0.2927
0.2847,0.2598
0.2773,0.2756
0.2805,0.286
0.2646,0.2659
0.2622,0.2644
0.279,0.2861
0.252,0.255
0.2676,0.2751
0.2913,0.292
0.2356,0.2139
0.1998,0.2213
0.2214,0.232
0.2279,0.2272
0.2605,0.2698
0.2866,0.2695
0.2908,0.3044
0.278,0.281
0.2688,0.2585
0.2852,0.2766
0.2976,0.286
0.3176,0.3108
0.322,0.3171
0.3108,0.3176
0.2961,0.2869
0.2979,0.2976
0.2976,0.2979
0.2544,0.2788
0.2961,0.3025
0.257,0.26
0.2487,0.255
0.2651,0.2595
0.2449,0.2408
0.258,0.2568
0.2402,0.2457
0.2725,0.2788
0.2415,0.2495
0.2524,0.2532
0.2563,0.2627
0.2854,0.2798
0.2542,0.2607
0.2607,0.2542
0.279,0.289
0.2825,0.2798
0.2072,0.2024
0.2798,0.2712
0.2465,0.2522
0.2446,0.2404
0.2551,0.271
0.2438,0.2483
0.2445,0.2415
0.266,0.2676
0.3105,0.309
0.2905,0.284
0.2979,0.2947
0.2651,0.2627
0.2532,0.2603
0.2708,0.2556
0.2634,0.259
0.2903,0.2957
0.2358,0.2379
0.3054,0.3088
0.2494,0.2438
0.301,0.3054
0.2383,0.241
0.2595,0.2593
0.2476,0.2399
0.2355,0.2378
0.2532,0.251
0.2302,0.2173
0.2695,0.2732
0.2664,0.262
0.2104,0.2112
0.2418,0.2258
0.2578,0.2668
0.203,0.1996
0.2041,0.1997
0.239,0.24
0.2632,0.2603
0.236,0.2474
0.2074,0.2089
0.2219,0.2394
0.252,0.2646
0.2422,0.245
0.2264,0.2268
0.2363,0.2424
0.2825,0.2812
0.2177,0.2191
0.2306,0.2341
0.2257,0.2177
0.2668,0.2583
0.2168,0.2202
0.246,0.2341
0.293,0.2854
0.2866,0.2893
0.2925,0.2903
0.2974,0.292
0.295,0.3052
0.33,0.3438
0.3423,0.3313
0.2688,0.2668
0.2744,0.2717
0.2668,0.262
0.3132,0.318
0.3474,0.3416
0.3157,0.3083
0.254,0.242
0.2744,0.272
0.2808,0.2878
0.2377,0.2396
0.2524,0.2452
0.2534,0.2622
0.232,0.2351
0.304,0.297
0.232,0.2351
0.3003,0.3125
0.2356,0.2393
0.2291,0.2408
0.257,0.2634
0.2896,0.2761
0.2295,0.2374
0.271,0.2869
0.274,0.2703
0.2249,0.2316
0.2341,0.2284
0.2502,0.2644
0.266,0.2683
0.268,0.2659
0.25,0.2534
0.2573,0.2496
0.2532,0.2474
0.2489,0.2603
0.276,0.281
0.2822,0.278
0.259,0.2542
0.2878,0.2886
0.293,0.2947
0.2174,0.2166
0.2485,0.2568
0.2445,0.2468
0.2422,0.2443
0.2461,0.26
0.2391,0.2499
0.2852,0.299
0.2773,0.2812
0.2418,0.2368
0.2664,0.2583
0.2595,0.2482
0.3027,0.2944
0.2778,0.2651
0.2896,0.3005
0.2361,0.2369
0.2778,0.2668
0.245,0.2444
0.267,0.2747
0.2747,0.2832
0.2954,0.2896
0.2485,0.2463
0.2274,0.2191
0.2527,0.2556
0.254,0.2499
0.3022,0.2915
0.292,0.2874
0.2888,0.2954
0.2778,0.2832
0.2688,0.2644
0.2308,0.2301
0.2394,0.2308
0.2568,0.262
0.268,0.2798
0.2408,0.2559
0.2717,0.2812
0.2583,0.2676
0.2346,0.2394
0.2798,0.27
0.2637,0.2573
0.2637,0.269
0.2893,0.2905
0.2964,0.2788
0.31,0.3223
0.286,0.2798
0.2284,0.2389
0.258,0.262
0.211,0.2095
0.26,0.2786
0.3171,0.3074
0.2922,0.2908
0.2467,0.2402
0.2356,0.2467
0.243,0.2524
0.2421,0.2413
0.2485,0.2402
0.2264,0.235
0.2705,0.2622
0.2261,0.2296
0.2191,0.2139
0.2382,0.2455
0.2411,0.2389
0.2346,0.2336
0.2273,0.2307
0.2384,0.2279
0.2399,0.2396
0.2437,0.2448
0.2294,0.2346
0.2673,0.258
0.2336,0.2379
0.2255,0.2212
0.27,0.2712
0.2737,0.2622
0.2432,0.2421
0.2332,0.2324
0.2458,0.2617
0.2615,0.2854
0.2683,0.2585
0.2854,0.2695
0.2864,0.2722
0.2722,0.2864
0.274,0.2773
0.253,0.257
0.206,0.1884
0.185,0.194
0.2245,0.2264
0.2461,0.2445
0.2313,0.2273
0.1896,0.194
0.1965,0.204
0.2228,0.2137
0.282,0.275
0.2052,0.2157
0.2673,0.275
0.259,0.2487
0.2465,0.2546
0.2454,0.2493
0.2438,0.2471
0.2499,0.2377
0.2505,0.2446
0.2491,0.2554
0.3123,0.3098
0.2444,0.2432
0.2712,0.263
0.2573,0.261
0.2534,0.2593
0.2025,0.2078
0.2507,0.2517
0.249,0.2482
0.2483,0.252
0.2462,0.242
0.251,0.258
0.2922,0.2886
0.2786,0.2803
0.2842,0.2664
0.2676,0.2634
0.2795,0.274
0.2585,0.2695
0.2617,0.2676
0.2698,0.273
0.2654,0.2693
0.2727,0.2678
0.2817,0.2715
0.2605,0.262
0.2773,0.2747
0.27,0.2844
0.254,0.2532
0.267,0.2583
0.1909,0.2101
0.1987,0.2172
0.2107,0.2003
0.2588,0.2542
0.2659,0.2715
0.2544,0.2686
0.1919,0.198
0.281,0.271
0.2678,0.257
0.193,0.1969
0.1951,0.1908
0.2532,0.2452
0.2495,0.2534
0.312,0.299
0.297,0.2783
0.2756,0.2869
0.3132,0.316
0.3093,0.3086
0.2712,0.2703
0.319,0.3188
0.284,0.285
0.2783,0.297
0.2778,0.287
0.3079,0.3076
0.3003,0.3022
0.2795,0.2786
0.2313,0.2366
0.2979,0.295
0.2808,0.2764
0.3018,0.3093
0.284,0.2815
0.2817,0.292
0.2908,0.2903
0.2505,0.2484
0.257,0.2603
0.28,0.2847
0.2708,0.2744
0.2208,0.2327
0.2502,0.296
0.2852,0.2942
0.2842,0.255
0.221,0.1992
0.2832,0.2925
0.2396,0.2397
0.2483,0.2487
0.2666,0.259
0.199,0.2389
0.2499,0.2603
0.283,0.2793
0.3,0.3079
0.3005,0.3093
0.2812,0.2705
0.304,0.2954
0.3079,0.3
0.2593,0.2537
0.2827,0.2825
0.2622,0.2656
0.207,0.2158
0.2192,0.2421
0.2808,0.2761
0.2253,0.2216
0.2112,0.1947
0.2064,0.2062
0.1914,0.1929
0.1959,0.19
0.1993,0.176
0.212,0.2125
0.2122,0.2097
0.2013,0.2052
0.2183,0.2269
0.1791,0.2052
0.2164,0.2183
0.2352,0.231
0.2264,0.2207
0.2284,0.2378
0.2255,0.2347
0.2411,0.2345
0.2008,0.1862
0.1986,0.1869
0.2114,0.2173
0.2361,0.242
0.1902,0.1998
0.2686,0.2742
0.1912,0.2019
0.2786,0.275
0.2756,0.2756
0.272,0.2534
0.2428,0.2593
0.2615,0.2637
0.2732,0.266
0.2244,0.233
0.2303,0.2207
0.2292,0.2179
0.2267,0.2338
0.2238,0.217
0.2338,0.2267
0.2129,0.2186
0.2505,0.2416
0.2532,0.2404
0.2466,0.2385
0.2483,0.2367
0.2744,0.2917
0.2776,0.2908
0.288,0.287
0.2847,0.2803
0.2339,0.2388
0.2842,0.2786
0.2834,0.2808
0.2725,0.2688
0.2634,0.2678
0.2605,0.2673
0.2725,0.2659
0.2866,0.279
0.3066,0.3079
0.279,0.2798
0.306,0.3047
0.2983,0.307
0.3035,0.2966
0.2651,0.2329
0.2332,0.2776
0.2864,0.2844
0.2593,0.2434
0.2847,0.2878
0.2566,0.2642
0.2443,0.2505
0.2081,0.2195
0.2554,0.2388
0.28,0.278
0.255,0.251
0.2466,0.2612
0.2129,0.2229
0.257,0.2646
0.2688,0.2764
0.2651,0.2756
0.2303,0.2277
0.2357,0.2323
0.2778,0.2725
0.2708,0.2668
0.2793,0.2717
0.271,0.2646
0.245,0.2537
0.2334,0.2435
0.2303,0.2297
0.2266,0.2191
0.235,0.2339
0.2798,0.2876
0.2297,0.2401
0.207,0.2128
0.2505,0.2568
0.2651,0.292
0.2168,0.236
0.2874,0.2898
0.2402,0.2471
0.2296,0.2313
0.2086,0.221
0.2245,0.2018
0.263,0.267
0.282,0.287
0.266,0.2688
0.2372,0.2313
0.2935,0.289
0.297,0.2852
0.2922,0.2888
0.2656,0.2445
0.2415,0.259
0.2878,0.2886
0.2793,0.2908
0.2008,0.1975
0.1802,0.1836
0.2129,0.2227
0.2251,0.2325
0.1823,0.1893
0.2443,0.2476
0.2349,0.244
0.2092,0.202
0.2104,0.2201
0.274,0.271
0.261,0.2708
0.2332,0.2286
0.2256,0.227
0.2576,0.252
0.2427,0.2366
0.2448,0.2368
0.2358,0.2355
0.2925,0.2913
0.2422,0.2448
0.2299,0.2329
0.2272,0.2223
0.2357,0.2313
0.2224,0.2247
0.2258,0.2184
0.2375,0.2417
0.2233,0.2294
0.2339,0.2306
0.2435,0.2505
0.2349,0.2454
0.2336,0.2449
0.2505,0.2306
0.273,0.2756
0.2063,0.2035
0.2129,0.2086
0.2822,0.2803
0.2842,0.2783
0.2837,0.2847
0.2725,0.2756
0.2773,0.2817
0.2086,0.2129
0.2434,0.2502
0.2496,0.2576
0.2402,0.234
0.2576,0.2496
0.2266,0.2275
0.235,0.2277
0.2368,0.2332
0.2192,0.2339
0.2266,0.2328
0.2727,0.2766
0.3086,0.302
0.3076,0.3103
0.2356,0.2344
0.2113,0.21
0.2861,0.278
0.3035,0.3018
0.252,0.2512
0.284,0.2856
0.301,0.3
0.2404,0.2404
0.2844,0.284
0.2847,0.269
0.2954,0.2996
0.2732,0.272
0.2404,0.2627
0.27,0.2778
0.2769,0.2793
0.2566,0.2751
0.2864,0.2842
0.2607,0.2563
0.188,0.18
0.2433,0.2367
0.2491,0.2595
0.2446,0.2375
0.273,0.2734
0.2483,0.2473
0.279,0.2837
0.2019,0.2208
0.261,0.2615
0.2072,0.2118
0.2164,0.2218
0.294,0.3088
0.2244,0.2195
0.2115,0.2239
0.1821,0.1771
0.2229,0.218
0.1794,0.1827
0.2211,0.2179
0.1747,0.1782
0.1943,0.2333
0.2482,0.2355
0.2374,0.2415
0.2434,0.2355
0.2747,0.2764
0.2842,0.2783
0.2086,0.2006
0.219,0.2302
0.2074,0.1984
0.2322,0.2369
0.1898,0.1901
0.2346,0.2131
0.172,0.1909
0.2156,0.224
0.1962,0.2031
0.2039,0.2131
0.1781,0.1838
0.24,0.2365
0.2379,0.229
0.2349,0.2471
0.229,0.2319
0.2559,0.2537
0.271,0.2627
0.2522,0.2512
0.2966,0.295
0.2795,0.2888
0.2898,0.3015
0.3035,0.2932
0.2954,0.2805
0.3281,0.3323
0.332,0.323
0.3127,0.3193
0.2566,0.25
0.2607,0.2585
0.2551,0.2467
0.2551,0.2607
0.2352,0.2517
0.2468,0.2566
0.2607,0.2644
0.2712,0.275
0.2754,0.2744
0.278,0.2817
0.2788,0.2944
0.3079,0.3035
0.306,0.2961
0.282,0.2651
0.2362,0.2328
0.2384,0.2411
0.241,0.2435
0.2472,0.2401
0.2546,0.25
0.2201,0.2256
0.2107,0.2053
0.2262,0.2289
0.2136,0.216
0.2319,0.2292
0.2054,0.1979
0.2136,0.2188
0.2122,0.2115
0.2045,0.2164
0.2096,0.2053
0.2074,0.208
0.2194,0.2188
0.2148,0.2139
0.2764,0.2773
0.258,0.2605
0.271,0.2798
0.279,0.2722
0.2607,0.2527
0.2822,0.277
0.257,0.2578
0.268,0.278
0.2329,0.2301
0.2196,0.2188
0.2178,0.2246
0.2324,0.2311
0.2427,0.2428
0.2389,0.239
0.256,0.251
0.2343,0.2255
0.25,0.2466
0.2474,0.2524
0.2311,0.2301
0.2338,0.2363
0.2238,0.2198
0.2125,0.2073
0.2247,0.2192
0.1963,0.2012
0.2021,0.1908
0.207,0.2054
0.2683,0.2688
0.2322,0.2288
0.2815,0.2703
0.259,0.2607
0.2747,0.282
0.2039,0.1951
0.2903,0.2854
0.2896,0.282
0.2854,0.2927
0.2072,0.2134
0.229,0.2347
0.2607,0.2576
0.2632,0.259
0.2465,0.2452
0.2507,0.2534
0.2588,0.2698
0.2634,0.2622
0.2252,0.2253
0.2515,0.249
0.283,0.2832
0.2832,0.2778
0.212,0.2253
0.2144,0.2202
0.2299,0.2307
0.2202,0.2144
0.2255,0.2148
0.2964,0.2888
0.2698,0.2482
0.264,0.2725
0.2969,0.2961
0.2595,0.264
0.2993,0.2954
0.2656,0.2625
0.242,0.2437
0.2229,0.2416
0.235,0.2228
0.2625,0.2625
0.306,0.3018
0.2776,0.2761
0.2847,0.2878
0.2725,0.2751
0.2656,0.2732
0.2747,0.2654
0.2844,0.2822
0.271,0.2744
0.299,0.3032
0.2764,0.2747
0.2046,0.2004
0.2104,0.2147
0.2083,0.21
0.2441,0.2502
0.2445,0.239
0.2189,0.2196
0.2339,0.2411
0.2318,0.2395
0.2032,0.205
0.2465,0.2451
0.227,0.2308
0.2338,0.2242
0.2461,0.2367
0.2405,0.2324
0.2249,0.2218
0.2429,0.2385
0.2439,0.2405
0.2261,0.226
0.2178,0.2115
0.2255,0.2222
0.2463,0.257
0.2507,0.255
0.2124,0.2437
0.2422,0.2458
0.2336,0.2355
0.2317,0.2428
0.2358,0.2399
0.275,0.2742
0.2438,0.2483
0.2466,0.2311
0.2389,0.243
0.2236,0.2273
0.2351,0.236
0.2289,0.2244
0.2507,0.2443
0.256,0.2461
0.2339,0.2385
0.2445,0.2576
0.2756,0.258
0.267,0.2876
0.2408,0.2455
0.2542,0.2404
0.25,0.2363
0.2861,0.2915
0.3108,0.3152
0.292,0.289
0.2489,0.2625
0.2544,0.264
0.259,0.2476
0.2465,0.2512
0.2388,0.2412
0.2495,0.2489
0.2379,0.234
0.2455,0.2466
0.2499,0.2463
0.2312,0.2358
0.2491,0.2256
0.245,0.2421
0.2352,0.2242
0.2316,0.2351
0.2496,0.2563
0.2747,0.2605
0.2559,0.2472
0.2686,0.281
0.274,0.2551
0.2454,0.2654
0.2573,0.2563
0.2236,0.255
0.2134,0.2053
0.2485,0.2686
0.2637,0.2688
0.262,0.2484
0.2744,0.2451
0.2246,0.1937
0.2056,0.2089
0.192,0.222
0.2651,0.2544
0.258,0.2705
0.2617,0.2761
0.2708,0.2734
0.2676,0.2637
0.2705,0.266
0.2664,0.256
0.2732,0.2668
0.268,0.27
0.2737,0.2842
0.2551,0.2542
0.2416,0.2439
0.2089,0.2086
0.262,0.259
0.2656,0.2583
0.2434,0.2448
0.2534,0.2422
0.2118,0.2167
0.263,0.259
0.2559,0.264
0.2566,0.259
0.2588,0.2625
0.2323,0.2496
0.2825,0.2798
0.2559,0.2559
0.2832,0.2852
0.2534,0.257
0.2847,0.2825
0.2393,0.2344
0.2401,0.2422
0.2603,0.2598
0.2168,0.2124
0.261,0.2678
0.301,0.2969
0.2028,0.2052
0.2075,0.2112
0.2112,0.2075
0.2189,0.2433
0.2747,0.2708
0.268,0.2732
0.2776,0.2727
0.2725,0.2754
0.263,0.2654
0.264,0.2732
0.2722,0.2715
0.2803,0.2883
0.28,0.2812
0.2612,0.2603
0.2778,0.2756
0.2283,0.2197
0.2151,0.2214
0.2148,0.2179
0.2644,0.267
0.2612,0.2686
0.2566,0.2517
0.2915,0.308
0.272,0.291
0.2715,0.2532
0.2896,0.28
0.2615,0.263
0.263,0.2693
0.299,0.2878
0.2598,0.2576
0.1947,0.2008
0.2092,0.2076
0.2072,0.2029
0.194,0.1875
0.2008,0.2151
0.2546,0.2542
0.2394,0.2334
0.2605,0.2627
0.2438,0.2507
0.2302,0.2385
0.2495,0.2465
0.2441,0.2399
0.2349,0.2267
0.2317,0.2395
0.2362,0.2461
0.2666,0.265
0.2737,0.2744
0.2756,0.283
0.2727,0.2656
0.2722,0.267
0.26,0.2505
0.281,0.277
0.2876,0.2817
0.2852,0.2852
0.2242,0.2222
0.2344,0.2166
0.2272,0.2235
0.2424,0.2375
0.23,0.2397
0.2183,0.2306
0.2847,0.2808
0.2908,0.2852
0.287,0.284
0.282,0.2786
0.274,0.2795
0.2783,0.2659
0.2239,0.2181
0.267,0.2664
0.2268,0.2126
0.268,0.2712
0.2563,0.249
0.2289,0.2216
0.213,0.2288
0.2166,0.2168
0.2708,0.2708
0.272,0.276
0.267,0.2676
0.2703,0.2654
0.2096,0.21
0.2096,0.2151
0.2659,0.2617
0.2815,0.276
0.278,0.278
0.2493,0.2502
0.2646,0.2642
0.271,0.2678
0.2152,0.2117
0.2332,0.2372
0.245,0.2329
0.2279,0.234
0.2512,0.2551
0.2842,0.2761
0.2913,0.2913
0.2578,0.267
0.2253,0.2253
0.2937,0.2896
0.2788,0.2876
0.2389,0.2491
0.2223,0.2219
0.193,0.1997
0.2095,0.2157
0.2151,0.2207
0.2312,0.2264
0.2157,0.2095
0.2235,0.2205
0.2491,0.2389
0.2957,0.2983
0.2954,0.278
0.2988,0.2998
0.278,0.2954
0.211,0.1908
0.2634,0.2693
0.2751,0.281
0.2837,0.2808
0.2339,0.2394
0.2463,0.2423
0.2452,0.2468
0.2173,0.2151
0.2085,0.2135
0.255,0.2673
0.2461,0.256
0.2896,0.2861
0.2683,0.2507
0.239,0.235
0.256,0.272
0.2856,0.2888
0.263,0.253
0.1848,0.1958
0.1832,0.1682
0.183,0.1798
0.2373,0.2415
0.2388,0.2418
0.2438,0.2429
0.2172,0.2166
0.2245,0.2188
0.2656,0.2712
0.2693,0.2676
0.2844,0.2795
0.2864,0.2869
0.19,0.1934
0.293,0.3025
0.2854,0.279
0.2815,0.2866
0.2935,0.2913
0.2734,0.2695
0.2917,0.2927
0.2717,0.2754
0.278,0.284
0.3,0.315
0.2756,0.275
0.2922,0.288
0.2612,0.266
0.2837,0.2786
0.2727,0.2676
0.2988,0.302
0.316,0.299
0.2788,0.281
0.2515,0.2378
0.2494,0.2382
0.2316,0.245
0.244,0.2494
0.2605,0.2515
0.2281,0.2316
0.2585,0.2522
0.2559,0.243
0.2432,0.2512
0.2386,0.2465
0.2325,0.2253
0.2678,0.2754
0.2815,0.267
0.2478,0.2517
0.2617,0.2642
0.2793,0.278
0.2245,0.2345
0.218,0.2285
0.224,0.2289
0.2793,0.2822
0.2314,0.2317
0.252,0.2517
0.2578,0.2542
0.2551,0.2515
0.1777,0.1838
0.2825,0.2837
0.2656,0.2666
0.2228,0.2264
0.2373,0.2318
0.1844,0.1925
0.2195,0.23
0.1984,0.1964
0.2048,0.2032
0.214,0.221
0.2448,0.2607
0.2373,0.2466
0.2062,0.2096
0.2827,0.2832
0.2559,0.2515
0.2482,0.2378
0.2346,0.2456
0.2625,0.2615
0.2329,0.2322
0.1987,0.1923
0.2124,0.2076
0.2537,0.2515
0.2766,0.2766
0.2803,0.2732
0.2578,0.2559
0.214,0.2046
0.2072,0.2086
0.242,0.2361
0.2397,0.2301
0.283,0.2822
0.265,0.2693
0.213,0.2109
0.2223,0.228
0.1927,0.201
0.1975,0.2059
0.2532,0.2437
0.2474,0.2566
0.2659,0.2568
0.2786,0.2744
0.2603,0.2563
0.2598,0.2603
0.2627,0.2654
0.2837,0.2766
0.2754,0.2754
0.267,0.2683
0.271,0.282
0.2678,0.274
0.2397,0.2434
0.2358,0.2344
0.262,0.264
0.254,0.2634
0.2573,0.2441
0.2366,0.229
0.2468,0.2416
0.2227,0.2411
0.2822,0.285
0.285,0.2866
0.2161,0.2313
0.2228,0.2366
0.2869,0.2822
0.2683,0.2795
0.2451,0.2328
0.2537,0.2488
0.255,0.2494
0.2585,0.2522
0.277,0.2812
0.3132,0.2998
0.294,0.29
0.2622,0.2612
0.275,0.2822
0.299,0.3027
0.2732,0.2803
0.31,0.3235
0.2651,0.2437
0.2496,0.2346
0.2527,0.2498
0.2566,0.255
0.2451,0.2489
0.2354,0.2477
0.2532,0.2559
0.2576,0.2496
0.2408,0.2583
0.2428,0.2485
0.2502,0.2477
0.2377,0.2396
0.2406,0.2406
0.2349,0.2384
0.2245,0.22
0.2793,0.2764
0.2788,0.2808
0.2291,0.2335
0.2146,0.2101
0.1995,0.1908
0.211,0.2122
0.2013,0.2072
0.1871,0.2017
0.2231,0.2179
0.2274,0.2274
0.2401,0.2296
0.2286,0.235
0.2189,0.2264
0.2346,0.241
0.2494,0.2444
0.2332,0.2307
0.2356,0.2384
0.2188,0.2242
0.28,0.2715
0.274,0.2703
0.2151,0.2179
0.2896,0.2905
0.2446,0.2432
0.2795,0.262
0.2288,0.2197
0.2551,0.2443
0.2242,0.2188
0.2391,0.2384
0.2783,0.2886
0.2532,0.2588
0.2556,0.2568
0.257,0.2698
0.268,0.2688
0.2338,0.2343
0.2325,0.2761
0.2239,0.2329
0.2301,0.2185
0.2284,0.2233
0.236,0.222
0.2177,0.2319
0.2202,0.2452
0.2169,0.24
0.2361,0.2382
0.2449,0.2544
0.2188,0.225
0.2578,0.2598
0.244,0.2476
0.2266,0.2201
0.2145,0.2174
0.199,0.1973
0.2389,0.2363
0.2257,0.2262
0.2322,0.2422
0.2076,0.2224
0.232,0.2224
0.2323,0.2325
0.2334,0.2273
0.2507,0.2405
0.2559,0.2546
0.2417,0.2319
0.2482,0.251
0.2323,0.2407
0.2612,0.2651
0.1982,0.2007
0.2307,0.2316
0.2396,0.2335
0.2303,0.2277
0.2255,0.2281
0.2013,0.2015
0.2108,0.1937
0.2244,0.2184
0.2966,0.302
0.2776,0.267
0.2676,0.2632
0.2546,0.2605
0.2703,0.2898
0.2534,0.2502
0.2335,0.2329
0.2788,0.2747
0.2896,0.2778
0.2878,0.2961
0.2585,0.2607
0.2365,0.253
0.2603,0.2688
0.2361,0.2344
0.2457,0.2421
0.2272,0.228
0.273,0.2686
0.2341,0.2334
0.2603,0.2686
0.2317,0.2463
0.211,0.2125
0.2097,0.1968
0.2345,0.2345
0.2534,0.2554
0.2544,0.2588
0.2351,0.2203
0.2559,0.2534
0.2146,0.2228
0.2158,0.2305
0.2355,0.2383
0.222,0.2144
0.2078,0.2129
0.218,0.2335
0.2032,0.2272
0.2485,0.2524
0.2406,0.2502
0.2235,0.2384
0.2505,0.2515
0.247,0.2554
0.2448,0.2358
0.2532,0.2542
0.2334,0.212
0.2406,0.2402
0.2452,0.2482
0.2612,0.2551
0.224,0.1929
0.2397,0.2285
0.2551,0.2615
0.2615,0.2585
0.2998,0.2988
0.2998,0.2961
0.2554,0.2734
0.2722,0.2747
0.2915,0.301
0.2378,0.2323
0.306,0.2954
0.2317,0.2289
0.226,0.2219
0.2327,0.2279
0.2108,0.2157
0.2477,0.2678
0.2676,0.2515
0.2769,0.2769
0.2522,0.2532
0.2593,0.2607
0.3062,0.3022
0.278,0.2844
0.284,0.285
0.3035,0.3052
0.274,0.2659
0.253,0.2443
0.243,0.252
0.2252,0.234
0.263,0.274
0.2329,0.2263
0.2125,0.2236
0.225,0.2355
0.2042,0.2112
0.2273,0.2222
0.2402,0.2349
0.2144,0.2098
0.2334,0.2383
0.2336,0.233
0.2693,0.2917
0.2625,0.2593
0.2598,0.2578
0.2443,0.2852
0.243,0.2874
0.2017,0.2023
0.2428,0.2448
0.249,0.2466
0.208,0.2059
0.2372,0.2317
0.2452,0.2388
0.2603,0.2622
0.2189,0.2125
0.224,0.2227
0.291,0.3035
0.3064,0.3225
0.2174,0.2235
0.2333,0.2261
0.285,0.273
0.305,0.2864
0.2177,0.2174
0.275,0.2874
0.222,0.219
0.2125,0.2119
0.1832,0.1919
0.2827,0.2852
0.2834,0.279
0.288,0.286
0.2832,0.281
0.2318,0.2338
0.2263,0.2184
0.245,0.2462
0.2278,0.2169
0.1906,0.1993
0.2198,0.2231
0.211,0.2146
0.2341,0.2311
0.2114,0.1974
0.2308,0.222
0.2378,0.2338
0.2142,0.2098
0.2162,0.2201
0.2009,0.2078
0.2118,0.2118
0.2598,0.2537
0.2642,0.2615
0.2573,0.2559
0.2664,0.2563
0.2656,0.2634
0.2644,0.2551
0.2563,0.2664
0.2632,0.2722
0.3003,0.3064
0.2673,0.2766
0.2498,0.2494
0.2318,0.2345
0.2446,0.2499
0.2396,0.2357
0.27,0.278
0.2727,0.2754
0.261,0.256
0.2686,0.253
0.2634,0.2491
0.2754,0.2727
0.2119,0.205
0.2124,0.2157
0.2751,0.2576
0.2605,0.2769
0.2527,0.2776
0.2676,0.2815
0.2976,0.304
0.2952,0.2969
0.301,0.3054
0.2983,0.301
0.3176,0.3203
0.2915,0.2947
0.3054,0.301
0.3154,0.3188
0.2678,0.2695
0.2666,0.2708
0.284,0.2817
0.2812,0.2798
0.2357,0.2328
0.2756,0.274
0.2742,0.2676
0.2913,0.2893
0.261,0.2668
0.2778,0.2793
0.2712,0.2651
0.293,0.285
0.2001,0.1978
0.2338,0.2275
0.2036,0.1982
0.3025,0.3022
0.3105,0.3066
0.3083,0.3088
0.304,0.3064
0.2294,0.2423
0.2401,0.2328
0.2822,0.2778
0.2852,0.2896
0.3018,0.301
0.2861,0.2844
0.2932,0.2856
0.28,0.2773
0.2905,0.287
0.2632,0.2678
0.2783,0.2854
0.268,0.2708
0.268,0.269
0.2251,0.2351
0.2301,0.2307
0.2683,0.2634
0.2429,0.2396
0.3003,0.2869
0.2715,0.2686
0.2932,0.3
0.2444,0.2463
0.2532,0.2472
0.2942,0.2952
0.294,0.2905
0.2773,0.2937
0.1957,0.2006
0.1953,0.187
0.2412,0.2448
0.27,0.2566
0.2397,0.2292
0.2795,0.2773
0.302,0.2961
0.2532,0.2678
0.2615,0.2666
0.2296,0.2317
0.2725,0.2766
0.2754,0.2673
0.3008,0.301
0.2167,0.2712
0.2612,0.2637
0.2625,0.2605
0.2844,0.2744
0.2869,0.2769
0.265,0.263
0.2357,0.2307
0.254,0.2462
0.2778,0.2876
0.2764,0.287
0.215,0.2096
0.2203,0.2308
0.2203,0.2229
0.2722,0.2756
0.2996,0.2844
0.3015,0.3022
0.2815,0.274
0.305,0.2993
0.273,0.276
0.2898,0.2822
0.246,0.2361
0.2905,0.2976
0.226,0.2307
0.2322,0.2203
0.254,0.2468
0.2947,0.3022
0.272,0.277
0.2461,0.25
0.253,0.258
0.2162,0.2233
0.2185,0.216
0.2164,0.2089
0.2546,0.2494
0.2474,0.2494
0.278,0.2751
0.282,0.2864
0.252,0.2568
0.2395,0.2352
0.2474,0.2517
0.262,0.2566
0.2384,0.2416
0.2466,0.2472
0.2708,0.268
0.2783,0.2896
0.2668,0.2776
0.2507,0.2507
0.2832,0.2803
0.2043,0.2039
0.2115,0.2079
0.1917,0.199
0.2258,0.2263
0.2301,0.2302
0.2426,0.2339
0.2119,0.2086
0.208,0.1998
0.2205,0.2083
0.2238,0.2186
0.2313,0.2356
0.2113,0.2172
0.2052,0.2222
0.2185,0.233
0.199,0.204
0.2365,0.2467
0.2659,0.2925
0.2615,0.2607
0.2512,0.2517
0.2502,0.2406
0.287,0.2896
0.293,0.2732
0.297,0.2957
0.2874,0.2793
0.25,0.2483
0.2896,0.2957
0.2615,0.2544
0.2896,0.2837
0.279,0.276
0.26,0.2524
0.2917,0.295
0.2876,0.301
0.3044,0.3027
0.3118,0.2976
0.2708,0.27
0.2598,0.2551
0.2479,0.259
0.2325,0.2278
0.2095,0.2185
0.2384,0.244
0.2678,0.2598
0.2244,0.2296
0.2532,0.2568
0.267,0.2664
0.2617,0.254
0.2236,0.2167
0.2476,0.242
0.2358,0.2433
0.2468,0.2323
0.2467,0.2369
0.2207,0.2218
0.2236,0.2225
0.2954,0.297
0.2969,0.2944
0.2986,0.3008
0.2913,0.2925
0.247,0.2467
0.2415,0.2417
0.2654,0.2578
0.2595,0.2673
0.2659,0.2852
0.285,0.2922
0.2842,0.2742
0.2505,0.2683
0.2496,0.2325
0.2925,0.3013
0.2979,0.3003
0.2498,0.2717
0.1925,0.192
0.189,0.1884
0.2164,0.2092
0.2156,0.2081
0.2764,0.2659
0.2698,0.261
0.305,0.2754
0.277,0.275
0.2133,0.2141
0.1989,0.193
0.2712,0.2695
0.2012,0.1963
0.216,0.2172
0.287,0.2893
0.2854,0.2832
0.2876,0.2844
0.258,0.2407
0.2328,0.2415
0.25,0.2644
0.2473,0.2451
0.2727,0.28
0.2198,0.2281
0.2354,0.2397
0.2479,0.233
0.2379,0.2274
0.2786,0.2788
0.2737,0.2786
0.2744,0.2827
0.2505,0.2507
0.2815,0.2761
0.2449,0.2466
0.2583,0.2688
0.2888,0.285
0.2866,0.278
0.2878,0.2817
0.2908,0.2812
0.2783,0.287
0.2554,0.259
0.2866,0.299
0.253,0.2454
0.277,0.29
0.2212,0.2194
0.2228,0.2235
0.2676,0.2632
0.232,0.2507
0.2181,0.2213
0.2415,0.2274
0.2435,0.2452
0.3042,0.308
0.3066,0.3003
0.3079,0.297
0.3052,0.3096
0.2556,0.2554
0.2578,0.267
0.2385,0.244
0.255,0.2551
0.2712,0.262
0.2734,0.2778
0.2888,0.2834
0.2634,0.277
0.258,0.2542
0.2554,0.2615
0.2489,0.2651
0.2961,0.288
0.2363,0.2275
0.2805,0.288
0.2338,0.232
0.2773,0.274
0.2773,0.2825
0.2874,0.2903
0.289,0.2888
0.2708,0.2664
0.229,0.2211
0.2278,0.2302
0.2554,0.2477
0.273,0.2761
0.2844,0.2898
0.2327,0.2379
0.296,0.2878
0.2106,0.206
0.2291,0.228
0.2124,0.217
0.2314,0.2279
0.2417,0.2437
0.3325,0.3262
0.2864,0.2969
0.3093,0.3098
0.2396,0.2313
0.2798,0.28
0.2715,0.2642
0.283,0.278
0.272,0.2769
0.2568,0.2488
0.2515,0.2524
0.2605,0.2595
0.2186,0.2101
0.2598,0.2559
0.2488,0.2568
0.2634,0.2615
0.234,0.2527
0.3076,0.3052
0.3086,0.3174
0.3093,0.3093
0.2947,0.303
0.2998,0.303
0.2974,0.3025
0.3108,0.306
0.2983,0.3042
0.321,0.3145
0.3044,0.3098
0.2822,0.2896
0.3115,0.31
0.2969,0.3047
0.3105,0.3115
0.2856,0.2878
0.3071,0.3147
0.3118,0.3071
0.3047,0.305
0.3108,0.3147
0.2988,0.306
0.3186,0.322
0.1854,0.1844
0.208,0.1979
0.1997,0.2133
0.2532,0.2517
0.2291,0.2233
0.2101,0.2179
0.2415,0.2443
0.253,0.2544
0.2386,0.222
0.1924,0.2003
0.2474,0.248
0.2319,0.2372
0.2378,0.2384
0.251,0.2632
0.288,0.2834
0.2676,0.2766
0.273,0.2869
0.2517,0.264
0.191,0.1932
0.18,0.1792
0.2079,0.2188
0.2172,0.2358
0.2177,0.212
0.2313,0.217
0.258,0.2502
0.256,0.2415
0.2573,0.2385
0.2355,0.241
0.2524,0.257
0.2932,0.3086
0.2167,0.2306
0.288,0.2898
0.2484,0.2588
0.2006,0.2164
0.25,0.2537
0.244,0.2297
0.2081,0.2021
0.2472,0.2424
0.2117,0.2147
0.2776,0.29
0.218,0.2185
0.274,0.274
0.2773,0.2756
0.2374,0.2366
0.295,0.29
0.2869,0.2861
0.2756,0.2773
0.2646,0.2725
0.2595,0.258
0.258,0.2595
0.2812,0.2708
0.2764,0.2656
0.2656,0.2764
0.2742,0.2803
0.1963,0.1738
0.2324,0.2351
0.2666,0.2725
0.2734,0.2744
0.2297,0.2124
0.2742,0.2737
0.209,0.2303
0.2974,0.2961
0.2445,0.237
0.2372,0.2443
0.2932,0.2876
0.3015,0.2964
0.2385,0.2345
0.2041,0.2097
0.2144,0.2179
0.2367,0.2449
0.3079,0.2998
0.2683,0.2625
0.252,0.2612
0.257,0.2532
0.2568,0.2744
0.2576,0.2485
0.2445,0.2499
0.2351,0.2378
0.25,0.2451
0.2499,0.2468
0.2356,0.2345
0.2438,0.2522
0.2856,0.2886
0.2732,0.2744
0.2937,0.2935
0.2263,0.2201
0.2118,0.2274
0.2072,0.2012
0.2335,0.2346
0.2554,0.2654
0.2522,0.2462
0.2391,0.2388
0.267,0.2583
0.2603,0.2568
0.1902,0.1962
0.205,0.2146
0.1918,0.1873
0.2573,0.269
0.2441,0.2517
0.262,0.261
0.252,0.257
0.2732,0.2668
0.2725,0.269
0.2583,0.2534
0.2642,0.2498
0.25,0.2465
0.258,0.2612
0.2551,0.2494
0.238,0.2319
0.2842,0.284
0.2244,0.2264
0.2218,0.225
0.2979,0.3113
0.288,0.2878
0.3147,0.3005
0.1741,0.1765
0.225,0.2312
0.295,0.2961
0.2856,0.2832
0.234,0.2279
0.2603,0.2505
0.251,0.252
0.2576,0.2578
0.2499,0.2405
0.1903,0.2274
0.2188,0.2338
0.2413,0.215
0.2335,0.221
0.2913,0.2876
0.2886,0.2856
0.2812,0.2878
0.29,0.2913
0.1783,0.1605
0.2317,0.2362
0.2477,0.261
0.22,0.2198
0.265,0.252
0.2205,0.2256
0.2073,0.2296
0.1769,0.1818
0.2388,0.2327
0.2328,0.2177
0.2357,0.2314
0.2134,0.2155
0.2263,0.2344
0.2026,0.1963
0.1947,0.1768
0.2017,0.206
0.2277,0.216
0.252,0.2517
0.2546,0.2615
0.2615,0.2559
0.2603,0.2583
0.2983,0.2861
0.2947,0.294
0.288,0.298
0.2922,0.2976
0.265,0.2698
0.2869,0.2756
0.2979,0.294
0.2751,0.2861
0.306,0.303
0.3008,0.3054
0.2576,0.2351
0.2377,0.2537
0.2341,0.2366
0.254,0.2627
0.2069,0.2073
0.2537,0.2644
0.2795,0.2903
0.2947,0.2878
0.2365,0.2313
0.2225,0.2275
0.206,0.2148
0.1984,0.1941
0.1908,0.1914
0.2651,0.2751
0.2023,0.201
0.2815,0.281
0.278,0.2795
0.2947,0.2908
0.2905,0.294
0.2776,0.274
0.2703,0.273
0.21,0.2266
0.2186,0.2107
0.2615,0.2866
0.2354,0.2397
0.265,0.2722
0.234,0.229
0.2424,0.2494
0.273,0.264
0.273,0.2854
0.296,0.3042
0.2722,0.2788
0.2905,0.2964
0.2842,0.2883
0.288,0.2861
0.2761,0.2744
0.2651,0.2678
0.253,0.2466
0.2698,0.2566
0.2798,0.2708
0.2822,0.2795
0.2505,0.2585
0.2805,0.2747
0.1808,0.1855
0.279,0.2708
0.266,0.2651
0.271,0.2634
0.2737,0.276
0.194,0.1871
0.2642,0.2695
0.267,0.2588
0.2764,0.2693
0.1947,0.1901
0.1907,0.1974
0.1979,0.1987
0.2678,0.275
0.2451,0.2417
0.2568,0.256
0.2327,0.2383
0.2449,0.2473
0.2556,0.2607
0.2347,0.2275
0.2384,0.2397
0.2377,0.2374
0.2812,0.2866
0.2844,0.2815
0.2494,0.2554
0.2822,0.2786
0.2815,0.2844
0.2421,0.2576
0.2495,0.2462
0.2646,0.2598
0.2656,0.2693
0.2073,0.2102
0.2028,0.2001
0.1943,0.1854
0.194,0.1975
0.2474,0.2439
0.2379,0.2377
0.2793,0.2703
0.2883,0.274
0.2515,0.276
0.2708,0.2573
0.2423,0.2423
0.2179,0.2354
0.2207,0.2267
0.2776,0.2769
0.2294,0.2229
0.2307,0.2277
0.2388,0.2634
0.2778,0.2585
0.2158,0.2217
0.2472,0.241
0.263,0.2578
0.2715,0.2761
0.2515,0.251
0.2264,0.2236
0.2688,0.26
0.237,0.2362
0.2494,0.2507
0.249,0.264
0.2448,0.2485
0.2374,0.2343
0.23,0.2408
0.2408,0.2542
0.2306,0.2435
0.2542,0.2408
0.263,0.2764
0.2507,0.2537
0.273,0.273
0.2617,0.256
0.2438,0.249
0.2327,0.2395
0.2473,0.2507
0.2559,0.2673
0.2344,0.2441
0.22,0.2134
0.244,0.2467
0.27,0.296
0.2368,0.2358
0.3057,0.3005
0.259,0.2612
0.2477,0.2422
0.3293,0.323
0.2335,0.2347
0.2213,0.2184
0.3137,0.3083
0.3074,0.3118
0.313,0.318
0.2993,0.3064
0.2059,0.2059
0.2605,0.2498
0.2695,0.2673
0.2206,0.2155
0.1996,0.2107
0.209,0.1998
0.218,0.1973
0.2041,0.2064
0.2471,0.2433
0.2461,0.2502
0.2734,0.2805
0.2433,0.2471
0.2793,0.2856
0.2815,0.2827
0.2502,0.2461
0.1998,0.2043
0.2094,0.2076
0.2306,0.218
0.2021,0.2008
0.2234,0.2352
0.2349,0.2396
0.2286,0.229
0.2106,0.2102
0.286,0.3098
0.254,0.2622
0.3047,0.2793
0.2603,0.248
0.2095,0.2188
0.242,0.2386
0.2081,0.218
0.2255,0.228
0.2316,0.2338
0.228,0.2255
0.2786,0.282
0.2754,0.2886
0.2603,0.2573
0.2595,0.2832
0.2512,0.2769
0.2317,0.2286
0.2568,0.2627
0.2241,0.224
0.2844,0.2898
0.278,0.2825
0.232,0.2405
0.1954,0.1923
0.2177,0.2109
0.2576,0.2537
0.227,0.2301
0.2173,0.2246
0.2213,0.2252
0.194,0.2
0.193,0.1942
0.201,0.2047
0.1995,0.2036
0.1917,0.1957
0.1992,0.2095
0.2299,0.2313
0.226,0.2296
0.208,0.2107
0.2039,0.2029
0.2092,0.2131
0.206,0.207
0.2183,0.218
0.2397,0.2468
0.2361,0.2349
0.2052,0.2113
0.2307,0.2216
0.245,0.2527
0.22,0.2189
0.2622,0.2573
0.2201,0.2202
0.2585,0.2615
0.32,0.3142
0.3044,0.3115
0.2566,0.2522
0.2457,0.265
0.2563,0.2551
0.2578,0.26
0.2822,0.2734
0.2423,0.2346
0.2352,0.2395
0.2373,0.2319
0.2402,0.2454
0.2144,0.2167
0.21,0.215
0.2213,0.2191
0.2236,0.2122
0.2466,0.2397
0.2345,0.2484
0.2498,0.2593
0.2607,0.2527
0.2463,0.236
0.2559,0.2573
0.2654,0.256
0.2966,0.304
0.25,0.2458
0.258,0.259
0.312,0.2998
0.2467,0.2449
0.2155,0.2205
0.3064,0.2937
0.2944,0.3127
0.2878,0.2988
0.2559,0.2573
0.2151,0.2118
0.3054,0.2922
0.262,0.2595
0.2241,0.226
0.2428,0.2356
0.2961,0.2886
0.2717,0.2795
0.2354,0.2306
0.242,0.2445
0.2294,0.2363
0.2673,0.272
0.2715,0.2742
0.272,0.2673
0.2747,0.2803
0.283,0.2844
0.3052,0.3184
0.2864,0.2805
0.2795,0.2805
0.2837,0.278
0.3076,0.3
0.277,0.2856
0.2925,0.2876
0.1942,0.1853
0.22,0.2195
0.2323,0.2295
0.1942,0.1853
0.3115,0.312
0.299,0.283
0.3079,0.3052
0.2455,0.2615
0.225,0.26
0.2534,0.263
0.266,0.266
0.2686,0.2734
0.2595,0.2651
0.2598,0.2637
0.2314,0.241
0.2705,0.2676
0.2734,0.2693
0.1991,0.195
0.1908,0.1975
0.276,0.278
0.2798,0.2844
0.2288,0.2522
0.2583,0.2686
0.2069,0.2166
0.2402,0.2725
0.2627,0.2808
0.2969,0.2878
0.2856,0.2683
0.2522,0.2288
0.2722,0.2612
0.2168,0.2104
0.2698,0.2472
0.2788,0.2805
0.292,0.2996
0.2197,0.2188
0.2668,0.27
0.1583,0.1686
0.266,0.2598
0.162,0.1516
0.222,0.2178
0.2588,0.249
0.2954,0.2986
0.2544,0.255
0.229,0.2192
0.264,0.272
0.2778,0.2617
0.2064,0.2052
0.2632,0.2795
0.2126,0.2103
0.2045,0.2073
0.2001,0.1964
0.2267,0.2428
0.267,0.2632
0.2458,0.2466
0.2384,0.2217
0.2489,0.2462
0.2593,0.267
0.2429,0.2284
0.2179,0.2365
0.2917,0.2969
0.2537,0.2524
0.296,0.2847
0.2112,0.2115
0.2869,0.2961
0.2563,0.266
0.2034,0.205
0.261,0.2537
0.2487,0.2551
0.2534,0.2502
0.2534,0.2322
0.2394,0.2327
0.2368,0.2432
0.2378,0.253
0.2534,0.2502
0.251,0.2595
0.2297,0.23
0.2198,0.2212
0.2281,0.2185
0.264,0.2715
0.255,0.2544
0.2822,0.2795
0.2563,0.252
0.27,0.269
0.252,0.2563
0.2642,0.2644
0.2715,0.2742
0.246,0.2277
0.2632,0.2654
0.263,0.2502
0.2385,0.2568
0.2678,0.2415
0.3022,0.3032
0.3098,0.3242
0.2054,0.204
0.2091,0.2072
0.2236,0.2327
0.2306,0.225
0.2032,0.2128
0.2333,0.2284
0.2227,0.2286
0.2357,0.2382
0.2156,0.2174
0.2673,0.2642
0.2542,0.256
0.2666,0.2717
0.2864,0.2937
0.2788,0.2913
0.2598,0.2551
0.3057,0.3008
0.268,0.2515
0.243,0.2438
0.2568,0.2559
0.2433,0.2456
0.2397,0.2437
0.2566,0.252
0.2375,0.2451
0.2515,0.268
0.264,0.2712
0.2456,0.2433
0.247,0.2421
0.2935,0.3076
0.271,0.2727
0.2744,0.2668
0.2693,0.286
0.2012,0.1959
0.2124,0.2096
0.223,0.2246
0.2086,0.208
0.2219,0.2273
0.2025,0.2113
0.2291,0.2307
0.2246,0.2313
0.2573,0.254
0.2223,0.2242
0.2466,0.2512
0.2588,0.255
0.2339,0.2311
0.2137,0.2179
0.2183,0.2186
0.2239,0.2289
0.232,0.2349
0.2273,0.2201
0.2156,0.2094
0.211,0.212
0.2203,0.2177
0.1998,0.2024
0.2886,0.3003
0.2974,0.3123
0.3325,0.3442
0.2976,0.305
0.3003,0.2886
0.2957,0.2935
0.3345,0.3296
0.2974,0.3027
0.2903,0.2966
0.2241,0.2448
0.298,0.297
0.2554,0.2642
0.2542,0.2532
0.256,0.2603
0.2737,0.272
0.2742,0.2756
0.2578,0.2502
0.245,0.2379
0.2411,0.236
0.2578,0.255
0.2424,0.2389
0.2373,0.2402
0.2825,0.2854
0.2876,0.2896
0.262,0.2512
0.3127,0.308
0.2637,0.271
0.316,0.3057
0.3237,0.3113
0.306,0.301
0.3088,0.3098
0.306,0.307
0.273,0.2761
0.2708,0.2793
0.2815,0.2842
0.2812,0.2783
0.2764,0.2793
0.2812,0.2783
0.2815,0.2842
0.2764,0.2793
0.18,0.1943
0.2,0.1772
0.3186,0.31
0.3088,0.3164
0.3215,0.3066
0.3328,0.3262
0.3516,0.3337
0.3367,0.3455
0.335,0.3413
0.3088,0.3323
0.256,0.2427
0.3027,0.2983
0.2478,0.2554
0.2598,0.2654
0.2847,0.2935
0.2666,0.2656
0.2712,0.2788
0.2761,0.2837
0.28,0.2795
0.2937,0.2993
0.2915,0.2815
0.2788,0.2747
0.272,0.2527
0.2717,0.2898
0.2496,0.2642
0.2932,0.2969
0.219,0.2166
0.2351,0.234
0.2402,0.2418
0.2559,0.2433
0.295,0.293
0.2915,0.3025
0.2861,0.2861
0.279,0.2754
0.2905,0.2947
0.2964,0.2986
0.2625,0.2532
0.2668,0.2622
0.2343,0.2355
0.2051,0.2029
0.2593,0.26
0.2693,0.267
0.2382,0.245
0.2373,0.2269
0.2472,0.2214
0.2976,0.3162
0.2856,0.289
0.3008,0.2996
0.286,0.2842
0.305,0.3071
0.2316,0.238
0.2268,0.2274
0.2617,0.257
0.2905,0.2854
0.2522,0.2559
0.2952,0.286
0.2622,0.258
0.2988,0.292
0.2257,0.2245
0.222,0.2252
0.2722,0.2693
0.232,0.2231
0.2183,0.2186
0.27,0.2686
0.239,0.2306
0.2751,0.2644
0.2346,0.242
0.2257,0.2257
0.1772,0.1786
0.303,0.2964
0.303,0.2961
0.2379,0.2303
0.301,0.308
0.2494,0.2451
0.2524,0.2578
0.2383,0.2413
0.2625,0.2632
0.268,0.263
0.3062,0.3098
0.255,0.2646
0.3079,0.3093
0.2333,0.2346
0.2712,0.2683
0.2537,0.26
0.263,0.2625
0.2717,0.27
0.2461,0.2507
0.26,0.2537
0.2593,0.2722
0.271,0.2478
0.2433,0.2292
0.26,0.2646
0.202,0.2041
0.2275,0.2318
0.2084,0.2129
0.2411,0.2389
0.2393,0.2367
0.2242,0.2423
0.1897,0.1938
0.2499,0.25
0.2445,0.2375
0.1886,0.1855
0.1759,0.1755
0.1896,0.1858
0.2128,0.2167
0.2286,0.235
0.2446,0.2415
0.25,0.2496
0.278,0.2703
0.2412,0.2438
0.2214,0.2146
0.2747,0.2808
0.275,0.279
0.2698,0.2454
0.2142,0.2214
0.1998,0.2047
0.2242,0.2194
0.198,0.1964
0.3308,0.3313
0.2451,0.2396
0.3323,0.3389
0.244,0.2495
0.3118,0.308
0.2747,0.285
0.3018,0.3127
0.269,0.2673
0.262,0.2668
0.2458,0.249
0.2413,0.2386
0.2808,0.273
0.2438,0.2242
0.3025,0.2993
0.2788,0.293
0.2256,0.241
0.236,0.2444
0.2454,0.209
0.305,0.3022
0.2732,0.2651
0.279,0.2698
0.2786,0.2935
0.278,0.2966
0.2727,0.27
0.2465,0.2432
0.2805,0.2979
0.2852,0.2795
0.2869,0.2954
0.2793,0.2832
0.291,0.2815
0.2864,0.2837
0.2225,0.2238
0.2327,0.2257
0.297,0.3062
0.2632,0.2761
0.2734,0.2693
0.2766,0.2776
0.2365,0.2443
0.2473,0.2402
0.2817,0.2944
0.2437,0.2502
0.2275,0.2212
0.256,0.2452
0.2563,0.2456
0.2106,0.2083
0.2783,0.2686
0.2502,0.2515
0.225,0.2249
0.2634,0.2798
0.2235,0.2369
0.2485,0.2566
0.2384,0.259
0.1881,0.2053
0.253,0.2766
0.2522,0.2524
0.282,0.2764
0.2515,0.2517
0.2717,0.272
0.262,0.2693
0.2708,0.2778
0.2374,0.2336
0.2301,0.2291
0.2306,0.2325
0.2356,0.2314
0.3228,0.3154
0.2983,0.3074
0.2576,0.242
0.289,0.3127
0.28,0.2812
0.2235,0.2314
0.2842,0.2844
0.2756,0.272
0.2837,0.2769
0.3127,0.289
0.3074,0.2983
0.2915,0.2864
0.2632,0.2556
0.288,0.2834
0.2878,0.2964
0.2437,0.2585
0.2128,0.207
0.2544,0.2461
0.2546,0.2467
0.253,0.251
0.2156,0.2175
0.2688,0.2734
0.2435,0.2585
0.2854,0.2935
0.2515,0.2578
0.257,0.2554
0.2908,0.284
0.279,0.2788
0.2844,0.2773
0.2822,0.2856
0.2888,0.2834
0.2783,0.2634
0.2837,0.2864
0.261,0.2634
0.2625,0.2603
0.2666,0.275
0.2793,0.2817
0.2489,0.2551
0.237,0.249
0.2446,0.2327
0.2573,0.2527
0.2078,0.2227
0.2175,0.2162
0.213,0.2161
0.2177,0.2021
0.2615,0.2554
0.2471,0.2385
0.2484,0.2435
0.1722,0.1709
0.1659,0.1613
0.2329,0.2454
0.2401,0.2467
0.2244,0.2385
0.2356,0.2228
0.1962,0.1938
0.196,0.2045
0.2201,0.2249
0.2007,0.1979
0.265,0.262
0.279,0.281
0.268,0.2805
0.2852,0.2844
0.2793,0.268
0.2617,0.2627
0.2445,0.2408
0.2439,0.2456
0.255,0.2522
0.255,0.2551
0.2532,0.2524
0.2426,0.2399
0.2396,0.2426
0.2563,0.2578
0.2612,0.266
0.2659,0.2612
0.2273,0.2355
0.2155,0.219
0.263,0.2646
0.2559,0.258
0.215,0.212
0.249,0.2471
0.2517,0.2524
0.2244,0.226
0.2384,0.225
0.2496,0.2612
0.2246,0.2241
0.2095,0.2114
0.2261,0.2404
0.2069,0.2106
0.2715,0.2695
0.2485,0.2477
0.2766,0.282
0.2053,0.2019
0.2642,0.2664
0.281,0.2808
0.2051,0.1967
0.2329,0.2301
0.2095,0.213
0.2117,0.2087
0.234,0.2462
0.2454,0.2294
0.314,0.3206
0.2401,0.2393
0.312,0.3274
0.2489,0.2484
0.3308,0.3215
0.303,0.2795
0.3108,0.301
0.3157,0.3057
0.3062,0.311
0.249,0.252
0.237,0.2399
0.2625,0.268
0.2756,0.276
0.2922,0.299
0.2908,0.286
0.252,0.3018
0.2676,0.2908
0.297,0.2903
0.2852,0.29
0.2566,0.2627
0.259,0.2656
0.2537,0.234
0.2817,0.2874
0.2908,0.2844
0.242,0.2365
0.227,0.2166
0.2236,0.2319
0.2517,0.251
0.2483,0.2477
0.2423,0.2372
0.2815,0.2786
0.2856,0.2832
0.2386,0.2391
0.26,0.2598
0.2898,0.2717
0.2297,0.2444
0.1995,0.2052
0.276,0.294
0.2443,0.2274
0.2532,0.255
0.2169,0.2223
0.2313,0.2318
0.2659,0.2732
0.2769,0.2678
0.3052,0.305
0.31,0.3013
0.2322,0.2413
0.2695,0.2644
0.2883,0.287
0.2646,0.2678
0.287,0.2854
0.2646,0.2634
0.2737,0.2817
0.2372,0.2358
0.2399,0.2339
0.2205,0.2183
0.222,0.2203
0.2174,0.2249
0.2388,0.2505
0.249,0.2422
0.2408,0.252
0.2472,0.246
0.2391,0.2424
0.2617,0.2441
0.264,0.2415
0.2585,0.2412
0.2394,0.2583
0.221,0.2186
0.221,0.2252
0.2295,0.2263
0.2766,0.2737
0.2664,0.275
0.2122,0.2295
0.211,0.2262
0.2195,0.2106
0.2534,0.2598
0.204,0.1991
0.2064,0.2181
0.285,0.2825
0.2815,0.2852
0.2568,0.2522
0.301,0.292
0.2947,0.3066
0.2625,0.262
0.2036,0.1971
0.247,0.2393
0.2245,0.2468
0.2278,0.2437
0.2356,0.2479
0.2598,0.2356
0.2693,0.2299
0.2281,0.2612
0.2659,0.2563
0.2141,0.2024
0.1763,0.2074
0.2595,0.2598
0.241,0.2502
0.2856,0.2944
0.229,0.2269
0.2734,0.273
0.2317,0.2366
0.296,0.292
0.2595,0.2642
0.2578,0.26
0.2676,0.2747
0.2769,0.281
0.2356,0.2383
0.258,0.2402
0.2512,0.2333
0.2686,0.2668
0.237,0.2341
0.2666,0.2498
0.2288,0.2108
0.243,0.2588
0.1975,0.2065
0.2491,0.2646
0.2318,0.2251
0.2059,0.2069
0.2084,0.2139
0.2048,0.208
0.212,0.2283
0.2238,0.2286
0.257,0.2417
0.2625,0.2445
0.2161,0.2184
0.2197,0.2172
0.282,0.2766
0.2152,0.2063
0.274,0.2793
0.3142,0.3174
0.2258,0.2438
0.2443,0.2583
0.2275,0.2343
0.2861,0.2837
0.2808,0.2817
0.2822,0.2861
0.2805,0.2798
0.269,0.27
0.2335,0.2256
0.269,0.2754
0.2365,0.2439
0.2527,0.2551
0.2034,0.1996
0.258,0.2705
0.2402,0.2357
0.2627,0.259
0.2,0.2051
0.251,0.2542
0.2607,0.2668
0.2532,0.2607
0.2683,0.2678
0.2668,0.2489
0.2452,0.2524
0.2769,0.278
0.2566,0.262
0.2338,0.2255
0.2416,0.2286
0.21,0.1984
0.2273,0.225
0.1931,0.1924
0.2058,0.2191
0.2345,0.2512
0.1971,0.2006
0.2272,0.2343
0.219,0.2236
0.2269,0.2227
0.2236,0.2201
0.2286,0.2369
0.2291,0.2439
0.2075,0.2123
0.1993,0.2006
0.2136,0.1975
0.2915,0.2883
0.2532,0.2498
0.295,0.2952
0.2888,0.2847
0.2542,0.2502
0.2854,0.2905
0.193,0.1937
0.2499,0.256
0.2423,0.2415
0.2722,0.2659
0.2668,0.2708
0.2512,0.2402
0.2396,0.2441
0.2178,0.226
0.2406,0.2386
0.2343,0.2207
0.2747,0.2756
0.2391,0.2426
0.2308,0.2349
0.2241,0.2314
0.2234,0.2229
0.2693,0.2864
0.2152,0.2032
0.2421,0.2544
0.2416,0.2327
0.2463,0.2375
0.2258,0.2157
0.2479,0.2451
0.2162,0.2175
0.2167,0.2169
0.232,0.2249
0.2374,0.2313
0.2148,0.1958
0.2281,0.2235
0.244,0.2507
0.2322,0.2311
0.2466,0.2317
0.2212,0.2311
0.2507,0.253
0.2455,0.2462
0.2505,0.265
0.2996,0.3
0.2678,0.2527
0.2966,0.294
0.2969,0.3108
0.2573,0.2522
0.2233,0.2329
0.227,0.2468
0.2458,0.2452
0.2358,0.2384
0.26,0.2607
0.256,0.255
0.2722,0.3047
0.2622,0.2651
0.288,0.295
0.2725,0.268
0.265,0.2656
0.2076,0.1991
0.2041,0.2142
0.234,0.2264
0.2357,0.2407
0.2654,0.272
0.2573,0.2615
0.266,0.2551
0.2617,0.2595
0.2072,0.2148
0.215,0.2073
0.2583,0.2551
0.2664,0.263
0.2212,0.2378
0.263,0.2625
0.2793,0.2776
0.2822,0.2766
0.2935,0.2783
0.2803,0.2837
0.263,0.279
0.2383,0.2439
0.298,0.2922
0.2568,0.265
0.2532,0.258
0.294,0.2947
0.2876,0.2822
0.295,0.297
0.2844,0.2952
0.3225,0.324
0.2996,0.2979
0.2517,0.263
0.3198,0.3152
0.2944,0.2925
0.2489,0.2458
0.2495,0.2448
0.2368,0.2303
0.2576,0.2542
0.1886,0.1992
0.1948,0.1841
0.3167,0.3228
0.3289,0.325
0.2566,0.262
0.2732,0.2825
0.2627,0.26
0.2842,0.2795
0.2634,0.263
0.2642,0.2664
0.2646,0.259
0.2715,0.2876
0.2512,0.2588
0.236,0.2551
0.2861,0.2703
0.272,0.284
0.2734,0.2769
0.222,0.2351
0.2678,0.2764
0.2837,0.274
0.293,0.293
0.2927,0.3074
0.2898,0.2708
0.28,0.2664
0.2803,0.2942
0.2888,0.2793
0.3098,0.2996
0.2382,0.2266
0.295,0.2842
0.2318,0.2406
0.229,0.2316
0.268,0.2722
0.2878,0.268
0.2517,0.25
0.2466,0.275
0.2668,0.2656
0.2482,0.262
0.306,0.3223
0.2769,0.2773
0.2837,0.2783
0.2769,0.2773
0.2656,0.2668
0.2052,0.2043
0.2788,0.2886
0.2844,0.2825
0.239,0.2435
0.2595,0.2632
0.2107,0.2124
0.2332,0.2361
0.245,0.2408
0.2213,0.2256
0.2405,0.2375
0.2397,0.2484
0.2224,0.2213
0.2422,0.2349
0.2502,0.2542
0.2515,0.2502
0.2341,0.234
0.2242,0.2224
0.2362,0.2344
0.2227,0.2289
0.255,0.2468
0.2366,0.2268
0.2222,0.2258
0.2448,0.2443
0.2637,0.2522
0.3162,0.3174
0.3325,0.3276
0.3198,0.324
0.313,0.3118
0.2827,0.29
0.2842,0.2773
0.262,0.2488
0.2262,0.2191
0.25,0.263
0.2542,0.2625
0.2483,0.2454
0.2477,0.2515
0.2351,0.2366
0.2668,0.264
0.2356,0.2439
0.2219,0.2274
0.2378,0.2374
0.2345,0.2283
0.2744,0.2805
0.2847,0.2954
0.2957,0.2898
0.2954,0.2847
0.28,0.2783
0.2913,0.284
0.2651,0.2852
0.273,0.2703
0.2983,0.296
0.3044,0.3035
0.2693,0.269
0.2598,0.2593
0.2466,0.2391
0.2366,0.2397
0.2874,0.2847
0.2998,0.2935
0.2754,0.2825
0.212,0.249
0.2788,0.2715
0.2678,0.257
0.28,0.2827
0.2406,0.2428
0.2443,0.2467
0.2428,0.2427
0.2435,0.2446
0.3066,0.321
0.315,0.3015
0.2834,0.286
0.29,0.2874
0.2686,0.276
0.2583,0.2668
0.2256,0.2296
0.1777,0.1796
0.2249,0.216
0.2646,0.2656
0.2666,0.254
0.2732,0.2717
0.1865,0.1859
0.2424,0.2432
0.2477,0.2463
0.2607,0.2603
0.253,0.257
0.2192,0.2299
0.1858,0.1953
0.2339,0.2393
0.2262,0.2196
0.1864,0.1803
0.2625,0.2588
0.2627,0.2698
0.2542,0.2479
0.2776,0.2703
0.2634,0.2576
0.2291,0.2238
0.2795,0.2837
0.2622,0.2693
0.2214,0.2197
0.2379,0.226
0.226,0.2379
0.2366,0.2428
0.2498,0.2651
0.259,0.2612
0.2391,0.2396
0.2407,0.2404
0.2472,0.2544
0.2534,0.247
0.256,0.2505
0.2854,0.2776
0.283,0.2883
0.2438,0.2421
0.2737,0.2847
0.268,0.2698
0.278,0.268
0.251,0.2462
0.264,0.2686
0.25,0.2654
0.2673,0.26
0.26,0.2537
0.275,0.27
0.2605,0.265
0.2751,0.2712
0.2742,0.2754
0.2554,0.2517
0.2695,0.2578
0.2515,0.2585
0.2676,0.2664
0.2559,0.2444
0.2556,0.249
0.275,0.2778
0.2502,0.2542
0.2905,0.2908
0.2605,0.253
0.2318,0.2303
0.1935,0.1866
0.2429,0.2439
0.1888,0.1917
0.2368,0.2312
0.185,0.1868
0.2537,0.2563
0.2323,0.2338
0.2491,0.2578
0.2363,0.2346
0.2461,0.2485
0.2588,0.2556
0.2588,0.2617
0.2448,0.2417
0.32,0.3286
0.3186,0.3167
0.2467,0.2603
0.2196,0.218
0.258,0.2559
0.2527,0.2903
0.251,0.2563
0.2576,0.2463
0.2883,0.2688
0.2944,0.2998
0.3015,0.2988
0.224,0.2214
0.3145,0.3198
0.3035,0.3123
0.3188,0.335
0.32,0.322
0.2203,0.2142
0.2231,0.2247
0.2898,0.3037
0.236,0.2397
0.2397,0.236
0.2391,0.2354
0.2496,0.2362
0.2418,0.2615
0.2954,0.2903
0.2844,0.29
0.279,0.2898
0.2942,0.2837
0.2922,0.3003
0.301,0.2957
0.211,0.2104
0.2208,0.2217
0.2125,0.2153
0.2057,0.2073
0.2474,0.2401
0.2144,0.2156
0.2478,0.2551
0.1995,0.1989
0.2091,0.2103
0.2462,0.247
0.2076,0.208
0.2042,0.2045
0.2988,0.302
0.2346,0.2289
0.2241,0.2288
0.26,0.258
0.2756,0.2966
0.2783,0.28
0.2673,0.259
0.2268,0.216
0.2173,0.2189
0.2059,0.2014
0.21,0.2151
0.2202,0.2162
0.2332,0.233
0.2125,0.2056
0.2211,0.2266
0.2245,0.2225
0.2466,0.2406
0.2075,0.2136
0.2396,0.2742
0.294,0.3015
0.2847,0.291
0.288,0.2925
0.288,0.29
0.2896,0.2915
0.276,0.265
0.2942,0.3022
0.2937,0.303
0.2832,0.2896
0.2888,0.2852
0.302,0.298
0.301,0.2979
0.3013,0.2986
0.3025,0.2896
0.27,0.27
0.2988,0.2998
0.279,0.2822
0.283,0.2937
0.2844,0.2747
0.2705,0.2605
0.2798,0.2805
0.2333,0.2379
0.264,0.2576
0.2595,0.264
0.2499,0.2544
0.2407,0.234
0.2725,0.2776
0.2576,0.2693
0.2673,0.264
0.279,0.2744
0.2578,0.2615
0.2688,0.2627
0.2617,0.271
0.2527,0.2502
0.2686,0.2556
0.2322,0.2292
0.2463,0.2448
0.2386,0.2389
0.2678,0.2622
0.2788,0.283
0.2253,0.22
0.2795,0.271
0.3074,0.3027
0.2391,0.2458
0.295,0.298
0.2725,0.272
0.2123,0.1929
0.2876,0.3123
0.2568,0.2695
0.2634,0.2512
0.2625,0.2551
0.2988,0.2947
0.2445,0.2563
0.2952,0.304
0.2524,0.2603
0.2527,0.2559
0.2607,0.26
0.2598,0.26
0.2344,0.221
0.2347,0.2192
0.2622,0.265
0.2405,0.2422
0.2109,0.2303
0.2103,0.2297
0.269,0.277
0.292,0.279
0.2213,0.2137
0.2137,0.2213
0.2247,0.2328
0.2832,0.2898
0.289,0.3062
0.294,0.3127
0.2942,0.313
0.2175,0.2018
0.1895,0.215
0.2317,0.2205
0.2136,0.1935
0.2205,0.2317
0.2319,0.2123
0.2488,0.2468
0.2595,0.257
0.2656,0.2542
0.256,0.2585
0.2505,0.2491
0.251,0.2491
0.2484,0.259
0.2515,0.2507
0.2527,0.257
0.2664,0.264
0.2036,0.2001
0.2346,0.2385
0.2722,0.265
0.291,0.2886
0.2605,0.265
0.2944,0.2925
0.3093,0.3108
0.268,0.2708
0.277,0.278
0.2798,0.2883
0.2192,0.2207
0.303,0.3088
0.2725,0.2617
0.2104,0.2109
0.2231,0.2712
0.2324,0.23
0.2175,0.2201
0.2317,0.2318
0.1953,0.2047
0.2297,0.235
0.2253,0.2112
0.2091,0.1943
0.2113,0.2245
0.1927,0.1936
0.2368,0.2324
0.2478,0.2491
0.2478,0.2433
0.2502,0.2534
0.2524,0.2502
0.257,0.264
0.2484,0.2434
0.2477,0.2515
0.2556,0.2617
0.2588,0.2583
0.2646,0.2634
0.248,0.2421
0.2404,0.235
0.2317,0.2341
0.2742,0.2686
0.2615,0.262
0.2686,0.2742
0.263,0.271
0.256,0.2527
0.265,0.2517
0.2451,0.2302
0.244,0.2467
0.2429,0.2471
0.2449,0.2432
0.2786,0.2732
0.2485,0.2568
0.2532,0.257
0.2495,0.252
0.2267,0.2362
0.2717,0.2634
0.2673,0.2754
0.3198,0.3188
0.2673,0.2617
0.2585,0.273
0.2466,0.261
0.3289,0.333
0.1697,0.1737
0.1997,0.2018
0.1886,0.1879
0.1904,0.1945
0.1761,0.1709
0.2314,0.2224
0.2408,0.2297
0.2727,0.2693
0.2333,0.2378
0.265,0.2585
0.2305,0.2334
0.2756,0.2834
0.2693,0.2668
0.2537,0.2598
0.2683,0.2703
0.259,0.2651
0.2717,0.2705
0.2025,0.2158
0.2227,0.241
0.2062,0.1864
0.2412,0.2437
0.2311,0.2305
0.2291,0.2026
0.2603,0.2793
0.2416,0.2059
0.2805,0.2737
0.2637,0.2563
0.2041,0.2355
0.2654,0.264
0.2015,0.207
0.23,0.2311
0.2593,0.2544
0.2012,0.2023
0.1683,0.1665
0.1566,0.1671
0.2622,0.248
0.2534,0.25
0.2568,0.2593
0.2803,0.2764
0.2761,0.2761
0.2751,0.2673
0.2399,0.2378
0.247,0.2411
0.2438,0.2527
0.2137,0.2285
0.2676,0.2722
0.2573,0.263
0.2343,0.2417
0.2263,0.2144
0.2566,0.2421
0.2395,0.2491
0.2666,0.2551
0.247,0.2463
0.2651,0.2769
0.2316,0.2347
0.251,0.2487
0.2306,0.2267
0.2554,0.2654
0.2463,0.247
0.243,0.2443
0.2462,0.2507
0.2444,0.2443
0.2507,0.2522
0.2512,0.2466
0.2368,0.2334
0.2764,0.2656
0.1896,0.2112
0.2637,0.2544
0.283,0.2744
0.2598,0.2673
0.2688,0.2788
0.2654,0.2664
0.2686,0.268
0.2488,0.25
0.2197,0.2341
0.2346,0.2244
0.276,0.2642
0.2795,0.2676
0.2922,0.294
0.2776,0.2898
0.3008,0.2969
0.2622,0.264
0.2693,0.2603
0.2693,0.2603
0.2693,0.2603
0.2693,0.2603
0.2693,0.2603
0.2218,0.222
0.2417,0.2466
0.2233,0.2399
0.1969,0.1931
0.2156,0.2275
0.2416,0.23
0.2313,0.2308
0.2428,0.2366
0.193,0.197
0.1846,0.1831
0.2124,0.2113
0.2164,0.2267
0.1833,0.1917
0.2305,0.2316
0.2063,0.2113
0.2722,0.264
0.278,0.2778
0.2786,0.2727
0.289,0.2869
0.2903,0.2966
0.2769,0.2751
0.273,0.2708
0.2952,0.2866
0.2778,0.2722
0.2983,0.2922
0.3052,0.3093
0.3083,0.3042
0.318,0.3225
0.279,0.2595
0.3179,0.3108
0.2573,0.2866
0.2742,0.2695
0.2927,0.288
0.2827,0.279
0.2869,0.283
0.3154,0.3098
0.2932,0.2935
0.3042,0.303
0.2312,0.235
0.2192,0.2131
0.2312,0.2467
0.2686,0.2554
0.2476,0.2369
0.2349,0.2472
0.2157,0.2218
0.249,0.2583
0.2935,0.2869
0.2028,0.2036
0.2761,0.277
0.2145,0.2112
0.2612,0.2769
0.2822,0.28
0.2737,0.271
0.2888,0.3015
0.3015,0.2888
0.2947,0.2957
0.2366,0.2284
0.2378,0.2382
0.2081,0.225
0.2197,0.2236
0.2534,0.2522
0.2098,0.2046
0.2213,0.2233
0.2583,0.2576
0.273,0.2666
0.2474,0.256
0.2126,0.2303
0.2151,0.2374
0.2496,0.242
0.262,0.2688
0.254,0.2512
0.2258,0.2162
0.2422,0.2422
0.2449,0.2466
0.1976,0.1997
0.1945,0.193
0.2515,0.2415
0.2404,0.2456
0.2496,0.2418
0.2646,0.2725
0.2439,0.2384
0.2324,0.2393
0.2354,0.2363
0.258,0.2527
0.2432,0.245
0.1891,0.1973
0.255,0.2433
0.2942,0.294
0.1938,0.1875
0.2367,0.247
0.198,0.1902
0.1904,0.1859
0.192,0.193
0.1926,0.2006
0.2467,0.241
0.2386,0.2402
0.2507,0.2445
0.2426,0.2367
0.2211,0.2219
0.2537,0.2367
0.252,0.236
0.2188,0.2332
0.2251,0.2446
0.2327,0.2465
0.2434,0.2429
0.2178,0.2139
0.2097,0.2142
0.2732,0.272
0.269,0.2676
0.2332,0.2324
0.238,0.2429
0.2433,0.2412
0.2676,0.269
0.2474,0.2422
0.2343,0.2406
0.2341,0.2383
0.23,0.2262
0.2617,0.2634
0.263,0.2659
0.2712,0.2722
0.2634,0.2617
0.271,0.2722
0.2439,0.2573
0.2676,0.2708
0.262,0.263
0.2678,0.2642
0.2593,0.2454
0.2166,0.2173
0.238,0.2307
0.213,0.211
0.2437,0.2527
0.2354,0.2388
0.2137,0.2106
0.2489,0.2346
0.26,0.2412
0.2615,0.2456
0.2456,0.2615
0.2793,0.276
0.2693,0.2808
0.2866,0.285
0.2798,0.29
0.3105,0.3115
0.2812,0.282
0.306,0.3074
0.3093,0.316
0.3164,0.311
0.3057,0.2947
0.3057,0.2947
0.291,0.2734
0.263,0.2832
0.2834,0.2917
0.2737,0.2783
0.2313,0.243
0.2461,0.2612
0.258,0.2588
0.2456,0.2308
0.2438,0.229
0.271,0.2532
0.2742,0.2676
0.2296,0.2405
0.2568,0.269
0.1963,0.1926
0.2183,0.2224
0.2308,0.2401
0.2323,0.2203
0.296,0.2883
0.2211,0.218
0.2166,0.2257
0.2861,0.2905
0.2169,0.1959
0.263,0.2522
0.272,0.2617
0.2103,0.2101
0.2227,0.219
0.2174,0.2112
0.2236,0.2269
0.2086,0.2177
0.2072,0.2079
0.2101,0.2222
0.2507,0.2627
0.2502,0.2642
0.1962,0.2168
0.2194,0.2213
0.1996,0.2148
0.2175,0.2162
0.2297,0.2323
0.2289,0.2272
0.2358,0.2317
0.2253,0.188
0.2277,0.2086
0.2075,0.2064
0.2329,0.2258
0.2257,0.2324
0.276,0.2722
0.253,0.249
0.264,0.2603
0.2695,0.2817
0.2505,0.2354
0.2488,0.262
0.32,0.3225
0.3135,0.321
0.2339,0.2405
0.2332,0.2318
0.2642,0.2605
0.229,0.2313
0.2524,0.2595
0.2369,0.2354
0.2389,0.239
0.2288,0.2457
0.265,0.2637
0.2491,0.2563
0.2455,0.262
0.2468,0.2603
0.27,0.272
0.2458,0.237
0.2693,0.2754
0.2637,0.269
0.2534,0.2502
0.2573,0.252
0.2554,0.2607
0.2554,0.2556
0.2598,0.2805
0.2805,0.2598
0.2703,0.2656
0.2588,0.245
0.2035,0.2068
0.2289,0.2123
0.2607,0.268
0.2299,0.2146
0.2291,0.2289
0.2263,0.2393
0.2224,0.228
0.1931,0.215
0.2378,0.2316
0.2693,0.2664
0.2058,0.1841
0.2546,0.2761
0.2598,0.2632
0.2083,0.2118
0.2125,0.2144
0.2064,0.2163
0.2069,0.2076
0.2095,0.2057
0.2725,0.2598
0.2106,0.2108
0.2196,0.2155
0.2045,0.2052
0.211,0.2019
0.2522,0.2573
0.2313,0.207
0.2242,0.2325
0.2283,0.2275
0.2213,0.223
0.2382,0.2313
0.2063,0.2045
0.2296,0.2218
0.2001,0.2014
0.2239,0.2216
0.2335,0.2244
0.2598,0.2634
0.2556,0.2617
0.261,0.2566
0.2732,0.2668
0.2449,0.2311
0.2064,0.1901
0.1968,0.2152
0.234,0.24
0.2339,0.2389
0.2695,0.2751
0.262,0.2644
0.288,0.2883
0.252,0.2467
0.2534,0.2576
0.2632,0.2603
0.2366,0.2319
0.2874,0.2874
0.2424,0.237
0.2377,0.2502
0.2783,0.2703
0.2725,0.2732
0.251,0.2556
0.2563,0.2563
0.252,0.2354
0.2585,0.2428
0.2666,0.2627
0.2396,0.254
0.2656,0.2627
0.2313,0.2473
0.2568,0.2678
0.2568,0.2683
0.2031,0.2023
0.2024,0.1958
0.2076,0.2137
0.3032,0.3044
0.1831,0.1366
0.2134,0.2045
0.3062,0.3142
0.2122,0.2001
0.2034,0.1992
0.287,0.2898
0.293,0.2915
0.231,0.2223
0.2654,0.2551
0.2983,0.289
0.2832,0.2786
0.2542,0.2598
0.2942,0.3013
0.2266,0.2274
0.2717,0.2776
0.2462,0.2512
0.2367,0.2277
0.2417,0.2369
0.225,0.2317
0.3,0.3035
0.2637,0.271
0.3054,0.298
0.2126,0.1915
0.3286,0.33
0.3037,0.3
0.2996,0.3088
0.2361,0.2429
0.2001,0.2014
0.2576,0.252
0.2913,0.2957
0.2493,0.2346
0.3267,0.3257
0.261,0.2737
0.26,0.2563
0.292,0.3076
0.296,0.3025
0.2637,0.2664
0.2319,0.2231
0.2244,0.2323
0.2744,0.2712
0.2224,0.2196
0.2172,0.2136
0.2703,0.2615
0.2637,0.2668
0.275,0.2678
0.2654,0.2437
0.2527,0.2476
0.2362,0.2485
0.2437,0.2654
0.2678,0.275
0.249,0.2524
0.2343,0.2463
0.275,0.292
0.272,0.2634
0.2683,0.262
0.2637,0.2559
0.26,0.2654
0.2588,0.2622
0.2634,0.272
0.2627,0.2708
0.2737,0.274
0.277,0.2795
0.2654,0.2605
0.2708,0.2627
0.2443,0.2537
0.2301,0.2468
0.2449,0.238
0.2485,0.2382
0.2632,0.2607
0.2347,0.2438
0.2507,0.2566
0.2413,0.2479
0.2527,0.2356
0.2693,0.2737
0.2283,0.2283
0.2615,0.254
0.2365,0.2405
0.2856,0.266
0.2605,0.2786
0.296,0.29
0.2268,0.2222
0.2479,0.252
0.2808,0.2834
0.2844,0.2866
0.2617,0.251
0.2844,0.303
0.25,0.2778
0.2683,0.244
0.2137,0.218
0.2795,0.2927
0.298,0.2954
0.2817,0.2822
0.2957,0.2825
0.2993,0.2854
0.2925,0.2983
0.2466,0.2375
0.2335,0.2438
0.2988,0.3142
0.3086,0.298
0.267,0.2617
0.2656,0.2734
0.2448,0.2366
0.2433,0.24
0.277,0.2732
0.2715,0.2756
0.2976,0.2773
0.268,0.265
0.3013,0.2954
0.2627,0.2556
0.282,0.2905
0.2935,0.3064
0.2491,0.2502
0.2712,0.2708
0.248,0.2515
0.2437,0.251
0.2537,0.2334
0.2395,0.2303
0.256,0.253
0.2291,0.2369
0.2551,0.2556
0.2559,0.2542
0.3076,0.301
0.299,0.2986
0.3025,0.3025
0.3027,0.3013
0.3003,0.299
0.2435,0.245
0.2407,0.2349
0.2426,0.2412
0.2261,0.232
0.2482,0.2445
0.2329,0.2307
0.2257,0.2229
0.2825,0.2744
0.294,0.2874
0.292,0.2947
0.2205,0.2231
0.2115,0.2109
0.2134,0.2024
0.2358,0.2314
0.3408,0.3447
0.3447,0.34
0.2776,0.2834
0.282,0.2776
0.2305,0.2268
0.2007,0.1887
0.1926,0.207
0.225,0.2339
0.2468,0.2444
0.2477,0.2446
0.2847,0.2969
0.2844,0.2822
0.2747,0.2688
0.2803,0.2742
0.293,0.285
0.288,0.289
0.2783,0.2808
0.2118,0.2328
0.2852,0.2712
0.2808,0.2783
0.2822,0.2844
0.2737,0.2905
0.291,0.2883
0.2773,0.2786
0.211,0.2168
0.2065,0.2125
0.221,0.224
0.214,0.2207
0.2186,0.2098
0.2118,0.2091
0.2263,0.2212
0.2998,0.3093
0.3162,0.3003
0.3276,0.3235
0.32,0.3186
0.2556,0.258
0.2228,0.2164
0.2427,0.2346
0.2075,0.205
0.2646,0.276
0.264,0.2607
0.2427,0.2346
0.2085,0.2109
0.2075,0.2041
0.246,0.2477
0.2448,0.2427
0.29,0.295
0.324,0.332
0.2979,0.292
0.33,0.321
0.3096,0.3071
0.273,0.2776
0.2795,0.2388
0.2925,0.27
0.272,0.2688
0.279,0.2427
0.2708,0.2698
0.256,0.2554
0.286,0.2866
0.2261,0.2295
0.2793,0.2927
0.2852,0.2893
0.2372,0.2288
0.2705,0.2722
0.2722,0.27
0.2837,0.2815
0.2534,0.2651
0.2365,0.2292
0.2524,0.2527
0.2566,0.2588
0.254,0.2534
0.2568,0.2505
0.2646,0.2537
0.2496,0.2546
0.2888,0.2834
0.2905,0.287
0.2727,0.281
0.2029,0.2021
0.2886,0.2917
0.2825,0.281
0.2216,0.213
0.2262,0.2329
0.2354,0.2318
0.2969,0.2842
0.3,0.306
0.3184,0.31
0.312,0.315
0.2913,0.294
0.2954,0.3037
0.2484,0.2554
0.3113,0.315
0.282,0.2695
0.2886,0.2805
0.2837,0.2808
0.2915,0.2898
0.2683,0.2673
0.2747,0.2776
0.2527,0.2544
0.2817,0.284
0.2617,0.2644
0.2878,0.2888
0.2686,0.2578
0.2834,0.2815
0.2177,0.2388
0.2092,0.2295
0.2252,0.2091
0.2964,0.2986
0.2542,0.2583
0.2411,0.2386
0.2957,0.297
0.3013,0.3054
0.2551,0.252
0.2207,0.2207
0.2241,0.2258
0.2913,0.2942
0.2842,0.2908
0.295,0.2864
0.1986,0.207
0.2522,0.2462
0.2666,0.2551
0.2386,0.2451
0.2537,0.2642
0.2517,0.24
0.2798,0.2766
0.2803,0.2708
0.2161,0.2141
0.2329,0.2463
0.212,0.2164
0.2766,0.2798
0.2717,0.2717
0.2744,0.2668
0.229,0.2177
0.2211,0.2175
0.2213,0.2288
0.2236,0.2281
0.2153,0.2256
0.2273,0.2373
0.2426,0.2332
0.2207,0.2067
0.219,0.2168
0.2413,0.254
0.2313,0.229
0.2404,0.2327
0.2196,0.213
0.2502,0.2465
0.2308,0.2399
0.2377,0.2443
0.2094,0.2114
0.2428,0.2472
0.268,0.2786
0.2415,0.2421
0.234,0.2365
0.2462,0.281
0.2686,0.2698
0.2944,0.2974
0.3242,0.3218
0.3276,0.338
0.2693,0.2598
0.2922,0.2812
0.3247,0.3237
0.3247,0.3223
0.2612,0.2617
0.2803,0.2786
0.28,0.2815
0.2249,0.2242
0.304,0.3079
0.2974,0.297
0.2983,0.2935
0.2852,0.2808
0.2822,0.2844
0.2312,0.2461
0.2783,0.279
0.2734,0.259
0.2676,0.274
0.3286,0.3293
0.3333,0.3352
0.2827,0.2795
0.2343,0.2488
0.2468,0.2421
0.2537,0.2369
0.2145,0.2312
0.2566,0.2446
0.2554,0.2656
0.2145,0.2312
0.2705,0.2651
0.2913,0.2812
0.3018,0.295
0.265,0.272
0.2668,0.2744
0.2751,0.2793
0.3042,0.3157
0.2559,0.2382
0.2355,0.246
0.2483,0.2437
0.2847,0.2834
0.2769,0.2766
0.245,0.2325
0.276,0.2573
0.2343,0.2405
0.274,0.2803
0.2476,0.2502
0.251,0.2512
0.2705,0.2666
0.2559,0.265
0.2291,0.2316
0.265,0.2632
0.2664,0.268
0.2485,0.2603
0.277,0.2734
0.261,0.2546
0.2329,0.2335
0.261,0.276
0.2625,0.2515
0.2347,0.2443
0.2578,0.2642
0.2659,0.2634
0.2474,0.2446
0.2314,0.2283
0.2283,0.2274
0.2262,0.2244
0.2269,0.2257
0.3325,0.323
0.3223,0.3105
0.312,0.3208
0.217,0.2205
0.2192,0.2155
0.2227,0.2404
0.235,0.2223
0.2637,0.266
0.2715,0.2708
0.2612,0.26
0.1993,0.2094
0.2319,0.2131
0.2593,0.2432
0.2058,0.2018
0.2167,0.2264
0.293,0.2996
0.2961,0.2922
0.2607,0.2576
0.2754,0.2815
0.2101,0.1986
0.2625,0.2583
0.2793,0.278
0.2532,0.2654
0.2047,0.2141
0.227,0.2284
0.2457,0.2426
0.2605,0.2795
0.2766,0.263
0.1844,0.1812
0.3223,0.3123
0.321,0.3125
0.3232,0.3225
0.3298,0.323
0.272,0.2637
0.262,0.2698
0.2617,0.2556
0.2494,0.2512
0.2676,0.2773
0.2676,0.2693
0.2688,0.269
0.2593,0.275
0.2175,0.2141
0.2416,0.2517
0.2422,0.2385
0.2286,0.2297
0.2316,0.2306
0.221,0.2239
0.1957,0.2054
0.2238,0.2272
0.2152,0.2142
0.2131,0.2139
0.2161,0.2129
0.2058,0.2063
0.2068,0.2096
0.2194,0.2094
0.257,0.2612
0.2693,0.2651
0.2935,0.294
0.318,0.3113
0.2335,0.2502
0.3018,0.309
0.3096,0.307
0.307,0.3096
0.2252,0.2377
0.2532,0.2502
0.2483,0.2537
0.2603,0.2496
0.2377,0.2252
0.2462,0.2407
0.2607,0.2695
0.2502,0.2449
0.2612,0.2617
0.2615,0.263
0.258,0.2656
0.2573,0.2659
0.258,0.2656
0.2612,0.2617
0.237,0.2345
0.2069,0.23
0.2349,0.2412
0.2786,0.2805
0.276,0.2869
0.2913,0.293
0.238,0.2358
0.2864,0.2969
0.238,0.2358
0.3164,0.3088
0.308,0.3096
0.2825,0.273
0.25,0.2532
0.2559,0.2495
0.2456,0.2563
0.2925,0.2957
0.2499,0.2603
0.2744,0.278
0.312,0.3206
0.3032,0.2996
0.2312,0.229
0.278,0.2776
0.2942,0.2993
0.1691,0.1721
0.1746,0.1753
0.254,0.2664
0.1493,0.1609
0.1963,0.1954
0.267,0.255
0.2605,0.251
0.1753,0.1687
0.1653,0.1644
0.1637,0.1669
0.196,0.2008
0.1969,0.2048
0.1696,0.1759
0.2534,0.259
0.2012,0.1959
0.2605,0.2312
0.2563,0.2266
0.2563,0.2266
0.2954,0.2686
0.2903,0.2878
0.256,0.2285
0.2996,0.2957
0.2416,0.269
0.2355,0.2659
0.2773,0.304
0.2336,0.2676
0.2336,0.2676
0.2391,0.2725
0.2683,0.2627
0.236,0.2338
0.2837,0.2827
0.2637,0.2532
0.248,0.257
0.2512,0.2634
0.2727,0.2783
0.251,0.2566
0.2507,0.2494
0.2598,0.2478
0.277,0.2686
0.2546,0.2542
0.1829,0.1635
0.1617,0.179
0.1979,0.2012
0.2588,0.2563
0.2207,0.2267
0.2157,0.2128
0.2595,0.2595
0.2003,0.2014
0.2087,0.2169
0.2039,0.2025
0.1967,0.2026
0.2625,0.2715
0.2827,0.2744
0.2435,0.2473
0.2423,0.2421
0.3127,0.3252
0.279,0.2817
0.2664,0.268
0.282,0.2798
0.2725,0.2695
0.33,0.3147
0.2793,0.2773
0.2766,0.2815
0.2532,0.26
0.207,0.2004
0.264,0.2627
0.28,0.2756
0.207,0.2134
0.2676,0.2458
0.2266,0.2235
0.2373,0.2329
0.2317,0.2345
0.2413,0.2345
0.2612,0.261
0.3254,0.3176
0.3047,0.2988
0.27,0.2751
0.3013,0.3096
0.2722,0.2776
0.3215,0.3274
0.221,0.2151
0.2228,0.2255
0.272,0.2559
0.2856,0.2976
0.2856,0.2976
0.2993,0.2917
0.248,0.2408
0.2416,0.2467
0.2524,0.2664
0.2664,0.2683
0.2268,0.2322
0.1891,0.1979
0.2227,0.225
0.2157,0.2201
0.2422,0.2397
0.1981,0.1984
0.2307,0.23
0.2246,0.2301
0.2269,0.2333
0.2279,0.2485
0.2166,0.2087
0.2532,0.255
0.2208,0.2114
0.286,0.2805
0.2482,0.245
0.204,0.2069
0.213,0.2037
0.2057,0.213
0.2074,0.2152
0.2576,0.2632
0.2632,0.2688
0.2788,0.2747
0.2773,0.2805
0.2583,0.2573
0.2644,0.2637
0.2461,0.2534
0.231,0.2257
0.2544,0.2499
0.2303,0.2412
0.2476,0.2473
0.2407,0.2346
0.2281,0.235
0.2673,0.2678
0.313,0.312
0.31,0.3135
0.32,0.3179
0.2168,0.2208
0.2114,0.2108
0.2717,0.2651
0.2595,0.2537
0.262,0.265
0.2515,0.2551
0.2057,0.2029
0.288,0.287
0.2832,0.2742
0.2416,0.228
0.2311,0.2451
0.25,0.2466
0.2013,0.2133
0.2278,0.236
0.2482,0.2421
0.2198,0.2131
0.2471,0.2362
0.2546,0.2537
0.2305,0.2334
0.3188,0.2976
0.2537,0.2417
0.2386,0.2281
0.2368,0.2325
0.2378,0.2336
0.2438,0.2534
0.2947,0.294
0.2319,0.2333
0.2264,0.2369
0.2947,0.2966
0.299,0.323
0.2113,0.2155
0.2285,0.228
0.2203,0.2238
0.2034,0.2037
0.2351,0.2438
0.2284,0.2307
0.2404,0.2483
0.251,0.2496
0.2646,0.2632
0.2556,0.26
0.279,0.2708
0.2595,0.2688
0.2079,0.2124
0.2311,0.2303
0.2303,0.2311
0.2255,0.2262
0.1908,0.1973
0.1841,0.1914
0.2098,0.217
0.2424,0.2438
0.2212,0.2168
0.2362,0.235
0.2352,0.2413
0.2491,0.2479
0.296,0.2979
0.297,0.2969
0.2917,0.2761
0.2009,0.2031
0.2883,0.2832
0.2925,0.2815
0.3074,0.306
0.3062,0.309
0.2815,0.2925
0.2961,0.2937
0.2498,0.242
0.2607,0.2499
0.2617,0.2637
0.2751,0.2666
0.2605,0.258
0.2563,0.2637
0.2605,0.2593
0.2656,0.2622
0.2524,0.258
0.2783,0.279
0.2349,0.2377
0.2217,0.218
0.2576,0.261
0.2878,0.2886
0.2578,0.256
0.2659,0.264
0.2808,0.2793
0.2407,0.2407
0.2234,0.229
0.2573,0.276
0.2673,0.265
0.2507,0.2489
0.256,0.254
0.2659,0.268
0.2452,0.2451
0.252,0.2517
0.2307,0.2391
0.267,0.268
0.2695,0.2605
0.2397,0.2498
0.2277,0.2181
0.2551,0.2654
0.2646,0.2434
0.2588,0.2456
0.2554,0.2362
0.2498,0.2397
0.248,0.2546
0.2734,0.2605
0.2456,0.2588
0.2015,0.1997
0.2037,0.2039
0.2119,0.2188
0.2218,0.215
0.2191,0.2145
0.2118,0.221
0.2052,0.2076
0.2261,0.2224
0.2097,0.2051
0.2212,0.2296
0.1836,0.1957
0.208,0.217
0.201,0.2032
0.2695,0.2688
0.262,0.2632
0.2668,0.3
0.291,0.2932
0.3047,0.2837
0.258,0.2625
0.1943,0.1919
0.2351,0.2336
0.2341,0.229
0.2428,0.245
0.2167,0.1973
0.2483,0.26
0.2551,0.2578
0.1887,0.21
0.1748,0.1929
0.2717,0.264
0.2732,0.2878
0.2472,0.2468
0.2778,0.2856
0.2732,0.2676
0.253,0.2544
0.2144,0.2
0.2686,0.2593
0.2605,0.2502
0.2363,0.2343
0.2742,0.258
0.2405,0.2333
0.266,0.2769
0.275,0.2747
0.2568,0.26
0.2642,0.2595
0.2866,0.2896
0.309,0.309
0.2515,0.247
0.307,0.3206
0.2998,0.3057
0.3025,0.315
0.1742,0.2163
0.2524,0.25
0.2917,0.2886
0.3022,0.3054
0.3035,0.3015
0.2568,0.2659
0.2006,0.2223
0.2313,0.21
0.233,0.2487
0.2502,0.2406
0.2225,0.2317
0.262,0.2474
0.219,0.2211
0.2322,0.2358
0.246,0.256
0.214,0.213
0.2438,0.2341
0.2715,0.2427
0.2412,0.264
0.2812,0.2808
0.2856,0.277
0.2428,0.2357
0.2952,0.2866
0.2224,0.2063
0.296,0.2954
0.2568,0.2457
0.2467,0.2515
0.2878,0.2915
0.2603,0.265
0.3083,0.303
0.3064,0.3096
0.2617,0.2578
0.2754,0.2673
0.2607,0.2725
0.2812,0.2668
0.2444,0.257
0.2651,0.2793
0.2622,0.2542
0.2268,0.2273
0.2444,0.2301
0.23,0.2288
0.2375,0.229
0.2402,0.2202
0.2236,0.2449
0.2284,0.2372
0.2247,0.231
0.211,0.2155
0.215,0.22
0.312,0.295
0.3135,0.2905
0.3047,0.2874
0.3203,0.2966
0.228,0.2295
0.2615,0.2644
0.262,0.275
0.2688,0.273
0.3235,0.3118
0.2986,0.3142
0.2961,0.3113
0.2085,0.2085
0.2227,0.2234
0.2157,0.2218
0.2542,0.2456
0.2917,0.2703
0.2703,0.2917
0.2059,0.2375
0.2178,0.228
0.2852,0.2764
0.2915,0.2854
0.2942,0.2966
0.2854,0.2915
0.201,0.2317
0.2822,0.2852
0.2218,0.2173
0.2693,0.2708
0.3086,0.3147
0.3118,0.3132
0.3003,0.3003
0.2832,0.261
0.3152,0.3105
0.2744,0.2715
0.2993,0.2988
0.3135,0.3142
0.2832,0.2764
0.279,0.2756
0.276,0.281
0.216,0.2212
0.263,0.2617
0.2527,0.254
0.2732,0.2683
0.263,0.264
0.2534,0.2499
0.256,0.256
0.2727,0.272
0.278,0.2705
0.2727,0.2715
0.2556,0.2573
0.294,0.2856
0.2798,0.2705
0.2668,0.272
0.2676,0.2744
0.2252,0.2341
0.2573,0.2664
0.2676,0.2727
0.2837,0.2947
0.2773,0.2964
0.2856,0.2957
0.2583,0.2603
0.282,0.2764
0.2803,0.2834
0.2898,0.2922
0.2905,0.2856
0.2617,0.2637
0.2218,0.227
0.261,0.2693
0.2374,0.2296
0.265,0.262
0.2803,0.2861
0.2842,0.2856
0.2397,0.2404
0.2507,0.2487
0.2361,0.2312
0.2688,0.264
0.2454,0.256
0.2354,0.2472
0.2988,0.2898
0.274,0.271
0.2805,0.2786
0.2313,0.246
0.2344,0.2445
0.2908,0.287
0.264,0.269
0.3179,0.3127
0.2866,0.296
0.3088,0.311
0.2439,0.236
0.2507,0.265
0.2314,0.245
0.2166,0.2218
0.2319,0.2233
0.3018,0.2737
0.2842,0.271
0.2822,0.2878
0.2837,0.2844
0.2827,0.2834
0.2844,0.291
0.3066,0.311
0.2627,0.262
0.3188,0.3088
0.2566,0.2627
0.2406,0.238
0.2542,0.2551
0.2605,0.2559
0.2306,0.2433
0.2404,0.2445
0.2505,0.2566
0.2354,0.2329
0.2957,0.295
0.2993,0.296
0.2947,0.2932
0.2925,0.3018
0.3003,0.287
0.3005,0.2869
0.298,0.286
0.2434,0.249
0.2483,0.2578
0.2472,0.242
0.2568,0.2502
0.2253,0.2264
0.2186,0.2092
0.262,0.2676
0.2793,0.2625
0.259,0.2693
0.254,0.256
0.27,0.271
0.2544,0.2496
0.2769,0.2742
0.2386,0.2344
0.23,0.2354
0.3184,0.3157
0.207,0.2013
0.206,0.2041
0.1964,0.1918
0.2101,0.201
0.201,0.2101
0.1982,0.2024
0.1924,0.1875
0.2598,0.2698
0.258,0.257
0.2888,0.2886
0.2255,0.2312
0.241,0.2407
0.2332,0.2445
0.2534,0.2512
0.2727,0.2637
0.2151,0.225
0.2527,0.2527
0.2725,0.2778
0.2517,0.257
0.2238,0.2233
0.2676,0.274
0.2817,0.2952
0.2842,0.2715
0.296,0.2788
0.1947,0.1943
0.2139,0.2137
0.276,0.2773
0.2424,0.252
0.2507,0.2344
0.216,0.2003
0.2139,0.2216
0.2336,0.2355
0.2284,0.2311
0.2357,0.2296
0.2393,0.238
0.2825,0.294
0.2502,0.2559
0.2397,0.2482
0.2544,0.2471
0.2866,0.279
0.2566,0.2422
0.2041,0.2041
0.2664,0.266
0.2466,0.2512
0.2238,0.2202
0.2568,0.2556
0.2158,0.2124
0.2411,0.2369
0.2268,0.2314
0.2031,0.2125
0.2368,0.2375
0.257,0.2605
0.2397,0.226
0.2642,0.2463
0.2644,0.2314
0.2421,0.2642
0.239,0.24
0.2512,0.2654
0.284,0.292
0.2952,0.2925
0.2161,0.2333
0.2423,0.2252
0.2795,0.2837
0.281,0.2856
0.2876,0.2922
0.288,0.289
0.2925,0.2961
0.2847,0.2898
0.2837,0.2932
0.2834,0.2886
0.2502,0.2443
0.2404,0.2338
0.288,0.2944
0.281,0.2854
0.2487,0.2494
0.239,0.2404
0.2815,0.286
0.2944,0.277
0.297,0.2812
0.28,0.2974
0.277,0.2935
0.2905,0.2896
0.2673,0.2668
0.2444,0.235
0.304,0.301
0.255,0.2542
0.3025,0.3027
0.267,0.269
0.239,0.2524
0.2805,0.2712
0.2905,0.2915
0.2634,0.2612
0.2888,0.2646
0.254,0.2727
0.2559,0.2487
0.2761,0.2908
0.2487,0.2532
0.2764,0.2932
0.3032,0.2837
0.2432,0.2407
0.2583,0.255
0.262,0.2421
0.2537,0.2496
0.2515,0.2563
0.2507,0.2686
0.266,0.2659
0.2424,0.2423
0.285,0.2893
0.3018,0.2976
0.3062,0.3064
0.2944,0.2944
0.2612,0.2634
0.2324,0.239
0.2927,0.298
0.3054,0.3044
0.247,0.2362
0.1989,0.2487
0.2576,0.2769
0.2505,0.2495
0.2,0.2156
0.1892,0.1819
0.1948,0.1957
0.2292,0.2402
0.2294,0.226
0.2223,0.2229
0.178,0.1825
0.2043,0.2126
0.1823,0.185
0.2155,0.2139
0.2292,0.2186
0.2317,0.2281
0.2178,0.2083
0.2827,0.2817
0.2786,0.2764
0.2294,0.2297
0.3198,0.3162
0.3242,0.3147
0.2266,0.2068
0.2086,0.241
0.278,0.2834
0.2886,0.2844
0.2847,0.2776
0.2861,0.2896
0.2776,0.2847
0.2408,0.2391
0.2356,0.2462
0.2289,0.2491
0.1716,0.1819
0.2576,0.2488
0.1797,0.1732
0.2413,0.2346
0.233,0.2341
0.199,0.2078
0.3203,0.3176
0.3088,0.311
0.32,0.3271
0.3093,0.3127
0.3125,0.3096
0.2957,0.305
0.3076,0.3074
0.2317,0.2644
0.2712,0.281
0.2438,0.2428
0.2428,0.2415
0.2874,0.2747
0.2439,0.2449
0.2334,0.2411
0.26,0.2454
0.1764,0.1844
0.2289,0.2363
0.2343,0.2316
0.2307,0.2168
0.2433,0.2443
0.2203,0.2241
0.223,0.2384
0.2537,0.253
0.253,0.2537
0.251,0.2559
0.2478,0.2317
0.2407,0.2345
0.2354,0.2284
0.2106,0.215
0.2214,0.2213
0.2273,0.2319
0.2146,0.2157
0.2352,0.2352
0.2313,0.2322
0.2318,0.2294
0.2283,0.2334
0.2109,0.206
0.269,0.275
0.2668,0.2727
0.28,0.2742
0.2776,0.2717
0.257,0.2634
0.265,0.2534
0.283,0.2554
0.2524,0.2244
0.2544,0.2494
0.2673,0.2484
0.2593,0.261
0.2593,0.2708
0.261,0.2593
0.251,0.2456
0.2351,0.2356
0.2335,0.2451
0.2286,0.2384
0.2358,0.2277
0.2332,0.2336
0.2496,0.2515
0.2942,0.295
0.279,0.2979
0.254,0.2795
0.273,0.2593
0.2588,0.2651
0.2347,0.2383
0.3022,0.2957
0.1981,0.2056
0.2054,0.2001
0.2283,0.2295
0.302,0.3076
0.237,0.2388
0.2328,0.2268
0.3096,0.3171
0.2915,0.2874
0.2622,0.2605
0.265,0.2666
0.2373,0.24
0.3132,0.2986
0.2322,0.2335
0.2568,0.2417
0.2267,0.2207
0.2693,0.2756
0.2952,0.3042
0.2986,0.297
0.3032,0.2979
0.2974,0.3015
0.2678,0.278
0.2798,0.267
0.2686,0.2634
0.2712,0.268
0.2534,0.256
0.252,0.2479
0.2432,0.2443
0.3062,0.3093
0.296,0.3088
0.3135,0.3125
0.3105,0.318
0.2793,0.268
0.258,0.2673
0.2367,0.2365
0.2434,0.2423
0.1753,0.1742
0.2489,0.2476
0.2986,0.314
0.2913,0.297
0.2742,0.2856
0.2913,0.297
0.2495,0.2474
0.259,0.2542
0.273,0.258
0.2252,0.2023
0.2487,0.246
0.2496,0.2607
0.1886,0.2007
0.267,0.2727
0.256,0.2588
0.2046,0.228
0.2656,0.2656
0.2612,0.2585
0.2578,0.253
0.2556,0.2593
0.2472,0.253
0.2524,0.2483
0.2144,0.2246
0.2246,0.2174
0.2229,0.2437
0.2452,0.2345
0.282,0.2712
0.273,0.2798
0.234,0.2473
0.2715,0.2725
0.2632,0.2634
0.2695,0.2598
0.2512,0.26
0.2357,0.2474
0.2969,0.292
0.2969,0.2993
0.2383,0.226
0.3254,0.315
0.3105,0.315
0.2676,0.2754
0.2139,0.2153
0.2517,0.2421
0.2477,0.2406
0.2654,0.254
0.2515,0.2607
0.2076,0.2272
0.2267,0.2239
0.295,0.2898
0.3052,0.3003
0.29,0.302
0.309,0.311
0.2693,0.2708
0.2905,0.2783
0.2605,0.2815
0.2817,0.255
0.2803,0.258
0.3037,0.3054
0.3076,0.3071
0.3103,0.3118
0.319,0.321
0.3086,0.3066
0.3079,0.3047
0.2357,0.2408
0.25,0.2483
0.2316,0.2402
0.3066,0.3086
0.2408,0.2357
0.208,0.2534
0.2317,0.2053
0.2231,0.2168
0.2465,0.2426
0.2273,0.2317
0.2338,0.2313
0.2551,0.2605
0.2437,0.243
0.2324,0.2217
0.2312,0.227
0.2375,0.241
0.2837,0.2993
0.2366,0.2439
0.2465,0.2793
0.2333,0.229
0.2291,0.2241
0.2258,0.2263
0.2383,0.238
0.2128,0.2194
0.2327,0.231
0.2241,0.222
0.2239,0.2191
0.2463,0.2444
0.1991,0.2001
0.2223,0.2365
0.209,0.186
0.1888,0.208
0.1813,0.1941
0.1871,0.211
0.1989,0.1792
0.2118,0.214
0.1965,0.1814
0.272,0.2593
0.2563,0.2656
0.3188,0.308
0.3071,0.3127
0.2189,0.2217
0.2556,0.2544
0.2556,0.2483
0.2864,0.2952
0.2844,0.2886
0.2607,0.2537
0.2047,0.2059
0.2417,0.2233
0.2607,0.2605
0.2169,0.2343
0.2343,0.2169
0.2144,0.2202
0.2196,0.2189
0.2362,0.2305
0.301,0.3044
0.2524,0.256
0.2903,0.298
0.2502,0.2435
0.2358,0.2407
0.2178,0.2148
0.2147,0.195
0.2212,0.2186
0.2358,0.2347
0.2385,0.2498
0.22,0.2235
0.2377,0.2388
0.2341,0.2252
0.2307,0.2264
0.256,0.2423
0.2644,0.2747
0.2632,0.2773
0.2247,0.2452
0.2563,0.2542
0.2524,0.2588
0.2258,0.228
0.2258,0.2295
0.2607,0.2434
0.2378,0.2306
0.2231,0.2344
0.2327,0.2554
0.2834,0.273
0.2668,0.285
0.2152,0.2177
0.2394,0.2444
0.2588,0.243
0.2449,0.2482
0.2255,0.2257
0.253,0.2551
0.2268,0.2253
0.2026,0.1943
0.198,0.2035
0.1898,0.1989
0.2443,0.2517
0.2869,0.2812
0.2998,0.2844
0.2578,0.2588
0.273,0.2668
0.2756,0.2808
0.2935,0.304
0.2517,0.251
0.2319,0.253
0.252,0.2576
0.2627,0.2676
0.2235,0.2253
0.2676,0.2627
0.2927,0.2964
0.271,0.276
0.2876,0.2708
0.294,0.291
0.2328,0.2292
0.2103,0.2101
0.2252,0.2288
0.218,0.2195
0.2274,0.2169
0.2898,0.3027
0.2932,0.2961
0.2996,0.3096
0.2874,0.2898
0.3074,0.304
0.304,0.286
0.2961,0.2932
0.24,0.2324
0.2388,0.2406
0.267,0.2744
0.2362,0.2386
0.2461,0.2478
0.233,0.2203
0.2319,0.232
0.2117,0.2101
0.2128,0.2245
0.2455,0.2435
0.2646,0.2598
0.2695,0.2705
0.2305,0.2268
0.26,0.263
0.2437,0.2615
0.2451,0.255
0.2646,0.243
0.2563,0.2253
0.2396,0.2656
0.2169,0.2456
0.2888,0.2864
0.3,0.3022
0.2847,0.2827
0.3015,0.3079
0.299,0.2883
0.2998,0.3008
0.3127,0.3118
0.3042,0.312
0.314,0.3225
0.3057,0.304
0.3093,0.3105
0.2952,0.3032
0.3042,0.3027
0.2834,0.2903
0.2299,0.2396
0.2388,0.253
0.2524,0.2573
0.2573,0.2524
0.2496,0.2515
0.2482,0.2515
0.2097,0.1908
0.224,0.2289
0.2793,0.2744
0.2961,0.2986
0.2234,0.219
0.2708,0.275
0.2922,0.2947
0.2327,0.2356
0.2155,0.2094
0.23,0.232
0.2338,0.2395
0.2062,0.2192
0.2338,0.2373
0.3096,0.3064
0.3171,0.3237
0.244,0.2744
0.2432,0.2542
0.2482,0.2411
0.2346,0.2323
0.2235,0.2162
0.2793,0.264
0.2413,0.2467
0.2644,0.2615
0.2805,0.2617
0.2668,0.2666
0.2546,0.2502
0.2212,0.2166
0.2267,0.2279
0.2249,0.2338
0.2632,0.2627
0.212,0.2166
0.2268,0.2247
0.2578,0.2554
0.2566,0.2588
0.2922,0.3086
0.2169,0.2172
0.2261,0.2272
0.266,0.2732
0.2751,0.2725
0.2351,0.2289
0.2246,0.2277
0.2551,0.253
0.2476,0.2466
0.2585,0.2634
0.2537,0.245
0.2255,0.2283
0.2722,0.2637
0.2499,0.2456
0.2131,0.2124
0.2124,0.2131
0.3267,0.3257
0.284,0.2644
0.2437,0.2605
0.3142,0.3132
0.2913,0.2886
0.2264,0.2299
0.2267,0.2195
0.204,0.206
0.2054,0.2078
0.2622,0.2585
0.261,0.2642
0.2479,0.2517
0.2544,0.244
0.27,0.2854
0.23,0.2177
0.287,0.2864
0.2834,0.2693
0.2255,0.2379
0.2893,0.289
0.2183,0.2096
0.2456,0.2415
0.219,0.2081
0.2299,0.227
0.2382,0.24
0.2062,0.202
0.211,0.2166
0.1876,0.1982
0.2026,0.2147
0.2297,0.23
0.2074,0.2045
0.2067,0.1946
0.3154,0.321
0.2761,0.2761
0.2566,0.2477
0.2627,0.2563
0.2245,0.2195
0.2505,0.2568
0.275,0.2751
0.2212,0.229
0.283,0.2964
0.2441,0.2484
0.228,0.2306
0.2296,0.23
0.257,0.2522
0.2346,0.2388
0.2507,0.2522
0.213,0.2216
0.2542,0.2637
0.2355,0.2306
0.2512,0.2458
0.2484,0.2573
0.215,0.2144
0.213,0.2167
0.2115,0.2114
0.2715,0.2776
0.2656,0.2815
0.2856,0.2607
0.2556,0.2563
0.3074,0.2993
0.298,0.303
0.2242,0.2255
0.2568,0.2595
0.2346,0.2433
0.2305,0.2229
0.2832,0.275
0.2915,0.283
0.2808,0.289
0.2822,0.2764
0.2776,0.285
0.2686,0.2722
0.2524,0.2484
0.2756,0.272
0.2544,0.2472
0.2622,0.2673
0.2722,0.2722
0.2263,0.2166
0.29,0.2944
0.2664,0.28
0.2952,0.302
0.2678,0.2803
0.2708,0.2686
0.226,0.2196
0.2603,0.2712
0.2942,0.294
0.2773,0.2917
0.3005,0.2986
0.2825,0.2778
0.285,0.279
0.2966,0.2769
0.2212,0.2272
0.2769,0.282
0.2554,0.2546
0.265,0.255
0.2416,0.2291
0.248,0.233
0.255,0.2725
0.2279,0.245
0.2275,0.2297
0.2698,0.2834
0.2708,0.2734
0.2769,0.2622
0.2751,0.2776
0.2664,0.2617
0.2372,0.2343
0.2693,0.2722
0.2866,0.2961
0.2461,0.2454
0.1484,0.2142
0.2028,0.2041
0.201,0.196
0.1736,0.2083
0.2542,0.2249
0.1896,0.2189
0.256,0.2654
0.2622,0.2585
0.3037,0.3093
0.2808,0.2903
0.2512,0.2478
0.2522,0.2471
0.255,0.2864
0.2651,0.2625
0.275,0.2725
0.2512,0.2607
0.254,0.2598
0.2705,0.276
0.2363,0.2556
0.2808,0.2522
0.268,0.255
0.2537,0.235
0.26,0.2485
0.287,0.288
0.2766,0.2742
0.2698,0.27
0.3108,0.3135
0.265,0.26
0.255,0.2734
0.3105,0.3083
0.2913,0.2886
0.2722,0.2698
0.2627,0.2632
0.2686,0.2678
0.218,0.2295
0.265,0.2656
0.2595,0.2632
0.2524,0.2445
0.2341,0.2333
0.2524,0.241
0.2213,0.2119
0.2319,0.2207
0.2429,0.231
0.2615,0.2595
0.2588,0.2554
0.2289,0.2402
0.2559,0.2522
0.2666,0.2615
0.2537,0.2583
0.2393,0.2418
0.2532,0.2522
0.2612,0.2673
0.2394,0.2391
0.242,0.2382
0.2478,0.2505
0.2343,0.2345
0.2074,0.2113
0.2593,0.2583
0.23,0.2314
0.268,0.2715
0.2542,0.2646
0.2181,0.2257
0.2288,0.2246
0.303,0.2888
0.2166,0.2179
0.2808,0.2903
0.269,0.2678
0.206,0.2058
0.2057,0.2004
0.1982,0.1971
0.2039,0.2001
0.2056,0.2032
0.2015,0.2063
0.2102,0.2091
0.2012,0.2003
0.1974,0.2024
0.2092,0.2125
0.2028,0.2017
0.2052,0.2039
0.351,0.3384
0.3174,0.307
0.3096,0.3125
0.3176,0.2983
0.2357,0.2274
0.2279,0.2333
0.307,0.3005
0.3464,0.357
0.2761,0.2686
0.281,0.266
0.3245,0.3103
0.3096,0.2627
0.2593,0.299
0.3027,0.314
0.2698,0.2686
0.2651,0.2734
0.2773,0.2776
0.2444,0.2479
0.2722,0.281
0.283,0.275
0.2146,0.215
0.2094,0.2051
0.2556,0.2534
0.296,0.289
0.2864,0.2803
0.2559,0.2588
0.259,0.2578
0.2426,0.2423
0.2515,0.2507
0.2905,0.2817
0.2866,0.2861
0.2893,0.2935
0.2404,0.238
0.253,0.2537
0.2137,0.211
0.2493,0.256
0.2908,0.289
0.2969,0.2915
0.2493,0.2478
0.2375,0.233
0.2834,0.2769
0.2927,0.2954
0.2732,0.2825
0.2455,0.2515
0.2338,0.2327
0.2979,0.2974
0.2925,0.2942
0.248,0.2498
0.2693,0.2727
0.276,0.2788
0.2742,0.2708
0.2761,0.27
0.2715,0.2656
0.2537,0.246
0.2698,0.2766
0.2367,0.2466
0.2979,0.2952
0.2954,0.2966
0.2966,0.2954
0.2537,0.2678
0.2473,0.2559
0.258,0.2659
0.2496,0.2583
0.2612,0.2683
0.257,0.2532
0.3108,0.3064
0.3022,0.3071
0.2101,0.214
0.2566,0.246
0.2449,0.2382
0.2389,0.236
0.2408,0.2473
0.2502,0.2522
0.2405,0.2382
0.222,0.2118
0.2032,0.2119
0.2118,0.2255
0.2351,0.2152
0.27,0.2515
0.2893,0.2744
0.271,0.2937
0.2588,0.2698
0.2683,0.2673
0.275,0.2742
0.261,0.2654
0.2456,0.2435
0.2346,0.2262
0.2712,0.2695
0.2869,0.2834
0.2126,0.216
0.296,0.2917
0.281,0.2986
0.2705,0.2856
0.278,0.2793
0.2686,0.2722
0.2137,0.2201
0.26,0.2634
0.261,0.2556
0.2107,0.212
0.1898,0.1855
0.1932,0.1921
0.1936,0.198
0.2515,0.2422
0.2476,0.263
0.2212,0.2181
0.2164,0.2201
0.2856,0.2905
0.2927,0.2837
0.2435,0.2659
0.2668,0.2406
0.2483,0.2319
0.2559,0.2588
0.2323,0.2322
0.25,0.2451
0.2607,0.2578
0.2305,0.2311
0.2482,0.2563
0.2352,0.2318
0.2756,0.2751
0.2786,0.2922
0.2751,0.2756
0.3118,0.3103
0.2832,0.281
0.2944,0.294
0.3123,0.3108
0.3152,0.3132
0.2993,0.3096
0.2986,0.3079
0.315,0.313
0.3074,0.3015
0.3098,0.3025
0.2898,0.2905
0.2854,0.2754
0.2773,0.2903
0.2856,0.2822
0.2756,0.2822
0.28,0.2778
0.2886,0.292
0.2668,0.2445
0.2632,0.2576
0.2517,0.2742
0.256,0.2556
0.2568,0.2578
0.2578,0.2439
0.2422,0.2598
0.2954,0.286
0.2825,0.2888
0.2192,0.2294
0.2474,0.2396
0.2351,0.2289
0.2393,0.2194
0.2441,0.2495
0.2563,0.2646
0.2457,0.2466
0.2498,0.2546
0.2744,0.2615
0.2244,0.2189
0.27,0.2651
0.2805,0.2583
0.2296,0.2325
0.2505,0.2588
0.2576,0.2622
0.2622,0.2576
0.265,0.2544
0.2625,0.2566
0.2029,0.2085
0.2085,0.2029
0.2411,0.2439
0.2489,0.2534
0.242,0.2351
0.2556,0.2551
0.2693,0.2532
0.2189,0.2253
0.225,0.2261
0.2397,0.2311
0.2269,0.2186
0.2117,0.2231
0.2405,0.2444
0.2478,0.259
0.2595,0.2502
0.2383,0.2261
0.2261,0.2383
0.2373,0.2391
0.2146,0.2109
0.2279,0.2203
0.213,0.2239
0.2263,0.2279
0.2433,0.256
0.25,0.2455
0.2201,0.2095
0.2471,0.2434
0.2311,0.2218
0.2253,0.2358
0.2012,0.204
0.204,0.2012
0.2151,0.2278
0.1958,0.1915
0.291,0.275
0.2507,0.2367
0.2344,0.2373
0.243,0.254
0.2406,0.2269
0.3257,0.3108
0.3037,0.2874
0.3135,0.3325
0.281,0.3074
0.2834,0.2803
0.2856,0.2966
0.2012,0.2063
0.2224,0.2168
0.214,0.215
0.2074,0.2079
0.1982,0.1962
0.342,0.3323
0.3052,0.304
0.2827,0.2854
0.2388,0.2678
0.2703,0.2428
0.2062,0.2015
0.1937,0.1935
0.2866,0.2812
0.274,0.2686
0.2091,0.2125
0.23,0.2219
0.2693,0.2786
0.2732,0.274
0.283,0.286
0.1873,0.1901
0.1986,0.1991
0.1859,0.1921
0.2754,0.279
0.1921,0.1926
0.2239,0.2328
0.2751,0.2837
0.2183,0.2266
0.1853,0.1852
0.2367,0.2129
0.228,0.2281
0.2059,0.2103
0.1987,0.1995
0.2249,0.239
0.2313,0.2244
0.2263,0.215
0.2301,0.2318
0.2151,0.2246
0.2764,0.2678
0.2507,0.2493
0.2457,0.252
0.2754,0.2925
0.325,0.3252
0.3186,0.3079
0.3196,0.31
0.3035,0.3196
0.2172,0.2178
0.3054,0.3198
0.3162,0.3245
0.2208,0.2195
0.2247,0.2274
0.2314,0.2299
0.2874,0.285
0.2634,0.269
0.2732,0.2615
0.2507,0.25
0.2499,0.2507
0.2588,0.2683
0.2588,0.251
0.2654,0.256
0.2463,0.2588
0.2708,0.283
0.2888,0.294
0.288,0.2834
0.2744,0.2795
0.1987,0.1954
0.2131,0.2189
0.2013,0.1948
0.2046,0.2021
0.2189,0.21
0.2355,0.2476
0.237,0.2347
0.2056,0.2098
0.2098,0.2228
0.2076,0.2122
0.2812,0.2441
0.2041,0.2065
0.2443,0.2847
0.2014,0.2078
0.2537,0.2612
0.2605,0.2666
0.2761,0.2751
0.2751,0.2761
0.2405,0.2306
0.2306,0.2405
0.2612,0.2537
0.262,0.256
0.229,0.2325
0.2522,0.256
0.2651,0.261
0.2559,0.261
0.291,0.2893
0.292,0.2893
0.2102,0.1813
0.2125,0.1825
0.2097,0.1942
0.1976,0.1771
0.2367,0.2449
0.2345,0.2327
0.1924,0.2078
0.2462,0.2379
0.1968,0.2087
0.2384,0.2312
0.1794,0.1954
0.233,0.2405
0.1852,0.2019
0.2588,0.2622
0.2747,0.271
0.2737,0.2712
0.253,0.2534
0.2522,0.2532
0.2627,0.2725
0.272,0.2798
0.265,0.278
0.2617,0.263
0.263,0.2534
0.2742,0.2751
0.3193,0.3179
0.2952,0.3027
0.3225,0.3225
0.28,0.273
0.2778,0.2854
0.2118,0.1971
0.2157,0.2169
0.215,0.2223
0.2034,0.2101
0.2717,0.2656
0.258,0.2632
0.2374,0.2462
0.2659,0.2678
0.2822,0.2764
0.268,0.2734
0.271,0.277
0.259,0.2676
0.2805,0.2754
0.2886,0.2844
0.281,0.288
0.2595,0.252
0.2499,0.2646
0.2339,0.2118
0.2585,0.2474
0.2096,0.2285
0.2693,0.2764
0.3,0.2988
0.2698,0.2612
0.2756,0.2769
0.2698,0.2612
0.2942,0.289
0.195,0.2063
0.1967,0.1942
0.19,0.2051
0.2042,0.1925
0.2035,0.1953
0.2026,0.2146
0.2153,0.2173
0.2065,0.2013
0.2773,0.2932
0.2844,0.2986
0.289,0.2776
0.3013,0.2947
0.284,0.2944
0.3057,0.3145
0.2976,0.2883
0.3025,0.2957
0.2593,0.2588
0.2478,0.2195
0.2313,0.2366
0.2152,0.2429
0.268,0.2817
0.2866,0.2764
0.275,0.2603
0.242,0.2394
0.2751,0.282
0.2837,0.279
0.27,0.257
0.2756,0.2656
0.2598,0.2622
0.2343,0.2272
0.2664,0.2837
0.2659,0.2656
0.2634,0.2695
0.2844,0.2769
0.2479,0.2498
0.2246,0.2241
0.2361,0.2343
0.2235,0.2323
0.2228,0.2229
0.2332,0.2338
0.2512,0.248
0.2207,0.2211
0.2421,0.2324
0.2411,0.2382
0.2524,0.2524
0.241,0.2312
0.1985,0.2065
0.1956,0.2058
0.2091,0.2107
0.2162,0.2267
0.2074,0.2029
0.2678,0.2808
0.288,0.2798
0.262,0.262
0.1768,0.1805
0.1814,0.1836
0.2378,0.2368
0.2069,0.1996
0.1857,0.1853
0.262,0.257
0.15,0.1576
0.1825,0.1903
0.1934,0.2039
0.235,0.2319
0.1876,0.1848
0.1853,0.1871
0.2084,0.1875
0.2527,0.2566
0.2316,0.2264
0.2274,0.2297
0.2058,0.2211
0.2219,0.2104
0.2485,0.2451
0.265,0.256
0.258,0.263
0.2727,0.264
0.2573,0.263
0.2556,0.2598
0.251,0.2405
0.2544,0.245
0.2405,0.251
0.2465,0.2471
0.2405,0.2467
0.2478,0.2515
0.3403,0.3398
0.2644,0.2737
0.3513,0.3467
0.31,0.315
0.322,0.3137
0.2686,0.2576
0.2434,0.2311
0.2231,0.2261
0.2654,0.287
0.2306,0.2286
0.288,0.2861
0.2917,0.2878
0.2177,0.2197
0.2415,0.2357
0.2854,0.3
0.1957,0.1956
0.2666,0.274
0.3218,0.3296
0.2964,0.301
0.315,0.31
0.285,0.2795
0.325,0.3306
0.252,0.237
0.227,0.2354
0.2175,0.2158
0.2878,0.289
0.2957,0.2932
0.2878,0.2727
0.2429,0.2615
0.287,0.303
0.2996,0.2925
0.2622,0.25
0.1945,0.1925
0.2369,0.2432
0.2083,0.2129
0.3306,0.325
0.2986,0.2947
0.3296,0.3218
0.297,0.2832
0.303,0.2815
0.2915,0.2883
0.1581,0.1664
0.1979,0.2379
0.2444,0.25
0.1881,0.1848
0.188,0.1992
0.1792,0.1868
0.202,0.1986
0.2222,0.2162
0.1993,0.1969
0.2195,0.2231
0.2505,0.2534
0.2383,0.2269
0.2454,0.2495
0.2499,0.2472
0.226,0.2233
0.2207,0.225
0.2583,0.2556
0.2303,0.216
0.2856,0.2688
0.2678,0.2869
0.2173,0.2275
0.2837,0.2778
0.2291,0.23
0.2202,0.213
0.2281,0.2343
0.222,0.2223
0.2178,0.2227
0.2227,0.218
0.2117,0.2144
0.2329,0.2178
0.2268,0.2329
0.2194,0.2205
0.2354,0.2386
0.2283,0.231
0.1991,0.1877
0.2722,0.2607
0.1865,0.1942
0.2544,0.2617
0.2544,0.2625
0.2717,0.2607
0.285,0.2822
0.2703,0.2734
0.2925,0.2966
0.2988,0.297
0.288,0.2815
0.2878,0.2893
0.286,0.2966
0.2278,0.2435
0.2578,0.2546
0.2208,0.2169
0.2435,0.2278
0.2169,0.2208
0.2413,0.2443
0.2769,0.274
0.2272,0.23
0.277,0.288
0.2181,0.234
0.2515,0.2598
0.2644,0.2693
0.2495,0.2452
0.2527,0.2426
0.2512,0.243
0.2737,0.2773
0.2544,0.262
0.2688,0.265
0.2292,0.2286
0.263,0.2646
0.2615,0.2627
0.2275,0.2252
0.253,0.2563
0.274,0.271
0.2576,0.2441
0.2091,0.212
0.2046,0.2019
0.2688,0.2668
0.2761,0.277
0.2666,0.268
0.2815,0.2769
0.2922,0.291
0.2642,0.2632
0.2656,0.263
0.2737,0.279
0.3015,0.304
0.2654,0.268
0.2607,0.258
0.291,0.2922
0.2732,0.2722
0.3044,0.307
0.2761,0.28
0.3035,0.3003
0.2764,0.276
0.227,0.2219
0.2299,0.233
0.268,0.2654
0.2812,0.2717
0.28,0.2761
0.2299,0.2273
0.2152,0.2179
0.2725,0.2703
0.2727,0.2773
0.2874,0.287
0.2404,0.243
0.2335,0.235
0.2388,0.2397
0.2595,0.2644
0.2505,0.251
0.2542,0.2566
0.2632,0.255
0.232,0.2291
0.266,0.2668
0.2534,0.254
0.2542,0.2465
0.2651,0.2607
0.2412,0.2491
0.2712,0.2693
0.1926,0.1989
0.2413,0.2551
0.2433,0.2483
0.251,0.2485
0.2046,0.2045
0.2444,0.2404
0.2498,0.2433
0.2566,0.2676
0.2356,0.2445
0.2627,0.254
0.26,0.257
0.2805,0.2764
0.2551,0.2578
0.274,0.2678
0.2769,0.2803
0.251,0.253
0.3062,0.31
0.246,0.2449
0.2318,0.2367
0.2274,0.2296
0.2318,0.2367
0.2318,0.2367
0.2297,0.2368
0.2357,0.2047
0.2318,0.2367
0.1674,0.1549
0.2168,0.2374
0.2175,0.2207
0.2856,0.2844
0.2212,0.2367
0.2166,0.2292
0.2301,0.2223
0.2722,0.2656
0.2355,0.2291
0.2617,0.2778
0.2332,0.2395
0.2148,0.2162
0.2158,0.2333
0.2277,0.229
0.2162,0.2148
0.2318,0.2351
0.2588,0.2568
0.2622,0.262
0.279,0.2678
0.2742,0.2842
0.2056,0.2103
0.2333,0.2291
0.205,0.2007
0.2354,0.2305
0.1702,0.1703
0.2279,0.234
0.2213,0.2247
0.2249,0.2233
0.2239,0.2273
0.2507,0.2559
0.2312,0.2311
0.255,0.252
0.2952,0.3079
0.3032,0.3171
0.242,0.2507
0.2487,0.2495
0.2703,0.2786
0.2761,0.2812
0.2751,0.269
0.2776,0.2722
0.2903,0.298
0.2375,0.283
0.292,0.2927
0.2272,0.2085
0.2148,0.225
0.2659,0.2627
0.292,0.2964
0.3,0.296
0.251,0.2612
0.2595,0.257
0.2612,0.251
0.2712,0.2708
0.2206,0.2136
0.2976,0.3027
0.3076,0.2969
0.3098,0.3132
0.3176,0.3228
0.327,0.3196
0.3262,0.3184
0.3188,0.3145
0.2467,0.2778
0.2793,0.252
0.2778,0.2467
0.2847,0.2563
0.2272,0.2343
0.2642,0.2668
0.2686,0.267
0.2289,0.2267
0.2517,0.2494
0.2651,0.2715
0.2642,0.2605
0.2751,0.2517
0.2441,0.2815
0.2805,0.2805
0.2854,0.285
0.2086,0.2065
0.199,0.199
0.2213,0.2227
0.2805,0.3088
0.2009,0.2057
0.307,0.2803
0.2323,0.2283
0.1865,0.182
0.1887,0.1915
0.2825,0.2812
0.3042,0.2937
0.1973,0.1987
0.2925,0.2751
0.2874,0.2905
0.2722,0.2761
0.2964,0.3003
0.2029,0.2041
0.2654,0.2546
0.2888,0.293
0.2073,0.2576
0.1952,0.2336
0.249,0.2418
0.282,0.281
0.282,0.2856
0.287,0.2913
0.2869,0.277
0.2864,0.2803
0.2734,0.2815
0.2844,0.273
0.2238,0.2119
0.1866,0.1985
0.2479,0.2294
0.2583,0.2566
0.1958,0.1902
0.2109,0.2147
0.2397,0.2515
0.2153,0.2048
0.2144,0.2188
0.2496,0.2527
0.2328,0.214
0.2167,0.2389
0.217,0.2228
0.2288,0.2283
0.2142,0.2161
0.2228,0.2213
0.2375,0.2429
0.2264,0.2301
0.2217,0.2263
0.2413,0.2369
0.2274,0.2173
0.2144,0.2369
0.2467,0.243
0.2357,0.2427
0.2439,0.2507
0.2415,0.2537
0.236,0.234
0.2522,0.2522
0.2507,0.2507
0.248,0.2495
0.2258,0.2297
0.2593,0.2683
0.2404,0.245
0.2537,0.2406
0.2703,0.2556
0.2456,0.245
0.2368,0.2313
0.2432,0.2554
0.2369,0.2417
0.207,0.1979
0.2063,0.202
0.2052,0.2075
0.2362,0.2383
0.2051,0.2113
0.2173,0.2137
0.2255,0.2324
0.2092,0.2108
0.1957,0.2069
0.2183,0.2198
0.218,0.2207
0.2297,0.2242
0.2478,0.2466
0.2817,0.2786
0.2646,0.2722
0.2722,0.2688
0.282,0.2856
0.2617,0.2666
0.2537,0.2374
0.2634,0.2625
0.2313,0.2474
0.2625,0.2695
0.275,0.2656
0.2126,0.2101
0.2192,0.2219
0.2068,0.2096
0.2593,0.2554
0.2085,0.1925
0.1952,0.1864
0.2318,0.2236
0.258,0.2573
0.192,0.206
0.1888,0.2078
0.2119,0.2211
0.2113,0.21
0.2195,0.2145
0.2163,0.211
0.2428,0.2411
0.2437,0.2472
0.1527,0.1414
0.2532,0.2512
0.1406,0.1311
0.273,0.2842
0.246,0.2478
0.1687,0.1592
0.2754,0.2712
0.1406,0.1533
0.1555,0.1713
0.1255,0.1449
0.2795,0.2888
0.2922,0.296
0.2937,0.2815
0.3027,0.3254
0.3193,0.2961
0.2391,0.2407
0.2607,0.2637
0.2284,0.2307
0.2595,0.2551
0.2198,0.2023
0.2429,0.2473
0.2314,0.2311
0.2207,0.232
0.2041,0.2155
0.256,0.2664
0.2313,0.2207
0.2505,0.247
0.2637,0.2603
0.2484,0.2551
0.2517,0.2487
0.2048,0.2141
0.246,0.2479
0.2296,0.2327
0.2455,0.253
0.2487,0.2585
0.2374,0.2379
0.2228,0.2177
0.2646,0.2573
0.3152,0.3164
0.286,0.306
0.3054,0.31
0.3213,0.3162
0.2593,0.2556
0.2603,0.2605
0.308,0.3022
0.266,0.2642
0.2627,0.2664
0.2474,0.2499
0.2466,0.2498
0.2454,0.236
0.2418,0.2332
0.241,0.2401
0.2454,0.236
0.251,0.2441
0.2402,0.2389
0.2456,0.2856
0.2722,0.2676
0.276,0.277
0.2812,0.2734
0.269,0.2717
0.2957,0.3
0.2761,0.275
0.2656,0.2664
0.2688,0.2676
0.2966,0.298
0.2512,0.2471
0.2432,0.2379
0.2805,0.2776
0.2744,0.2727
0.2712,0.2683
0.2479,0.2443
0.2715,0.2659
0.282,0.2812
0.2666,0.2668
0.237,0.2367
0.2722,0.2666
0.3281,0.3196
0.2805,0.2698
0.3462,0.3354
0.3293,0.341
0.3142,0.3281
0.199,0.207
0.2295,0.221
0.2299,0.2211
0.2435,0.2527
0.1997,0.1962
0.2198,0.2152
0.2244,0.2323
0.2261,0.2335
0.2163,0.2264
0.222,0.2439
0.2505,0.242
0.2544,0.2272
0.322,0.3196
0.223,0.227
0.3245,0.327
0.2325,0.22
0.3162,0.323
0.3303,0.3357
0.235,0.255
0.327,0.3245
0.3286,0.3264
0.2546,0.2426
0.2847,0.2817
0.2734,0.2588
0.2954,0.2886
0.291,0.2915
0.2776,0.2827
0.1932,0.1979
0.1895,0.1958
0.198,0.2008
0.1904,0.1807
0.2654,0.256
0.2732,0.2644
0.2703,0.259
0.2703,0.259
0.2654,0.256
0.2732,0.2644
0.2338,0.2373
0.2666,0.2585
0.254,0.266
0.225,0.238
0.2297,0.2301
0.304,0.2896
0.2883,0.3044
0.3232,0.3147
0.2913,0.2878
0.2988,0.298
0.3096,0.3257
0.2695,0.3
0.2213,0.2231
0.2118,0.2189
0.2189,0.2118
0.2325,0.2354
0.2595,0.269
0.2242,0.2396
0.224,0.2168
0.2622,0.273
0.2343,0.2335
0.2664,0.2627
0.2705,0.2598
0.2423,0.2333
0.255,0.2556
0.255,0.2646
0.269,0.259
0.2983,0.2925
0.2886,0.3037
0.277,0.281
0.2202,0.2195
0.2219,0.2196
0.2278,0.2229
0.252,0.2532
0.2703,0.2678
0.2491,0.2542
0.2062,0.2302
0.2148,0.2186
0.1884,0.1895
0.2461,0.2479
0.2246,0.2292
0.2284,0.2362
0.2067,0.2155
0.2291,0.2245
0.271,0.27
0.2327,0.2335
0.2157,0.2188
0.2666,0.2644
0.2151,0.2142
0.2295,0.2316
0.3032,0.2947
0.2964,0.3013
0.2076,0.2181
0.2266,0.2155
0.2094,0.2216
0.2172,0.2092
0.2291,0.2246
0.2544,0.2449
0.2216,0.213
0.2559,0.2725
0.263,0.262
0.2825,0.2996
0.2206,0.2115
0.2659,0.2646
0.253,0.2515
0.2664,0.2507
0.2249,0.2296
0.2986,0.2876
0.2465,0.2488
0.2568,0.251
0.2384,0.2336
0.2473,0.2642
0.2727,0.2788
0.252,0.249
0.274,0.2754
0.2502,0.255
0.2479,0.254
0.2279,0.2188
0.2258,0.2273
0.2479,0.255
0.2494,0.2554
0.223,0.2288
0.2222,0.2195
0.2317,0.2358
0.2365,0.2493
0.285,0.2988
0.2338,0.2422
0.2383,0.2338
0.2462,0.2427
0.2588,0.2625
0.2507,0.2463
0.2463,0.2507
0.2576,0.2576
0.1946,0.1963
0.1951,0.1819
0.2448,0.2563
0.2734,0.2788
0.2401,0.2339
0.2764,0.2773
0.2471,0.2435
0.2327,0.2308
0.235,0.2294
0.177,0.1755
0.279,0.2827
0.2783,0.2705
0.287,0.2908
0.2465,0.2399
0.2382,0.245
0.2423,0.2408
0.236,0.2383
0.2347,0.2355
0.265,0.2705
0.265,0.2705
0.2374,0.2345
0.246,0.234
0.2717,0.266
0.2401,0.2382
0.234,0.2369
0.2556,0.2488
0.2732,0.277
0.2598,0.2617
0.2336,0.2322
0.2407,0.2433
0.2883,0.295
0.2737,0.271
0.2776,0.2822
0.286,0.2761
0.2465,0.2426
0.2651,0.2773
0.2426,0.2465
0.2876,0.2915
0.2874,0.2932
0.2847,0.2744
0.2915,0.2876
0.303,0.3079
0.2233,0.2311
0.2155,0.2208
0.3125,0.3057
0.2296,0.1993
0.2559,0.2435
0.2502,0.2563
0.2347,0.2385
0.2203,0.2234
0.272,0.2747
0.2761,0.2756
0.2537,0.252
0.2512,0.256
0.2722,0.265
0.274,0.2615
0.2615,0.274
0.265,0.2722
0.2864,0.2722
0.2715,0.277
0.2505,0.2646
0.2732,0.2668
0.263,0.2686
0.2488,0.2488
0.2463,0.2517
0.2747,0.274
0.2524,0.2542
0.2656,0.2593
0.2457,0.2446
0.2296,0.2299
0.2534,0.2766
0.2605,0.2722
0.2783,0.2783
0.264,0.2659
0.2632,0.2612
0.2466,0.2311
0.2311,0.2466
0.2255,0.2334
0.1832,0.1813
0.2842,0.2769
0.2085,0.2104
0.2834,0.2883
0.2712,0.2686
0.2175,0.216
0.2268,0.2236
0.2147,0.2009
0.1913,0.201
0.2546,0.2651
0.2524,0.2576
0.228,0.221
0.2379,0.2341
0.2426,0.2554
0.2255,0.2306
0.2495,0.2527
0.2134,0.2166
0.2281,0.2402
0.2864,0.2817
0.2272,0.2301
0.2231,0.223
0.2356,0.2382
0.25,0.2505
0.1829,0.1886
0.2505,0.25
0.1815,0.1772
0.2168,0.2196
0.2603,0.2615
0.2522,0.2544
0.2603,0.2556
0.2578,0.25
0.2554,0.2493
0.2556,0.2544
0.235,0.2336
0.2632,0.2598
0.2595,0.2607
0.2551,0.2598
0.2622,0.262
0.2544,0.2625
0.2566,0.2576
0.26,0.2642
0.2666,0.2686
0.252,0.2502
0.2546,0.2517
0.2317,0.2349
0.213,0.2306
0.259,0.258
0.2651,0.2676
0.264,0.2656
0.3066,0.3113
0.2986,0.313
0.2744,0.2683
0.261,0.264
0.2605,0.254
0.269,0.2693
0.2952,0.2979
0.2964,0.2896
0.2119,0.2302
0.2172,0.2179
0.2189,0.2186
0.2778,0.2766
0.2742,0.2725
0.2411,0.2404
0.2766,0.2678
0.269,0.265
0.2944,0.2852
0.2632,0.267
0.2908,0.2917
0.2432,0.2386
0.2788,0.2751
0.2925,0.2988
0.2869,0.3027
0.271,0.2822
0.2491,0.246
0.2966,0.2856
0.2296,0.2134
0.2153,0.2207
0.2239,0.2185
0.3076,0.3032
0.3083,0.3154
0.3044,0.307
0.2305,0.2336
0.3018,0.2944
0.306,0.3105
0.3196,0.311
0.2467,0.2483
0.2258,0.226
0.266,0.2776
0.2915,0.2993
0.2847,0.2927
0.3008,0.2927
0.2462,0.2454
0.2825,0.2852
0.2798,0.2754
0.2424,0.2382
0.2386,0.2363
0.258,0.2664
0.309,0.3076
0.2942,0.287
0.295,0.3
0.2751,0.264
0.292,0.2944
0.275,0.2822
0.2903,0.2947
0.287,0.2942
0.3093,0.31
0.2893,0.2898
0.307,0.2986
0.2842,0.2734
0.2803,0.2854
0.3374,0.3345
0.3047,0.3152
0.3464,0.3452
0.2983,0.2988
0.3096,0.2996
0.269,0.2642
0.2822,0.2725
0.28,0.2893
0.2844,0.2786
0.263,0.2673
0.2335,0.2491
0.2517,0.2494
0.2805,0.291
0.2362,0.2433
0.2595,0.268
0.253,0.2517
0.2603,0.253
0.3062,0.296
0.3013,0.308
0.2664,0.2686
0.2717,0.2766
0.2676,0.264
0.3047,0.2983
0.2112,0.2338
0.2391,0.2123
0.3074,0.2695
0.2983,0.3047
0.2688,0.2932
0.2056,0.2115
0.204,0.2085
0.2336,0.2251
0.2366,0.2461
0.2285,0.2461
0.248,0.2302
0.254,0.2563
0.29,0.293
0.268,0.2732
0.2722,0.2705
0.3054,0.3062
0.2634,0.2712
0.3018,0.304
0.275,0.2583
0.2273,0.2253
0.2449,0.2903
0.2346,0.2338
0.2942,0.292
0.2445,0.2463
0.2607,0.2642
0.2098,0.2156
0.2098,0.1974
0.1945,0.188
0.198,0.2015
0.2126,0.2128
0.2135,0.2163
0.2014,0.2065
0.2148,0.229
0.255,0.239
0.2605,0.2499
0.2422,0.2527
0.239,0.255
0.2399,0.2568
0.2717,0.2815
0.2568,0.2617
0.2576,0.2537
0.24,0.2395
0.2617,0.256
0.2573,0.274
0.2598,0.2617
0.2725,0.2573
0.27,0.261
0.2009,0.196
0.2786,0.2742
0.293,0.2993
0.302,0.304
0.2988,0.2878
0.305,0.3086
0.3113,0.2979
0.2805,0.2998
0.3064,0.297
0.296,0.3027
0.2367,0.2238
0.2194,0.2174
0.2852,0.2844
0.2803,0.2878
0.2554,0.2708
0.278,0.2883
0.2344,0.2421
0.2957,0.3071
0.2583,0.256
0.2666,0.2617
0.241,0.234
0.2532,0.2423
0.2566,0.2532
0.2793,0.28
0.2688,0.265
0.2754,0.267
0.2979,0.2805
0.272,0.282
0.2747,0.2822
0.2695,0.276
0.2634,0.2634
0.247,0.248
0.2394,0.2404
0.2576,0.2837
0.2761,0.2734
0.266,0.2588
0.2603,0.2732
0.281,0.2869
0.2869,0.2988
0.2678,0.2676
0.26,0.261
0.322,0.3152
0.3054,0.29
0.2783,0.2922
0.3203,0.3237
0.2876,0.2842
0.219,0.2369
0.2844,0.279
0.2444,0.2443
0.2494,0.261
0.2515,0.2578
0.247,0.2576
0.2532,0.2502
0.2524,0.2451
0.3083,0.2861
0.2297,0.2399
0.2399,0.2297
0.2235,0.2163
0.2163,0.2235
0.2673,0.2554
0.2861,0.3083
0.2615,0.274
0.2554,0.2673
0.2367,0.2379
0.2258,0.2227
0.2104,0.2092
0.2385,0.2411
0.2072,0.2131
0.2783,0.2673
0.2864,0.287
0.2416,0.2426
0.2408,0.2445
0.2389,0.2349
0.2358,0.2443
0.2247,0.2186
0.2942,0.301
0.3074,0.3005
0.2795,0.276
0.3018,0.3076
0.2737,0.2764
0.279,0.2764
0.264,0.2634
0.2281,0.2202
0.285,0.3057
0.2854,0.2815
0.2428,0.2474
0.2338,0.2329
0.2622,0.252
0.2627,0.2622
0.2382,0.2355
0.2418,0.2397
0.27,0.2686
0.2097,0.2124
0.2219,0.2185
0.2717,0.276
0.2449,0.2515
0.2693,0.2722
0.2477,0.2457
0.2512,0.2429
0.2625,0.2642
0.2632,0.2744
0.2737,0.295
0.2485,0.2322
0.2483,0.2312
0.245,0.2452
0.2443,0.24
0.2795,0.275
0.2542,0.2437
0.268,0.2856
0.2754,0.2825
0.292,0.2898
0.238,0.2491
0.2922,0.2935
0.2654,0.279
0.27,0.257
0.2837,0.2783
0.2786,0.2805
0.186,0.1886
0.1832,0.1917
0.3003,0.2954
0.313,0.3125
0.2688,0.2654
0.3062,0.307
0.3064,0.3123
0.3125,0.313
0.2505,0.2766
0.2482,0.2517
0.253,0.2483
0.2803,0.2554
0.2942,0.2864
0.2856,0.2744
0.2764,0.2886
0.262,0.281
0.288,0.2773
0.1967,0.2018
0.2502,0.2566
0.2402,0.2415
0.285,0.2954
0.245,0.2499
0.2478,0.2505
0.2131,0.2002
0.1772,0.176
0.2466,0.2474
0.2463,0.2489
0.2413,0.2399
0.2327,0.2333
0.2423,0.253
0.2472,0.2489
0.2125,0.2069
0.2502,0.2496
0.2335,0.2368
0.2263,0.2278
0.2439,0.2399
0.2585,0.2595
0.1998,0.2129
0.2678,0.2668
0.2644,0.262
0.263,0.2578
0.2319,0.2323
0.307,0.301
0.2764,0.2766
0.3203,0.314
0.3044,0.318
0.3015,0.3125
0.2751,0.2786
0.2479,0.2495
0.2335,0.2517
0.2455,0.2296
0.2715,0.2732
0.3003,0.2898
0.3008,0.3118
0.2815,0.2732
0.3132,0.3018
0.2969,0.306
0.2268,0.2251
0.2234,0.2278
0.288,0.2788
0.2817,0.2937
0.255,0.252
0.2634,0.2686
0.2903,0.2874
0.2905,0.3025
0.2795,0.2861
0.295,0.2852
0.2617,0.2754
0.26,0.2445
0.231,0.2578
0.277,0.2986
0.29,0.2756
0.2573,0.2424
0.2502,0.2612
0.2424,0.2573
0.254,0.2471
0.2307,0.2332
0.263,0.2673
0.2484,0.2454
0.2324,0.2242
0.221,0.2251
0.265,0.2632
0.2725,0.2798
0.287,0.281
0.2502,0.2395
0.2798,0.2725
0.2123,0.2142
0.2915,0.2913
0.296,0.3022
0.3135,0.3115
0.2479,0.2384
0.2805,0.2708
0.266,0.2585
0.2761,0.2666
0.2676,0.2766
0.239,0.23
0.2397,0.2411
0.2559,0.2399
0.2126,0.2133
0.1946,0.1946
0.287,0.2954
0.207,0.2118
0.2246,0.2126
0.2754,0.2847
0.2654,0.2493
0.241,0.2416
0.2216,0.2294
0.2067,0.2075
0.188,0.1967
0.269,0.279
0.2036,0.2015
0.253,0.2605
0.279,0.2766
0.2903,0.2756
0.2424,0.2477
0.283,0.2666
0.3047,0.284
0.26,0.2617
0.3108,0.3005
0.2812,0.2756
0.2786,0.2766
0.276,0.2676
0.2365,0.2483
0.2737,0.277
0.2615,0.2605
0.2355,0.2277
0.2346,0.2341
0.2563,0.2686
0.2915,0.306
0.268,0.2668
0.2808,0.3013
0.2654,0.261
0.2864,0.2842
0.2732,0.2712
0.2698,0.2766
0.264,0.2651
0.2418,0.2467
0.2937,0.292
0.2866,0.2805
0.2422,0.2416
0.2397,0.2439
0.3083,0.2421
0.2573,0.2742
0.2788,0.2764
0.254,0.2612
0.2732,0.2969
0.2313,0.2327
0.2297,0.226
0.268,0.2634
0.2803,0.2815
0.287,0.2905
0.2717,0.271
0.2773,0.287
0.273,0.2886
0.2878,0.2925
0.2686,0.2673
0.2744,0.2703
0.2808,0.2783
0.2922,0.282
0.2888,0.2795
0.277,0.2764
0.2852,0.3052
0.2776,0.2886
0.2915,0.2773
0.3088,0.285
0.2098,0.212
0.2128,0.2004
0.2004,0.2128
0.2465,0.2367
0.2798,0.2732
0.2659,0.2766
0.2537,0.2576
0.2563,0.2507
0.2131,0.219
0.2164,0.2231
0.2566,0.2493
0.2747,0.268
0.2693,0.268
0.244,0.2421
0.2382,0.2417
0.2927,0.2856
0.2544,0.2542
0.2544,0.257
0.279,0.2927
0.2778,0.2942
0.2302,0.2245
0.295,0.2834
0.276,0.2942
0.263,0.283
0.2542,0.2522
0.2666,0.2646
0.2502,0.2505
0.259,0.255
0.2095,0.2225
0.2837,0.2615
0.2783,0.2461
0.2688,0.2336
0.2683,0.264
0.2477,0.2773
0.254,0.256
0.2384,0.2786
0.2556,0.2588
0.2421,0.2517
0.252,0.25
0.27,0.2715
0.273,0.2642
0.2747,0.2769
0.302,0.2937
0.2893,0.2979
0.2505,0.2468
0.2408,0.2451
0.2812,0.286
0.2893,0.2812
0.2825,0.2793
0.2084,0.2145
0.2947,0.282
0.3066,0.3052
0.2198,0.2213
0.2291,0.226
0.2983,0.3037
0.2288,0.2334
0.2908,0.3164
0.2852,0.3005
0.3015,0.3025
0.3018,0.2974
0.2325,0.2341
0.228,0.2284
0.2844,0.3142
0.3025,0.3015
0.2947,0.3103
0.2976,0.3008
0.3145,0.3035
0.3162,0.2925
0.2888,0.2825
0.2937,0.3123
0.2964,0.3008
0.2747,0.291
0.257,0.2576
0.2489,0.249
0.267,0.2688
0.2683,0.2688
0.2625,0.2651
0.2465,0.2505
0.26,0.2646
0.2732,0.2786
0.2303,0.2291
0.2181,0.2384
0.2283,0.2368
0.2228,0.2253
0.2384,0.2277
0.2101,0.2273
0.2197,0.2291
0.204,0.243
0.2289,0.2261
0.2705,0.2644
0.241,0.2009
0.2279,0.2106
0.2412,0.2201
0.2076,0.1997
0.1907,0.2014
0.2296,0.2195
0.2279,0.2235
0.2644,0.2761
0.1982,0.1945
0.3044,0.3093
0.2766,0.2744
0.257,0.2644
0.2844,0.2803
0.3093,0.3064
0.2664,0.261
0.2666,0.2646
0.2544,0.2568
0.2659,0.2703
0.2017,0.1962
0.287,0.2788
0.2942,0.291
0.2705,0.2827
0.2502,0.2325
0.2324,0.2324
0.2316,0.2467
0.2316,0.2295
0.2537,0.2542
0.2874,0.2764
0.2812,0.2927
0.3044,0.3
0.2988,0.282
0.2583,0.2456
0.301,0.3042
0.2406,0.2448
0.2578,0.2656
0.2615,0.257
0.2452,0.2451
0.246,0.2588
0.3428,0.342
0.3352,0.3428
0.2798,0.2805
0.2551,0.2324
0.2527,0.2479
0.2408,0.2556
0.1997,0.2008
0.2476,0.2495
0.285,0.2783
0.2498,0.2468
0.2534,0.2494
0.2866,0.284
0.2827,0.287
0.2446,0.2556
0.2717,0.2654
0.2644,0.2593
0.2556,0.2446
0.215,0.2185
0.2285,0.2449
0.2722,0.2854
0.288,0.2954
0.2937,0.2952
0.2761,0.27
0.2952,0.294
0.2913,0.286
0.2332,0.2406
0.2479,0.255
0.2756,0.2822
0.2827,0.2888
0.2559,0.2603
0.2485,0.2505
0.2798,0.2827
0.2612,0.256
0.2612,0.2551
0.2834,0.2773
0.262,0.2583
0.2472,0.2476
0.284,0.2842
0.2903,0.2844
0.2825,0.2827
0.2761,0.2815
0.262,0.263
0.2312,0.2262
0.2109,0.215
0.228,0.2262
0.2241,0.2192
0.1903,0.1948
0.2078,0.2053
0.2086,0.2208
0.2551,0.2764
0.264,0.2668
0.2512,0.2537
0.2651,0.2688
0.2173,0.2177
0.2666,0.255
0.2007,0.1967
0.2113,0.2083
0.2389,0.2327
0.2183,0.2266
0.2255,0.2192
0.2241,0.2255
0.2622,0.2668
0.2454,0.2363
0.2185,0.2351
0.2184,0.2175
0.2212,0.2195
0.2168,0.2324
0.2362,0.2228
0.2935,0.282
0.2769,0.268
0.307,0.3003
0.2935,0.3083
0.3035,0.3064
0.2725,0.284
0.2438,0.2296
0.2158,0.235
0.2722,0.278
0.2764,0.273
0.2532,0.244
0.2272,0.2292
0.2208,0.211
0.229,0.2269
0.23,0.2314
0.2925,0.283
0.274,0.278
0.2532,0.2605
0.2295,0.2208
0.2422,0.2544
0.2585,0.255
0.2478,0.2551
0.2607,0.261
0.1942,0.2087
0.199,0.1963
0.1992,0.1921
0.1953,0.196
0.2815,0.2883
0.258,0.2522
0.2343,0.2327
0.2211,0.2177
0.2773,0.2761
0.201,0.2164
0.2822,0.2764
0.233,0.2355
0.2258,0.2382
0.2734,0.2805
0.2869,0.282
0.2339,0.2363
0.2517,0.2754
0.2323,0.2229
0.2512,0.2433
0.2274,0.2406
0.2373,0.2472
0.2397,0.2454
0.2367,0.2351
0.251,0.2393
0.2122,0.2148
0.2192,0.2334
0.2235,0.2343
0.2456,0.2393
0.2544,0.2556
0.2605,0.26
0.2808,0.2866
0.281,0.2756
0.2952,0.297
0.265,0.2617
0.2705,0.2656
0.2798,0.2832
0.3003,0.2932
0.23,0.2441
0.2336,0.2393
0.2686,0.263
0.2412,0.2391
0.2362,0.2367
0.2478,0.2515
0.2421,0.2334
0.2476,0.2457
0.2822,0.2827
0.266,0.2715
0.25,0.2524
0.1941,0.1775
0.2747,0.2747
0.2416,0.257
0.2319,0.2546
0.2437,0.2439
0.2354,0.2493
0.2334,0.2468
0.2595,0.2499
0.2479,0.2502
0.258,0.255
0.2832,0.2712
0.2803,0.2732
0.2888,0.2788
0.2788,0.2888
0.266,0.2776
0.2795,0.2668
0.2231,0.2212
0.227,0.2284
0.2563,0.248
0.2411,0.2457
0.2261,0.2303
0.222,0.2245
0.292,0.297
0.2489,0.2505
0.2261,0.2233
0.2479,0.2498
0.271,0.2568
0.2175,0.2388
0.2429,0.2401
0.219,0.2114
0.2274,0.2341
0.2734,0.2798
0.2466,0.2585
0.2734,0.281
0.2426,0.2462
0.2225,0.2173
0.2852,0.285
0.291,0.2869
0.2993,0.2942
0.2834,0.2793
0.266,0.268
0.2705,0.2778
0.2678,0.2705
0.2197,0.2207
0.2412,0.2443
0.2122,0.2208
0.2214,0.2172
0.2417,0.24
0.2408,0.235
0.2188,0.2291
0.2455,0.246
0.2451,0.2473
0.2384,0.2372
0.234,0.2363
0.2239,0.2268
0.232,0.23
0.2439,0.2446
0.2231,0.2137
0.2323,0.2152
0.2275,0.211
0.2384,0.2325
0.2386,0.2416
0.2245,0.2297
0.2383,0.2343
0.2003,0.2235
0.229,0.2312
0.2229,0.2318
0.302,0.297
0.295,0.297
0.2578,0.2659
0.2764,0.2537
0.2546,0.2446
0.2642,0.29
0.3057,0.304
0.3083,0.3062
0.257,0.2612
0.2725,0.2854
0.3047,0.3032
0.286,0.2925
0.2527,0.244
0.3066,0.288
0.247,0.251
0.2742,0.2693
0.2018,0.2235
0.2058,0.2125
0.2246,0.2399
0.2369,0.2334
0.2104,0.2076
0.233,0.2228
0.2416,0.2362
0.2351,0.233
0.2413,0.2354
0.2418,0.2383
0.2402,0.2369
0.2305,0.2343
0.2452,0.2505
0.2411,0.2268
0.263,0.2725
0.2471,0.2328
0.2389,0.2444
0.2363,0.2406
0.233,0.2377
0.23,0.2295
0.2913,0.3015
0.238,0.2445
0.2363,0.2416
0.2737,0.2712
0.2686,0.2627
0.2986,0.2878
0.2612,0.2646
0.2747,0.2786
0.2424,0.2496
0.2275,0.2324
0.2263,0.2401
0.262,0.2524
0.245,0.2463
0.2131,0.2029
0.2279,0.2262
0.2263,0.2257
0.209,0.1976
0.2083,0.1936
0.243,0.2407
0.2382,0.2363
0.2355,0.2349
0.242,0.2507
0.2079,0.2169
0.3313,0.3333
0.3347,0.3394
0.2573,0.2847
0.3318,0.3438
0.338,0.3472
0.3293,0.3306
0.2493,0.2421
0.2527,0.2411
0.2888,0.285
0.253,0.2573
0.2837,0.2864
0.2303,0.253
0.2411,0.2527
0.2812,0.2773
0.2766,0.2751
0.2703,0.2712
0.2484,0.2822
0.2888,0.2893
0.2803,0.2817
0.2091,0.2001
0.2747,0.284
0.2222,0.2261
0.1969,0.2084
0.2993,0.2944
0.2925,0.3018
0.2416,0.2493
0.2329,0.2397
0.2542,0.235
0.2212,0.2069
0.2445,0.2272
0.2118,0.2161
0.2489,0.2507
0.2524,0.2498
0.2454,0.239
0.2496,0.2406
0.2524,0.255
0.1991,0.2014
0.2433,0.2249
0.263,0.261
0.1996,0.1989
0.2228,0.2423
0.2805,0.288
0.2537,0.2401
0.2544,0.269
0.224,0.2263
0.2644,0.2783
0.3,0.3115
0.2483,0.2537
0.2583,0.2742
0.31,0.3
0.2734,0.2642
0.2712,0.2651
0.2817,0.2795
0.2166,0.2284
0.2377,0.262
0.253,0.2455
0.2233,0.225
0.225,0.2233
0.2252,0.2252
0.2253,0.2217
0.2537,0.2673
0.2588,0.277
0.266,0.2542
0.2986,0.2917
0.2021,0.1997
0.2898,0.302
0.29,0.2566
0.2947,0.2869
0.2908,0.2886
0.2815,0.2874
0.2698,0.269
0.2527,0.2617
0.2908,0.2842
0.2402,0.2303
0.2646,0.2301
0.2257,0.2279
0.2345,0.2573
0.2585,0.2515
0.255,0.2546
0.253,0.252
0.2332,0.242
0.2324,0.234
0.2634,0.2534
0.2832,0.3086
0.2996,0.2793
0.1975,0.2054
0.2473,0.2605
0.2386,0.238
0.2744,0.2632
0.2384,0.2415
0.276,0.2783
0.2522,0.24
0.2407,0.2394
0.239,0.2477
0.232,0.2236
0.2328,0.2266
0.2338,0.2297
0.231,0.2366
0.2272,0.23
0.236,0.2318
0.2267,0.2202
0.2167,0.226
0.244,0.2429
0.251,0.2462
0.2578,0.2485
0.2462,0.2397
0.259,0.2598
0.2429,0.244
0.1952,0.1935
0.1913,0.192
0.239,0.2505
0.2905,0.2732
0.2732,0.2905
0.2837,0.284
0.2979,0.294
0.2986,0.3008
0.2854,0.281
0.2886,0.2866
0.2893,0.2888
0.2194,0.2338
0.2166,0.2308
0.2856,0.2988
0.267,0.27
0.2722,0.288
0.2307,0.2406
0.2365,0.2327
0.2507,0.241
0.2312,0.2368
0.2424,0.2363
0.2542,0.2532
0.2185,0.2206
0.255,0.2551
0.2157,0.2054
0.2191,0.2194
0.1765,0.1763
0.229,0.266
0.2588,0.2761
0.269,0.2822
0.2659,0.2605
0.2715,0.2656
0.2345,0.233
0.2542,0.2537
0.2241,0.2148
0.2842,0.2847
0.2634,0.2673
0.2585,0.2588
0.2491,0.2446
0.2622,0.2563
0.263,0.2634
0.2546,0.2563
0.3018,0.301
0.3,0.301
0.2467,0.2361
0.2423,0.2566
0.2158,0.23
0.2292,0.2311
0.228,0.2289
0.2339,0.2317
0.2175,0.212
0.235,0.238
0.2324,0.2285
0.2292,0.2231
0.2986,0.3018
0.2351,0.2352
0.2477,0.2534
0.2742,0.2786
0.2391,0.2262
0.2426,0.2401
0.2485,0.2487
0.2344,0.2284
0.2491,0.2415
0.2312,0.2317
0.2418,0.2404
0.2305,0.2395
0.2234,0.2249
0.2598,0.2727
0.273,0.2778
0.2356,0.2345
0.2393,0.228
0.2886,0.284
0.2747,0.273
0.2798,0.2676
0.2258,0.2264
0.2429,0.2354
0.2856,0.2888
0.2235,0.2499
0.2446,0.2393
0.2522,0.2512
0.292,0.2913
0.2803,0.286
0.2527,0.261
0.274,0.283
0.2479,0.2502
0.2668,0.2634
0.242,0.2449
0.2354,0.2363
0.2386,0.2416
0.254,0.2512
0.2311,0.2256
0.227,0.2379
0.249,0.2284
0.2302,0.2544
0.2856,0.2856
0.2402,0.2507
0.2018,0.1777
0.1819,0.194
0.261,0.2544
0.2593,0.2622
0.246,0.2524
0.2216,0.2152
0.2208,0.2135
0.2118,0.2228
0.2083,0.222
0.284,0.2795
0.3015,0.307
0.2192,0.2251
0.2869,0.2817
0.2996,0.304
0.2952,0.2966
0.2056,0.1896
0.2708,0.2534
0.2947,0.2993
0.2664,0.2693
0.1982,0.2058
0.2064,0.1991
0.27,0.2754
0.2544,0.2502
0.2795,0.2817
0.2922,0.2903
0.2964,0.3071
0.257,0.2532
0.2808,0.2903
0.2144,0.2686
0.3025,0.3113
0.2462,0.253
0.2903,0.2808
0.2686,0.2515
0.2399,0.2568
0.3025,0.302
0.2338,0.2339
0.27,0.2664
0.263,0.2695
0.2812,0.2974
0.2761,0.282
0.278,0.2798
0.2355,0.246
0.2213,0.2338
0.2301,0.2335
0.2365,0.2435
0.2424,0.2118
0.2147,0.2144
0.2372,0.25
0.2356,0.2347
0.2448,0.2354
0.2527,0.2524
0.2483,0.2527
0.2327,0.2286
0.2389,0.24
0.2402,0.2422
0.2396,0.2389
0.212,0.2089
0.2443,0.2412
0.2257,0.2343
0.2174,0.208
0.2196,0.2103
0.212,0.2156
0.2056,0.2101
0.233,0.264
0.2228,0.2186
0.2169,0.2115
0.2231,0.2152
0.2117,0.2161
0.2145,0.2291
0.2688,0.2544
0.2527,0.2622
0.2252,0.2302
0.2246,0.2322
0.2954,0.312
0.2444,0.2715
0.2744,0.2462
0.2837,0.2827
0.2786,0.2827
0.2795,0.2798
0.2705,0.2627
0.257,0.2637
0.2883,0.2917
0.259,0.2534
0.2107,0.2164
0.2156,0.2294
0.2094,0.1995
0.2428,0.2303
0.2338,0.214
0.229,0.2452
0.2751,0.2805
0.2507,0.2517
0.2451,0.2399
0.273,0.268
0.2683,0.2732
0.275,0.2722
0.2402,0.2478
0.1868,0.213
0.2664,0.2625
0.256,0.2605
0.242,0.2478
0.2437,0.2532
0.2477,0.256
0.2622,0.25
0.25,0.2524
0.2123,0.2122
0.2141,0.2036
0.2109,0.223
0.2947,0.2961
0.2688,0.2678
0.2808,0.2766
0.2668,0.2937
0.2944,0.2935
0.2888,0.2778
0.3105,0.3093
0.26,0.2634
0.2231,0.2345
0.2925,0.2964
0.278,0.2734
0.3025,0.3062
0.2625,0.2566
0.2957,0.2935
0.2484,0.2598
0.2676,0.272
0.2673,0.2632
0.1985,0.1957
0.1868,0.1863
0.254,0.257
0.257,0.2761
0.2644,0.2861
0.2842,0.2832
0.3223,0.3215
0.2979,0.294
0.2822,0.2722
0.326,0.3223
0.302,0.3008
0.2421,0.2422
0.254,0.2532
0.2397,0.2332
0.2448,0.2445
0.2415,0.2407
0.2372,0.2352
0.2437,0.2415
0.2378,0.2402
0.2505,0.238
0.2764,0.2554
0.267,0.2603
0.2673,0.2717
0.2725,0.2778
0.1942,0.1943
0.1938,0.193
0.2172,0.2286
0.2305,0.208
0.2106,0.2212
0.2198,0.229
0.2391,0.233
0.287,0.2869
0.2856,0.2886
0.2354,0.2289
0.2324,0.2402
0.2917,0.2952
0.2935,0.2917
0.2705,0.2435
0.2047,0.2058
0.1938,0.2047
0.1919,0.1968
0.2048,0.2102
0.2137,0.1974
0.2019,0.2023
0.198,0.2041
0.3506,0.3494
0.266,0.2654
0.35,0.3606
0.271,0.2712
0.2097,0.2017
0.2651,0.262
0.1897,0.1957
0.1954,0.187
0.1929,0.2001
0.2026,0.1986
0.262,0.266
0.2401,0.2524
0.2559,0.2512
0.245,0.2373
0.27,0.2515
0.2461,0.2463
0.2294,0.2279
0.2228,0.2301
0.2456,0.255
0.2457,0.248
0.2239,0.2141
0.252,0.2484
0.2976,0.3052
0.3113,0.3022
0.2666,0.2659
0.3113,0.3213
0.258,0.2725
0.2534,0.2563
0.308,0.3008
0.2686,0.274
0.26,0.268
0.2725,0.259
0.2756,0.269
0.2317,0.2306
0.2401,0.2235
0.2162,0.2172
0.1986,0.1876
0.1978,0.202
0.2238,0.2374
0.1898,0.2017
0.1967,0.1947
0.222,0.2186
0.2754,0.275
0.292,0.2947
0.3103,0.3052
0.2976,0.2952
0.3035,0.3098
0.261,0.267
0.2466,0.2391
0.2255,0.2205
0.2683,0.264
0.2451,0.2566
0.2725,0.2544
0.274,0.2698
0.2554,0.2498
0.2434,0.2603
0.2634,0.2705
0.2546,0.2421
0.2976,0.2993
0.2834,0.2737
0.2578,0.2448
0.2377,0.225
0.2761,0.2751
0.2969,0.2932
0.2388,0.2489
0.2358,0.2532
0.2382,0.2482
0.244,0.2391
0.3223,0.3213
0.2964,0.2834
0.3176,0.327
0.2756,0.2651
0.2605,0.2637
0.288,0.2817
0.2856,0.285
0.3115,0.309
0.2878,0.289
0.2983,0.2866
0.3057,0.31
0.285,0.2854
0.3025,0.2993
0.223,0.2323
0.2844,0.2778
0.2593,0.266
0.2268,0.2167
0.2435,0.2374
0.2488,0.246
0.2676,0.2615
0.2048,0.1995
0.2642,0.2693
0.2437,0.2517
0.275,0.2747
0.2727,0.2708
0.274,0.2676
0.2825,0.2898
0.2712,0.2705
0.283,0.2778
0.2832,0.2795
0.28,0.2795
0.219,0.2118
0.2563,0.2505
0.2095,0.1963
0.2444,0.2622
0.199,0.2052
0.2094,0.2189
0.2847,0.261
0.2625,0.2915
0.2417,0.2576
0.2435,0.2345
0.2568,0.2886
0.3145,0.3225
0.3154,0.3176
0.255,0.258
0.3142,0.3188
0.2615,0.2399
0.2365,0.2512
0.1925,0.1895
0.2627,0.263
0.1844,0.1992
0.2214,0.2477
0.2542,0.2576
0.2505,0.2727
0.2666,0.2827
0.2837,0.2864
0.2822,0.2754
0.2559,0.2507
0.2708,0.2617
0.2754,0.28
0.2466,0.253
0.2283,0.2294
0.2267,0.2369
0.2715,0.2756
0.2389,0.2445
0.2683,0.2646
0.264,0.2678
0.2386,0.2462
0.2334,0.2306
0.2314,0.2318
0.2637,0.2632
0.2191,0.2167
0.242,0.2407
0.2837,0.299
0.3003,0.2876
0.24,0.2427
0.2416,0.2434
0.2144,0.2047
0.25,0.2471
0.245,0.2421
0.2239,0.2275
0.2102,0.2164
0.2393,0.2439
0.2404,0.2413
0.2257,0.2217
0.2554,0.251
0.2612,0.2693
0.2546,0.2585
0.259,0.2627
0.2487,0.2417
0.2607,0.262
0.257,0.2465
0.2603,0.2512
0.2668,0.257
0.27,0.2568
0.2465,0.257
0.2417,0.2487
0.1781,0.1873
0.21,0.2145
0.185,0.1873
0.1987,0.2019
0.2043,0.1974
0.2893,0.2861
0.2844,0.2896
0.2385,0.243
0.1877,0.1893
0.2039,0.2122
0.257,0.2496
0.272,0.282
0.2866,0.2722
0.3176,0.3086
0.2751,0.2732
0.2683,0.2712
0.3,0.3115
0.2712,0.2756
0.2734,0.2708
0.2842,0.269
0.2993,0.308
0.283,0.301
0.298,0.2756
0.3074,0.2952
0.2986,0.2856
0.2394,0.2473
0.237,0.2417
0.3145,0.3154
0.2898,0.2793
0.3074,0.3003
0.2925,0.2874
0.2773,0.295
0.2355,0.2374
0.2407,0.2372
0.272,0.2666
0.2458,0.242
0.249,0.2439
0.2365,0.2455
0.2316,0.2317
0.2336,0.2235
0.2216,0.2208
0.2625,0.2764
0.2815,0.271
0.2803,0.2737
0.2686,0.2744
0.2241,0.2222
0.2195,0.2311
0.233,0.2217
0.2263,0.2283
0.2177,0.2197
0.2185,0.2216
0.2197,0.2177
0.2216,0.2185
0.2705,0.2732
0.2401,0.2335
0.1794,0.197
0.3086,0.3113
0.301,0.31
0.2803,0.2732
0.232,0.2314
0.2449,0.245
0.2388,0.2441
0.2576,0.2546
0.2211,0.2279
0.2324,0.2473
0.2378,0.249
0.2478,0.2487
0.2267,0.2341
0.2482,0.2443
0.3245,0.3147
0.3306,0.3423
0.2632,0.2585
0.249,0.2474
0.2274,0.2278
0.2563,0.271
0.2186,0.2249
0.2234,0.2157
0.265,0.279
0.2678,0.288
0.261,0.2554
0.271,0.265
0.2788,0.277
0.2766,0.2812
0.2832,0.2778
0.2559,0.2646
0.2646,0.2559
0.2377,0.2395
0.3022,0.3042
0.244,0.2484
0.2515,0.26
0.2285,0.2206
0.2327,0.2316
0.2266,0.2275
0.2251,0.235
0.2032,0.2408
0.259,0.2827
0.2827,0.259
0.2576,0.2693
0.2152,0.2117
0.2108,0.2196
0.2725,0.2622
0.2238,0.2135
0.26,0.2505
0.209,0.2037
0.2703,0.2769
0.2632,0.2656
0.2507,0.2559
0.2017,0.2078
0.2488,0.267
0.2393,0.229
0.2397,0.2443
0.256,0.261
0.2578,0.2556
0.2825,0.2515
0.2812,0.2937
0.274,0.267
0.289,0.2908
0.2554,0.2449
0.2206,0.2261
0.269,0.2756
0.1967,0.202
0.2224,0.219
0.2008,0.1932
0.2068,0.2305
0.2722,0.2568
0.3042,0.2927
0.2478,0.2458
0.2328,0.2131
0.2197,0.1968
0.2014,0.2153
0.2389,0.2388
0.2815,0.2812
0.2817,0.2764
0.2715,0.2773
0.2703,0.2788
0.2433,0.2369
0.2445,0.2441
0.2876,0.2837
0.2452,0.2607
0.2554,0.2496
0.282,0.2847
0.2527,0.2494
0.2832,0.2847
0.2893,0.2866
0.2405,0.2437
0.284,0.29
0.2903,0.2983
0.3037,0.3098
0.2903,0.2917
0.296,0.2969
0.2932,0.2856
0.3054,0.3047
0.2009,0.2214
0.3013,0.2957
0.2316,0.2102
0.2224,0.2198
0.2651,0.274
0.2136,0.213
0.263,0.2717
0.2766,0.2698
0.268,0.2637
0.2686,0.268
0.2463,0.2477
0.2427,0.2502
0.2059,0.2063
0.226,0.2257
0.2041,0.208
0.2208,0.228
0.271,0.266
0.2627,0.2612
0.2294,0.2399
0.259,0.2617
0.2551,0.2566
0.3198,0.3228
0.2651,0.2715
0.277,0.2764
0.2446,0.2416
0.2421,0.2356
0.2727,0.2722
0.3237,0.3215
0.245,0.2456
0.2737,0.2678
0.25,0.2578
0.2291,0.2313
0.2505,0.2637
0.2732,0.2542
0.2815,0.2732
0.2666,0.2517
0.273,0.2795
0.2437,0.2644
0.241,0.2317
0.2175,0.2158
0.2634,0.2686
0.2145,0.2151
0.268,0.2668
0.2622,0.262
0.294,0.2847
0.3052,0.2952
0.3037,0.2927
0.2988,0.2856
0.3003,0.286
0.26,0.2438
0.274,0.2866
0.2856,0.2988
0.2808,0.2974
0.286,0.2861
0.286,0.3003
0.2803,0.299
0.2734,0.2783
0.28,0.3074
0.2605,0.2595
0.2744,0.2793
0.2554,0.2625
0.2764,0.2698
0.2505,0.2544
0.2932,0.2874
0.2465,0.2434
0.2964,0.3037
0.2059,0.2047
0.24,0.2351
0.1979,0.1895
0.226,0.2146
0.268,0.2717
0.2734,0.2686
0.2783,0.2847
0.3225,0.3357
0.3315,0.325
0.3005,0.29
0.2375,0.2416
0.2269,0.2292
0.253,0.254
0.2866,0.294
0.29,0.2917
0.29,0.2917
0.221,0.2201
0.222,0.2212
0.259,0.2517
0.2151,0.2162
0.298,0.2903
0.2377,0.2434
0.2085,0.2065
0.2319,0.2284
0.208,0.2079
0.2507,0.2399
0.2438,0.237
0.2493,0.2498
0.2471,0.2563
0.2283,0.2257
0.2454,0.25
0.3005,0.291
0.2147,0.2141
0.2827,0.282
0.199,0.2115
0.1963,0.197
0.2048,0.201
0.2844,0.287
0.2644,0.267
0.2825,0.2844
0.253,0.2717
0.2712,0.278
0.2637,0.275
0.2598,0.2546
0.2568,0.2612
0.2622,0.2642
0.2715,0.279
0.2556,0.2607
0.2693,0.2622
0.257,0.2472
0.2583,0.2778
0.2345,0.248
0.2612,0.2556
0.2646,0.2573
0.272,0.2688
0.257,0.256
0.268,0.2676
0.301,0.3064
0.2427,0.2527
0.3076,0.3032
0.2495,0.2438
0.2228,0.233
0.2242,0.2183
0.2598,0.2578
0.2593,0.2612
0.297,0.301
0.3022,0.298
0.2106,0.214
0.2128,0.2206
0.2112,0.2219
0.2556,0.2478
0.2162,0.2084
0.2189,0.2147
0.2225,0.2157
0.217,0.2076
0.246,0.2384
0.2346,0.2365
0.2445,0.2443
0.2388,0.2449
0.2411,0.2277
0.254,0.2428
0.2615,0.2527
0.2527,0.2595
0.2334,0.2491
0.2825,0.2825
0.2776,0.2751
0.2356,0.244
0.2798,0.2798
0.2423,0.2406
0.268,0.2678
0.2449,0.2374
0.2874,0.2886
0.3096,0.3125
0.271,0.266
0.2551,0.2266
0.2996,0.2898
0.2318,0.2617
0.2969,0.2996
0.2502,0.2622
0.2705,0.2769
0.2588,0.2705
0.268,0.2817
0.275,0.2673
0.2817,0.2715
0.2632,0.2705
0.233,0.2405
0.2761,0.2668
0.2666,0.255
0.2573,0.2698
0.237,0.2484
0.2377,0.2382
0.2383,0.2345
0.2343,0.2261
0.2073,0.2015
0.2466,0.2482
0.199,0.1915
0.1857,0.1887
0.2303,0.2229
0.2253,0.2328
0.2478,0.249
0.2961,0.3066
0.3132,0.3064
0.3008,0.2964
0.2498,0.2466
0.2844,0.294
0.2482,0.2527
0.2603,0.2754
0.2703,0.2712
0.2822,0.2805
0.261,0.259
0.256,0.267
0.2832,0.273
0.2578,0.2476
0.2373,0.251
0.261,0.246
0.2477,0.2463
0.2886,0.2856
0.2676,0.2544
0.2812,0.2812
0.2708,0.2734
0.2394,0.2408
0.2815,0.279
0.252,0.2544
0.2183,0.2325
0.2201,0.2218
0.2242,0.2234
0.2147,0.2177
0.2152,0.2161
0.2227,0.2109
0.2319,0.2205
0.2656,0.2642
0.2097,0.2078
0.2335,0.2162
0.2095,0.2095
0.2177,0.219
0.2246,0.232
0.2446,0.2445
0.2129,0.2073
0.2399,0.2306
0.2563,0.26
0.2261,0.2207
0.2563,0.2566
0.2527,0.2532
0.2605,0.2666
0.2593,0.2551
0.2444,0.2421
0.262,0.275
0.2422,0.2585
0.2532,0.2471
0.2313,0.242
0.1809,0.2018
0.2712,0.275
0.275,0.2773
0.1924,0.2073
0.269,0.2678
0.2634,0.267
0.1849,0.196
0.2329,0.2408
0.2467,0.2404
0.2517,0.2527
0.2844,0.3027
0.303,0.29
0.3064,0.2986
0.307,0.3125
0.1941,0.185
0.2051,0.1958
0.2412,0.2284
0.2703,0.2593
0.2179,0.2312
0.2424,0.2502
0.2537,0.2566
0.2301,0.2568
0.2339,0.25
0.2277,0.258
0.2673,0.2761
0.2605,0.2593
0.2822,0.2725
0.2625,0.2651
0.259,0.2494
0.2603,0.2625
0.2344,0.2294
0.2191,0.2268
0.2542,0.2385
0.2047,0.2032
0.289,0.2837
0.2742,0.281
0.2057,0.2076
0.2423,0.2463
0.2864,0.278
0.283,0.2751
0.278,0.2778
0.2954,0.299
0.2195,0.2139
0.2852,0.279
0.3032,0.2957
0.291,0.2937
0.2394,0.2308
0.234,0.2284
0.2192,0.2311
0.2008,0.1965
0.2214,0.2277
0.2179,0.2275
0.2029,0.2026
0.2125,0.229
0.2277,0.2286
0.2128,0.2147
0.2219,0.221
0.243,0.2413
0.2289,0.2267
0.2477,0.2456
0.2732,0.2462
0.2766,0.283
0.281,0.2886
0.3057,0.2996
0.26,0.2595
0.2634,0.2683
0.2654,0.2754
0.3047,0.303
0.2537,0.2651
0.2333,0.2488
0.2369,0.2365
0.2137,0.2208
0.1971,0.2062
0.199,0.2089
0.2422,0.256
0.1735,0.1938
0.1343,0.17
0.1798,0.2041
0.1765,0.1971
0.25,0.243
0.1918,0.1669
0.2365,0.2295
0.2164,0.2225
0.2491,0.254
0.1971,0.1765
0.2517,0.2407
0.2017,0.197
0.2069,0.2128
0.1697,0.1997
0.2263,0.215
0.22,0.2281
0.2319,0.234
0.2834,0.2876
0.2983,0.3105
0.296,0.2874
0.237,0.2378
0.2883,0.297
0.2874,0.3088
0.2666,0.2676
0.2734,0.265
0.2512,0.2659
0.2423,0.2384
0.2354,0.2383
0.2386,0.2377
0.2406,0.2412
0.238,0.24
0.2515,0.2487
0.2083,0.2369
0.2479,0.2474
0.2285,0.233
0.2028,0.2041
0.1947,0.1974
0.2367,0.2406
0.2354,0.2317
0.2369,0.2261
0.2236,0.2382
0.2397,0.22
0.2349,0.2437
0.2094,0.2114
0.302,0.2957
0.299,0.3027
0.2133,0.21
0.2216,0.2246
0.2424,0.2402
0.2291,0.2355
0.202,0.1998
0.2913,0.2922
0.3032,0.304
0.2322,0.2512
0.2551,0.266
0.2722,0.27
0.2186,0.2094
0.249,0.2515
0.2505,0.2668
0.2499,0.2566
0.2075,0.2196
0.2087,0.2024
0.1987,0.2073
0.2162,0.198
0.1844,0.1852
0.2976,0.3076
0.3083,0.3074
0.3064,0.3118
0.2498,0.246
0.2443,0.2467
0.258,0.2808
0.2869,0.2856
0.2595,0.2472
0.2878,0.2903
0.283,0.2783
0.236,0.253
0.2085,0.1987
0.275,0.2754
0.2554,0.271
0.2488,0.2554
0.26,0.2615
0.2417,0.2388
0.2722,0.2603
0.2517,0.2437
0.2314,0.2489
0.2185,0.2156
0.2563,0.2683
0.2598,0.2487
0.2834,0.2683
0.2795,0.287
0.2556,0.2637
0.1857,0.1658
0.2512,0.266
0.2416,0.2532
0.2207,0.2203
0.285,0.2854
0.2744,0.2783
0.2925,0.2798
0.2725,0.2725
0.271,0.282
0.2454,0.2319
0.2325,0.2478
0.2585,0.2673
0.2646,0.2627
0.2612,0.263
0.2676,0.255
0.285,0.285
0.2847,0.2866
0.256,0.2676
0.2443,0.2339
0.2208,0.224
0.2219,0.2213
0.2568,0.2546
0.188,0.1935
0.2037,0.208
0.2433,0.246
0.2316,0.2285
0.2214,0.2102
0.2056,0.2043
0.22,0.2142
0.2169,0.2233
0.2255,0.2216
0.2451,0.2451
0.2644,0.2566
0.2152,0.2292
0.2316,0.2327
0.237,0.2399
0.26,0.2585
0.188,0.2118
0.2273,0.2264
0.222,0.2249
0.1975,0.1906
0.2102,0.1919
0.2566,0.2622
0.2595,0.2566
0.2837,0.2856
0.3079,0.2947
0.2917,0.291
0.2861,0.2876
0.2915,0.2976
0.2498,0.2334
0.2651,0.2668
0.2786,0.2712
0.2725,0.2727
0.2437,0.2517
0.2524,0.2496
0.2363,0.2336
0.2644,0.2612
0.2642,0.271
0.2751,0.2783
0.2632,0.2507
0.264,0.2527
0.2401,0.2494
0.2644,0.2625
0.3286,0.3284
0.2292,0.229
0.277,0.2778
0.2761,0.2764
0.2693,0.2625
0.288,0.2866
0.2583,0.26
0.2793,0.2822
0.253,0.2515
0.2522,0.2627
0.2139,0.217
0.24,0.2297
0.2615,0.2607
0.2566,0.2494
0.2455,0.2408
0.2383,0.2428
0.271,0.2598
0.2091,0.2155
0.2401,0.2411
0.2358,0.24
0.259,0.2732
0.234,0.2395
0.2377,0.239
0.2191,0.2109
0.2135,0.2064
0.223,0.2172
0.2205,0.2144
0.3005,0.3123
0.2489,0.2517
0.2507,0.2495
0.2568,0.2485
0.3071,0.2954
0.3103,0.3074
0.2303,0.2312
0.212,0.2225
0.2472,0.2527
0.2302,0.2301
0.3027,0.309
0.3074,0.3103
0.3115,0.3
0.2407,0.2327
0.2092,0.1975
0.1965,0.206
0.228,0.2241
0.1763,0.1904
0.2084,0.1935
0.1893,0.1838
0.1907,0.1991
0.1873,0.201
0.2301,0.2235
0.176,0.1812
0.193,0.1891
0.2402,0.244
0.1791,0.1797
0.2932,0.3074
0.2986,0.3044
0.226,0.2325
0.2532,0.2483
0.2383,0.2417
0.2384,0.2313
0.229,0.2317
0.2852,0.2854
0.2878,0.297
0.2847,0.2817
0.2961,0.2915
0.284,0.2856
0.271,0.2634
0.2634,0.271
0.2512,0.2588
0.2588,0.2593
0.273,0.2725
0.3025,0.3096
0.2505,0.2546
0.2744,0.2705
0.3103,0.3052
0.269,0.2656
0.2542,0.2583
0.2522,0.2446
0.267,0.2673
0.299,0.287
0.2952,0.2993
0.258,0.2494
0.2408,0.2452
0.2312,0.2468
0.1879,0.1956
0.2642,0.2717
0.195,0.1938
0.2776,0.2627
0.2732,0.2656
0.2502,0.2634
0.293,0.295
0.2888,0.289
0.1987,0.1906
0.1907,0.1835
0.2164,0.224
0.1859,0.1967
0.1763,0.1873
0.1906,0.1987
0.257,0.2588
0.2333,0.2324
0.2598,0.2515
0.25,0.2401
0.2247,0.2064
0.217,0.2206
0.2488,0.25
0.2002,0.1821
0.1852,0.167
0.2478,0.2556
0.2233,0.2264
0.2135,0.2122
0.2372,0.2318
0.2216,0.2251
0.2827,0.269
0.295,0.2751
0.2366,0.228
0.2676,0.2805
0.273,0.2886
0.2433,0.2429
0.1982,0.2128
0.2164,0.2137
0.2462,0.2416
0.2886,0.2942
0.307,0.3135
0.296,0.3088
0.1931,0.1914
0.2015,0.2289
0.2352,0.2067
0.2057,0.2007
0.3145,0.2947
0.1968,0.1984
0.2703,0.276
0.2277,0.2382
0.2307,0.2236
0.2532,0.2443
0.241,0.2307
0.2732,0.2747
0.239,0.2329
0.2463,0.2458
0.2463,0.2175
0.2294,0.2224
0.274,0.269
0.2357,0.2379
0.2473,0.2439
0.2404,0.2378
0.2478,0.2488
0.2477,0.2458
0.2195,0.2466
0.2703,0.2688
0.2306,0.2275
0.2306,0.2275
0.2693,0.272
0.273,0.2744
0.2395,0.239
0.2219,0.2217
0.2383,0.2361
0.2177,0.2201
0.2468,0.2534
0.2524,0.2418
0.2795,0.276
0.2795,0.276
0.2373,0.2395
0.1885,0.1974
0.2394,0.2446
0.2292,0.2299
0.2404,0.2401
0.2435,0.2336
0.2397,0.2307
0.2395,0.2373
0.2134,0.2137
0.3054,0.3086
0.2798,0.3
0.3157,0.3086
0.269,0.2766
0.2705,0.275
0.272,0.2766
0.2954,0.2947
0.2764,0.2688
0.2788,0.2705
0.2812,0.2727
0.2998,0.296
0.2734,0.2654
0.2698,0.2744
0.275,0.2798
0.2383,0.2286
0.2712,0.2737
0.2407,0.2432
0.1953,0.1738
0.254,0.2559
0.2354,0.2355
0.2742,0.267
0.254,0.2485
0.232,0.2281
0.2328,0.2308
0.1688,0.1901
0.2219,0.2136
0.2322,0.231
0.2354,0.235
0.2179,0.2184
0.2598,0.2698
0.2742,0.2627
0.269,0.2593
0.2925,0.289
0.2544,0.2627
0.211,0.2134
0.2515,0.2546
0.2603,0.255
0.2107,0.2119
0.1968,0.1997
0.2155,0.215
0.2651,0.2573
0.2186,0.2151
0.2832,0.3022
0.285,0.2886
0.2837,0.2708
0.1945,0.1991
0.2485,0.254
0.2822,0.2905
0.2905,0.2822
0.2969,0.3
0.2163,0.2378
0.2727,0.29
0.2378,0.2163
0.2412,0.2457
0.253,0.2406
0.2625,0.2478
0.2491,0.2458
0.2386,0.2386
0.2712,0.2742
0.2323,0.2335
0.2751,0.264
0.2418,0.2404
0.2808,0.286
0.238,0.2336
0.3008,0.3037
0.222,0.2222
0.2861,0.2915
0.2288,0.2285
0.2231,0.2247
0.307,0.3042
0.2864,0.2793
0.2428,0.2325
0.2333,0.2368
0.2356,0.2373
0.2365,0.2319
0.287,0.2803
0.218,0.2155
0.2544,0.2452
0.259,0.2505
0.242,0.231
0.2119,0.2145
0.279,0.2874
0.227,0.2328
0.2428,0.251
0.2773,0.28
0.2817,0.2876
0.2869,0.2812
0.2969,0.284
0.248,0.2493
0.2646,0.279
0.2307,0.2307
0.2542,0.2644
0.279,0.2793
0.2554,0.2474
0.2693,0.2588
0.2678,0.2651
0.2722,0.2778
0.2725,0.2725
0.2769,0.2676
0.2396,0.238
0.2664,0.2742
0.2451,0.2491
0.265,0.2568
0.253,0.2386
0.2079,0.2131
0.1976,0.207
0.2363,0.2465
0.2378,0.2313
0.216,0.223
0.3005,0.301
0.2527,0.2494
0.282,0.2778
0.2751,0.2686
0.284,0.2793
0.2693,0.2522
0.3047,0.3132
0.2646,0.2742
0.2377,0.2441
0.2385,0.2375
0.2812,0.2737
0.2458,0.2495
0.3132,0.309
0.199,0.1885
0.2556,0.2605
0.1952,0.2079
0.2424,0.2308
0.2942,0.2455
0.1895,0.1915
0.2299,0.2179
0.2137,0.2065
0.2676,0.2915
0.2423,0.3086
0.314,0.304
0.2386,0.2443
0.2788,0.2737
0.2428,0.2429
0.2522,0.2673
0.2612,0.2522
0.2673,0.2522
0.2343,0.2279
0.2441,0.2517
0.2505,0.2688
0.2388,0.2356
0.274,0.2487
0.2351,0.2284
0.2455,0.2395
0.2505,0.2527
0.2583,0.254
0.2484,0.2457
0.2659,0.2632
0.2622,0.2651
0.2634,0.2676
0.2676,0.268
0.2494,0.2507
0.2137,0.2227
0.263,0.2603
0.2207,0.2223
0.2664,0.256
0.2448,0.2394
0.2595,0.2634
0.3123,0.3174
0.2644,0.266
0.2131,0.2223
0.2377,0.2473
0.2206,0.2274
0.2666,0.2646
0.264,0.2559
0.3132,0.3118
0.225,0.2161
0.198,0.1976
0.2189,0.2168
0.1985,0.1998
0.221,0.2141
0.2269,0.2238
0.2705,0.2725
0.2722,0.2688
0.2197,0.2228
0.209,0.2195
0.2306,0.2316
0.2236,0.2268
0.2162,0.2167
0.2025,0.1953
0.2322,0.2284
0.273,0.27
0.27,0.2656
0.272,0.2717
0.279,0.2766
0.2832,0.2803
0.2878,0.2896
0.3037,0.3062
0.2834,0.288
0.2556,0.2472
0.2756,0.2795
0.2876,0.2832
0.265,0.2666
0.3057,0.3096
0.2979,0.2979
0.3145,0.3071
0.2976,0.2988
0.2734,0.278
0.2744,0.2874
0.2854,0.269
0.2485,0.2617
0.2405,0.2443
0.2578,0.249
0.2378,0.2468
0.2595,0.2595
0.2585,0.2473
0.2167,0.219
0.1986,0.2362
0.2362,0.1986
0.262,0.2627
0.2595,0.2598
0.255,0.2505
0.2484,0.252
0.2717,0.2686
0.2314,0.2383
0.27,0.268
0.2386,0.2372
0.2761,0.2695
0.2286,0.2343
0.2815,0.2742
0.2783,0.2896
0.27,0.2507
0.2507,0.2499
0.2632,0.2622
0.2422,0.2568
0.2238,0.225
0.2761,0.2769
0.265,0.2603
0.219,0.2251
0.2427,0.2515
0.2428,0.2502
0.255,0.2512
0.2634,0.249
0.2491,0.2402
0.2408,0.2384
0.2883,0.3035
0.2917,0.3013
0.247,0.2551
0.2429,0.2283
0.2303,0.2295
0.2395,0.2695
0.2458,0.259
0.2349,0.2559
0.2373,0.2355
0.2368,0.2198
0.2434,0.2465
0.258,0.2578
0.231,0.2264
0.2435,0.2446
0.2406,0.245
0.2583,0.235
0.2495,0.2477
0.2246,0.2122
0.248,0.2632
0.2129,0.2192
0.2014,0.2124
0.2056,0.2118
0.2252,0.2308
0.2175,0.2174
0.2031,0.2092
0.2234,0.2285
0.2046,0.1967
0.2495,0.2446
0.2115,0.2094
0.2925,0.286
0.2817,0.2898
0.2708,0.267
0.2659,0.2732
0.286,0.2827
0.285,0.2773
0.2969,0.2898
0.2935,0.2854
0.2612,0.2556
0.2295,0.2136
0.2847,0.2927
0.3005,0.2961
0.3025,0.3113
0.3103,0.3071
0.2937,0.298
0.2404,0.2502
0.2273,0.2239
0.2218,0.2169
0.2184,0.2168
0.221,0.2192
0.2319,0.2329
0.2454,0.256
0.2133,0.2103
0.1848,0.1954
0.1937,0.1906
0.1927,0.1849
0.23,0.228
0.1974,0.2012
0.2546,0.2666
0.2302,0.2363
0.2103,0.205
0.2559,0.2444
0.2568,0.257
0.2325,0.2391
0.2915,0.279
0.304,0.2964
0.2389,0.2263
0.2961,0.3035
0.2805,0.296
0.2036,0.1998
0.2418,0.2426
0.2002,0.2007
0.2228,0.2418
0.2603,0.271
0.2544,0.2491
0.2708,0.2732
0.229,0.2281
0.3125,0.3145
0.216,0.2166
0.3162,0.3174
0.1908,0.1873
0.1825,0.1833
0.1897,0.1915
0.1824,0.1776
0.2462,0.2502
0.257,0.2637
0.2505,0.2402
0.189,0.1935
0.238,0.252
0.249,0.2393
0.2593,0.2454
0.2712,0.2566
0.1886,0.1841
0.2651,0.2715
0.266,0.2644
0.2708,0.2764
0.2615,0.257
0.266,0.261
0.264,0.2654
0.267,0.2703
0.2634,0.2913
0.2347,0.2355
0.2279,0.2284
0.2167,0.2177
0.2446,0.243
0.2124,0.2104
0.2255,0.2261
0.2472,0.2495
0.2642,0.2673
0.2036,0.1884
0.2715,0.2788
0.2573,0.2458
0.2024,0.1887
0.2686,0.2668
0.1917,0.2069
0.1879,0.188
0.271,0.2751
0.2162,0.2235
0.2642,0.2761
0.196,0.1956
0.1837,0.1975
0.2028,0.1852
0.2014,0.1948
0.2573,0.2499
0.1884,0.1927
0.2404,0.2462
0.2467,0.2493
0.2451,0.2268
0.2217,0.2323
0.2423,0.2402
0.2493,0.2512
0.2822,0.2817
0.2732,0.2756
0.275,0.2761
0.2852,0.2883
0.2847,0.2864
0.2798,0.2783
0.2756,0.2847
0.2883,0.2852
0.2281,0.2285
0.2352,0.2316
0.2346,0.231
0.2654,0.2742
0.279,0.2644
0.2316,0.2374
0.2573,0.2573
0.252,0.251
0.262,0.2617
0.2888,0.2883
0.2568,0.2578
0.265,0.2563
0.2834,0.287
0.2235,0.2112
0.2566,0.2632
0.2551,0.2578
0.2069,0.2174
0.2094,0.2125
0.2507,0.2463
0.2195,0.2124
0.2585,0.2632
0.2253,0.2228
0.2598,0.253
0.2214,0.2207
0.2482,0.2524
0.265,0.2605
0.2622,0.2627
0.1915,0.1964
0.193,0.1884
0.2922,0.2944
0.2603,0.2644
0.2668,0.2637
0.227,0.2208
0.2252,0.2288
0.2258,0.2133
0.264,0.2646
0.1962,0.205
0.2295,0.2291
0.2147,0.1957
0.1924,0.2056
0.2047,0.1864
0.2207,0.2203
0.193,0.1919
0.2013,0.2135
0.191,0.207
0.2236,0.2274
0.2172,0.2186
0.2316,0.2327
0.2695,0.2537
0.2651,0.252
0.2318,0.2301
0.2445,0.2408
0.2296,0.2308
0.26,0.2568
0.2402,0.2495
0.2583,0.2634
0.2507,0.2664
0.2455,0.2627
0.2418,0.2578
0.2372,0.2593
0.2566,0.2688
0.2827,0.2876
0.293,0.291
0.2927,0.2886
0.2864,0.2803
0.27,0.265
0.2615,0.2622
0.267,0.277
0.2615,0.2634
0.2715,0.2642
0.2847,0.288
0.2668,0.2524
0.2524,0.2573
0.2262,0.2268
0.2283,0.2233
0.2314,0.236
0.2335,0.2327
0.1985,0.1975
0.2047,0.201
0.2443,0.253
0.2426,0.2332
0.2367,0.2256
0.2336,0.2454
0.2534,0.255
0.2355,0.2524
0.2256,0.2367
0.2328,0.2408
0.2605,0.2646
0.2416,0.2369
0.2888,0.2864
0.284,0.287
0.2174,0.2391
0.2517,0.246
0.2108,0.2362
0.2727,0.2817
0.2458,0.2393
0.2905,0.2668
0.2295,0.2913
0.2676,0.2786
0.2426,0.2175
0.2876,0.2673
0.2251,0.2117
0.2031,0.2308
0.2443,0.2426
0.2527,0.257
0.2167,0.2131
0.1796,0.186
0.2448,0.2527
0.2184,0.2189
0.1864,0.1871
0.2219,0.2219
0.2441,0.2478
0.2546,0.2534
0.2478,0.2426
0.2096,0.2124
0.2532,0.252
0.2542,0.2491
0.2559,0.2583
0.2517,0.259
0.2355,0.2396
0.2336,0.2211
0.3066,0.307
0.2129,0.2217
0.3113,0.3147
0.317,0.2944
0.2996,0.2896
0.31,0.291
0.292,0.3098
0.2795,0.3088
0.3047,0.3193
0.2385,0.2383
0.2318,0.2278
0.2542,0.25
0.2922,0.2847
0.2544,0.2576
0.2852,0.2732
0.1804,0.1824
0.1923,0.1875
0.1792,0.1934
0.1903,0.1973
0.1677,0.1676
0.1979,0.1835
0.1774,0.1665
0.1614,0.1626
0.1965,0.2004
0.2683,0.2559
0.2354,0.2333
0.267,0.2783
0.234,0.2378
0.2896,0.2825
0.2559,0.281
0.2761,0.2852
0.2478,0.2651
0.2815,0.2554
0.3127,0.3113
0.2546,0.2595
0.2717,0.259
0.254,0.2722
0.2598,0.2578
0.2316,0.2347
0.2487,0.2427
0.2314,0.2219
0.2269,0.2316
0.2252,0.2335
0.2417,0.2428
0.2485,0.2429
0.2363,0.2427
0.2386,0.2324
0.2338,0.2391
0.2372,0.2324
0.2327,0.2313
0.2281,0.2228
0.2319,0.2372
0.2466,0.2479
0.2499,0.2593
0.2593,0.2588
0.2898,0.2878
0.2443,0.2556
0.2864,0.293
0.2627,0.2507
0.2241,0.232
0.2698,0.267
0.267,0.2698
0.2062,0.2299
0.2201,0.2303
0.23,0.2169
0.2202,0.2079
0.2734,0.2812
0.2394,0.2673
0.279,0.2693
0.278,0.2385
0.2766,0.2893
0.2717,0.2744
0.2754,0.2805
0.2754,0.2651
0.258,0.2656
0.2734,0.29
0.2435,0.2363
0.2307,0.2429
0.2896,0.2886
0.2854,0.2847
0.2452,0.2494
0.2603,0.2607
0.2573,0.2482
0.2603,0.2595
0.303,0.2957
0.306,0.2983
0.2922,0.2893
0.2246,0.2151
0.2429,0.2454
0.2219,0.2091
0.2115,0.2264
0.2054,0.209
0.2117,0.2177
0.265,0.2556
0.2756,0.2559
0.2275,0.2246
0.265,0.265
0.264,0.2795
0.2644,0.2576
0.2568,0.268
0.2644,0.263
0.2712,0.2695
0.2644,0.2737
0.249,0.2472
0.2793,0.2861
0.2666,0.2803
0.2803,0.2666
0.2832,0.28
0.2522,0.2556
0.2686,0.2666
0.2678,0.2612
0.2996,0.297
0.2354,0.2483
0.266,0.2756
0.2742,0.2693
0.2537,0.259
0.2566,0.2576
0.2622,0.2651
0.2725,0.2666
0.292,0.2725
0.3027,0.2915
0.2688,0.2737
0.2937,0.2996
0.2869,0.2905
0.2477,0.2595
0.295,0.2966
0.2952,0.2986
0.2583,0.2418
0.2474,0.2651
0.245,0.2301
0.2328,0.241
0.2389,0.2207
0.229,0.2198
0.297,0.2996
0.268,0.2766
0.2495,0.2563
0.268,0.2605
0.2832,0.277
0.3135,0.3167
0.3196,0.316
0.252,0.2542
0.251,0.2576
0.2466,0.2395
0.2499,0.249
0.2542,0.252
0.2391,0.2524
0.2394,0.2356
0.2837,0.2993
0.3035,0.3044
0.3003,0.3042
0.2214,0.211
0.275,0.271
0.2634,0.2664
0.271,0.275
0.2632,0.2622
0.2683,0.264
0.2825,0.2905
0.2769,0.2637
0.2654,0.2646
0.2742,0.2786
0.285,0.281
0.2534,0.2695
0.2424,0.2382
0.2465,0.242
0.1945,0.1952
0.2474,0.2664
0.1951,0.1915
0.2424,0.2424
0.2812,0.2795
0.2505,0.275
0.2457,0.2399
0.2408,0.2527
0.1984,0.2103
0.2263,0.2172
0.2092,0.2054
0.255,0.2465
0.2499,0.26
0.2347,0.2432
0.259,0.2463
0.2786,0.2426
0.262,0.2751
0.2498,0.2766
0.2678,0.2593
0.255,0.26
0.2727,0.2773
0.2644,0.2673
0.2,0.2229
0.2059,0.2028
0.2394,0.2355
0.2576,0.2502
0.2296,0.2424
0.2437,0.2593
0.2252,0.2336
0.2144,0.2268
0.187,0.1973
0.278,0.28
0.218,0.221
0.2025,0.2156
0.2329,0.231
0.2173,0.2181
0.2595,0.2688
0.2288,0.2196
0.196,0.1812
0.28,0.272
0.266,0.2499
0.2231,0.2285
0.2205,0.2235
0.2285,0.2231
0.2235,0.2205
0.2336,0.2338
0.269,0.2646
0.2152,0.2098
0.2695,0.2698
0.2335,0.2345
0.2484,0.2428
0.2063,0.2139
0.186,0.1752
0.2278,0.2424
0.1783,0.18
0.2544,0.2527
0.3015,0.291
0.2751,0.2922
0.2832,0.2998
0.2556,0.2598
0.248,0.2598
0.2632,0.2537
0.3103,0.3198
0.2727,0.2747
0.2935,0.2947
0.2197,0.2194
0.244,0.254
0.301,0.3035
0.2664,0.2664
0.228,0.2272
0.2325,0.2308
0.2646,0.2362
0.314,0.3284
0.2367,0.2683
0.3396,0.321
0.278,0.2776
0.2769,0.2861
0.276,0.286
0.2452,0.2396
0.2505,0.2573
0.2507,0.2397
0.2434,0.2311
0.2322,0.233
0.2231,0.2222
0.2389,0.249
0.229,0.231
0.258,0.2676
0.2256,0.2452
0.239,0.2406
0.2313,0.2494
0.2559,0.2634
0.2761,0.2773
0.27,0.2769
0.278,0.2688
0.2396,0.2404
0.2341,0.2377
0.2922,0.2793
0.2773,0.2805
0.2551,0.2585
0.2822,0.29
0.2554,0.252
0.229,0.2333
0.2695,0.2756
0.252,0.2524
0.253,0.2715
0.273,0.2708
0.229,0.2225
0.2808,0.2717
0.28,0.2817
0.2478,0.254
0.2294,0.2302
0.2205,0.2277
0.2544,0.2494
0.2634,0.2563
0.2827,0.2766
0.2351,0.2217
0.2922,0.2986
0.3064,0.293
0.2277,0.2288
0.2292,0.2238
0.2683,0.2727
0.2737,0.2698
0.309,0.3108
0.27,0.2688
0.309,0.3118
0.263,0.272
0.262,0.2756
0.2761,0.2798
0.2722,0.261
0.2983,0.303
0.2866,0.2986
0.2786,0.2842
0.305,0.3022
0.2307,0.2349
0.2112,0.2057
0.2155,0.2262
0.2477,0.2585
0.2542,0.2615
0.2532,0.254
0.2517,0.2585
0.26,0.2498
0.2517,0.2487
0.2338,0.236
0.2493,0.2491
0.2465,0.2499
0.2605,0.25
0.2556,0.2607
0.2642,0.264
0.3162,0.3328
0.3232,0.307
0.2238,0.1909
0.244,0.2484
0.2362,0.2412
0.233,0.2356
0.2512,0.2524
0.2484,0.2527
0.2451,0.2499
0.2377,0.2396
0.2441,0.2443
0.2263,0.2245
0.2598,0.2546
0.1926,0.251
0.2493,0.2515
0.2349,0.238
0.256,0.262
0.265,0.2617
0.2103,0.223
0.2135,0.2161
0.2266,0.2274
0.2296,0.2295
0.2406,0.2361
0.2686,0.2695
0.2186,0.2177
0.2495,0.2605
0.273,0.258
0.2546,0.2732
0.2494,0.2417
0.247,0.2622
0.2935,0.2808
0.2922,0.299
0.2766,0.2773
0.271,0.2705
0.289,0.306
0.3018,0.3013
0.2996,0.2969
0.3044,0.3074
0.2795,0.293
0.2437,0.243
0.243,0.2437
0.2219,0.2069
0.2069,0.2219
0.2043,0.2047
0.1901,0.19
0.2023,0.2019
0.2803,0.283
0.2578,0.2578
0.2742,0.2751
0.2356,0.2332
0.2693,0.2693
0.2795,0.2803
0.2568,0.2627
0.255,0.2559
0.256,0.2479
0.2349,0.2292
0.2712,0.2595
0.3054,0.3096
0.3105,0.309
0.2637,0.2688
0.2812,0.2825
0.2617,0.2659
0.269,0.2734
0.271,0.2693
0.2773,0.2773
0.311,0.3171
0.276,0.2827
0.2693,0.2664
0.2072,0.2039
0.2225,0.2231
0.2317,0.2273
0.2502,0.251
0.269,0.2664
0.2365,0.2505
0.281,0.2825
0.231,0.254
0.2394,0.2399
0.2372,0.2296
0.2607,0.2695
0.2773,0.275
0.2815,0.2717
0.2861,0.2878
0.2744,0.2744
0.3162,0.3223
0.2465,0.2373
0.2238,0.2323
0.2878,0.279
0.2612,0.254
0.2427,0.2512
0.283,0.2993
0.286,0.289
0.2903,0.2896
0.2605,0.2644
0.2996,0.2805
0.2284,0.2228
0.23,0.2299
0.288,0.292
0.2139,0.2316
0.265,0.2795
0.2522,0.2484
0.2186,0.2076
0.218,0.23
0.2861,0.2822
0.251,0.2456
0.2412,0.2343
0.2698,0.278
0.281,0.2678
0.2656,0.261
0.245,0.2644
0.2942,0.2878
0.3018,0.3008
0.2927,0.2917
0.298,0.289
0.287,0.2915
0.2893,0.2827
0.2693,0.2683
0.2996,0.296
0.2996,0.3032
0.3008,0.3018
0.2927,0.29
0.288,0.2893
0.3057,0.2996
0.265,0.26
0.3018,0.3074
0.2583,0.262
0.2776,0.262
0.261,0.2668
0.263,0.2556
0.263,0.2605
0.233,0.2396
0.2537,0.2499
0.2646,0.2668
0.2659,0.2705
0.2437,0.2502
0.273,0.2708
0.264,0.2515
0.2339,0.2307
0.259,0.267
0.265,0.2783
0.2277,0.2317
0.2296,0.2261
0.2219,0.2338
0.239,0.2279
0.2488,0.2288
0.2288,0.2488
0.2196,0.2264
0.295,0.2866
0.2896,0.2966
0.2834,0.291
0.2932,0.2764
0.2338,0.2269
0.291,0.2834
0.2966,0.2896
0.2334,0.23
0.2448,0.2537
0.2472,0.2484
0.2493,0.2507
0.2595,0.251
0.2585,0.2512
0.2764,0.2805
0.2927,0.2925
0.287,0.287
0.305,0.3076
0.2966,0.2983
0.2805,0.2815
0.305,0.3052
0.2944,0.2942
0.2573,0.2603
0.299,0.3022
0.2064,0.206
0.279,0.2776
0.3025,0.2935
0.311,0.2993
0.272,0.276
0.2966,0.3008
0.2487,0.2441
0.2578,0.2588
0.2014,0.2074
0.2937,0.2886
0.291,0.2827
0.2476,0.2495
0.2988,0.3013
0.2198,0.224
0.2323,0.2334
0.2324,0.2285
0.2277,0.2313
0.2375,0.2466
0.245,0.2524
0.2544,0.2502
0.2451,0.242
0.2651,0.2727
0.3127,0.3228
0.314,0.3203
0.2783,0.2825
0.2893,0.2954
0.2063,0.2119
0.2727,0.2651
0.2115,0.2056
0.2942,0.2812
0.212,0.215
0.222,0.215
0.261,0.2627
0.2175,0.2163
0.2556,0.264
0.2163,0.2261
0.214,0.2084
0.2178,0.2107
0.2654,0.2568
0.2466,0.2642
0.2006,0.197
0.2013,0.2112
0.2646,0.2698
0.2302,0.1957
0.2583,0.2328
0.2263,0.232
0.2411,0.2498
0.3052,0.312
0.2512,0.2598
0.2832,0.2834
0.2964,0.2778
0.2377,0.27
0.2379,0.2379
0.3052,0.3035
0.252,0.2554
0.1909,0.1874
0.1931,0.1934
0.1946,0.2063
0.2101,0.1963
0.2174,0.2167
0.1986,0.203
0.2041,0.1978
0.2365,0.2239
0.2001,0.1906
0.2238,0.2152
0.2017,0.1892
0.1941,0.1938
0.2157,0.2229
0.2029,0.2094
0.231,0.2217
0.1975,0.1986
0.213,0.2107
0.2445,0.231
0.2517,0.2715
0.2664,0.2598
0.2742,0.2822
0.2832,0.2737
0.2418,0.2817
0.2834,0.2834
0.2283,0.2389
0.2537,0.2517
0.273,0.2532
0.2627,0.262
0.3093,0.2983
0.312,0.3093
0.2448,0.2451
0.26,0.2593
0.2372,0.2194
0.265,0.2651
0.3113,0.301
0.312,0.3093
0.2568,0.2573
0.3027,0.3108
0.2335,0.2366
0.2432,0.263
0.2161,0.2296
0.3057,0.3125
0.2133,0.2294
0.2294,0.2133
0.2537,0.2517
0.2686,0.264
0.253,0.256
0.2998,0.3025
0.2966,0.2952
0.269,0.2737
0.2097,0.2175
0.2856,0.2776
0.27,0.2603
0.2556,0.2651
0.2542,0.2563
0.313,0.3154
0.3064,0.2966
0.3025,0.3066
0.2324,0.2332
0.2351,0.2328
0.263,0.2559
0.2654,0.2544
0.2537,0.259
0.258,0.2573
0.2595,0.2598
0.249,0.2448
0.2246,0.2291
0.2351,0.2458
0.241,0.231
0.251,0.2522
0.3193,0.3184
0.318,0.3154
0.3152,0.3179
0.3184,0.3193
0.3193,0.3193
0.2744,0.268
0.2295,0.245
0.2993,0.3032
0.2632,0.2534
0.3162,0.3154
0.2834,0.287
0.2817,0.2808
0.289,0.2905
0.2693,0.261
0.303,0.301
0.2703,0.2766
0.2722,0.279
0.2622,0.259
0.271,0.2698
0.2666,0.2747
0.2788,0.268
0.2732,0.2551
0.2703,0.27
0.275,0.2708
0.2673,0.273
0.2236,0.2393
0.2445,0.253
0.2625,0.275
0.2482,0.2391
0.269,0.2595
0.2314,0.2163
0.261,0.272
0.2788,0.264
0.276,0.2659
0.2405,0.2356
0.2418,0.2415
0.2703,0.2688
0.2197,0.2261
0.2268,0.219
0.2578,0.2478
0.2441,0.2576
0.282,0.2856
0.2471,0.259
0.2673,0.2664
0.2131,0.1953
0.1921,0.2113
0.1969,0.211
0.1876,0.2026
0.2225,0.2067
0.2537,0.2474
0.2644,0.2477
0.2056,0.2028
0.2098,0.2126
0.2411,0.2546
0.2324,0.2407
0.2212,0.2303
0.2115,0.2068
0.2352,0.2288
0.2075,0.2037
0.2576,0.2568
0.2524,0.2434
0.2249,0.217
0.2312,0.2366
0.2258,0.2339
0.2128,0.2156
0.2544,0.2612
0.2344,0.2212
0.301,0.2913
0.2864,0.2812
0.285,0.276
0.293,0.29
0.2983,0.292
0.2954,0.2869
0.2886,0.2805
0.2922,0.2954
0.1957,0.1959
0.2617,0.2644
0.2522,0.2559
0.2573,0.261
0.326,0.3115
0.2413,0.2383
0.255,0.2471
0.301,0.2993
0.3103,0.3132
0.312,0.3245
0.3015,0.301
0.2339,0.2356
0.2439,0.251
0.2915,0.2854
0.2864,0.2888
0.2374,0.2358
0.2275,0.2284
0.3225,0.32
0.328,0.3318
0.2922,0.2976
0.264,0.2832
0.2932,0.2969
0.2595,0.2595
0.2502,0.2563
0.2642,0.2756
0.2732,0.2678
0.2532,0.2407
0.2227,0.2367
0.261,0.263
0.2551,0.2454
0.2352,0.236
0.2935,0.283
0.2559,0.2585
0.2432,0.2328
0.2412,0.2612
0.2258,0.233
0.2568,0.2556
0.2593,0.2399
0.2805,0.291
0.2986,0.295
0.323,0.3154
0.23,0.2274
0.3127,0.3245
0.229,0.2303
0.2854,0.2908
0.282,0.2686
0.3398,0.337
0.3364,0.3347
0.2651,0.2717
0.333,0.3413
0.2225,0.2214
0.2876,0.2874
0.2793,0.269
0.277,0.278
0.2944,0.2888
0.264,0.2583
0.2595,0.2634
0.3015,0.3027
0.312,0.3022
0.3013,0.3003
0.3044,0.2961
0.3071,0.302
0.3037,0.3025
0.3118,0.3115
0.2832,0.2803
0.2825,0.2888
0.3079,0.3044
0.291,0.287
0.2847,0.2734
0.2231,0.228
0.2351,0.2183
0.233,0.2124
0.2817,0.2842
0.2778,0.269
0.2299,0.235
0.2893,0.2827
0.2598,0.2603
0.194,0.193
0.2153,0.2146
0.2408,0.2365
0.2708,0.2676
0.1917,0.1909
0.2686,0.2715
0.2922,0.2947
0.2935,0.2913
0.2181,0.2332
0.3088,0.3096
0.3125,0.3096
0.2288,0.2432
0.2554,0.2404
0.274,0.2712
0.3047,0.3096
0.2517,0.2615
0.3066,0.3105
0.3035,0.3103
0.3083,0.307
0.3018,0.3228
0.2361,0.2286
0.2491,0.2397
0.2291,0.2388
0.2383,0.2458
0.2313,0.2362
0.2325,0.245
0.2505,0.2507
0.2727,0.2754
0.2893,0.314
0.2915,0.293
0.306,0.2935
0.2705,0.2847
0.275,0.2656
0.2278,0.2223
0.2654,0.2666
0.243,0.2432
0.2179,0.2245
0.219,0.2161
0.2301,0.2144
0.2457,0.248
0.2448,0.25
0.2935,0.2974
0.276,0.2935
0.31,0.3115
0.3152,0.3184
0.2524,0.274
0.3027,0.2996
0.2812,0.275
0.266,0.2551
0.2844,0.2683
0.2966,0.2834
0.2664,0.2578
0.276,0.2888
0.3025,0.3088
0.291,0.2925
0.302,0.2944
0.2898,0.2961
0.2864,0.2961
0.3018,0.2942
0.2925,0.291
0.2433,0.2412
0.2747,0.2893
0.2484,0.251
0.2568,0.2495
0.231,0.2277
0.2311,0.2183
0.2146,0.2056
0.2273,0.232
0.2065,0.2194
0.2366,0.2305
0.2173,0.2318
0.2247,0.2253
0.2585,0.26
0.2778,0.276
0.2627,0.261
0.2944,0.2896
0.2903,0.2883
0.2747,0.272
0.2491,0.2236
0.2231,0.2299
0.2837,0.266
0.2131,0.2296
0.2522,0.2754
0.2291,0.2217
0.285,0.2837
0.283,0.2788
0.3025,0.3042
0.3057,0.3188
0.27,0.2654
0.269,0.2666
0.2286,0.2214
0.2086,0.1964
0.2123,0.2041
0.1991,0.2081
0.2228,0.2216
0.1942,0.1931
0.2097,0.1965
0.2615,0.2666
0.252,0.2583
0.2566,0.2524
0.261,0.2634
0.273,0.2805
0.2883,0.283
0.2808,0.2534
0.3018,0.296
0.2402,0.2224
0.3203,0.3137
0.267,0.2625
0.2288,0.2379
0.2312,0.2343
0.2362,0.2383
0.265,0.2651
0.2401,0.2382
0.2285,0.2275
0.2385,0.2605
0.2402,0.2404
0.2393,0.2457
0.2537,0.252
0.2295,0.2238
0.235,0.2494
0.2238,0.2394
0.2473,0.2498
0.3062,0.295
0.2686,0.2725
0.285,0.291
0.264,0.2766
0.2834,0.2803
0.2727,0.2705
0.2766,0.264
0.2316,0.2397
0.2812,0.2822
0.2483,0.261
0.272,0.2742
0.2052,0.2029
0.2866,0.2847
0.2766,0.2776
0.252,0.2485
0.2133,0.2175
0.2452,0.2445
0.223,0.2179
0.2499,0.2443
0.2354,0.2253
0.2423,0.2489
0.2238,0.2273
0.2338,0.2402
0.291,0.2883
0.298,0.311
0.2778,0.2798
0.2788,0.2695
0.226,0.2347
0.2554,0.265
0.259,0.2559
0.3064,0.3062
0.2622,0.2507
0.2693,0.261
0.2524,0.2496
0.2917,0.295
0.26,0.2544
0.2798,0.283
0.2605,0.2385
0.2854,0.267
0.274,0.2651
0.282,0.2776
0.295,0.284
0.2349,0.2415
0.2292,0.2133
0.2272,0.2383
0.2004,0.2051
0.2979,0.288
0.2006,0.2058
0.2422,0.2329
0.2144,0.2069
0.2289,0.2292
0.2698,0.2742
0.2217,0.229
0.2377,0.2283
0.1772,0.1805
0.2142,0.227
0.2133,0.2416
0.2416,0.2133
0.2942,0.2896
0.2832,0.2861
0.297,0.3042
0.2612,0.2568
0.2401,0.2388
0.2296,0.2351
0.2588,0.2554
0.295,0.2878
0.2607,0.2588
0.256,0.258
0.2446,0.2732
0.2343,0.2312
0.2225,0.2292
0.295,0.2913
0.2898,0.2996
0.2688,0.2722
0.2756,0.2734
0.2532,0.245
0.2476,0.2625
0.2042,0.1987
0.1921,0.2072
0.2014,0.1838
0.2335,0.23
0.2041,0.2089
0.2556,0.2443
0.2563,0.2452
0.1992,0.2102
0.2452,0.2563
0.251,0.257
0.2615,0.2737
0.2095,0.2021
0.2368,0.2556
0.2144,0.1975
0.1991,0.2114
0.1835,0.1975
0.2084,0.2142
0.1744,0.1893
0.178,0.1893
0.1975,0.1835
0.193,0.1802
0.228,0.2295
0.2773,0.267
0.3062,0.3105
0.2756,0.2876
0.313,0.3037
0.2793,0.2861
0.283,0.2737
0.2285,0.2305
0.2449,0.2512
0.2983,0.2969
0.2898,0.2808
0.2961,0.3032
0.2512,0.252
0.2673,0.2727
0.2098,0.2205
0.2666,0.2727
0.258,0.2554
0.2527,0.2495
0.2524,0.2484
0.267,0.2632
0.3018,0.2957
0.2489,0.2476
0.2435,0.2434
0.2712,0.2688
0.2434,0.2435
0.276,0.2703
0.2642,0.2637
0.3032,0.3037
0.3142,0.3132
0.3074,0.299
0.3074,0.299
0.2028,0.1891
0.2212,0.2318
0.2262,0.2255
0.2372,0.2433
0.2341,0.2413
0.2257,0.2295
0.2426,0.2327
0.2489,0.2416
0.2378,0.2328
0.2399,0.2488
0.2727,0.264
0.2573,0.2734
0.2598,0.2722
0.2756,0.2637
0.2717,0.2725
0.2676,0.2764
0.2732,0.2622
0.2695,0.2646
0.2515,0.2563
0.3015,0.3005
0.3,0.307
0.3096,0.3164
0.3123,0.3179
0.2634,0.2465
0.2764,0.2644
0.2698,0.2576
0.263,0.2722
0.2465,0.2634
0.2188,0.2137
0.2249,0.2177
0.2935,0.2734
0.275,0.2808
0.2379,0.2556
0.2437,0.254
0.1958,0.1854
0.2042,0.1992
0.2006,0.2048
0.2783,0.2593
0.2654,0.2805
0.2544,0.2725
0.2544,0.2725
0.2654,0.2805
0.1812,0.1943
0.2783,0.2593
0.2627,0.2654
0.2146,0.2019
0.2383,0.2211
0.2266,0.2108
0.2314,0.2296
0.2291,0.2134
0.284,0.2778
0.2727,0.275
0.2805,0.2861
0.271,0.2705
0.2783,0.2837
0.1975,0.2001
0.2883,0.2788
0.2249,0.2382
0.2368,0.2428
0.297,0.294
0.2769,0.2764
0.2856,0.2883
0.2279,0.2479
0.2085,0.2114
0.2108,0.2224
0.2869,0.2798
0.2827,0.2756
0.2148,0.211
0.2057,0.1996
0.199,0.1973
0.259,0.267
0.2181,0.2211
0.2854,0.2773
0.2852,0.2761
0.2217,0.2345
0.2505,0.2474
0.2527,0.25
0.2798,0.2847
0.275,0.2773
0.287,0.2917
0.2783,0.27
0.2935,0.295
0.2998,0.3042
0.2942,0.2898
0.288,0.2878
0.2651,0.282
0.2307,0.2394
0.2074,0.2128
0.2786,0.2742
0.26,0.2812
0.2896,0.268
0.2766,0.2913
0.2266,0.2328
0.23,0.2306
0.2778,0.2786
0.2842,0.2898
0.2295,0.2292
0.2172,0.2261
0.2278,0.239
0.2388,0.2375
0.2284,0.229
0.2864,0.2812
0.2238,0.2234
0.2394,0.2227
0.2795,0.273
0.2227,0.2192
0.2275,0.2157
0.2308,0.2325
0.2256,0.2257
0.2438,0.2401
0.249,0.271
0.2751,0.2651
0.2998,0.289
0.2651,0.2737
0.2576,0.2686
0.2678,0.2462
0.2683,0.2678
0.289,0.2983
0.2874,0.2888
0.2837,0.2744
0.2751,0.2905
0.2961,0.2883
0.2341,0.2583
0.1993,0.1954
0.2659,0.281
0.2847,0.2827
0.1777,0.1895
0.2064,0.2041
0.2961,0.2915
0.3157,0.3027
0.301,0.3093
0.2847,0.2844
0.2537,0.2473
0.2512,0.2542
0.2537,0.257
0.315,0.3245
0.2788,0.282
0.3206,0.3179
0.2822,0.2776
0.2262,0.2167
0.2302,0.2286
0.2527,0.2377
0.2363,0.2297
0.2632,0.257
0.2408,0.2382
0.2788,0.277
0.2603,0.2644
0.2563,0.2576
0.2296,0.2318
0.2607,0.2573
0.2556,0.2443
0.2368,0.2659
0.2778,0.2815
0.2362,0.2303
0.2224,0.2284
0.2286,0.2284
0.253,0.2622
0.2344,0.2408
0.2285,0.241
0.3027,0.3071
0.2815,0.291
0.2886,0.2788
0.2964,0.2874
0.2573,0.2603
0.2544,0.2532
0.1794,0.178
0.2319,0.2275
0.2301,0.2269
0.2397,0.2335
0.3052,0.297
0.2407,0.2401
0.2913,0.2776
0.2346,0.2325
0.274,0.2678
0.274,0.2678
0.3123,0.2888
0.2434,0.2505
0.2815,0.2986
0.2478,0.2627
0.2421,0.2328
0.2296,0.2378
0.2352,0.2294
0.217,0.1759
0.1831,0.1868
0.2001,0.2073
0.195,0.1895
0.2402,0.2377
0.256,0.2573
0.2101,0.2201
0.2457,0.246
0.2036,0.197
0.1918,0.1979
0.2483,0.2461
0.2476,0.25
0.255,0.2537
0.1973,0.2145
0.2773,0.2734
0.2793,0.2856
0.2676,0.2732
0.2445,0.2465
0.2786,0.2742
0.2183,0.25
0.2764,0.2783
0.1974,0.2007
0.2233,0.2377
0.2351,0.229
0.2407,0.2428
0.2402,0.2201
0.2583,0.2625
0.2133,0.1917
0.2235,0.2246
0.265,0.2632
0.2112,0.2125
0.2654,0.2559
0.2805,0.274
0.2174,0.2234
0.2595,0.2637
0.22,0.218
0.264,0.2676
0.2573,0.2568
0.2219,0.2244
0.2328,0.2184
0.2312,0.2345
0.2269,0.226
0.28,0.2646
0.2112,0.224
0.2188,0.214
0.2296,0.2188
0.2188,0.2212
0.2255,0.2256
0.266,0.2766
0.3123,0.3086
0.3096,0.3088
0.2625,0.2654
0.2253,0.2173
0.2335,0.2313
0.26,0.259
0.252,0.2498
0.2524,0.2551
0.26,0.2487
0.2517,0.2395
0.2527,0.2495
0.2666,0.256
0.2297,0.2275
0.2351,0.2379
0.2484,0.2588
0.2391,0.2302
0.2389,0.2404
0.2238,0.2347
0.2394,0.2524
0.2467,0.259
0.224,0.2139
0.2131,0.2158
0.2206,0.2241
0.2908,0.2922
0.228,0.23
0.2686,0.2798
0.2368,0.2385
0.246,0.2255
0.2374,0.2408
0.2732,0.2668
0.2235,0.224
0.2288,0.2272
0.2007,0.1958
0.1959,0.1917
0.2355,0.2217
0.2222,0.2322
0.2627,0.2588
0.2705,0.2708
0.2333,0.21
0.2096,0.2185
0.226,0.2366
0.2524,0.2656
0.2311,0.239
0.2089,0.2124
0.3252,0.3127
0.2886,0.2925
0.3105,0.317
0.3118,0.3057
0.3137,0.3179
0.3103,0.3018
0.2786,0.2737
0.27,0.268
0.2698,0.2668
0.2864,0.2844
0.2686,0.268
0.2932,0.3076
0.276,0.279
0.3093,0.2893
0.2344,0.2306
0.305,0.3044
0.269,0.269
0.2164,0.2242
0.284,0.288
0.2369,0.243
0.3032,0.3064
0.268,0.2705
0.2612,0.257
0.253,0.2496
0.266,0.284
0.2632,0.254
0.2253,0.2251
0.2235,0.2172
0.2542,0.2416
0.2341,0.2316
0.2627,0.2693
0.2247,0.2261
0.253,0.2499
0.2507,0.271
0.2776,0.2615
0.2712,0.274
0.2903,0.2954
0.2722,0.2693
0.3032,0.2993
0.2786,0.2766
0.2808,0.2764
0.2751,0.2761
0.2612,0.2566
0.2888,0.2922
0.2976,0.3
0.2866,0.2854
0.3142,0.3108
0.2852,0.279
0.2795,0.2761
0.2732,0.2742
0.2947,0.287
0.3008,0.2952
0.2893,0.2761
0.2195,0.2673
0.2786,0.2937
0.2456,0.246
0.25,0.251
0.2246,0.227
0.2343,0.2317
0.1943,0.2056
0.2214,0.2418
0.2388,0.2174
0.2042,0.2014
0.2195,0.2345
0.244,0.237
0.2201,0.2125
0.2446,0.2306
0.2479,0.254
0.2607,0.2783
0.1954,0.2062
0.2018,0.2015
0.2281,0.2239
0.2075,0.2253
0.2104,0.2157
0.2057,0.2173
0.2181,0.2224
0.2251,0.2356
0.244,0.2426
0.233,0.2416
0.2394,0.2495
0.2119,0.2224
0.2203,0.2147
0.2083,0.202
0.2427,0.2482
0.2267,0.2205
0.247,0.2455
0.2338,0.2166
0.23,0.2202
0.2095,0.2068
0.2006,0.1926
0.2109,0.2155
0.226,0.2197
0.221,0.2362
0.2517,0.2407
0.2416,0.235
0.2362,0.2325
0.2257,0.234
0.2322,0.2156
0.2698,0.2512
0.2405,0.2374
0.2343,0.2174
0.2098,0.2146
0.2091,0.2084
0.2129,0.2242
0.2583,0.2483
0.2384,0.23
0.2634,0.267
0.2423,0.2512
0.2356,0.2311
0.2496,0.2451
0.2795,0.2866
0.3115,0.3254
0.2374,0.2401
0.2272,0.2267
0.2993,0.3027
0.322,0.307
0.2776,0.2798
0.2773,0.2742
0.2627,0.2715
0.2705,0.2666
0.2793,0.285
0.3022,0.2976
0.2744,0.2761
0.285,0.2861
0.2318,0.226
0.2216,0.2266
0.2467,0.2368
0.2352,0.2468
0.2334,0.2336
0.2307,0.2274
0.2235,0.2211
0.2346,0.2343
0.2256,0.229
0.2235,0.2323
0.2798,0.2886
0.2683,0.2654
0.2927,0.29
0.1881,0.2068
0.303,0.2954
0.2203,0.2559
0.2979,0.2876
0.2139,0.1912
0.2396,0.2186
0.2864,0.2852
0.2683,0.2654
0.2406,0.2437
0.2015,0.246
0.2437,0.2406
0.252,0.258
0.2223,0.2255
0.2142,0.2137
0.2255,0.2213
0.2284,0.2241
0.2252,0.2253
0.2532,0.2449
0.2195,0.2253
0.2261,0.221
0.2172,0.2137
0.2524,0.2443
0.2588,0.2805
0.2722,0.258
0.2876,0.2869
0.28,0.2866
0.2372,0.2357
0.2407,0.2378
0.2874,0.2905
0.275,0.278
0.2495,0.234
0.2834,0.2903
0.2898,0.2847
0.2239,0.2166
0.2328,0.2406
0.307,0.3037
0.3025,0.3
0.2944,0.2903
0.2966,0.3022
0.2384,0.2437
0.3193,0.3245
0.3076,0.3213
0.3145,0.3025
0.2467,0.2603
0.2131,0.2025
0.2163,0.2137
0.2194,0.2366
0.2175,0.2079
0.2432,0.2305
0.2079,0.2175
0.257,0.2583
0.2522,0.259
0.2744,0.2761
0.2233,0.2301
0.266,0.2544
0.2625,0.2588
0.261,0.26
0.2798,0.2744
0.2474,0.2427
0.2607,0.2644
0.2422,0.2412
0.2612,0.2666
0.2455,0.24
0.2161,0.2178
0.2357,0.2551
0.2379,0.2255
0.2632,0.2761
0.2234,0.2322
0.2239,0.2323
0.2415,0.2261
0.2705,0.2734
0.2251,0.2167
0.2786,0.2651
0.3005,0.2947
0.308,0.2974
0.2974,0.301
0.3018,0.3086
0.2208,0.2184
0.241,0.2424
0.2443,0.2443
0.23,0.2235
0.2103,0.2139
0.2712,0.2734
0.2344,0.227
0.222,0.2225
0.2198,0.2255
0.2333,0.2329
0.2242,0.2233
0.273,0.2656
0.2822,0.2866
0.2756,0.2773
0.2607,0.251
0.2244,0.2382
0.261,0.273
0.243,0.2517
0.253,0.2473
0.2019,0.2046
0.2308,0.2351
0.2151,0.2158
0.2045,0.1985
0.1969,0.1926
0.2163,0.2172
0.2408,0.2375
0.2472,0.249
0.228,0.248
0.2499,0.2659
0.2327,0.2314
0.1874,0.196
0.2642,0.2566
0.2238,0.2122
0.2277,0.2185
0.2125,0.2148
0.2301,0.2229
0.2124,0.2163
0.2766,0.2815
0.2058,0.2363
0.2272,0.2396
0.2229,0.2301
0.273,0.2676
0.2363,0.2058
0.2396,0.2272
0.2822,0.2966
0.291,0.2803
0.27,0.2974
0.1981,0.1937
0.2358,0.2253
0.2291,0.2314
0.1964,0.1982
0.2732,0.2688
0.2708,0.2773
0.2798,0.2637
0.2822,0.2805
0.2825,0.2847
0.2673,0.271
0.2612,0.2542
0.2433,0.2391
0.302,0.3057
0.2306,0.227
0.2169,0.2246
0.26,0.2412
0.2546,0.2551
0.305,0.3083
0.284,0.3003
0.2996,0.2798
0.2379,0.2402
0.2783,0.2817
0.297,0.2903
0.2805,0.286
0.2876,0.2847
0.2351,0.241
0.2405,0.2405
0.2798,0.2744
0.2722,0.281
0.2908,0.2969
0.2461,0.2444
0.305,0.2974
0.244,0.2375
0.2742,0.2688
0.2362,0.234
0.2477,0.2441
0.256,0.255
0.2367,0.2388
0.2338,0.2402
0.234,0.2439
0.2766,0.2854
0.2416,0.2563
0.2343,0.2343
0.2391,0.2356
0.2397,0.2279
0.2253,0.2375
0.2424,0.2317
0.2223,0.2162
0.2205,0.2222
0.2308,0.2362
0.2249,0.2191
0.2369,0.2354
0.2412,0.2328
0.2345,0.2379
0.2306,0.2234
0.236,0.226
0.2228,0.2173
0.2198,0.2164
0.2214,0.2198
0.2375,0.2253
0.2101,0.2053
0.2314,0.2362
0.2408,0.2389
0.2247,0.2303
0.2175,0.2231
0.235,0.2329
0.2244,0.2307
0.2057,0.2169
0.2048,0.2101
0.2201,0.2251
0.2161,0.221
0.2568,0.2668
0.2173,0.2129
0.2156,0.2191
0.2169,0.2053
0.218,0.223
0.2311,0.224
0.2462,0.2437
0.2373,0.2422
0.2213,0.2157
0.2124,0.1967
0.1715,0.1714
0.2166,0.2244
0.2646,0.259
0.2544,0.2391
0.2573,0.259
0.2274,0.244
0.2223,0.2559
0.2898,0.2754
0.242,0.2214
0.28,0.3015
0.2534,0.268
0.2773,0.2542
0.256,0.2343
0.2244,0.2277
0.2345,0.2288
0.2186,0.2168
0.2341,0.2264
0.2622,0.2637
0.2155,0.2047
0.2198,0.2115
0.2615,0.2524
0.2257,0.2401
0.2693,0.2673
0.2979,0.2876
0.2646,0.255
0.288,0.282
0.2305,0.2307
0.243,0.2311
0.2405,0.2319
0.2844,0.283
0.2634,0.262
0.2107,0.2144
0.2332,0.2255
0.2844,0.2922
0.231,0.2397
0.2324,0.2368
0.2406,0.236
0.2303,0.2413
0.2642,0.266
0.2322,0.2485
0.2369,0.2388
0.2964,0.302
0.293,0.291
0.2236,0.2346
0.2817,0.2725
0.2361,0.2303
0.2096,0.2046
0.2515,0.2534
0.2065,0.2131
0.2798,0.2998
0.2893,0.3032
0.2311,0.2296
0.2473,0.267
0.2374,0.2277
0.2379,0.2234
0.2178,0.225
0.235,0.2482
0.2152,0.2207
0.2488,0.2448
0.2554,0.2429
0.2615,0.2396
0.2296,0.2194
0.2145,0.2068
0.2178,0.2196
0.1984,0.2094
0.2166,0.2323
0.2379,0.2437
0.2487,0.2583
0.2461,0.2505
0.2974,0.293
0.293,0.2998
0.2349,0.2289
0.218,0.2295
0.254,0.2512
0.2612,0.2695
0.2676,0.2637
0.2351,0.2423
0.2355,0.2245
0.2137,0.1964
0.2008,0.2019
0.2125,0.2211
0.1934,0.2153
0.2212,0.2244
0.2485,0.2446
0.2406,0.2467
0.2625,0.2688
0.2593,0.2585
0.2252,0.2225
0.2542,0.2527
0.2563,0.2622
0.2379,0.2369
0.2422,0.2434
0.251,0.2537
0.2412,0.2335
0.2161,0.1958
0.2551,0.259
0.2754,0.2646
0.2651,0.2769
0.285,0.2817
0.2686,0.2632
0.2585,0.252
0.275,0.2627
0.2588,0.259
0.275,0.2722
0.2722,0.275
0.2703,0.257
0.2542,0.2615
0.2466,0.2603
0.2404,0.2424
0.2441,0.2473
0.2465,0.2407
0.2434,0.2429
0.2483,0.2517
0.2402,0.2426
0.2583,0.253
0.2524,0.2449
0.2483,0.242
0.2393,0.239
0.2089,0.2107
0.2336,0.2329
0.2098,0.2058
0.2125,0.2134
0.2058,0.2025
0.2341,0.2335
0.2311,0.2395
0.2727,0.2578
0.1913,0.1975
0.1968,0.214
0.2517,0.258
0.2135,0.234
0.2566,0.2659
0.259,0.266
0.2627,0.255
0.2551,0.2593
0.2424,0.252
0.2391,0.253
0.2634,0.2695
0.1915,0.1979
0.2041,0.2017
0.258,0.2524
0.2505,0.256
0.2334,0.2256
0.2651,0.267
0.2308,0.2407
0.2123,0.2319
0.1913,0.1975
0.2444,0.238
0.2426,0.2477
0.254,0.257
0.2103,0.2172
0.2178,0.2112
0.1998,0.1948
0.2139,0.2269
0.2332,0.2444
0.2554,0.2498
0.262,0.2688
0.243,0.252
0.2568,0.247
0.2505,0.2449
0.2279,0.2211
0.2428,0.2295
0.2173,0.2253
0.2244,0.2343
0.2367,0.2136
0.2615,0.2612
0.2693,0.263
0.2448,0.2397
0.2607,0.2578
0.271,0.2632
0.2544,0.252
0.2202,0.208
0.2292,0.2166
0.2081,0.1981
0.2603,0.257
0.2634,0.2532
0.244,0.24
0.2213,0.2112
0.2544,0.259
0.251,0.2524
0.2505,0.252
0.2505,0.2477
0.2625,0.2556
0.2505,0.2384
0.2688,0.2834
0.2886,0.29
0.257,0.2678
0.2717,0.288
0.2715,0.2551
0.2864,0.2654
0.2922,0.2969
0.277,0.2888
0.2722,0.281
0.2917,0.2922
0.2798,0.2983
0.2676,0.2656
0.2725,0.272
0.2559,0.2603
0.2742,0.2742
0.2634,0.267
0.2817,0.2783
0.2703,0.2803
0.272,0.2725
0.2369,0.2278
0.1932,0.1989
0.2374,0.245
0.2208,0.2307
0.2257,0.2225
0.2505,0.262
0.2186,0.2261
0.1984,0.1998
0.2035,0.1945
0.2241,0.2255
0.2483,0.2522
0.2474,0.251
0.2363,0.2323
0.2612,0.2664
0.245,0.2495
0.2578,0.2534
0.2712,0.2722
0.2042,0.1929
0.1918,0.2018
0.2708,0.272
0.222,0.2203
0.2644,0.2737
0.2361,0.2297
0.223,0.2345
0.2258,0.239
0.2502,0.2449
0.2646,0.2583
0.2482,0.2573
0.2068,0.2142
0.2491,0.2333
0.2703,0.2607
0.2269,0.2313
0.2239,0.221
0.2527,0.2527
0.2428,0.245
0.2185,0.205
0.1987,0.1956
0.2644,0.263
0.2169,0.2277
0.2418,0.2377
0.1938,0.1976
0.241,0.2495
0.2303,0.2275
0.2407,0.2429
0.265,0.2595
0.2524,0.2395
0.2448,0.2417
0.244,0.2498
0.3027,0.2915
0.2874,0.2896
0.2866,0.3076
0.2188,0.2297
0.2013,0.1984
0.2605,0.258
0.2035,0.2024
0.22,0.2166
0.2163,0.2203
0.2069,0.1952
0.222,0.2183
0.2537,0.2446
0.2451,0.253
0.2153,0.2229
0.2668,0.2578
0.2482,0.2429
0.252,0.2546
0.2505,0.2479
0.2554,0.255
0.2522,0.2556
0.2622,0.2808
0.2825,0.2627
0.2482,0.2438
0.2422,0.2563
0.2546,0.2542
0.251,0.2532
0.2462,0.2434
0.2489,0.2556
0.2432,0.2489
0.2573,0.2382
0.1909,0.2035
0.2673,0.2678
0.2593,0.2664
0.2708,0.2798
0.264,0.2659
0.2847,0.2732
0.2732,0.2678
0.2822,0.266
0.2725,0.2734
0.2861,0.2795
0.2834,0.287
0.2668,0.287
0.2578,0.2585
0.2598,0.2615
0.2832,0.2925
0.278,0.27
0.2412,0.2542
0.2725,0.2725
0.2428,0.235
0.2507,0.254
0.239,0.2428
0.251,0.252
0.2445,0.2366
0.2478,0.252
0.2084,0.202
0.2573,0.2551
0.2878,0.2922
0.2308,0.2361
0.2042,0.2118
0.2356,0.231
0.2898,0.2937
0.2664,0.2688
0.3252,0.3152
0.3186,0.3198
0.225,0.239
0.2201,0.2292
0.2274,0.2294
0.2595,0.2466
0.2311,0.2267
0.2502,0.2476
0.253,0.2578
0.2842,0.2708
0.2457,0.2449
0.2803,0.2793
0.2361,0.2325
0.225,0.2273
0.2698,0.2578
0.2466,0.2433
0.3003,0.2979
0.2932,0.2969
0.2507,0.249
0.2179,0.2151
0.253,0.252
0.219,0.217
0.2527,0.2534
0.1958,0.2205
0.2888,0.3054
0.2188,0.2164
0.2632,0.272
0.2045,0.1866
0.2698,0.261
0.2612,0.2505
0.3035,0.2961
0.257,0.265
0.272,0.2678
0.2563,0.2463
0.264,0.2654
0.2527,0.256
0.2092,0.2086
0.288,0.267
0.2051,0.2019
0.285,0.285
0.282,0.2817
0.2898,0.2947
0.288,0.2908
0.2235,0.236
0.2108,0.2152
0.1951,0.2241
0.2045,0.2075
0.2081,0.2045
0.225,0.2205
0.2086,0.2067
0.2297,0.2087
0.2333,0.2239
0.2864,0.2734
0.2979,0.2842
0.213,0.2056
0.289,0.287
0.2773,0.2969
0.2874,0.2969
0.281,0.2905
0.23,0.268
0.249,0.2683
0.2411,0.2688
0.2136,0.2106
0.2184,0.2231
0.2042,0.2063
0.245,0.2559
0.2123,0.2067
0.263,0.255
0.2615,0.2517
0.2712,0.2522
0.2308,0.2267
0.2373,0.2421
0.2029,0.2146
0.2203,0.2306
0.2108,0.2136
0.2522,0.2385
0.2087,0.2047
0.2352,0.2588
0.2067,0.2166
0.1974,0.2108
0.2065,0.2151
0.2091,0.2145
0.2343,0.2183
0.2297,0.2223
0.2052,0.1967
0.2147,0.2031
0.2052,0.199
0.2118,0.2057
0.2203,0.2241
0.2463,0.2668
0.2195,0.2291
0.2227,0.2174
0.2004,0.205
0.2527,0.26
0.2361,0.2307
0.2086,0.2152
0.2927,0.3047
0.3025,0.3037
0.3044,0.303
0.2822,0.2769
0.3105,0.291
0.2407,0.2316
0.2922,0.3008
0.2264,0.2228
0.2094,0.2126
0.2898,0.2856
0.2651,0.2607
0.2905,0.2917
0.303,0.2908
0.2118,0.2142
0.2693,0.2698
0.2637,0.2688
0.2118,0.2059
0.2368,0.2357
0.2395,0.2411
0.2303,0.2346
0.2424,0.2448
0.2299,0.2268
0.2986,0.294
0.3032,0.3037
0.2932,0.2917
0.308,0.3076
0.2446,0.2483
0.1942,0.2059
0.2693,0.299
0.1976,0.1901
0.234,0.2478
0.2443,0.256
0.254,0.2429
0.285,0.3037
0.1853,0.182
0.2223,0.2366
0.2598,0.244
0.2644,0.2634
0.1997,0.1927
0.226,0.21
0.2664,0.2686
0.243,0.2437
0.2942,0.279
0.272,0.2776
0.2712,0.2634
0.2734,0.2776
0.2478,0.2479
0.269,0.256
0.2598,0.2686
0.2427,0.253
0.2793,0.2927
0.295,0.2861
0.223,0.2234
0.2003,0.2062
0.238,0.2432
0.2034,0.1973
0.2162,0.2041
0.2202,0.2235
0.2069,0.2178
0.2218,0.2284
0.2241,0.2191
0.2208,0.2128
0.2245,0.2117
0.2355,0.2344
0.2405,0.2288
0.245,0.2472
0.2722,0.2708
0.2449,0.2505
0.2698,0.2715
0.2717,0.2722
0.2098,0.2009
0.1935,0.2039
0.2004,0.2084
0.2776,0.2756
0.279,0.2795
0.268,0.268
0.1992,0.1912
0.2583,0.2605
0.2559,0.2317
0.2286,0.2524
0.2598,0.261
0.2554,0.2637
0.2534,0.244
0.2449,0.2386
0.2795,0.2893
0.2462,0.2432
0.2505,0.2466
0.2979,0.28
0.2253,0.2284
0.3262,0.3123
0.3083,0.317
0.2935,0.3035
0.3035,0.2937
0.266,0.2676
0.2817,0.2805
0.2725,0.2686
0.2476,0.2405
0.2368,0.2258
0.2441,0.2485
0.2693,0.2703
0.2603,0.251
0.2903,0.2957
0.2698,0.2654
0.2307,0.2373
0.2812,0.2842
0.2588,0.2588
0.2742,0.2715
0.2642,0.2598
0.2622,0.2656
0.2335,0.2362
0.2612,0.2712
0.2384,0.2417
0.2776,0.278
0.2622,0.259
0.2339,0.2329
0.241,0.2391
0.309,0.31
0.3076,0.315
0.2886,0.288
0.239,0.2362
0.2306,0.2372
0.2358,0.2408
0.259,0.2588
0.2517,0.249
0.25,0.2474
0.2391,0.2462
0.2188,0.2168
0.2708,0.2698
0.2437,0.2374
0.2507,0.2522
0.2466,0.2499
0.2112,0.2126
0.304,0.2927
0.2471,0.2366
0.2374,0.2437
0.2583,0.262
0.272,0.283
0.2576,0.2556
0.2461,0.246
0.3315,0.327
0.3237,0.326
0.228,0.2297
0.2275,0.2251
0.2197,0.2338
0.2297,0.228
0.2408,0.2266
0.2373,0.2418
0.2266,0.2408
0.2374,0.2308
0.2415,0.2397
0.246,0.257
0.2927,0.2869
0.2654,0.2612
0.279,0.2737
0.2462,0.2544
0.2546,0.2487
0.2634,0.2476
0.2583,0.2556
0.333,0.3347
0.3281,0.3274
0.253,0.2517
0.2281,0.1874
0.1904,0.2284
0.2242,0.226
0.2335,0.2341
0.2325,0.232
0.2964,0.2905
0.2361,0.2323
0.232,0.2245
0.2761,0.2703
0.2334,0.2349
0.2866,0.29
0.2705,0.271
0.2382,0.253
0.209,0.2194
0.2556,0.2576
0.2202,0.2169
0.2301,0.2069
0.2162,0.2197
0.216,0.2308
0.2625,0.2472
0.2654,0.2498
0.2644,0.273
0.263,0.2732
0.2646,0.2751
0.2644,0.273
0.2402,0.2487
0.2927,0.3003
0.256,0.261
0.2167,0.2375
0.2485,0.2556
0.2484,0.2394
0.2688,0.2603
0.2966,0.2896
0.2598,0.2585
0.2576,0.2404
0.271,0.2267
0.1869,0.1913
0.193,0.2019
0.2125,0.2224
0.2129,0.2156
0.2347,0.2247
0.2195,0.2195
0.2301,0.2363
0.2129,0.2158
0.2136,0.1991
0.2048,0.2063
0.2352,0.261
0.2422,0.2482
0.2087,0.2045
0.2263,0.2228
0.2482,0.2466
0.2874,0.284
0.279,0.2803
0.209,0.2197
0.2491,0.2426
0.2349,0.2314
0.2126,0.2122
0.2405,0.245
0.2285,0.2302
0.211,0.2118
0.2211,0.198
0.255,0.2573
0.2615,0.2583
0.207,0.2028
0.229,0.2327
0.2588,0.2632
0.248,0.2455
0.2292,0.2234
0.2104,0.2108
0.272,0.2695
0.2319,0.2357
0.184,0.1969
0.2136,0.2197
0.2465,0.2457
0.1932,0.1833
0.2201,0.2128
0.2025,0.2094
0.2294,0.2285
0.2178,0.2087
0.2087,0.2174
0.2712,0.2607
0.2157,0.2258
0.2235,0.2198
0.265,0.263
0.2128,0.2246
0.2754,0.2651
0.26,0.28
0.2708,0.2783
0.2625,0.2603
0.2634,0.2659
0.2196,0.2153
0.2125,0.2201
0.2374,0.2402
0.246,0.2465
0.2705,0.2783
0.2385,0.2559
0.276,0.2668
0.2693,0.2622
0.2668,0.276
0.2786,0.2732
0.2546,0.2354
0.2651,0.2457
0.2485,0.2612
0.2466,0.2482
0.3027,0.3032
0.2976,0.2932
0.3015,0.291
0.3088,0.307
0.2401,0.2458
0.2634,0.269
0.2676,0.2717
0.2751,0.2627
0.2883,0.2776
0.3022,0.2925
0.2776,0.2673
0.2932,0.2825
0.3079,0.298
0.1803,0.1992
0.2076,0.1892
0.2766,0.275
0.2837,0.2705
0.3035,0.3003
0.1777,0.1927
0.1996,0.2202
0.2815,0.2874
0.2155,0.1968
0.2861,0.2854
0.1986,0.1818
0.2408,0.2603
0.266,0.2542
0.2744,0.2905
0.2314,0.2365
0.2421,0.2439
0.2426,0.2407
0.2566,0.257
0.2441,0.2462
0.257,0.2566
0.2527,0.2556
0.2373,0.2355
0.28,0.2803
0.2484,0.2458
0.278,0.2852
0.2462,0.2323
0.2434,0.2448
0.2717,0.2815
0.2119,0.2181
0.2384,0.2448
0.2118,0.2089
0.2319,0.2332
0.2407,0.2375
0.2146,0.2167
0.2205,0.2203
0.2332,0.2332
0.2947,0.2937
0.3013,0.294
0.2256,0.2336
0.2385,0.2405
0.2642,0.2583
0.2852,0.285
0.2278,0.2238
0.2456,0.2471
0.2644,0.2703
0.2861,0.28
0.2673,0.2588
0.263,0.2595
0.2308,0.2275
0.222,0.2291
0.2913,0.296
0.2842,0.2927
0.2957,0.2896
0.297,0.2866
0.232,0.2452
0.266,0.2742
0.2263,0.2429
0.2189,0.229
0.2355,0.2258
0.2379,0.2394
0.1798,0.1841
0.2642,0.255
0.2383,0.2234
0.2207,0.2167
0.2406,0.2472
0.2428,0.243
0.2644,0.2793
0.2505,0.2754
0.2155,0.2522
0.2363,0.2576
0.242,0.2615
0.2448,0.255
0.2505,0.2463
0.2224,0.2119
0.2747,0.2573
0.2463,0.2395
0.2542,0.249
0.251,0.2783
0.2507,0.2477
0.2146,0.2117
0.2646,0.291
0.2478,0.2472
0.2351,0.2373
0.2822,0.2769
0.292,0.2815
0.2377,0.2421
0.2253,0.2263
0.283,0.294
0.27,0.2825
0.2612,0.2717
0.2644,0.275
0.275,0.2812
0.2117,0.2156
0.217,0.219
0.2732,0.2678
0.2196,0.2166
0.2152,0.219
0.27,0.26
0.244,0.2415
0.1934,0.1993
0.2167,0.2202
0.2408,0.2377
0.2352,0.2352
0.2776,0.2625
0.3196,0.3196
0.2122,0.2213
0.2025,0.2065
0.3179,0.3196
0.2264,0.2206
0.2988,0.3027
0.2998,0.2935
0.3005,0.289
0.2925,0.2888
0.296,0.3054
0.297,0.2993
0.1879,0.2075
0.2502,0.2493
0.2087,0.2247
0.2502,0.2467
0.2234,0.2344
0.2327,0.2164
0.256,0.2413
0.2688,0.2605
0.2654,0.2698
0.2421,0.2452
0.297,0.3093
0.3083,0.3135
0.3157,0.3003
0.3232,0.3298
0.308,0.3118
0.2756,0.2795
0.3132,0.3108
0.2471,0.2466
0.2717,0.277
0.3171,0.32
0.2328,0.2286
0.24,0.226
0.238,0.2412
0.2272,0.2301
0.2385,0.2374
0.2332,0.2445
0.2343,0.2489
0.1794,0.2424
0.2522,0.2632
0.2622,0.268
0.2554,0.2566
0.251,0.248
0.2164,0.2245
0.2156,0.2046
0.2793,0.2695
0.216,0.2191
0.2642,0.2844
0.2024,0.2112
0.2705,0.268
0.274,0.2717
0.2727,0.2708
0.2001,0.2073
0.21,0.2085
0.2148,0.216
0.2108,0.2114
0.2551,0.2673
0.265,0.2622
0.2063,0.2133
0.3057,0.2998
0.3298,0.3113
0.2847,0.2842
0.305,0.3237
0.3047,0.3113
0.2847,0.2842
0.2087,0.2153
0.2484,0.265
0.2152,0.2128
0.2524,0.2458
0.2542,0.2446
0.269,0.2583
0.311,0.3103
0.253,0.2507
0.278,0.2866
0.2766,0.2827
0.3152,0.315
0.2805,0.2756
0.2876,0.3027
0.2866,0.2913
0.2944,0.2864
0.2996,0.3174
0.2339,0.2161
0.2595,0.262
0.2365,0.2318
0.2345,0.2363
0.2031,0.2188
0.2218,0.2224
0.2102,0.2081
0.2186,0.2041
0.2051,0.2024
0.209,0.2028
0.21,0.2136
0.2637,0.27
0.1952,0.2017
0.2292,0.2366
0.2039,0.2134
0.2424,0.2385
0.2815,0.271
0.2178,0.2256
0.2122,0.2162
0.2386,0.2455
0.2408,0.2345
0.2479,0.2537
0.2106,0.2257
0.2559,0.253
0.2216,0.2217
0.2585,0.2573
0.1921,0.1942
0.2744,0.2805
0.2318,0.2267
0.2454,0.2434
0.2255,0.2306
0.2394,0.2434
0.2522,0.2515
0.2744,0.2666
0.2637,0.2532
0.2612,0.2766
0.2588,0.2656
0.2776,0.273
0.2712,0.2651
0.271,0.2673
0.2357,0.2372
0.2766,0.2725
0.2756,0.2769
0.2993,0.2957
0.292,0.2966
0.3025,0.2957
0.2356,0.2384
0.2407,0.2437
0.2384,0.2356
0.254,0.251
0.2559,0.2703
0.2512,0.2632
0.2607,0.2496
0.269,0.2583
0.2832,0.296
0.2456,0.2366
0.2266,0.2194
0.222,0.2269
0.256,0.2554
0.2344,0.256
0.2441,0.246
0.2834,0.261
0.2489,0.2318
0.2856,0.2678
0.234,0.2544
0.2683,0.2522
0.2722,0.2715
0.2666,0.2625
0.2607,0.2744
0.2461,0.266
0.266,0.2812
0.266,0.2708
0.2766,0.2668
0.2834,0.287
0.2412,0.2339
0.21,0.2032
0.2876,0.2842
0.2844,0.2866
0.2069,0.2057
0.2908,0.2883
0.283,0.287
0.1821,0.1744
0.2383,0.2279
0.2484,0.246
0.2368,0.2351
0.2482,0.2455
0.223,0.2367
0.2373,0.233
0.3074,0.3098
0.2382,0.2372
0.2382,0.2393
0.21,0.201
0.2037,0.2124
0.2401,0.2421
0.2266,0.2493
0.2502,0.2413
0.2683,0.2805
0.2856,0.2751
0.2495,0.2477
0.2512,0.2273
0.2505,0.253
0.2401,0.243
0.2727,0.2686
0.287,0.2837
0.2727,0.2686
0.2458,0.237
0.2347,0.2318
0.2844,0.271
0.232,0.2401
0.2695,0.2842
0.2334,0.2284
0.225,0.2217
0.2927,0.2817
0.2903,0.2905
0.2761,0.2852
0.2058,0.2208
0.2085,0.1967
0.2832,0.286
0.2866,0.2856
0.304,0.2922
0.2917,0.2996
0.287,0.2935
0.29,0.2922
0.2405,0.2489
0.2493,0.2473
0.2766,0.2786
0.2532,0.2496
0.251,0.2542
0.2808,0.283
0.2546,0.2568
0.278,0.2795
0.281,0.2815
0.2983,0.3027
0.3164,0.326
0.314,0.3135
0.2546,0.253
0.2477,0.2289
0.2317,0.2407
0.2191,0.2102
0.2542,0.2482
0.2042,0.2059
0.2124,0.2228
0.252,0.2505
0.2068,0.2064
0.2712,0.2651
0.2664,0.27
0.2568,0.2461
0.2168,0.2365
0.3047,0.3044
0.313,0.3142
0.2625,0.272
0.2417,0.2391
0.2445,0.2428
0.2917,0.2964
0.2964,0.2917
0.2384,0.2498
0.2551,0.258
0.258,0.2612
0.2502,0.2466
0.2394,0.2686
0.253,0.2583
0.2664,0.259
0.2211,0.2057
0.2339,0.2546
0.307,0.3105
0.2272,0.2211
0.3015,0.2988
0.312,0.306
0.2615,0.262
0.2252,0.2269
0.2094,0.2181
0.2152,0.2186
0.2374,0.2273
0.2322,0.2325
0.2625,0.2656
0.2766,0.2742
0.2244,0.2214
0.2189,0.2157
0.2852,0.2847
0.2878,0.29
0.316,0.317
0.3154,0.32
0.2705,0.263
0.2634,0.2563
0.2249,0.2217
0.22,0.2188
0.2202,0.2273
0.2164,0.2211
0.2634,0.2727
0.2751,0.2676
0.2727,0.2559
0.288,0.2932
0.2524,0.2666
0.2822,0.2776
0.1818,0.174
0.1794,0.1815
0.2444,0.2268
0.2457,0.2491
0.2527,0.2568
0.2485,0.2651
0.2427,0.2388
0.2465,0.252
0.2368,0.2292
0.2986,0.2852
0.2446,0.2407
0.24,0.2289
0.2169,0.2233
0.2345,0.236
0.2285,0.2191
0.2396,0.231
0.2125,0.2123
0.2228,0.2274
0.2205,0.216
0.253,0.2443
0.2737,0.262
0.3003,0.2979
0.2583,0.2688
0.2983,0.2979
0.2654,0.2693
0.27,0.2776
0.2585,0.2686
0.329,0.3245
0.261,0.2551
0.2585,0.2761
0.2517,0.2617
0.2834,0.2869
0.2625,0.26
0.2705,0.2642
0.2683,0.2588
0.2668,0.2695
0.2803,0.2756
0.2832,0.2883
0.306,0.3171
0.2617,0.2654
0.2612,0.268
0.3167,0.31
0.1798,0.1771
0.2683,0.2732
0.2764,0.283
0.277,0.2864
0.2705,0.2708
0.2676,0.2644
0.2712,0.274
0.2908,0.2756
0.2766,0.2676
0.26,0.267
0.209,0.221
0.2147,0.2065
0.2288,0.2261
0.2769,0.2808
0.2651,0.2668
0.2491,0.2551
0.2583,0.2517
0.2559,0.261
0.292,0.282
0.3413,0.3452
0.2489,0.2465
0.2402,0.2551
0.3442,0.3384
0.266,0.2703
0.2698,0.2642
0.2568,0.2722
0.266,0.2593
0.2766,0.2793
0.2664,0.2747
0.2566,0.2715
0.271,0.262
0.2705,0.267
0.258,0.2612
0.2168,0.2219
0.2219,0.2306
0.2844,0.2883
0.2505,0.2612
0.268,0.2725
0.274,0.2688
0.3086,0.3096
0.319,0.3184
0.1877,0.1897
0.2454,0.2245
0.1985,0.1942
0.2299,0.2245
0.2278,0.2301
0.2089,0.2152
0.1926,0.1929
0.2291,0.2311
0.235,0.2402
0.2258,0.2249
0.2334,0.2334
0.1901,0.1897
0.285,0.3022
0.2476,0.2534
0.2195,0.2269
0.2303,0.2262
0.2505,0.2505
0.246,0.2474
0.26,0.2666
0.2961,0.2922
0.2766,0.2615
0.265,0.276
0.297,0.303
0.2654,0.2783
0.259,0.2664
0.2401,0.2451
0.254,0.266
0.2357,0.2383
0.3086,0.3047
0.2917,0.2996
0.2625,0.2646
0.2439,0.2389
0.2773,0.2678
0.2507,0.255
0.2722,0.2742
0.2313,0.23
0.2135,0.2056
0.2129,0.2015
0.188,0.1981
0.2094,0.2305
0.1923,0.2017
0.1996,0.1919
0.2568,0.2542
0.196,0.1973
0.2007,0.1863
0.2185,0.218
0.195,0.2102
0.2335,0.2766
0.1854,0.1937
0.2754,0.2441
0.2229,0.2114
0.2092,0.2191
0.279,0.277
0.2367,0.2344
0.2029,0.2036
0.2388,0.2389
0.2329,0.235
0.2461,0.2532
0.2625,0.2559
0.2698,0.2588
0.257,0.2595
0.2532,0.2583
0.2369,0.2354
0.2432,0.2488
0.2568,0.2705
0.2404,0.2358
0.282,0.2683
0.254,0.2615
0.2462,0.2365
0.2683,0.2747
0.2708,0.2751
0.263,0.2585
0.2383,0.2363
0.2722,0.271
0.2115,0.2183
0.2438,0.2512
0.2137,0.1947
0.2466,0.2427
0.2329,0.229
0.2847,0.283
0.2815,0.2886
0.2153,0.2128
0.2076,0.2056
0.2676,0.2534
0.2659,0.2703
0.2998,0.2988
0.279,0.2686
0.2578,0.2622
0.2605,0.273
0.2751,0.2773
0.291,0.292
0.2886,0.2905
0.2654,0.2668
0.2252,0.2368
0.2374,0.2314
0.2268,0.2372
0.2384,0.2299
0.2382,0.2544
0.2593,0.25
0.1581,0.1449
0.2439,0.2319
0.165,0.1702
0.2246,0.2227
0.2136,0.2152
0.2068,0.2157
0.2035,0.2078
0.2147,0.2234
0.2472,0.249
0.2617,0.2505
0.2395,0.2406
0.2593,0.2734
0.1942,0.1954
0.1924,0.205
0.2258,0.2188
0.2188,0.2269
0.2125,0.2197
0.2098,0.2125
0.2534,0.2435
0.254,0.2471
0.2583,0.2434
0.2537,0.2333
0.2435,0.2354
0.2444,0.2642
0.2551,0.241
0.2747,0.2803
0.238,0.2493
0.2708,0.2598
0.2761,0.2698
0.2595,0.267
0.2434,0.253
0.2286,0.2432
0.1904,0.1915
0.2269,0.2389
0.2222,0.2184
0.2233,0.2294
0.2598,0.244
0.186,0.1824
0.265,0.2634
0.2382,0.2439
0.1698,0.1813
0.2666,0.272
0.19,0.1755
0.2467,0.2507
0.2708,0.2737
0.2834,0.2778
0.2583,0.244
0.2466,0.2366
0.2737,0.275
0.2913,0.2798
0.275,0.276
0.2761,0.2878
0.2366,0.2377
0.2247,0.2219
0.2532,0.256
0.2463,0.251
0.2423,0.2483
0.2472,0.2423
0.2307,0.2496
0.2241,0.2109
0.25,0.2448
0.2502,0.2573
0.244,0.2472
0.2495,0.2479
0.2458,0.2488
0.2534,0.2502
0.2346,0.2281
0.2427,0.2305
0.2368,0.2527
0.2896,0.2844
0.2651,0.259
0.2512,0.2532
0.2644,0.2673
0.2532,0.2507
0.2856,0.2886
0.2922,0.294
0.3,0.2942
0.2712,0.2783
0.267,0.263
0.2081,0.2164
0.275,0.2747
0.2725,0.2744
0.2917,0.2932
0.2158,0.2089
0.2913,0.2927
0.289,0.2869
0.251,0.265
0.267,0.2559
0.2233,0.2214
0.3015,0.3013
0.297,0.294
0.2861,0.2856
0.2976,0.3005
0.291,0.296
0.296,0.2922
0.2856,0.2861
0.3062,0.303
0.2483,0.26
0.2563,0.2625
0.2477,0.2593
0.258,0.2634
0.267,0.2712
0.2742,0.2742
0.2288,0.2478
0.2087,0.215
0.3108,0.3264
0.283,0.2744
0.3103,0.2983
0.2256,0.2283
0.2274,0.2241
0.2236,0.2275
0.2355,0.2334
0.2659,0.2656
0.2737,0.271
0.2747,0.2842
0.2886,0.2827
0.2483,0.2537
0.2551,0.2517
0.2482,0.2595
0.2556,0.2559
0.2512,0.2463
0.2085,0.1984
0.2349,0.2322
0.2338,0.227
0.2374,0.2432
0.2336,0.225
0.2207,0.2258
0.2983,0.276
0.2517,0.246
0.272,0.2969
0.2788,0.2805
0.2776,0.2778
0.2,0.2194
0.2952,0.3035
0.228,0.2242
0.285,0.292
0.281,0.2832
0.2251,0.2296
0.1837,0.1816
0.3,0.2976
0.253,0.2444
0.2368,0.2327
0.179,0.1697
0.2174,0.2241
0.2394,0.2279
0.263,0.2715
0.287,0.273
0.2683,0.2654
0.2876,0.29
0.297,0.2988
0.2457,0.2493
0.306,0.3066
0.2944,0.3013
0.306,0.3115
0.3096,0.3027
0.299,0.2966
0.2852,0.2842
0.3203,0.3193
0.3225,0.3245
0.336,0.3374
0.3372,0.3337
0.2607,0.273
0.2666,0.2542
0.276,0.2659
0.2452,0.2612
0.2222,0.2246
0.2496,0.2466
0.2373,0.2346
0.2957,0.2917
0.2883,0.295
0.311,0.3057
0.2886,0.2825
0.251,0.2544
0.2576,0.2664
0.3008,0.299
0.268,0.2717
0.2365,0.242
0.2291,0.2281
0.2307,0.2196
0.227,0.2275
0.2233,0.246
0.2488,0.2507
0.232,0.233
0.2524,0.2291
0.2058,0.2152
0.261,0.2664
0.2693,0.2678
0.2617,0.2451
0.2874,0.288
0.299,0.2898
0.282,0.2854
0.293,0.295
0.2112,0.215
0.282,0.2698
0.2212,0.2202
0.2494,0.2455
0.2047,0.2085
0.282,0.2698
0.282,0.2834
0.296,0.303
0.3103,0.3113
0.233,0.2274
0.2191,0.2155
0.2593,0.256
0.318,0.3164
0.3184,0.3162
0.2893,0.2888
0.2751,0.2769
0.2751,0.2769
0.312,0.314
0.2264,0.2279
0.2343,0.2439
0.2252,0.2214
0.2175,0.2224
0.2664,0.2756
0.2474,0.2588
0.2261,0.2174
0.2174,0.2261
0.1797,0.1903
0.263,0.2627
0.2494,0.2499
0.255,0.2507
0.2449,0.2495
0.298,0.2852
0.2185,0.2181
0.2773,0.2827
0.2551,0.2502
0.2455,0.2479
0.1947,0.2101
0.2308,0.2455
0.2815,0.2886
0.256,0.2615
0.2257,0.2017
0.215,0.203
0.2712,0.2744
0.2805,0.2656
0.2449,0.246
0.2527,0.2554
0.2893,0.2861
0.1837,0.194
0.2036,0.1963
0.2365,0.2389
0.2377,0.2468
0.2468,0.2377
0.2201,0.2205
0.2125,0.2203
0.2412,0.251
0.2366,0.2422
0.212,0.2147
0.2234,0.2198
0.2389,0.2322
0.2155,0.2107
0.2656,0.262
0.2935,0.2969
0.292,0.2942
0.182,0.1786
0.214,0.2214
0.1837,0.1879
0.1815,0.187
0.1881,0.1804
0.2622,0.2517
0.2126,0.2047
0.2742,0.2712
0.2092,0.2054
0.207,0.2108
0.3003,0.3054
0.3135,0.3064
0.2988,0.2957
0.31,0.317
0.28,0.2805
0.3054,0.3147
0.2722,0.2795
0.2394,0.2338
0.2812,0.2805
0.227,0.2284
0.3093,0.3022
0.2094,0.2074
0.2135,0.1909
0.2152,0.198
0.2449,0.2214
0.2214,0.2449
0.2072,0.2173
0.2445,0.24
0.2515,0.2402
0.2045,0.2134
0.3223,0.3254
0.3171,0.3208
0.32,0.3206
0.3206,0.3242
0.2296,0.2244
0.2402,0.2366
0.2568,0.2678
0.2703,0.2522
0.2622,0.245
0.2761,0.2632
0.2495,0.2668
0.2427,0.2537
0.2632,0.2761
0.253,0.2455
0.269,0.2705
0.289,0.2556
0.266,0.285
0.2439,0.2422
0.2534,0.2421
0.237,0.2466
0.247,0.2568
0.25,0.2411
0.2329,0.2258
0.312,0.3167
0.3271,0.3267
0.3066,0.305
0.2957,0.294
0.2878,0.2852
0.2854,0.293
0.3027,0.307
0.311,0.307
0.3203,0.321
0.2778,0.2878
0.2568,0.2493
0.2866,0.284
0.297,0.2961
0.2844,0.2896
0.2291,0.2267
0.2283,0.2327
0.2861,0.2734
0.2803,0.2559
0.2544,0.2822
0.27,0.2695
0.306,0.3027
0.2477,0.2405
0.252,0.253
0.3064,0.2996
0.279,0.2795
0.2651,0.2632
0.2886,0.2834
0.2417,0.2418
0.271,0.2827
0.2854,0.2935
0.2837,0.2864
0.277,0.2788
0.2842,0.298
0.2952,0.302
0.3022,0.3042
0.2769,0.2751
0.2688,0.2805
0.281,0.274
0.1827,0.1918
0.1975,0.185
0.263,0.2542
0.2441,0.2375
0.272,0.28
0.2556,0.2515
0.254,0.2435
0.2896,0.2922
0.2803,0.2935
0.2634,0.2546
0.2905,0.2864
0.2095,0.2109
0.2922,0.2812
0.2483,0.234
0.2445,0.2473
0.225,0.2205
0.2429,0.2505
0.2363,0.2517
0.2218,0.2297
0.2517,0.2546
0.255,0.2668
0.2476,0.2489
0.2742,0.2683
0.2443,0.255
0.2236,0.2212
0.2808,0.284
0.2825,0.2888
0.235,0.2384
0.233,0.2435
0.2532,0.2468
0.2546,0.264
0.2408,0.2522
0.272,0.2751
0.27,0.274
0.2715,0.2703
0.264,0.2546
0.2793,0.271
0.185,0.1969
0.1875,0.199
0.269,0.2583
0.2009,0.193
0.2766,0.2612
0.2278,0.2413
0.2349,0.2365
0.2114,0.2223
0.2362,0.2258
0.2642,0.2656
0.2023,0.1815
0.2216,0.2227
0.2147,0.215
0.2593,0.2644
0.2546,0.2627
0.2214,0.2217
0.2338,0.2213
0.2144,0.2133
0.2122,0.2091
0.2267,0.213
0.2191,0.2192
0.2168,0.228
0.2036,0.2026
0.2052,0.2262
0.2932,0.291
0.2386,0.2551
0.2068,0.2026
0.272,0.2622
0.3005,0.2937
0.303,0.2966
0.2827,0.2783
0.259,0.2495
0.2333,0.2268
0.2202,0.2216
0.2773,0.2737
0.2888,0.2808
0.287,0.2847
0.265,0.2612
0.2357,0.2385
0.2551,0.2532
0.2301,0.2257
0.2396,0.2372
0.2092,0.2134
0.2153,0.2164
0.2133,0.207
0.2428,0.249
0.2445,0.2537
0.2452,0.2378
0.221,0.2286
0.2308,0.2363
0.3035,0.2993
0.2389,0.2369
0.2404,0.2408
0.3003,0.2915
0.308,0.304
0.2993,0.3035
0.2358,0.2289
0.3044,0.3076
0.2183,0.2097
0.2976,0.306
0.2095,0.2097
0.2722,0.2644
0.3184,0.3037
0.3013,0.314
0.2448,0.2708
0.267,0.2737
0.2827,0.2917
0.2607,0.2484
0.2905,0.286
0.2715,0.2705
0.274,0.2722
0.2183,0.2229
0.2418,0.2384
0.2377,0.2322
0.2666,0.27
0.256,0.2388
0.2964,0.2917
0.2952,0.2915
0.2433,0.2603
0.2463,0.2405
0.229,0.2184
0.2426,0.2479
0.2399,0.2358
0.2482,0.2415
0.2559,0.2546
0.2318,0.2361
0.2449,0.2512
0.2344,0.2332
0.2317,0.2297
0.2286,0.2275
0.2368,0.2358
0.2487,0.2615
0.263,0.2482
0.2625,0.255
0.2383,0.2333
0.2363,0.2323
0.2345,0.2335
0.2408,0.2484
0.257,0.2654
0.2324,0.2249
0.254,0.2477
0.2496,0.25
0.2524,0.2617
0.2532,0.2515
0.2627,0.2483
0.2627,0.2484
0.2317,0.2383
0.2443,0.2391
0.2434,0.2494
0.2524,0.256
0.2389,0.2415
0.2185,0.2112
0.2484,0.2396
0.257,0.261
0.2192,0.2256
0.238,0.2478
0.2673,0.263
0.2585,0.258
0.2683,0.2576
0.261,0.2632
0.2717,0.269
0.267,0.2742
0.2769,0.2598
0.2754,0.2756
0.2412,0.2216
0.2229,0.2396
0.284,0.2837
0.2751,0.285
0.2135,0.2123
0.2072,0.1881
0.2605,0.26
0.2103,0.214
0.2568,0.253
0.2251,0.2489
0.2524,0.2449
0.2788,0.2769
0.2585,0.257
0.2305,0.2455
0.2588,0.2625
0.2339,0.2389
0.2524,0.2705
0.2766,0.2817
0.2191,0.2397
0.2449,0.261
0.2295,0.2307
0.2142,0.2107
0.2294,0.2314
0.2615,0.2576
0.2239,0.2437
0.224,0.228
0.2379,0.2292
0.2433,0.2212
0.2235,0.2385
0.2307,0.2295
0.2283,0.2292
0.2651,0.2532
0.2544,0.259
0.273,0.2585
0.2632,0.2542
0.2354,0.2227
0.254,0.2659
0.25,0.2568
0.223,0.2399
0.2474,0.2395
0.2108,0.1776
0.2563,0.253
0.2695,0.2512
0.2954,0.2869
0.324,0.3088
0.2856,0.301
0.2515,0.2798
0.2751,0.2703
0.2915,0.2788
0.2727,0.2683
0.2585,0.2512
0.2484,0.2487
0.2532,0.255
0.2473,0.2522
0.2278,0.2294
0.2418,0.2338
0.2747,0.2844
0.2576,0.2546
0.2053,0.2094
0.2155,0.2094
0.2734,0.2793
0.2869,0.2727
0.291,0.2979
0.293,0.2844
0.2969,0.283
0.2856,0.2964
0.1963,0.2035
0.2144,0.2062
0.2457,0.2449
0.2373,0.2357
0.228,0.2278
0.255,0.2418
0.2126,0.2147
0.2532,0.2654
0.2377,0.2383
0.2262,0.2327
0.2096,0.2147
0.2246,0.2179
0.2344,0.2377
0.2537,0.2754
0.291,0.2703
0.2834,0.2917
0.2778,0.2783
0.2893,0.2842
0.2778,0.2815
0.2788,0.2827
0.2837,0.2905
0.297,0.2886
0.2494,0.2491
0.2457,0.2485
0.2179,0.2108
0.2108,0.2179
0.296,0.294
0.2996,0.3076
0.2986,0.299
0.2367,0.2316
0.2019,0.2135
0.1854,0.18
0.2094,0.2186
0.2103,0.2023
0.189,0.1937
0.2153,0.2124
0.2256,0.2233
0.2338,0.229
0.2957,0.3066
0.2001,0.2118
0.2029,0.2158
0.219,0.223
0.1918,0.2094
0.2161,0.2229
0.1663,0.1653
0.2106,0.1987
0.2137,0.217
0.227,0.2366
0.2488,0.2423
0.2179,0.2162
0.246,0.239
0.2228,0.2186
0.2104,0.2008
0.1626,0.1583
0.2422,0.2598
0.3176,0.3127
0.291,0.2922
0.3108,0.2998
0.1943,0.1992
0.2288,0.2347
0.1685,0.1729
0.1571,0.1583
0.203,0.1957
0.1918,0.1993
0.1942,0.1909
0.23,0.2291
0.2144,0.2136
0.2837,0.292
0.2551,0.2522
0.2191,0.2177
0.286,0.3022
0.2883,0.285
0.2374,0.2491
0.1948,0.1984
0.2067,0.212
0.2054,0.1981
0.1964,0.1913
0.2656,0.2734
0.3176,0.3147
0.3206,0.3123
0.319,0.3113
0.2261,0.2281
0.2113,0.2106
0.2106,0.2113
0.2283,0.219
0.2084,0.2122
0.2761,0.2625
0.2756,0.263
0.2222,0.232
0.2296,0.2378
0.2695,0.2754
0.257,0.2676
0.2546,0.2578
0.246,0.246
0.2886,0.2932
0.259,0.261
0.275,0.2803
0.2474,0.2494
0.2646,0.2632
0.2827,0.2847
0.2686,0.2703
0.1737,0.1763
0.225,0.2479
0.165,0.1647
0.1665,0.1569
0.2074,0.1982
0.2349,0.2439
0.2194,0.2367
0.1796,0.1779
0.1622,0.1692
0.1986,0.2185
0.1726,0.18
0.1711,0.1788
0.1982,0.2074
0.1665,0.1798
0.1648,0.1667
0.1895,0.2168
0.1597,0.1688
0.2269,0.2262
0.2625,0.2742
0.1705,0.1663
0.1838,0.1823
0.1456,0.1458
0.1829,0.1779
0.1583,0.1648
0.1759,0.1636
0.1833,0.1791
0.1746,0.1707
0.177,0.1669
0.1864,0.1749
0.2189,0.1945
0.2256,0.2043
0.2484,0.234
0.2837,0.28
0.2812,0.281
0.2688,0.2654
0.2415,0.2373
0.2402,0.2314
0.2346,0.239
0.272,0.278
0.2358,0.2458
0.2335,0.2415
0.2336,0.2234
0.2454,0.2446
0.2693,0.2803
0.2428,0.223
0.2238,0.2316
0.297,0.2861
0.2961,0.296
0.291,0.274
0.2703,0.2502
0.3174,0.3186
0.311,0.3103
0.2896,0.295
0.2085,0.2167
0.3015,0.3088
0.2878,0.2942
0.2947,0.2961
0.2961,0.3003
0.3003,0.3086
0.2264,0.2198
0.2184,0.2173
0.2927,0.2966
0.2942,0.2878
0.3098,0.3152
0.2096,0.2085
0.2517,0.2498
0.234,0.2345
0.245,0.259
0.2544,0.2395
0.2336,0.2286
0.2478,0.2502
0.2551,0.2537
0.203,0.2068
0.2974,0.3047
0.3037,0.2888
0.2952,0.2935
0.2544,0.2493
0.2615,0.2559
0.2712,0.2769
0.2462,0.2404
0.289,0.281
0.2634,0.2554
0.2869,0.2852
0.2898,0.2903
0.2825,0.2961
0.2742,0.2683
0.2494,0.2423
0.2573,0.2693
0.286,0.2856
0.2441,0.2389
0.2834,0.2778
0.2524,0.2427
0.2379,0.2418
0.2318,0.2347
0.2734,0.2783
0.2336,0.2262
0.2084,0.2213
0.28,0.2915
0.288,0.2898
0.2925,0.3018
0.2764,0.287
0.272,0.2722
0.298,0.286
0.2856,0.287
0.2761,0.2817
0.273,0.268
0.2637,0.269
0.2676,0.2666
0.2413,0.2522
0.253,0.2421
0.2461,0.2474
0.1915,0.1948
0.2302,0.2378
0.2421,0.2507
0.2433,0.2449
0.2732,0.2742
0.2542,0.2585
0.2617,0.2603
0.2637,0.2563
0.2866,0.2742
0.3003,0.287
0.2485,0.2617
0.2883,0.2854
0.2712,0.2688
0.2522,0.2437
0.2842,0.2815
0.2878,0.2942
0.2554,0.259
0.2732,0.2737
0.2683,0.2766
0.269,0.2693
0.2656,0.2646
0.2656,0.2688
0.2778,0.275
0.2264,0.2413
0.2299,0.219
0.245,0.2365
0.245,0.2566
0.3118,0.303
0.2766,0.2898
0.265,0.25
0.2664,0.2842
0.2659,0.286
0.2512,0.2678
0.2006,0.1967
0.1951,0.2037
0.3079,0.3071
0.2551,0.2537
0.2551,0.2449
0.2942,0.2837
0.2457,0.2434
0.2444,0.2443
0.2974,0.3137
0.2081,0.2146
0.1921,0.1981
0.2134,0.2268
0.2223,0.2142
0.2961,0.303
0.2247,0.2179
0.2185,0.2225
0.2993,0.3037
0.294,0.2837
0.2289,0.2278
0.2179,0.2247
0.3228,0.3083
0.301,0.307
0.303,0.2961
0.2438,0.2382
0.2339,0.2417
0.2437,0.2578
0.2302,0.226
0.2175,0.22
0.2267,0.2212
0.2053,0.207
0.2118,0.2084
0.2205,0.2249
0.2146,0.2117
0.1896,0.1923
0.1973,0.2134
0.2211,0.2244
0.241,0.2474
0.1838,0.1824
0.193,0.1875
0.2094,0.2148
0.2063,0.204
0.2023,0.2184
0.1594,0.1633
0.201,0.1879
0.2445,0.2397
0.2406,0.2332
0.1943,0.2009
0.2368,0.2482
0.2986,0.2957
0.3147,0.3127
0.3096,0.3125
0.244,0.2482
0.2454,0.2385
0.2947,0.297
0.2568,0.2507
0.2277,0.1897
0.245,0.2593
0.2961,0.2986
0.2974,0.2969
0.2866,0.289
0.283,0.2974
0.286,0.2908
0.2654,0.277
0.2332,0.2311
0.2905,0.277
0.3071,0.2925
0.2961,0.2947
0.2944,0.2952
0.2693,0.2769
0.2747,0.2627
0.2527,0.2477
0.2627,0.273
0.2488,0.252
0.2534,0.2593
0.2423,0.238
0.2238,0.2332
0.279,0.2646
0.2483,0.2305
0.2817,0.2744
0.275,0.284
0.2715,0.278
0.2527,0.244
0.2367,0.2341
0.2311,0.2295
0.2319,0.228
0.26,0.2478
0.2256,0.232
0.2277,0.2355
0.23,0.226
0.2411,0.252
0.269,0.2446
0.2637,0.2196
0.2196,0.2637
0.303,0.2966
0.2192,0.2207
0.2084,0.2279
0.2532,0.258
0.2534,0.257
0.2308,0.2128
0.2322,0.2297
0.2499,0.2494
0.265,0.2632
0.266,0.2607
0.2585,0.255
0.2615,0.2646
0.2864,0.2742
0.2854,0.2932
0.1857,0.21
0.21,0.1857
0.2664,0.2742
0.2783,0.2832
0.2742,0.2737
0.2367,0.2356
0.2449,0.2404
0.2386,0.2351
0.2411,0.2384
0.2244,0.2188
0.2277,0.2311
0.2354,0.2456
0.2347,0.2363
0.2229,0.2339
0.2317,0.234
0.2443,0.2433
0.2308,0.2286
0.2125,0.2192
0.2568,0.2612
0.261,0.2527
0.2352,0.2421
0.2261,0.2502
0.2502,0.2439
0.291,0.3086
0.256,0.2451
0.255,0.2637
0.2598,0.2615
0.2322,0.2458
0.2607,0.2668
0.2407,0.2434
0.2556,0.256
0.2314,0.2242
0.268,0.2664
0.2532,0.2487
0.2388,0.2352
0.2391,0.2397
0.2374,0.235
0.2399,0.2424
0.2292,0.229
0.2324,0.2277
0.2194,0.2266
0.2822,0.2844
0.1993,0.1989
0.2147,0.2098
0.1969,0.1952
0.2764,0.2534
0.2612,0.2778
0.2573,0.2495
0.2449,0.2583
0.279,0.2856
0.2964,0.2974
0.2925,0.303
0.2964,0.2903
0.2927,0.2986
0.294,0.2932
0.2634,0.263
0.2488,0.2588
0.2444,0.243
0.2842,0.3005
0.29,0.28
0.3057,0.288
0.2837,0.2896
0.2455,0.2375
0.2798,0.291
0.294,0.2876
0.232,0.2432
0.2837,0.2737
0.3152,0.318
0.3323,0.3318
0.3267,0.3313
0.2737,0.272
0.2693,0.2722
0.2275,0.2007
0.2009,0.2131
0.2461,0.2374
0.2393,0.238
0.2256,0.224
0.2378,0.2383
0.23,0.2333
0.2316,0.2341
0.2335,0.2284
0.2412,0.2318
0.2235,0.2308
0.2292,0.2358
0.2335,0.2369
0.2393,0.2473
0.2754,0.2852
0.268,0.2644
0.2328,0.229
0.2798,0.2634
0.254,0.264
0.2737,0.2615
0.2659,0.2732
0.281,0.283
0.255,0.256
0.225,0.2231
0.2223,0.2234
0.25,0.2493
0.255,0.2463
0.2065,0.2178
0.2744,0.27
0.232,0.2365
0.2427,0.2354
0.2722,0.2703
0.3289,0.3142
0.3037,0.2922
0.2727,0.2532
0.3154,0.2957
0.3176,0.299
0.2401,0.271
0.2908,0.301
0.2942,0.3118
0.3108,0.3237
0.2465,0.2484
0.2944,0.3118
0.2883,0.2803
0.27,0.2664
0.2812,0.2744
0.2454,0.3115
0.2754,0.3218
0.317,0.2788
0.2413,0.2471
0.3052,0.2942
0.2462,0.2603
0.3142,0.3237
0.2308,0.2369
0.2441,0.2356
0.2761,0.2715
0.253,0.2446
0.2408,0.2537
0.2583,0.2603
0.2527,0.252
0.2815,0.284
0.2554,0.2573
0.238,0.2433
0.2424,0.2471
0.2788,0.2847
0.287,0.2795
0.2512,0.2532
0.2488,0.258
0.2598,0.2622
0.2404,0.2458
0.2499,0.2411
0.2375,0.2085
0.2727,0.239
0.2456,0.263
0.2277,0.2278
0.2708,0.2654
0.2363,0.2351
0.2426,0.2583
0.2194,0.2242
0.2585,0.2598
0.2603,0.25
0.259,0.2333
0.2573,0.2625
0.274,0.2754
0.3184,0.3196
0.2598,0.268
0.3057,0.3105
0.2472,0.2401
0.2452,0.2485
0.2795,0.2717
0.2615,0.266
0.2389,0.2417
0.2751,0.2842
0.2214,0.2281
0.2583,0.254
0.2408,0.2413
0.2607,0.2512
0.2278,0.211
0.2203,0.2328
0.2686,0.269
0.2527,0.2482
0.2488,0.2507
0.2357,0.2297
0.2542,0.241
0.2542,0.2583
0.2566,0.2642
0.2656,0.2654
0.271,0.2712
0.2866,0.2778
0.2014,0.2037
0.2056,0.2034
0.183,0.1809
0.2173,0.2098
0.21,0.2134
0.2258,0.2245
0.1786,0.1758
0.2013,0.1913
0.1979,0.1859
0.2157,0.2117
0.2944,0.288
0.305,0.3047
0.2888,0.2974
0.3054,0.3037
0.198,0.2244
0.261,0.2394
0.2421,0.2379
0.211,0.2173
0.3223,0.3298
0.328,0.3228
0.2654,0.267
0.2245,0.2527
0.2319,0.245
0.2383,0.2275
0.261,0.2598
0.1931,0.1982
0.2489,0.2502
0.2651,0.2646
0.1938,0.1929
0.2908,0.2915
0.2954,0.2903
0.208,0.2029
0.2803,0.3003
0.3076,0.2803
0.2394,0.2261
0.2238,0.228
0.2427,0.2446
0.251,0.2705
0.244,0.2595
0.2502,0.2612
0.2534,0.2415
0.1454,0.14
0.2883,0.295
0.2866,0.289
0.2357,0.2421
0.2773,0.284
0.2908,0.2798
0.2932,0.2996
0.2325,0.2369
0.2365,0.2334
0.257,0.2546
0.26,0.2642
0.214,0.2216
0.3044,0.3083
0.2566,0.26
0.2817,0.286
0.3018,0.3008
0.2756,0.2827
0.2659,0.2612
0.2822,0.2798
0.221,0.2365
0.2332,0.2316
0.2472,0.2299
0.2383,0.2351
0.1888,0.1927
0.2612,0.2622
0.285,0.2747
0.2426,0.2617
0.2429,0.2458
0.2554,0.2495
0.25,0.2479
0.2432,0.2507
0.2484,0.239
0.2476,0.254
0.2507,0.2515
0.2578,0.2664
0.2302,0.2347
0.2474,0.2491
0.2625,0.2534
0.2556,0.2583
0.2394,0.231
0.213,0.2234
0.2212,0.2
0.2544,0.25
0.2554,0.254
0.2573,0.261
0.258,0.261
0.29,0.2832
0.2795,0.2883
0.2551,0.278
0.2598,0.2563
0.2474,0.2488
0.284,0.2764
0.2788,0.2888
0.3035,0.3237
0.3286,0.335
0.3164,0.3005
0.3286,0.3228
0.255,0.2507
0.2427,0.239
0.2366,0.2289
0.2288,0.2345
0.253,0.2551
0.2615,0.2622
0.208,0.2021
0.2532,0.2369
0.261,0.26
0.2396,0.2429
0.29,0.2825
0.2915,0.3076
0.2095,0.2063
0.2788,0.2979
0.2632,0.273
0.2927,0.3013
0.3257,0.312
0.1962,0.2019
0.1962,0.2019
0.2366,0.2368
0.287,0.2903
0.2345,0.2285
0.294,0.2898
0.2727,0.287
0.2676,0.2756
0.2808,0.2666
0.2742,0.2605
0.2382,0.2527
0.2698,0.2725
0.2463,0.2394
0.2048,0.2346
0.2269,0.2015
0.2375,0.2368
0.3074,0.3096
0.3083,0.309
0.1987,0.1971
0.1818,0.1893
0.202,0.187
0.226,0.2181
0.2076,0.2006
0.296,0.2922
0.26,0.2532
0.2245,0.2291
0.2157,0.2393
0.1978,0.2014
0.1997,0.1979
0.2825,0.2852
0.2644,0.2651
0.2277,0.2351
0.2375,0.2281
0.286,0.2812
0.2117,0.2307
0.2627,0.245
0.2522,0.2598
0.2605,0.2761
0.2422,0.2412
0.2427,0.2487
0.2413,0.2455
0.247,0.2394
0.2133,0.204
0.2086,0.2144
0.2134,0.2086
0.2365,0.2327
0.2205,0.2218
0.2454,0.2455
0.2445,0.2443
0.2338,0.2301
0.232,0.2334
0.2334,0.2344
0.1962,0.2025
0.2454,0.2415
0.2478,0.2527
0.2126,0.2062
0.271,0.2944
0.2856,0.2815
0.223,0.2224
0.2305,0.2258
0.307,0.2974
0.2993,0.31
0.2908,0.304
0.29,0.3032
0.2952,0.308
0.2905,0.3008
0.284,0.2761
0.1997,0.1964
0.2212,0.226
0.2148,0.213
0.1952,0.1855
0.1837,0.1908
0.1896,0.1841
0.2117,0.2136
0.2693,0.2625
0.2693,0.2625
0.263,0.295
0.269,0.2686
0.2761,0.261
0.266,0.2788
0.2783,0.281
0.2979,0.294
0.2866,0.2837
0.2954,0.2998
0.2524,0.2566
0.2788,0.266
0.2598,0.2435
0.256,0.2527
0.1754,0.1787
0.1954,0.1887
0.1841,0.1847
0.215,0.2065
0.2081,0.2119
0.2218,0.213
0.1982,0.2045
0.1805,0.1946
0.2173,0.2178
0.2085,0.2003
0.2206,0.2108
0.2117,0.2201
0.2285,0.2252
0.2172,0.2235
0.2148,0.2235
0.2556,0.2484
0.2876,0.281
0.2986,0.2944
0.2913,0.2837
0.2952,0.286
0.295,0.2878
0.2654,0.2837
0.2313,0.2327
0.2542,0.2249
0.2644,0.2401
0.244,0.2607
0.2295,0.2517
0.2369,0.2458
0.2242,0.2196
0.2378,0.2339
0.258,0.2432
0.2355,0.2184
0.2192,0.2444
0.2441,0.2427
0.208,0.2133
0.2705,0.278
0.2993,0.2764
0.2573,0.2742
0.2795,0.286
0.245,0.253
0.2496,0.2433
0.2886,0.2812
0.28,0.2588
0.2163,0.2058
0.2605,0.2668
0.2274,0.209
0.2869,0.2905
0.271,0.2861
0.2487,0.2566
0.2496,0.2435
0.2922,0.279
0.2961,0.3064
0.3098,0.3142
0.2864,0.2822
0.207,0.2188
0.275,0.2817
0.2014,0.2036
0.2585,0.2493
0.305,0.301
0.2786,0.279
0.2109,0.2186
0.2812,0.2776
0.2137,0.208
0.274,0.2585
0.2588,0.219
0.291,0.2898
0.3054,0.3142
0.2637,0.2725
0.2404,0.2717
0.2585,0.274
0.2598,0.2527
0.2615,0.2615
0.2615,0.2615
0.2155,0.2147
0.2822,0.2776
0.1832,0.1808
0.2054,0.2058
0.175,0.1732
0.291,0.2878
0.2744,0.2798
0.2744,0.2798
0.2659,0.2722
0.27,0.273
0.291,0.2878
0.2126,0.2126
0.2225,0.224
0.2957,0.2805
0.265,0.2612
0.317,0.3037
0.22,0.2194
0.246,0.2551
0.2874,0.2861
0.2751,0.286
0.3,0.3057
0.2312,0.2378
0.2286,0.2224
0.2893,0.2852
0.285,0.2742
0.28,0.2861
0.2622,0.27
0.2632,0.273
0.2769,0.287
0.2883,0.2969
0.265,0.2556
0.3025,0.3035
0.2996,0.3018
0.2703,0.2732
0.2783,0.2927
0.2869,0.2915
0.278,0.2756
0.2861,0.2769
0.2974,0.2856
0.2822,0.277
0.236,0.2247
0.1741,0.165
0.2155,0.2258
0.2942,0.2896
0.2435,0.2406
0.214,0.2007
0.2627,0.2551
0.2395,0.2284
0.258,0.2517
0.256,0.2542
0.29,0.302
0.2366,0.246
0.2546,0.253
0.2498,0.255
0.2988,0.2876
0.2644,0.2542
0.2057,0.2175
0.2598,0.2666
0.263,0.266
0.2032,0.2207
0.2372,0.2405
0.2169,0.2064
0.2125,0.2098
0.2437,0.2389
0.236,0.2317
0.267,0.279
0.236,0.239
0.2302,0.2339
0.2642,0.2585
0.2585,0.2642
0.2795,0.2651
0.2546,0.25
0.251,0.2634
0.2487,0.255
0.2388,0.2534
0.2384,0.2452
0.2183,0.2317
0.233,0.2379
0.2363,0.2394
0.254,0.2537
0.244,0.2378
0.2585,0.2712
0.2566,0.2542
0.2197,0.2206
0.291,0.3074
0.2534,0.2546
0.2964,0.3064
0.25,0.2532
0.2305,0.2294
0.315,0.308
0.2627,0.264
0.2559,0.2527
0.3088,0.3088
0.2742,0.2766
0.2866,0.2856
0.2556,0.2527
0.255,0.2551
0.2588,0.255
0.2537,0.253
0.2471,0.2327
0.2644,0.263
0.263,0.2644
0.2654,0.249
0.272,0.2563
0.249,0.2654
0.3303,0.3342
0.2842,0.2925
0.2451,0.2472
0.244,0.2458
0.2734,0.2761
0.2925,0.292
0.2776,0.2832
0.3357,0.336
0.2363,0.2323
0.241,0.2512
0.2627,0.2452
0.2673,0.277
0.277,0.2742
0.2365,0.2314
0.2186,0.2208
0.1813,0.1781
0.2391,0.2418
0.2068,0.2146
0.2515,0.2598
0.2488,0.2415
0.2668,0.2676
0.2155,0.2074
0.2595,0.256
0.238,0.2368
0.2283,0.2238
0.1829,0.1808
0.2194,0.2224
0.2422,0.2357
0.2186,0.2091
0.2163,0.2169
0.221,0.2219
0.2258,0.2358
0.2008,0.2112
0.2047,0.2089
0.2021,0.2078
0.2181,0.2118
0.273,0.2627
0.2734,0.2607
0.2732,0.2474
0.2727,0.2627
0.2664,0.2751
0.2693,0.2651
0.2627,0.273
0.2607,0.2734
0.3037,0.297
0.2932,0.2893
0.3088,0.3127
0.2137,0.2083
0.2499,0.2449
0.2678,0.2703
0.2573,0.259
0.2142,0.2228
0.2,0.2222
0.2283,0.2375
0.1978,0.2075
0.2374,0.2288
0.2062,0.1926
0.2324,0.2534
0.2064,0.2024
0.1995,0.2053
0.2053,0.1995
0.2001,0.1981
0.2563,0.236
0.2357,0.2228
0.226,0.2273
0.2783,0.2856
0.1989,0.1936
0.2932,0.2864
0.1997,0.1997
0.2361,0.2344
0.2583,0.262
0.2505,0.2452
0.2568,0.2498
0.2505,0.2603
0.2544,0.2664
0.288,0.2812
0.2856,0.274
0.2864,0.2737
0.3123,0.3044
0.307,0.305
0.2343,0.2349
0.236,0.243
0.2568,0.2537
0.2522,0.2537
0.2122,0.2131
0.2927,0.2778
0.1848,0.1879
0.2396,0.228
0.2084,0.2096
0.2357,0.2251
0.2179,0.2219
0.2189,0.2208
0.2118,0.2145
0.2161,0.2118
0.2153,0.2136
0.2961,0.3003
0.2454,0.25
0.3066,0.3008
0.2021,0.1963
0.2449,0.238
0.1962,0.1952
0.2957,0.2942
0.2751,0.271
0.302,0.3042
0.2893,0.292
0.2773,0.2722
0.3005,0.2969
0.2018,0.2102
0.2808,0.274
0.2747,0.2776
0.2075,0.2267
0.194,0.2076
0.2455,0.2289
0.2396,0.2142
0.2343,0.252
0.2742,0.2615
0.2559,0.2625
0.2438,0.2471
0.2484,0.2568
0.269,0.2761
0.2683,0.2698
0.2327,0.2297
0.2546,0.2452
0.2347,0.2366
0.2018,0.1985
0.1901,0.1986
0.2157,0.2048
0.1998,0.2065
0.2001,0.1859
0.2411,0.2412
0.2786,0.2764
0.2761,0.2795
0.2664,0.2622
0.2659,0.273
0.205,0.2035
0.2142,0.2109
0.2482,0.2778
0.27,0.2678
0.2625,0.2588
0.2756,0.2786
0.2664,0.2695
0.2003,0.2084
0.2444,0.2437
0.1843,0.201
0.2275,0.239
0.223,0.2206
0.2524,0.2484
0.2617,0.2498
0.2078,0.2135
0.2142,0.2126
0.1783,0.1873
0.1989,0.1787
0.2139,0.2126
0.2058,0.205
0.2073,0.1992
0.2637,0.2532
0.2234,0.2208
0.2179,0.2152
0.1853,0.1781
0.2405,0.2499
0.237,0.2184
0.2166,0.2155
0.2448,0.253
0.2361,0.2369
0.2349,0.2325
0.2563,0.279
0.292,0.258
0.2893,0.2769
0.2573,0.2563
0.2344,0.226
0.2866,0.277
0.2487,0.2642
0.2476,0.255
0.2489,0.243
0.2256,0.2336
0.2448,0.2494
0.262,0.249
0.276,0.2654
0.2869,0.2822
0.2808,0.281
0.2302,0.2183
0.29,0.2903
0.2969,0.295
0.2856,0.301
0.2454,0.2627
0.272,0.2483
0.305,0.2705
0.2153,0.2158
0.2278,0.2266
0.3052,0.308
0.3123,0.3125
0.2081,0.2202
0.2803,0.28
0.2693,0.2683
0.2585,0.2656
0.2137,0.2146
0.2717,0.2861
0.2192,0.2274
0.1978,0.1885
0.278,0.2854
0.231,0.2316
0.1963,0.2069
0.2832,0.2725
0.198,0.189
0.208,0.205
0.1849,0.1958
0.2284,0.2264
0.294,0.2905
0.2666,0.2634
0.2627,0.264
0.287,0.2925
0.1986,0.2112
0.2214,0.2292
0.2313,0.2183
0.2133,0.2186
0.2461,0.2428
0.2122,0.2073
0.2297,0.2208
0.2296,0.2379
0.2668,0.2703
0.2996,0.3057
0.2583,0.2637
0.2467,0.257
0.2424,0.2413
0.2362,0.2362
0.2422,0.2426
0.2397,0.2402
0.2566,0.2793
0.277,0.2773
0.2761,0.2673
0.2656,0.2542
0.2603,0.269
0.2668,0.272
0.2656,0.271
0.2727,0.2847
0.2832,0.276
0.2815,0.2998
0.2566,0.265
0.2754,0.277
0.2935,0.2942
0.2642,0.2578
0.2603,0.2583
0.291,0.2866
0.2046,0.2042
0.2074,0.2112
0.1848,0.1938
0.303,0.3115
0.2378,0.2186
0.304,0.3
0.3062,0.3027
0.1941,0.1853
0.3005,0.3115
0.224,0.2451
0.2134,0.2095
0.2585,0.2556
0.2534,0.2517
0.2556,0.2585
0.2515,0.2544
0.2534,0.247
0.2708,0.2869
0.231,0.2277
0.2764,0.275
0.2825,0.2803
0.251,0.2544
0.2744,0.2664
0.2279,0.2358
0.2285,0.2339
0.2462,0.2686
0.2462,0.2515
0.2394,0.237
0.2688,0.2595
0.2612,0.2703
0.2441,0.2386
0.2705,0.274
0.26,0.2576
0.2634,0.2644
0.2734,0.2751
0.2472,0.2532
0.2269,0.232
0.2278,0.2285
0.2184,0.225
0.2288,0.2262
0.2988,0.2932
0.2607,0.2832
0.2976,0.3035
0.2181,0.2134
0.2266,0.2269
0.2566,0.2559
0.2703,0.2957
0.264,0.274
0.2479,0.2404
0.2037,0.2423
0.2944,0.2651
0.2737,0.2705
0.2424,0.2344
0.2439,0.2284
0.209,0.1892
0.2317,0.2446
0.2593,0.2576
0.2289,0.2502
0.1929,0.1903
0.2585,0.2593
0.217,0.2106
0.2341,0.2432
0.2358,0.2415
0.2013,0.207
0.2437,0.2468
0.247,0.2396
0.2313,0.2373
0.2383,0.2312
0.2783,0.2896
0.295,0.2795
0.263,0.2693
0.2634,0.2637
0.269,0.2747
0.218,0.2151
0.2593,0.2542
0.265,0.27
0.2386,0.2454
0.2532,0.2423
0.2776,0.2673
0.27,0.2761
0.2686,0.273
0.269,0.2742
0.2698,0.2766
0.2666,0.2703
0.268,0.2717
0.275,0.2651
0.2742,0.2708
0.2766,0.2698
0.2756,0.2656
0.2708,0.262
0.2722,0.2634
0.2678,0.2627
0.2612,0.2617
0.276,0.2632
0.2615,0.2773
0.2742,0.277
0.236,0.2302
0.2563,0.2559
0.285,0.2834
0.2009,0.1968
0.2004,0.2034
0.2805,0.287
0.2107,0.2128
0.2363,0.233
0.2413,0.2346
0.2035,0.2034
0.2363,0.2405
0.2316,0.2382
0.1932,0.2264
0.272,0.2793
0.2695,0.276
0.2612,0.256
0.2878,0.2834
0.269,0.261
0.2637,0.2732
0.2277,0.2288
0.2275,0.2285
0.2438,0.2407
0.2927,0.294
0.3052,0.3105
0.2751,0.2795
0.27,0.27
0.3127,0.3127
0.3015,0.2915
0.2876,0.2998
0.2754,0.274
0.3022,0.2964
0.301,0.2932
0.2935,0.305
0.296,0.3079
0.3057,0.3018
0.2583,0.261
0.2466,0.2568
0.2534,0.272
0.262,0.2472
0.2617,0.2433
0.2644,0.2413
0.216,0.2183
0.2678,0.2898
0.2886,0.27
0.2191,0.2198
0.2554,0.2551
0.2747,0.2734
0.2766,0.274
0.2605,0.2698
0.2484,0.2408
0.236,0.2383
0.2363,0.2327
0.2566,0.2445
0.2417,0.256
0.2468,0.2373
0.2399,0.2542
0.2399,0.2427
0.2515,0.2402
0.2595,0.2472
0.2319,0.2456
0.2715,0.2585
0.2776,0.2695
0.2485,0.2347
0.256,0.2284
0.2583,0.2708
0.2515,0.256
0.2435,0.2573
0.2615,0.2544
0.2412,0.2534
0.2566,0.2512
0.2313,0.2472
0.267,0.254
0.2443,0.231
0.2554,0.2413
0.2751,0.2644
0.2654,0.2766
0.2546,0.2625
0.2605,0.2712
0.2289,0.2493
0.262,0.2703
0.2708,0.2666
0.2563,0.2551
0.2448,0.2412
0.26,0.2625
0.2544,0.2534
0.255,0.2556
0.3203,0.3176
0.3206,0.3154
0.2542,0.2542
0.22,0.2264
0.2296,0.221
0.203,0.199
0.2169,0.2098
0.2098,0.2128
0.2073,0.2096
0.2185,0.2167
0.2063,0.2085
0.201,0.2065
0.2227,0.2223
0.2053,0.2059
0.2186,0.224
0.2441,0.2441
0.305,0.3152
0.2402,0.2426
0.2505,0.2438
0.2363,0.2319
0.2158,0.2166
0.2303,0.2253
0.2502,0.2454
0.2198,0.218
0.2383,0.2441
0.2294,0.2343
0.2476,0.2522
0.2445,0.261
0.2742,0.2546
0.256,0.247
0.249,0.2437
0.2472,0.2401
0.2104,0.2343
0.2864,0.2898
0.2917,0.2854
0.2644,0.2703
0.2534,0.2676
0.2566,0.2598
0.2573,0.2659
0.2651,0.254
0.2644,0.2603
0.257,0.2595
0.2306,0.2233
0.2532,0.2546
0.2866,0.282
0.267,0.2678
0.2893,0.296
0.275,0.2705
0.2612,0.2603
0.255,0.264
0.2593,0.2747
0.2778,0.2744
0.288,0.2827
0.264,0.255
0.2913,0.3025
0.269,0.271
0.2625,0.2603
0.231,0.2417
0.319,0.316
0.3254,0.3057
0.3164,0.3264
0.315,0.333
0.2229,0.2297
0.232,0.2246
0.2189,0.2169
0.2483,0.2595
0.2559,0.2457
0.2325,0.2307
0.2173,0.2136
0.217,0.2379
0.2646,0.2927
0.2598,0.2517
0.2327,0.2336
0.2583,0.2627
0.2368,0.2384
0.2688,0.2708
0.2444,0.2462
0.2255,0.2306
0.262,0.2605
0.2593,0.265
0.2468,0.2443
0.2335,0.2227
0.2386,0.2559
0.2524,0.2467
0.2119,0.2096
0.2213,0.2202
0.2183,0.2212
0.212,0.2192
0.2378,0.2423
0.2449,0.2395
0.279,0.2974
0.237,0.2585
0.296,0.2983
0.2333,0.247
0.2566,0.26
0.2236,0.2362
0.3008,0.3152
0.3008,0.3152
0.219,0.2208
0.2404,0.2273
0.2194,0.2229
0.3076,0.296
0.293,0.3044
0.2712,0.2766
0.2566,0.2598
0.2141,0.2135
0.2566,0.261
0.2747,0.275
0.2874,0.2815
0.302,0.2937
0.2068,0.1987
0.2825,0.2737
0.2766,0.2888
0.2432,0.2449
0.2368,0.2422
0.2666,0.2737
0.251,0.2622
0.1987,0.2081
0.2461,0.2407
0.216,0.2083
0.271,0.2737
0.273,0.2676
0.277,0.2664
0.2385,0.2379
0.2705,0.2776
0.2463,0.2429
0.284,0.262
0.278,0.265
0.2664,0.267
0.2769,0.2769
0.2668,0.2776
0.2607,0.2676
0.335,0.335
0.3306,0.3352
0.3438,0.338
0.2385,0.2366
0.2396,0.2438
0.2223,0.2145
0.2844,0.2778
0.2583,0.2769
0.28,0.2996
0.233,0.2412
0.2917,0.2876
0.2852,0.286
0.2249,0.2196
0.269,0.2637
0.2644,0.269
0.2532,0.2532
0.2573,0.2537
0.273,0.2454
0.2734,0.2439
0.243,0.2673
0.2413,0.2676
0.272,0.2651
0.278,0.2705
0.2676,0.2722
0.2686,0.2766
0.229,0.2275
0.2637,0.2593
0.2576,0.256
0.2445,0.2349
0.2542,0.2568
0.2683,0.3005
0.2367,0.2593
0.2146,0.214
0.269,0.255
0.2563,0.2666
0.2423,0.2646
0.2668,0.287
0.2129,0.2102
0.2747,0.2664
0.2429,0.2465
0.2369,0.2422
0.2517,0.2617
0.2515,0.2418
0.2362,0.2457
0.2236,0.2251
0.2239,0.2334
0.2727,0.2703
0.279,0.2722
0.2722,0.279
0.2327,0.2323
0.2932,0.2966
0.2903,0.2925
0.2059,0.2063
0.2612,0.2443
0.2856,0.28
0.271,0.2717
0.269,0.2686
0.241,0.2502
0.2566,0.2615
0.2659,0.2766
0.2607,0.266
0.263,0.2605
0.253,0.2568
0.2344,0.2318
0.2822,0.2822
0.273,0.2761
0.2462,0.2393
0.2454,0.2559
0.2659,0.2727
0.2927,0.2876
0.274,0.2686
0.2986,0.299
0.295,0.296
0.301,0.3
0.2766,0.287
0.3015,0.3064
0.2954,0.2905
0.2302,0.26
0.2896,0.279
0.2563,0.2585
0.2544,0.2275
0.255,0.251
0.2764,0.2874
0.2776,0.276
0.2876,0.288
0.2495,0.248
0.2566,0.2534
0.2446,0.2537
0.2578,0.2761
0.2246,0.2299
0.2605,0.2656
0.271,0.268
0.2786,0.28
0.2632,0.267
0.2786,0.2766
0.3132,0.3137
0.258,0.257
0.2593,0.2593
0.3176,0.3105
0.25,0.2583
0.2134,0.2268
0.3152,0.3242
0.2546,0.2456
0.3115,0.3086
0.2449,0.2404
0.2524,0.2537
0.2358,0.2416
0.2191,0.2179
0.2617,0.2637
0.2322,0.216
0.314,0.3174
0.2188,0.2256
0.2333,0.2351
0.249,0.253
0.2213,0.2245
0.2239,0.2247
0.3188,0.3254
0.29,0.3057
0.2969,0.3008
0.2788,0.2937
0.316,0.3118
0.3103,0.3044
0.295,0.2847
0.3062,0.2861
0.268,0.274
0.2615,0.2512
0.2732,0.283
0.2415,0.2522
0.279,0.276
0.2861,0.2844
0.2583,0.2673
0.2603,0.2517
0.257,0.2654
0.2634,0.2598
0.28,0.2886
0.2362,0.2318
0.238,0.2344
0.2366,0.2279
0.2357,0.2341
0.2408,0.2355
0.2406,0.2305
0.261,0.2742
0.2834,0.2866
0.2976,0.301
0.2766,0.2837
0.2332,0.246
0.2402,0.2264
0.2747,0.2688
0.269,0.2751
0.2722,0.282
0.277,0.2732
0.294,0.2878
0.3162,0.325
0.2788,0.2888
0.2737,0.264
0.3223,0.316
0.258,0.2659
0.3083,0.3218
0.258,0.2634
0.2683,0.2761
0.3252,0.3147
0.2302,0.2021
0.2069,0.2367
0.2625,0.2487
0.2534,0.266
0.2493,0.2532
0.2362,0.236
0.2468,0.2406
0.2722,0.2537
0.2316,0.2089
0.2008,0.2109
0.2349,0.2268
0.2421,0.2372
0.2585,0.2483
0.2295,0.241
0.2222,0.2365
0.2391,0.2615
0.2103,0.1929
0.2817,0.278
0.3223,0.3213
0.3142,0.3018
0.2795,0.277
0.2252,0.2285
0.2281,0.2393
0.2356,0.2242
0.2345,0.2264
0.2357,0.2307
0.2382,0.2295
0.2362,0.2329
0.2347,0.2457
0.2303,0.2383
0.2527,0.2515
0.2222,0.2161
0.2177,0.2112
0.2307,0.2578
0.2454,0.2477
0.2113,0.2092
0.2137,0.2166
0.2129,0.2108
0.2192,0.2214
0.243,0.2416
0.232,0.232
0.2754,0.2637
0.1943,0.1974
0.1943,0.1974
0.246,0.2498
0.2429,0.2407
0.224,0.2136
0.2272,0.2177
0.246,0.2566
0.2427,0.2334
0.2258,0.2167
0.2456,0.2563
0.2417,0.2323
0.2883,0.2822
0.2795,0.2852
0.2686,0.2812
0.2654,0.2766
0.2676,0.2776
0.2776,0.2664
0.3083,0.3174
0.2915,0.2888
0.3218,0.3274
0.2412,0.247
0.2551,0.2603
0.2747,0.2783
0.2673,0.272
0.2361,0.2311
0.3018,0.2964
0.2976,0.2935
0.294,0.2954
0.2964,0.2964
0.2935,0.2896
0.306,0.2957
0.2742,0.2878
0.2861,0.282
0.28,0.2817
0.2491,0.2374
0.267,0.2585
0.231,0.2373
0.2485,0.2656
0.2612,0.2515
0.254,0.2598
0.308,0.3152
0.2805,0.282
0.1991,0.203
0.2947,0.3086
0.312,0.3252
0.3018,0.2976
0.3176,0.326
0.25,0.262
0.2607,0.2603
0.259,0.2554
0.2686,0.263
0.2693,0.285
0.2483,0.2488
0.2766,0.258
0.273,0.2532
0.2668,0.2822
0.2242,0.2347
0.2305,0.2114
0.2224,0.2205
0.256,0.2534
0.2198,0.2268
0.25,0.2495
0.2437,0.2388
0.2651,0.2673
0.2698,0.2683
0.2646,0.261
0.2737,0.2788
0.2218,0.2534
0.2642,0.2241
0.2583,0.275
0.265,0.2573
0.2534,0.252
0.2634,0.268
0.2627,0.2742
0.2727,0.2615
0.2336,0.2269
0.2388,0.2432
0.254,0.244
0.266,0.268
0.177,0.177
0.2632,0.2583
0.2683,0.2646
0.2742,0.2722
0.2732,0.271
0.2534,0.2544
0.27,0.2698
0.269,0.2683
0.262,0.265
0.2673,0.269
0.2666,0.2637
0.253,0.2485
0.2452,0.2544
0.1906,0.2034
0.259,0.277
0.2063,0.2014
0.2366,0.2281
0.2072,0.2144
0.2319,0.2274
0.275,0.274
0.2769,0.2637
0.2083,0.2135
0.1869,0.2019
0.1929,0.1902
0.22,0.2065
0.2253,0.2168
0.2355,0.2383
0.2686,0.2598
0.2367,0.2325
0.2646,0.271
0.2362,0.2379
0.2286,0.2448
0.263,0.262
0.2401,0.239
0.2422,0.2418
0.2556,0.2452
0.2793,0.2876
0.2698,0.2773
0.216,0.2268
0.2383,0.2185
0.2598,0.2627
0.262,0.258
0.2357,0.2537
0.2242,0.245
0.2491,0.2435
0.2563,0.2427
0.2637,0.2664
0.2244,0.2179
0.2316,0.231
0.2336,0.2251
0.2708,0.2827
0.2499,0.262
0.255,0.2485
0.2766,0.2744
0.2944,0.293
0.291,0.2957
0.2937,0.2852
0.2856,0.2966
0.2468,0.2527
0.2439,0.2391
0.2378,0.2294
0.2399,0.2432
0.2656,0.253
0.2343,0.2303
0.239,0.2427
0.2493,0.2434
0.279,0.2908
0.2642,0.26
0.2734,0.2688
0.255,0.2515
0.224,0.2208
0.255,0.2693
0.2247,0.2327
0.2563,0.2607
0.2717,0.2734
0.2542,0.2593
0.2673,0.2693
0.226,0.2257
0.2406,0.2472
0.2401,0.2362
0.2158,0.2216
0.273,0.2698
0.274,0.2727
0.268,0.27
0.2651,0.2668
0.2251,0.2286
0.1863,0.1888
0.2253,0.2288
0.2686,0.2725
0.1927,0.1812
0.3,0.3103
0.3098,0.301
0.3093,0.3025
0.301,0.3123
0.2864,0.2915
0.301,0.295
0.2632,0.2664
0.2988,0.3027
0.283,0.2908
0.2688,0.261
0.249,0.2559
0.2487,0.2534
0.3164,0.317
0.2888,0.2754
0.289,0.3071
0.282,0.2961
0.2915,0.312
0.305,0.288
0.2856,0.287
0.2922,0.2976
0.249,0.2615
0.2615,0.249
0.1974,0.189
0.2004,0.2021
0.319,0.3135
0.254,0.2515
0.2612,0.257
0.2664,0.2666
0.2725,0.2742
0.3127,0.3142
0.2585,0.254
0.2676,0.265
0.26,0.2908
0.2734,0.3066
0.2717,0.275
0.2471,0.235
0.2368,0.2479
0.235,0.2467
0.2505,0.2411
0.2737,0.276
0.2473,0.2396
0.3008,0.2927
0.2285,0.224
0.2642,0.2632
0.2886,0.2974
0.2603,0.2566
0.252,0.2588
0.219,0.221
0.2222,0.2141
0.293,0.2854
0.2883,0.2825
0.2773,0.2688
0.2698,0.2808
0.2717,0.2668
0.2435,0.2457
0.2343,0.2336
0.2194,0.2213
0.253,0.2568
0.2798,0.2837
0.2573,0.2668
0.2551,0.2505
0.2412,0.2461
0.2494,0.2462
0.2554,0.2478
0.284,0.2778
0.2378,0.2305
0.2418,0.2352
0.261,0.2498
0.2422,0.2394
0.271,0.2644
0.2318,0.2302
0.245,0.2411
0.266,0.2559
0.2507,0.2524
0.269,0.2727
0.2278,0.2317
0.2246,0.2183
0.229,0.2333
0.2322,0.2251
0.2411,0.2366
0.2454,0.2439
0.253,0.2708
0.2576,0.25
0.257,0.26
0.3123,0.3105
0.2932,0.2898
0.2583,0.2656
0.2944,0.2983
0.2625,0.2585
0.2515,0.2568
0.2666,0.2615
0.2693,0.2556
0.2625,0.2664
0.2925,0.294
0.2446,0.2517
0.2856,0.2917
0.2646,0.2563
0.2654,0.2585
0.307,0.296
0.2676,0.2654
0.2588,0.2708
0.2686,0.2769
0.319,0.319
0.2783,0.2664
0.2866,0.2808
0.285,0.2742
0.2869,0.277
0.2847,0.2886
0.2878,0.2834
0.1793,0.1888
0.2335,0.2268
0.1921,0.2073
0.2151,0.2069
0.1953,0.2024
0.1942,0.2024
0.2054,0.2013
0.2407,0.246
0.2208,0.2317
0.2328,0.2279
0.2256,0.2306
0.187,0.1993
0.2372,0.238
0.2351,0.2301
0.2098,0.2089
0.253,0.252
0.2277,0.2227
0.2776,0.2842
0.2164,0.2245
0.2472,0.2435
0.2458,0.2532
0.2267,0.2299
0.2235,0.2208
0.2483,0.2429
0.2225,0.222
0.253,0.2507
0.2445,0.2477
0.2544,0.2659
0.2378,0.253
0.2393,0.2512
0.2446,0.2477
0.2496,0.2627
0.2505,0.2283
0.2411,0.2369
0.2512,0.2393
0.2607,0.2379
0.2683,0.2607
0.2637,0.2471
0.196,0.1965
0.2023,0.1995
0.2683,0.2742
0.2517,0.2512
0.2588,0.258
0.2742,0.2683
0.2754,0.2693
0.258,0.2588
0.2346,0.2327
0.253,0.255
0.2456,0.2454
0.2695,0.2411
0.2488,0.2725
0.2294,0.2361
0.2363,0.2322
0.2412,0.2378
0.2351,0.2357
0.2727,0.2764
0.2856,0.2812
0.2817,0.2817
0.2937,0.298
0.2917,0.2864
0.2856,0.2747
0.2998,0.295
0.2832,0.2756
0.3137,0.3193
0.2817,0.2866
0.3196,0.316
0.238,0.2382
0.2325,0.2394
0.2878,0.2957
0.2864,0.291
0.2915,0.285
0.3333,0.3303
0.2915,0.2886
0.2844,0.2664
0.2727,0.2637
0.2803,0.2898
0.2898,0.2803
0.2179,0.2178
0.2064,0.2498
0.252,0.2646
0.2559,0.2443
0.2556,0.2573
0.2651,0.2644
0.2484,0.251
0.284,0.2825
0.2773,0.2705
0.2306,0.2328
0.2294,0.2115
0.2377,0.2427
0.2316,0.2336
0.2494,0.243
0.2297,0.2253
0.2052,0.2252
0.2634,0.2607
0.2449,0.2408
0.2603,0.2598
0.2408,0.2366
0.2363,0.2424
0.2437,0.2449
0.2395,0.2345
0.2358,0.2291
0.2474,0.2512
0.2344,0.2122
0.2693,0.2722
0.281,0.2698
0.2788,0.2617
0.2642,0.2703
0.2605,0.2467
0.2462,0.2356
0.2269,0.2225
0.2356,0.2462
0.2467,0.2605
0.2394,0.252
0.2556,0.2421
0.219,0.2246
0.284,0.278
0.2139,0.2139
0.2261,0.2233
0.2385,0.2362
0.2291,0.2239
0.1931,0.1959
0.2051,0.1987
0.2229,0.2194
0.2206,0.2155
0.2109,0.2039
0.2045,0.2073
0.2367,0.2336
0.2703,0.277
0.2362,0.2303
0.278,0.2664
0.2141,0.2053
0.2935,0.2883
0.2986,0.2847
0.2678,0.266
0.2852,0.2793
0.256,0.2634
0.2349,0.251
0.2847,0.285
0.252,0.2546
0.2834,0.2834
0.2744,0.277
0.277,0.2751
0.2776,0.2817
0.2698,0.272
0.2854,0.2764
0.2432,0.263
0.2754,0.2703
0.279,0.284
0.2786,0.2764
0.279,0.2808
0.2698,0.2722
0.2742,0.2686
0.2874,0.2822
0.2195,0.2075
0.2246,0.2239
0.2515,0.2637
0.215,0.2219
0.2301,0.2327
0.215,0.217
0.2239,0.2246
0.2184,0.2139
0.2218,0.2296
0.2162,0.2224
0.2222,0.2192
0.2637,0.2693
0.2644,0.2576
0.2135,0.2122
0.2129,0.218
0.2356,0.229
0.2179,0.2169
0.2417,0.2335
0.2207,0.2238
0.272,0.2693
0.2607,0.2542
0.2612,0.266
0.2573,0.2517
0.2585,0.2656
0.256,0.26
0.2566,0.255
0.2507,0.2396
0.2316,0.234
0.2279,0.2192
0.254,0.2554
0.2295,0.2308
0.204,0.2042
0.2384,0.2487
0.2654,0.2644
0.2267,0.227
0.2012,0.2013
0.2715,0.2673
0.2551,0.2532
0.292,0.3005
0.288,0.2795
0.3005,0.292
0.2566,0.2688
0.2576,0.2747
0.281,0.279
0.2954,0.2878
0.297,0.2854
0.283,0.2861
0.2842,0.299
0.2837,0.2766
0.2737,0.2515
0.288,0.2756
0.2354,0.2358
0.2429,0.2439
0.25,0.288
0.2727,0.2656
0.2964,0.299
0.291,0.2898
0.2632,0.2605
0.266,0.2727
0.2612,0.265
0.2693,0.2622
0.2893,0.2937
0.2915,0.2954
0.2993,0.2952
0.2969,0.296
0.2037,0.2241
0.2299,0.206
0.2434,0.2179
0.2156,0.2104
0.2065,0.213
0.2294,0.2327
0.2947,0.2925
0.301,0.3076
0.2576,0.2556
0.207,0.2067
0.2764,0.2732
0.228,0.2362
0.2598,0.266
0.2361,0.2289
0.2756,0.2812
0.1833,0.1813
0.2566,0.2576
0.2006,0.1982
0.2136,0.2194
0.2097,0.2178
0.1941,0.1904
0.2395,0.2441
0.2074,0.1931
0.1877,0.1832
0.1929,0.1724
0.2386,0.213
0.1722,0.2015
0.1987,0.1968
0.1953,0.1995
0.2466,0.2477
0.2126,0.2532
0.2593,0.2615
0.2666,0.2812
0.286,0.298
0.3083,0.3215
0.3342,0.3174
0.2896,0.2876
0.2896,0.2812
0.3105,0.2947
0.2673,0.2496
0.2573,0.2798
0.241,0.2461
0.2466,0.243
0.2952,0.2932
0.2805,0.271
0.2783,0.2795
0.2832,0.286
0.25,0.2546
0.2766,0.2783
0.2617,0.261
0.2935,0.2993
0.2915,0.284
0.2827,0.2793
0.25,0.2502
0.2522,0.2542
0.299,0.2651
0.3032,0.3027
0.2903,0.2898
0.2888,0.2795
0.3123,0.3015
0.2212,0.2125
0.2515,0.2479
0.2361,0.2385
0.2266,0.2235
0.2568,0.248
0.2365,0.2284
0.2484,0.2471
0.2551,0.2463
0.2448,0.245
0.221,0.2213
0.2281,0.2253
0.2406,0.2484
0.281,0.286
0.2864,0.2837
0.2452,0.2446
0.226,0.2246
0.2172,0.225
0.2169,0.2169
0.228,0.2325
0.2256,0.2183
0.2184,0.2234
0.2281,0.2233
0.2206,0.2162
0.2018,0.209
0.2334,0.2435
0.2495,0.251
0.2467,0.2389
0.2385,0.2356
0.3225,0.3142
0.3167,0.3044
0.299,0.3135
0.3135,0.317
0.2454,0.26
0.2179,0.2313
0.262,0.2678
0.2615,0.2583
0.2294,0.2294
0.236,0.239
0.1805,0.187
0.2957,0.2935
0.281,0.2847
0.251,0.2466
0.2986,0.2979
0.252,0.2494
0.2069,0.2377
0.2715,0.2732
0.2426,0.2495
0.2456,0.2488
0.2766,0.28
0.3352,0.3267
0.2615,0.2747
0.2786,0.2698
0.3252,0.332
0.2423,0.2546
0.2522,0.2462
0.2546,0.2423
0.2476,0.2507
0.2786,0.2708
0.265,0.268
0.276,0.2827
0.2756,0.2708
0.2632,0.2708
0.2756,0.272
0.2235,0.2174
0.2092,0.229
0.239,0.2139
0.2854,0.2966
0.2673,0.2722
0.2102,0.223
0.2391,0.2449
0.2205,0.2107
0.2512,0.2423
0.2974,0.292
0.227,0.2256
0.2903,0.28
0.267,0.2573
0.26,0.2588
0.2717,0.2798
0.2573,0.262
0.2213,0.2284
0.2578,0.2568
0.2207,0.216
0.2812,0.2942
0.2388,0.2373
0.2795,0.2756
0.27,0.272
0.2659,0.269
0.2123,0.2241
0.2556,0.277
0.2766,0.2532
0.2485,0.2644
0.238,0.2455
0.253,0.2375
0.2356,0.2527
0.265,0.248
0.2314,0.2384
0.284,0.2717
0.2764,0.28
0.2457,0.2415
0.2607,0.253
0.2466,0.2338
0.2377,0.2382
0.2281,0.2432
0.2415,0.2416
0.2532,0.2494
0.2302,0.2367
0.2423,0.2435
0.2377,0.2498
0.2423,0.2507
0.225,0.2458
0.2467,0.225
0.2522,0.261
0.241,0.2532
0.2544,0.2451
0.2495,0.2455
0.236,0.2444
0.2458,0.2383
0.2563,0.254
0.2329,0.2332
0.2426,0.2373
0.2284,0.2307
0.2294,0.2174
0.2192,0.2267
0.2235,0.2256
0.2264,0.2328
0.2139,0.2279
0.2213,0.228
0.2286,0.231
0.2537,0.2477
0.2467,0.2461
0.2556,0.265
0.2668,0.264
0.2617,0.2644
0.2498,0.254
0.2542,0.2499
0.2761,0.2817
0.2223,0.2335
0.2295,0.2303
0.2454,0.237
0.2374,0.2363
0.2322,0.2301
0.2388,0.2267
0.227,0.2283
0.2023,0.1986
0.2356,0.2441
0.298,0.306
0.3013,0.293
0.2595,0.2627
0.2646,0.2666
0.2656,0.263
0.2607,0.2488
0.2449,0.2391
0.2546,0.2476
0.1908,0.1907
0.2205,0.2219
0.2249,0.222
0.279,0.2737
0.2737,0.278
0.2375,0.2379
0.2462,0.2411
0.2544,0.2673
0.258,0.2468
0.2468,0.258
0.2489,0.2627
0.261,0.2583
0.2568,0.2452
0.2588,0.2593
0.263,0.262
0.2656,0.2634
0.2651,0.2764
0.2422,0.2308
0.2942,0.291
0.296,0.2969
0.3206,0.3223
0.317,0.3118
0.2527,0.2607
0.2412,0.2421
0.2544,0.258
0.2433,0.2405
0.2407,0.2292
0.2338,0.2395
0.2284,0.2367
0.2367,0.2284
0.2426,0.2324
0.2349,0.2261
0.2417,0.2452
0.2861,0.2922
0.2932,0.2866
0.2169,0.2129
0.224,0.2217
0.2502,0.2434
0.2324,0.2273
0.269,0.2489
0.2253,0.2255
0.258,0.2737
0.227,0.2179
0.2222,0.2264
0.2351,0.2424
0.2424,0.2352
0.2305,0.252
0.2336,0.2532
0.2546,0.258
0.319,0.3171
0.2512,0.2394
0.297,0.2834
0.3254,0.3162
0.3057,0.3015
0.3083,0.311
0.3105,0.3083
0.227,0.235
0.258,0.25
0.236,0.2352
0.2437,0.2576
0.2617,0.2517
0.2,0.2046
0.2876,0.2925
0.2057,0.1946
0.2927,0.2937
0.2544,0.2542
0.257,0.2578
0.2815,0.2825
0.2595,0.2632
0.2598,0.2634
0.266,0.2683
0.2642,0.2664
0.2778,0.2668
0.2712,0.2756
0.2349,0.222
0.2598,0.2418
0.2382,0.22
0.1984,0.206
0.2263,0.2249
0.2477,0.269
0.214,0.2157
0.2057,0.2075
0.2267,0.2262
0.2119,0.228
0.1996,0.1919
0.2288,0.2472
0.2172,0.2106
0.2029,0.2012
0.2073,0.2101
0.2101,0.2073
0.2585,0.265
0.2732,0.2712
0.2117,0.2087
0.2191,0.2181
0.225,0.2306
0.233,0.2323
0.235,0.2324
0.2379,0.2421
0.2437,0.2356
0.238,0.2316
0.298,0.3057
0.313,0.2983
0.2181,0.2186
0.2654,0.2637
0.2612,0.2605
0.2634,0.2686
0.2076,0.2101
0.2296,0.2307
0.2097,0.2125
0.181,0.1947
0.238,0.2361
0.243,0.2461
0.2374,0.2368
0.1917,0.2015
0.2019,0.1895
0.2106,0.196
0.2144,0.2109
0.259,0.261
0.3108,0.308
0.3145,0.324
0.2148,0.2123
0.202,0.2054
0.2316,0.2361
0.2242,0.224
0.2189,0.2222
0.2206,0.228
0.2305,0.2302
0.2206,0.2124
0.2688,0.2659
0.267,0.2676
0.2585,0.2491
0.308,0.302
0.2993,0.2937
0.2485,0.2417
0.2466,0.2457
0.2443,0.2452
0.2404,0.2446
0.2925,0.2942
0.2499,0.2446
0.2812,0.2842
0.242,0.2395
0.2668,0.2678
0.2319,0.2311
0.236,0.2418
0.2656,0.264
0.2245,0.2224
0.2788,0.284
0.2817,0.2898
0.2708,0.277
0.2844,0.2698
0.2465,0.236
0.2463,0.2593
0.3088,0.2893
0.2905,0.3062
0.2585,0.2522
0.2854,0.2812
0.2983,0.2903
0.2908,0.287
0.2389,0.2407
0.2935,0.3054
0.2218,0.2169
0.2198,0.2196
0.2224,0.2172
0.2158,0.2241
0.2805,0.2756
0.2852,0.281
0.2198,0.2097
0.2898,0.2915
0.2776,0.2808
0.2754,0.2815
0.2861,0.2876
0.292,0.2832
0.2198,0.2097
0.2222,0.2218
0.2161,0.216
0.216,0.2161
0.2218,0.2222
0.2396,0.2466
0.2484,0.2446
0.2334,0.2483
0.245,0.2522
0.2319,0.2294
0.2678,0.269
0.2163,0.2279
0.2742,0.2727
0.3362,0.3347
0.33,0.3333
0.2886,0.299
0.2888,0.3027
0.2966,0.287
0.3005,0.2922
0.2534,0.2583
0.3289,0.3215
0.308,0.3037
0.3262,0.3198
0.246,0.2512
0.3013,0.3022
0.283,0.2815
0.2815,0.283
0.2367,0.2316
0.2327,0.2239
0.2155,0.2056
0.198,0.2063
0.2788,0.2737
0.2725,0.279
0.2854,0.2783
0.2808,0.286
0.2155,0.2233
0.2186,0.2128
0.2461,0.249
0.2233,0.2155
0.2128,0.2186
0.3042,0.2969
0.3015,0.3076
0.2756,0.2756
0.2185,0.221
0.2169,0.2186
0.284,0.2815
0.2761,0.2761
0.2408,0.2483
0.2443,0.241
0.2147,0.2214
0.2058,0.1998
0.2211,0.2117
0.2312,0.2292
0.2305,0.2302
0.2083,0.2196
0.206,0.1996
0.2211,0.2125
0.2578,0.2568
0.2664,0.2656
0.2732,0.2703
0.254,0.2467
0.2546,0.2522
0.2488,0.2507
0.2837,0.286
0.2527,0.2494
0.2185,0.2246
0.2551,0.244
0.2018,0.2025
0.2156,0.2178
0.2179,0.2213
0.2386,0.225
0.2642,0.2654
0.2272,0.2433
0.243,0.2563
0.2068,0.2041
0.257,0.2607
0.2588,0.2527
0.2654,0.2698
0.2122,0.2118
0.2722,0.2642
0.26,0.2448
0.2656,0.261
0.2264,0.2374
0.2446,0.2551
0.2534,0.2583
0.2666,0.2788
0.2239,0.2435
0.2576,0.2578
0.2069,0.2052
0.2395,0.2268
0.2332,0.2251
0.2627,0.264
0.2556,0.2524
0.2078,0.2107
0.3113,0.3103
0.3057,0.3274
0.2937,0.3167
0.288,0.286
0.284,0.2825
0.2358,0.2351
0.2302,0.2306
0.2279,0.2416
0.1956,0.1945
0.2502,0.2483
0.2152,0.2281
0.2166,0.2312
0.2312,0.2413
0.2468,0.2244
0.2249,0.2161
0.2433,0.2456
0.2388,0.2238
0.2235,0.2306
0.2219,0.2313
0.2208,0.2048
0.225,0.2408
0.2141,0.2294
0.23,0.2622
0.1971,0.2123
0.2235,0.2306
0.2418,0.2499
0.2432,0.2402
0.2407,0.2374
0.2573,0.2377
0.2229,0.2151
0.2358,0.2133
0.2908,0.2856
0.2979,0.2917
0.2932,0.294
0.273,0.2673
0.304,0.3198
0.2747,0.2856
0.263,0.2747
0.2783,0.2834
0.2688,0.2622
0.2732,0.2578
0.2515,0.2615
0.2534,0.2377
0.2622,0.273
0.269,0.2651
0.2766,0.2725
0.283,0.2695
0.2423,0.2588
0.295,0.2896
0.2974,0.294
0.2585,0.2622
0.2411,0.2563
0.1964,0.1924
0.2474,0.2433
0.2664,0.2568
0.3113,0.293
0.3298,0.3347
0.297,0.3125
0.2712,0.281
0.2369,0.2625
0.302,0.3215
0.28,0.3025
0.2952,0.2756
0.304,0.2864
0.2722,0.275
0.2476,0.2446
0.2556,0.2576
0.2764,0.266
0.2715,0.2761
0.261,0.2744
0.1571,0.2054
0.28,0.2864
0.2487,0.2585
0.2456,0.249
0.246,0.2427
0.252,0.2379
0.2415,0.251
0.2362,0.2402
0.2554,0.2683
0.2115,0.2324
0.2617,0.2487
0.2578,0.2434
0.2075,0.2074
0.2028,0.2028
0.2355,0.2477
0.2028,0.2028
0.2754,0.2793
0.2717,0.2852
0.2421,0.2448
0.2322,0.2372
0.1755,0.1849
0.2404,0.2378
0.2778,0.2625
0.264,0.2603
0.2751,0.2788
0.2109,0.2083
0.2625,0.26
0.2695,0.274
0.237,0.2332
0.2522,0.249
0.2988,0.26
0.289,0.2732
0.1923,0.178
0.1842,0.188
0.1956,0.1824
0.2147,0.2141
0.202,0.2072
0.1837,0.1895
0.2585,0.2847
0.2637,0.2734
0.1896,0.181
0.2401,0.2476
0.2322,0.2285
0.2715,0.2698
0.2883,0.285
0.2844,0.2788
0.2499,0.2542
0.27,0.2805
0.2644,0.263
0.2786,0.278
0.2717,0.2632
0.2869,0.2886
0.2408,0.2566
0.2496,0.2451
0.2815,0.2876
0.2654,0.2666
0.2573,0.2568
0.2747,0.2517
0.2517,0.2747
0.2551,0.2566
0.25,0.2644
0.261,0.263
0.2391,0.2489
0.2474,0.265
0.2084,0.2041
0.2632,0.2627
0.274,0.2874
0.1934,0.2031
0.2451,0.2449
0.2554,0.2544
0.2517,0.259
0.2576,0.266
0.2563,0.2474
0.2588,0.2498
0.2969,0.2651
0.2451,0.2324
0.2664,0.2769
0.2737,0.2725
0.2285,0.2389
0.2686,0.2893
0.2428,0.2534
0.2361,0.2368
0.2988,0.2896
0.259,0.2522
0.2896,0.2964
0.2307,0.2233
0.2617,0.258
0.2593,0.2654
0.229,0.2203
0.2761,0.2732
0.2098,0.2244
0.2179,0.2133
0.279,0.293
0.2896,0.2974
0.2515,0.2554
0.254,0.259
0.283,0.2778
0.2284,0.2311
0.2247,0.2268
0.2913,0.289
0.2313,0.2363
0.2214,0.2338
0.2825,0.2754
0.2275,0.2208
0.2235,0.2267
0.2666,0.2627
0.2556,0.2727
0.287,0.2822
0.2905,0.2954
0.2338,0.2266
0.2637,0.2766
0.3015,0.301
0.263,0.274
0.2786,0.2788
0.279,0.279
0.285,0.2742
0.2817,0.2666
0.2177,0.2311
0.2844,0.2815
0.2705,0.2542
0.2241,0.2297
0.228,0.2191
0.2201,0.2222
0.274,0.2747
0.2837,0.2803
0.2854,0.2847
0.2874,0.2825
0.2832,0.2815
0.2778,0.2883
0.2213,0.2249
0.2201,0.2211
0.2227,0.2311
0.2225,0.2207
0.2334,0.242
0.1968,0.1979
0.2296,0.2341
0.2357,0.2261
0.231,0.2184
0.2208,0.2162
0.2251,0.2454
0.2239,0.2234
0.2334,0.2227
0.2263,0.2255
0.2236,0.225
0.269,0.2617
0.272,0.2659
0.2544,0.2717
0.2004,0.2041
0.2019,0.1987
0.2864,0.2876
0.2385,0.2595
0.2278,0.2296
0.2856,0.2874
0.259,0.2651
0.2236,0.2216
0.2764,0.2693
0.2462,0.25
0.251,0.2458
0.187,0.1926
0.21,0.2207
0.1989,0.1943
0.2615,0.2786
0.2167,0.2148
0.2793,0.2668
0.298,0.2905
0.2428,0.2367
0.2507,0.2502
0.2512,0.25
0.2505,0.2515
0.2374,0.2322
0.2302,0.2219
0.2375,0.2307
0.2522,0.2517
0.2329,0.2385
0.2162,0.2131
0.2211,0.2214
0.2161,0.2175
0.2211,0.2083
0.277,0.2998
0.2854,0.2686
0.2162,0.2239
0.2415,0.2482
0.2229,0.216
0.2462,0.24
0.2191,0.2366
0.2378,0.2418
0.2423,0.2351
0.3193,0.3242
0.317,0.3223
0.2416,0.2433
0.2825,0.294
0.2954,0.287
0.309,0.3123
0.2524,0.2487
0.3047,0.2401
0.3174,0.306
0.2837,0.2805
0.3066,0.3123
0.32,0.3245
0.3171,0.3113
0.311,0.3132
0.295,0.307
0.3066,0.3079
0.2964,0.3044
0.2384,0.2622
0.2688,0.2822
0.283,0.2737
0.2798,0.2742
0.2444,0.2444
0.2142,0.2134
0.2073,0.2097
0.2168,0.2246
0.2373,0.246
0.2335,0.2344
0.217,0.2147
0.2458,0.2399
0.215,0.2288
0.221,0.2186
0.244,0.2399
0.176,0.1824
0.2883,0.2944
0.2979,0.2937
0.193,0.1846
0.2705,0.2795
0.2257,0.2335
0.2439,0.2452
0.251,0.2556
0.2345,0.2404
0.2627,0.2598
0.2119,0.2043
0.2426,0.2487
0.2175,0.2181
0.2668,0.2766
0.2351,0.2512
0.2162,0.2106
0.2024,0.2039
0.256,0.2527
0.2593,0.2534
0.3076,0.311
0.2084,0.1975
0.2568,0.2537
0.31,0.3074
0.3042,0.3137
0.2023,0.1993
0.199,0.2107
0.2375,0.2472
0.3167,0.3167
0.2429,0.2411
0.2612,0.2642
0.1996,0.2006
0.2263,0.2328
0.27,0.2847
0.2263,0.2382
0.2264,0.2131
0.2184,0.2115
0.2189,0.2429
0.2646,0.2583
0.2573,0.2568
0.2233,0.2411
0.2184,0.2
0.289,0.2856
0.2964,0.2803
0.2896,0.2947
0.2803,0.2964
0.27,0.2737
0.278,0.2747
0.2976,0.299
0.2998,0.3013
0.2593,0.2625
0.2637,0.2583
0.2495,0.2427
0.2354,0.2458
0.2622,0.26
0.2947,0.2917
0.2878,0.2893
0.1635,0.1586
0.2598,0.2783
0.2205,0.2262
0.2338,0.2437
0.233,0.2286
0.231,0.2197
0.2218,0.215
0.2764,0.2886
0.2847,0.3
0.2358,0.244
0.2299,0.2397
0.2391,0.2247
0.257,0.262
0.2177,0.221
0.2324,0.2257
0.2412,0.2456
0.2446,0.2421
0.2568,0.253
0.2825,0.2815
0.2578,0.2642
0.2822,0.2808
0.2646,0.2598
0.246,0.2502
0.2568,0.2795
0.3027,0.3
0.3142,0.3054
0.304,0.3062
0.3008,0.31
0.2433,0.255
0.2491,0.2461
0.2559,0.2422
0.2352,0.2374
0.2306,0.2211
0.2007,0.1846
0.2145,0.2137
0.2343,0.2296
0.3,0.2986
0.3062,0.307
0.2319,0.2402
0.2598,0.2551
0.2119,0.2175
0.2563,0.2664
0.2102,0.2042
0.2986,0.3076
0.2893,0.28
0.2974,0.2905
0.2947,0.2896
0.2996,0.2983
0.2915,0.2983
0.2893,0.3071
0.261,0.2756
0.2964,0.3003
0.2441,0.2566
0.2947,0.2896
0.297,0.3
0.2913,0.2915
0.2927,0.293
0.261,0.2659
0.2438,0.2461
0.2668,0.2893
0.3179,0.32
0.298,0.2966
0.2773,0.267
0.3044,0.3003
0.281,0.2778
0.2983,0.2927
0.3064,0.308
0.3027,0.299
0.2942,0.2957
0.3074,0.3083
0.297,0.298
0.3037,0.3037
0.2947,0.2896
0.2998,0.2947
0.3105,0.3184
0.298,0.297
0.3074,0.3071
0.2413,0.266
0.2491,0.2566
0.2751,0.2852
0.256,0.249
0.2976,0.2964
0.2935,0.2954
0.283,0.2678
0.2632,0.2407
0.2319,0.2358
0.2367,0.2257
0.2074,0.2225
0.2183,0.2327
0.2347,0.21
0.2286,0.2274
0.2255,0.2294
0.2798,0.2717
0.2272,0.2267
0.2124,0.2056
0.2157,0.2117
0.2338,0.2302
0.2101,0.2164
0.2255,0.2295
0.2412,0.2388
0.2152,0.2155
0.2141,0.2202
0.2515,0.2573
0.209,0.2374
0.2854,0.2756
0.2786,0.2678
0.2878,0.2803
0.2686,0.2722
0.2783,0.281
0.269,0.28
0.2498,0.256
0.2588,0.259
0.2605,0.2769
0.282,0.264
0.2212,0.2085
0.2471,0.2476
0.2148,0.2297
0.211,0.2034
0.1885,0.2032
0.2048,0.2026
0.2456,0.2388
0.2019,0.2043
0.2874,0.2756
0.2927,0.2773
0.2725,0.2607
0.2542,0.2664
0.2786,0.2915
0.2854,0.2822
0.298,0.2979
0.281,0.2844
0.2688,0.2654
0.2788,0.2808
0.254,0.2476
0.2622,0.2593
0.2852,0.2825
0.2817,0.2847
0.2856,0.283
0.2976,0.2927
0.2957,0.296
0.278,0.277
0.297,0.2986
0.2961,0.2954
0.2466,0.258
0.2944,0.2993
0.2576,0.2642
0.265,0.271
0.3118,0.3127
0.2494,0.2642
0.2532,0.2678
0.2764,0.281
0.3118,0.3066
0.236,0.2346
0.2296,0.2172
0.2318,0.2361
0.3005,0.305
0.283,0.2817
0.2357,0.2318
0.26,0.263
0.2092,0.2047
0.202,0.223
0.2367,0.2317
0.221,0.2189
0.2224,0.2196
0.2233,0.2201
0.221,0.2216
0.2507,0.2534
0.2625,0.2559
0.297,0.305
0.2944,0.3035
0.2913,0.3005
0.2988,0.289
0.302,0.2927
0.2996,0.306
0.326,0.3198
0.274,0.2815
0.314,0.3098
0.318,0.325
0.3083,0.309
0.2756,0.2856
0.2405,0.248
0.2766,0.2864
0.2517,0.2551
0.242,0.2369
0.2886,0.285
0.2527,0.246
0.2556,0.2625
0.2333,0.2393
0.2646,0.2617
0.2915,0.2908
0.2678,0.2617
0.2266,0.2347
0.2578,0.252
0.2467,0.2559
0.2255,0.2156
0.214,0.2238
0.2474,0.2515
0.1997,0.2058
0.2489,0.2451
0.2273,0.2194
0.2039,0.2008
0.2744,0.2747
0.2742,0.2727
0.1964,0.2124
0.2084,0.2017
0.267,0.251
0.2551,0.2449
0.2637,0.2485
0.238,0.2468
0.2534,0.2668
0.247,0.2632
0.2422,0.2524
0.2418,0.2457
0.2451,0.2379
0.2439,0.2389
0.3098,0.318
0.3093,0.3052
0.2573,0.251
0.2676,0.2625
0.2617,0.2664
0.2686,0.2756
0.2051,0.2242
0.2715,0.265
0.2295,0.2262
0.2245,0.2125
0.2922,0.2942
0.2345,0.2351
0.304,0.3027
0.2732,0.2754
0.307,0.3245
0.2195,0.2072
0.224,0.226
0.1915,0.1938
0.1938,0.1915
0.2079,0.2003
0.2568,0.257
0.2158,0.2255
0.296,0.2932
0.2198,0.2189
0.2583,0.2668
0.2852,0.293
0.273,0.2676
0.2207,0.2339
0.2559,0.2668
0.2612,0.2651
0.2505,0.2698
0.2001,0.1997
0.1932,0.2034
0.3083,0.3171
0.312,0.3257
0.3147,0.3247
0.31,0.3203
0.26,0.2664
0.2822,0.289
0.324,0.3115
0.2837,0.2832
0.3171,0.3083
0.3105,0.3025
0.261,0.264
0.2637,0.263
0.2402,0.2318
0.286,0.285
0.2498,0.262
0.2668,0.2605
0.242,0.2406
0.2737,0.2744
0.2366,0.241
0.2703,0.2761
0.2852,0.278
0.24,0.2317
0.2595,0.256
0.2435,0.2462
0.2551,0.2489
0.2595,0.256
0.2303,0.2388
0.2778,0.2764
0.2461,0.2483
0.27,0.264
0.2566,0.2472
0.2317,0.2267
0.2407,0.2391
0.2554,0.257
0.2502,0.2559
0.2625,0.2637
0.2612,0.2646
0.2761,0.2722
0.2438,0.2458
0.2336,0.2388
0.1973,0.1896
0.198,0.1893
0.2323,0.2303
0.2456,0.2512
0.2411,0.2338
0.2229,0.2188
0.2045,0.2203
0.231,0.23
0.2563,0.2444
0.2491,0.2566
0.2312,0.2347
0.2668,0.2778
0.2769,0.266
0.2942,0.299
0.2964,0.301
0.2974,0.2944
0.3003,0.301
0.2766,0.29
0.292,0.2878
0.2812,0.2834
0.298,0.2925
0.2952,0.2974
0.2896,0.2886
0.302,0.2974
0.256,0.2507
0.2766,0.2712
0.2551,0.2612
0.2532,0.2467
0.2361,0.2417
0.2327,0.2402
0.2715,0.267
0.2542,0.252
0.266,0.2708
0.255,0.2551
0.24,0.2444
0.2369,0.2471
0.2532,0.2386
0.2715,0.2612
0.2316,0.2205
0.2395,0.2502
0.2393,0.2313
0.248,0.2432
0.237,0.235
0.2356,0.2491
0.2686,0.251
0.2607,0.2698
0.2532,0.2703
0.2551,0.259
0.1919,0.2092
0.1956,0.2051
0.2432,0.2433
0.2051,0.1971
0.2404,0.2417
0.2708,0.281
0.2275,0.2214
0.2417,0.2373
0.2236,0.243
0.2189,0.2139
0.242,0.2494
0.2438,0.2131
0.2339,0.2466
0.279,0.2864
0.2314,0.2197
0.2944,0.2993
0.292,0.2766
0.2181,0.2299
0.2432,0.2251
0.2206,0.2418
0.2283,0.2325
0.2382,0.2328
0.246,0.252
0.246,0.247
0.2332,0.2286
0.2485,0.2517
0.247,0.2423
0.255,0.2438
0.236,0.244
0.2439,0.2307
0.2512,0.2272
0.2477,0.2384
0.2482,0.2627
0.2229,0.2551
0.275,0.2966
0.2893,0.2686
0.2313,0.2478
0.3013,0.2783
0.285,0.2954
0.2979,0.2874
0.2957,0.2976
0.2944,0.2834
0.2585,0.2754
0.2024,0.1781
0.2761,0.2793
0.2893,0.2737
0.257,0.2181
0.2957,0.2876
0.186,0.2109
0.2303,0.2637
0.2288,0.2421
0.2332,0.2213
0.2378,0.234
0.2272,0.2395
0.2468,0.2524
0.2457,0.2454
0.2563,0.256
0.2356,0.2522
0.2386,0.2394
0.2393,0.2252
0.2546,0.2507
0.2546,0.2427
0.2886,0.288
0.2169,0.189
0.2883,0.2954
0.3171,0.3086
0.3108,0.3193
0.2961,0.2915
0.2622,0.2559
0.2439,0.2451
0.2537,0.2502
0.2522,0.2522
0.2507,0.2542
0.2249,0.2233
0.2654,0.264
0.2598,0.2534
0.2605,0.2568
0.2478,0.255
0.268,0.2703
0.2654,0.2544
0.274,0.2698
0.1642,0.1598
0.221,0.2214
0.2019,0.2137
0.2522,0.2559
0.252,0.2617
0.2333,0.2372
0.174,0.1846
0.1763,0.1781
0.1625,0.169
0.248,0.2563
0.2583,0.2668
0.2063,0.2158
0.2534,0.2615
0.2278,0.222
0.2252,0.2236
0.225,0.2123
0.2139,0.2278
0.2401,0.2445
0.2418,0.2395
