0,1
0.21087645,0.2345096
0.22715504,0.23190627
0.23048691,0.22434463
0.2151008,0.24049875
0.2293323,0.24408962
0.23637109,0.24957354
0.23812456,0.23728037
0.21208037,0.22938043
0.19918407,0.20820032
0.19876629,0.207944
0.22050351,0.22799963
0.23803164,0.24662918
0.2441067,0.24584964
0.27546847,0.27078372
0.23870257,0.2515042
0.23671055,0.24723582
0.2669055,0.269279
0.26604918,0.28263515
0.27395555,0.27994728
0.25973642,0.27841985
0.28965962,0.29933935
0.2637211,0.27516973
0.2597093,0.2740512
0.18190835,0.17637679
0.18136793,0.18662794
0.20012148,0.19811496
0.2691397,0.27261892
0.25658795,0.27306747
0.28313592,0.29483154
0.27280372,0.278272
0.2555759,0.283777
0.28704455,0.30237246
0.18007886,0.19983807
0.199493,0.2012512
0.21233632,0.21266818
0.27131695,0.26113486
0.27630618,0.2630641
0.2693747,0.26534876
0.16489562,0.15136787
0.1908374,0.1737606
0.1443325,0.15182263
0.17153023,0.16676888
0.26969004,0.24926801
0.27662626,0.25783372
0.26525706,0.25993174
0.27313256,0.26614195
0.21906757,0.23574896
0.22744516,0.24104428
0.25282153,0.2496869
0.25986612,0.25495493
0.21021649,0.21751702
0.23815092,0.21674643
0.21897386,0.18472408
0.21614504,0.18831667
0.2546777,0.24593002
0.25742567,0.25276515
0.27060264,0.26555362
0.2660846,0.2714141
0.20923197,0.21171786
0.20729575,0.23963429
0.22714026,0.24251115
0.22190487,0.25081098
0.2251848,0.2634607
0.25481153,0.27356756
0.23306832,0.24965927
0.22765814,0.25219595
0.15508045,0.17833127
0.18578976,0.17409232
0.24686645,0.2700521
0.24277428,0.25497162
0.24272382,0.26032192
0.18210183,0.20598882
0.25624028,0.2696832
0.25195298,0.28878057
0.21671239,0.20177379
0.24522337,0.23618579
0.23485641,0.22250752
0.24875136,0.24796152
0.22368458,0.22223571
0.23970693,0.2553737
0.2593585,0.26144332
0.2556194,0.25258046
0.23469472,0.22573069
0.22305606,0.21729825
0.22334695,0.22677451
0.25889313,0.28463927
0.2716994,0.2866356
0.25075078,0.27603164
0.24034326,0.26493812
0.2896939,0.29258394
0.21284103,0.24996
0.23554295,0.25550532
0.21963586,0.24780355
0.18359722,0.23733315
0.23134716,0.2702495
0.24603596,0.2627259
0.21593842,0.24165401
0.25777245,0.25909358
0.21205075,0.22425045
0.2103289,0.21666534
0.22303066,0.21876235
0.26142344,0.2506702
0.23124245,0.23944102
0.17835212,0.19670829
0.20681795,0.20573778
0.19716147,0.19871086
0.25455552,0.23358208
0.1834647,0.1674612
0.16790771,0.15286215
0.18009314,0.1627297
0.18197387,0.17231447
0.18936023,0.17621356
0.19411984,0.19369689
0.19066063,0.18205734
0.2470039,0.2383266
0.2573171,0.27214772
0.25719807,0.26899153
0.24245079,0.3004626
0.19382897,0.23717394
0.23643258,0.28070903
0.17789668,0.22613782
0.1862724,0.22163051
0.16589333,0.19506632
0.27190423,0.28813303
0.26776138,0.26938978
0.24952708,0.2671135
0.26612025,0.25557792
0.2578366,0.27509326
0.25673792,0.25694874
0.24000864,0.2539454
0.25666875,0.24814814
0.2716081,0.26904374
0.27241644,0.2509615
0.25280946,0.25551668
0.26867378,0.24341485
0.26418296,0.2733863
0.26111874,0.25574818
0.24178192,0.25334597
0.25815934,0.24887967
0.26470104,0.27875423
0.2638986,0.26481658
0.24635679,0.2618321
0.26213947,0.25051808
0.2589755,0.26389676
0.2579865,0.2519154
0.24236958,0.24482523
0.26065567,0.23702642
0.2627422,0.28589317
0.2512787,0.2701978
0.23911506,0.26950648
0.26703185,0.26484302
0.23154576,0.24823089
0.22704774,0.24651021
0.2291823,0.24247965
0.22004029,0.23522872
0.225142,0.2473711
0.21882078,0.24402848
0.23918381,0.2649424
0.20228815,0.2392117
0.2037741,0.2500984
0.18769991,0.20025879
0.19203815,0.22797185
0.114019945,0.09331228
0.2702011,0.25626394
0.24381879,0.24943696
0.28036153,0.27926472
0.2600623,0.2754153
0.27905568,0.27009875
0.24887347,0.26139724
0.27722028,0.27711397
0.24919352,0.26964313
0.27397338,0.2710436
0.27381122,0.26525205
0.2767967,0.27814388
0.27977565,0.291
0.27500078,0.28254533
0.27888206,0.28886244
0.2813151,0.28136325
0.28463334,0.2762626
0.28282183,0.28463486
0.2773448,0.29121438
0.27697596,0.28352365
0.27926868,0.29331237
0.2582987,0.25026625
0.25462168,0.25688195
0.26705787,0.27863812
0.26707634,0.27467
0.2618057,0.262981
0.256112,0.26632974
0.2597075,0.26286957
0.25147265,0.26549935
0.25400388,0.2501276
0.2350275,0.23815614
0.23901609,0.24201652
0.253617,0.2335845
0.23883545,0.22754994
0.23996727,0.22820468
0.28006998,0.272797
0.29329905,0.2930779
0.27403194,0.25882143
0.2851385,0.27739975
0.26782802,0.24925825
0.247237,0.23817933
0.24934606,0.2479399
0.25736725,0.24951553
0.25180212,0.22655085
0.25175798,0.24748932
0.25536308,0.24865752
0.2539231,0.23596224
0.23807082,0.2333346
0.2490227,0.23988447
0.2096034,0.22902115
0.22394314,0.24668398
0.23561616,0.2566664
0.21624787,0.22651117
0.23554838,0.24647728
0.24873695,0.2515228
0.23757088,0.24095848
0.25906712,0.25138706
0.23359147,0.24719384
0.24537987,0.24272674
0.26476294,0.25309
0.24113657,0.2475653
0.26796755,0.26405436
0.29353106,0.2638857
0.27991349,0.27220535
0.26773354,0.2685604
0.29144466,0.27049533
0.28091323,0.27430004
0.25752932,0.280048
0.29448918,0.2887031
0.26989996,0.29085058
0.25111005,0.2492221
0.2590961,0.2598819
0.25974742,0.25280133
0.22820517,0.2249955
0.22597925,0.23516367
0.2307342,0.22664392
0.2777161,0.2831952
0.29223886,0.3030601
0.2925464,0.31240618
0.30433574,0.32925272
0.2989609,0.3170444
0.3104781,0.33238268
0.25519377,0.24973175
0.21797006,0.2080964
0.20328932,0.21358892
0.21832311,0.2282224
0.23806351,0.24194282
0.2643343,0.28693587
0.32080624,0.31372228
0.30346915,0.3084051
0.32081187,0.3140863
0.2943616,0.30144233
0.309855,0.31257176
0.28174216,0.29577163
0.22816586,0.25219387
0.22777909,0.25193116
0.20951009,0.21541777
0.190113,0.21443442
0.1892391,0.23543343
0.18387319,0.22521925
0.17202881,0.21912557
0.18001577,0.19893937
0.18306269,0.18919024
0.15397756,0.18107603
0.2767184,0.2771013
0.25167352,0.25568724
0.18915136,0.1791924
0.2001934,0.19277254
0.20284943,0.19920726
0.28795403,0.2896277
0.19055688,0.20328537
0.2716675,0.28985995
0.29857153,0.29776585
0.28537044,0.27643284
0.28663635,0.2791724
0.29185688,0.28866732
0.28613108,0.2797991
0.28255197,0.27602234
0.28233373,0.27230158
0.29376552,0.28878462
0.2541481,0.23522958
0.2498208,0.2487817
0.24844345,0.23875771
0.24786007,0.26100814
0.29793262,0.2896499
0.3090821,0.3083527
0.28158742,0.27756652
0.28728396,0.30367976
0.29623196,0.28607172
0.30873823,0.3091126
0.29541883,0.29845822
0.29667023,0.31821916
0.21080583,0.22424349
0.19806701,0.22348401
0.19687086,0.22604701
0.23223324,0.23938939
0.26972657,0.263062
0.19293697,0.22259034
0.26211333,0.26323634
0.24190512,0.26085633
0.23740673,0.27766854
0.20488794,0.20210566
0.19899336,0.21125871
0.2002924,0.22610952
0.2029126,0.21928932
0.18716583,0.17554943
0.16640088,0.16791743
0.20012027,0.1980484
0.16844758,0.18220109
0.21447222,0.2226175
0.197961,0.19944806
0.19355425,0.20518632
0.19353397,0.17819838
0.20008974,0.18758327
0.2128787,0.22742747
0.18971443,0.17445992
0.20562741,0.20096424
0.18324125,0.16260841
0.20730542,0.21623522
0.22229148,0.23237935
0.19146705,0.2059543
0.16925065,0.19517067
0.17805523,0.2085723
0.2372202,0.24344946
0.22321047,0.23102854
0.22852999,0.2232208
0.23352563,0.21288693
0.22120243,0.23094597
0.21043439,0.22515513
0.15421201,0.17782465
0.18019086,0.18858038
0.22182916,0.22036448
0.12048535,0.11731389
0.11365987,0.09875964
0.25681096,0.26466715
0.23736984,0.24263781
0.2666971,0.25784445
0.29044452,0.29807168
0.2791953,0.27745366
0.254574,0.2708705
0.24747628,0.2788868
0.24015163,0.2479033
0.24176525,0.24990132
0.24408281,0.24116176
0.2469824,0.25136182
0.18251492,0.21214794
0.17989902,0.21830972
0.18213503,0.19484337
0.1752495,0.19571432
0.18767333,0.18103784
0.18357317,0.17917344
0.2942751,0.2930528
0.28547662,0.29466233
0.24873555,0.26217958
0.23417762,0.25156152
0.24961935,0.25650203
0.2055191,0.20368679
0.19443566,0.19403297
0.24843343,0.26081958
0.25128806,0.27266142
0.23040469,0.23835835
0.23657882,0.24858402
0.15605359,0.1643168
0.15889648,0.17350665
0.15791334,0.1531051
0.15876642,0.15861195
0.22360516,0.24040207
0.24024448,0.26057374
0.168581,0.18534012
0.16645256,0.16541678
0.16827425,0.21220063
0.12720686,0.12996444
0.1423519,0.15318725
0.1908537,0.19643737
0.25792414,0.24362165
0.20042115,0.20853153
0.18809542,0.19460171
0.22657774,0.23784393
0.19990222,0.20607777
0.28753614,0.29210868
0.28406626,0.29978824
0.20238905,0.20856722
0.19800095,0.21067107
0.2976415,0.31857392
0.23684673,0.23107782
0.24924332,0.26493013
0.23109737,0.23878653
0.29928875,0.31455207
0.27928153,0.29845238
0.3038963,0.31819066
0.2616687,0.27425432
0.2484516,0.2611636
0.27452686,0.28374904
0.23516315,0.24363752
0.2424517,0.25267333
0.2491378,0.2682546
0.26179555,0.27268618
0.2780295,0.28857848
0.29838187,0.29655156
0.2735125,0.28369
0.28400904,0.28863513
0.30310032,0.2914281
0.27676213,0.28421748
0.2614335,0.25913715
0.28225967,0.26673996
0.2758577,0.2835885
0.29968974,0.2864815
0.2842407,0.29051498
0.30619085,0.29953125
0.28078485,0.28864568
0.2936669,0.2999844
0.31253365,0.30422994
0.28824222,0.29576594
0.18610996,0.20839569
0.2322323,0.220819
0.21794431,0.20854272
0.2052894,0.23731183
0.2437068,0.24551976
0.23225498,0.2335475
0.24031211,0.23635557
0.23280512,0.25706238
0.2827551,0.29189646
0.27273583,0.28246608
0.27059075,0.28087527
0.26838988,0.2657865
0.19386698,0.18734959
0.20363753,0.2048713
0.26111862,0.26996914
0.2669556,0.28780702
0.22715777,0.23157889
0.22582366,0.234255
0.2271845,0.23453799
0.2619256,0.24656714
0.24669845,0.23889163
0.19723634,0.19599403
0.18590234,0.19365458
0.20338759,0.20608148
0.24123079,0.24815291
0.21981356,0.22467336
0.23273161,0.24355578
0.23128858,0.22976816
0.20269464,0.20516954
0.21797155,0.23104583
0.21278968,0.22983357
0.22890778,0.2512825
0.22879788,0.22987835
0.23633367,0.23685782
0.22975346,0.22520286
0.22700986,0.23487242
0.18781854,0.20458095
0.26851407,0.2831662
0.22983357,0.24421783
0.2392342,0.24461274
0.25898,0.27193487
0.27412862,0.27781147
0.20229629,0.20178856
0.30578983,0.30574203
0.30728918,0.3125675
0.19975463,0.21428572
0.16631556,0.20230056
0.23394062,0.23817477
0.20912969,0.22139984
0.24084091,0.25816602
0.23171586,0.2316639
0.22785288,0.23228537
0.302774,0.32122397
0.31431767,0.32327002
0.27177757,0.29523665
0.27972245,0.29862285
0.26598448,0.30631363
0.22084397,0.23822983
0.23318112,0.238482
0.23577482,0.2368274
0.21323824,0.22328624
0.21289787,0.220163
0.20756023,0.20810255
0.21057147,0.22666156
0.17505355,0.18992448
0.2619454,0.2737356
0.26271474,0.28306147
0.22964092,0.21629368
0.2285409,0.24491133
0.21099505,0.21232352
0.23315194,0.25656313
0.22610277,0.23749456
0.22490735,0.26151845
0.18011555,0.1732881
0.17124854,0.19521415
0.19319685,0.16702025
0.18349375,0.19004698
0.20731702,0.18555889
0.17436954,0.19749776
0.20525882,0.22531222
0.22138815,0.23734534
0.21961801,0.23718826
0.13355525,0.12849045
0.1714822,0.17812338
0.24923651,0.26094696
0.27516577,0.27526623
0.25553983,0.2591901
0.25916886,0.2643696
0.19225864,0.21297957
0.1782787,0.1842658
0.24854726,0.25806975
0.24353409,0.2373653
0.2766693,0.28905427
0.2656319,0.268762
0.19703293,0.1881476
0.23985676,0.22338444
0.2482687,0.2575396
0.28255057,0.2778966
0.29635963,0.27417135
0.28229958,0.27410537
0.20529893,0.24729332
0.2178433,0.254118
0.20528722,0.22081465
0.2535443,0.25311956
0.18360661,0.21216145
0.16160834,0.19980623
0.16158739,0.19267729
0.20732567,0.23264597
0.17360507,0.17231365
0.20253308,0.21544819
0.20741077,0.210855
0.2149807,0.21737328
0.21942474,0.21862637
0.30202788,0.30771106
0.20897722,0.21561423
0.2304312,0.24704273
0.22985771,0.2393292
0.20174001,0.2211632
0.21372287,0.22659406
0.24018082,0.23135379
0.22426826,0.22869928
0.23837724,0.24279886
0.22947374,0.24342258
0.23421109,0.22475938
0.21951096,0.21893239
0.23715994,0.24255604
0.22833553,0.24129139
0.24667582,0.2711279
0.24162799,0.27347332
0.28194025,0.307166
0.2665899,0.3035571
0.23909774,0.257597
0.27025595,0.26734704
0.26831153,0.28945178
0.12897716,0.15004194
0.13982852,0.1546961
0.13794218,0.16560566
0.16473293,0.1676941
0.17789192,0.18010499
0.1734491,0.1792633
0.18689583,0.1767635
0.19794825,0.18909232
0.19190916,0.17490542
0.16091388,0.1972211
0.23272635,0.24558643
0.244279,0.29258236
0.22052187,0.25180554
0.20597325,0.23269153
0.19445767,0.24247058
0.29628658,0.2939732
0.27398515,0.2714426
0.18185624,0.14916502
0.16309969,0.162213
0.22996898,0.22779703
0.27393365,0.27600378
0.2728837,0.2770183
0.28539923,0.2848775
0.22102594,0.23008202
0.24758872,0.24792391
0.20102586,0.19231269
0.21146196,0.19934045
0.2436881,0.24969706
0.23490518,0.23569709
0.24844663,0.2448254
0.23692459,0.24140659
0.26223657,0.25991642
0.25275135,0.25296953
0.27257454,0.2700494
0.26374865,0.26562953
0.2829339,0.27745908
0.20034671,0.2150904
0.19504458,0.21905866
0.21960646,0.21115738
0.21983004,0.21615326
0.21813081,0.21978287
0.21181677,0.21938919
0.28556016,0.27805242
0.27360874,0.271979
0.277448,0.26413774
0.2852617,0.28128576
0.26736373,0.27093315
0.2804449,0.27232122
0.2933693,0.28515458
0.27920544,0.27875894
0.28558847,0.27283412
0.20538813,0.1970232
0.20583381,0.20321219
0.2054106,0.21082959
0.2071051,0.22278522
0.26558816,0.25751194
0.26325712,0.26422796
0.23395538,0.24006829
0.22831568,0.23533386
0.22858039,0.23573191
0.22968054,0.253048
0.23033379,0.24823433
0.22628051,0.24392769
0.2299558,0.22208004
0.1953249,0.22891255
0.21146375,0.21541443
0.2164471,0.24814208
0.19018334,0.19984785
0.1648172,0.18525937
0.18069604,0.2320792
0.19054082,0.19724235
0.2708169,0.28628713
0.2689336,0.2801332
0.23461145,0.2330001
0.24322793,0.24525088
0.24577458,0.25804508
0.24466981,0.25941473
0.26644397,0.28418797
0.2244528,0.24865863
0.23946898,0.2800826
0.2630707,0.27870324
0.21544614,0.23327702
0.21470311,0.21940565
0.23667513,0.27103433
0.27277863,0.32322583
0.26403707,0.3247676
0.3217979,0.33049446
0.22803405,0.26797995
0.29913098,0.3244106
0.22670664,0.24019173
0.24501616,0.2682207
0.25641474,0.25903624
0.2475437,0.25020832
0.2674018,0.27935535
0.1966804,0.22224748
0.22656423,0.24932338
0.18592669,0.1994516
0.1909035,0.19604188
0.2761209,0.28840566
0.2837332,0.27815843
0.29641563,0.3135411
0.25878948,0.27066237
0.23225483,0.24207301
0.26877296,0.26392323
0.236147,0.23187388
0.27877757,0.2995015
0.2560589,0.27249968
0.27485847,0.28002477
0.27707168,0.27932653
0.2995095,0.2956259
0.2153522,0.22740932
0.17814347,0.17186877
0.24135675,0.23548383
0.26584592,0.26874974
0.2238779,0.19826409
0.19233055,0.2078118
0.2634917,0.29255322
0.22644183,0.25109503
0.23922879,0.25282615
0.22215289,0.24134254
0.19938149,0.22477071
0.21513724,0.23061875
0.21305916,0.24660206
0.22640887,0.2599526
0.19104503,0.23951563
0.2182448,0.2190941
0.23551114,0.23043513
0.21501967,0.2186466
0.20844865,0.2518637
0.1513811,0.15132722
0.15296884,0.17457338
0.15090768,0.15386021
0.16673662,0.17209765
0.16311918,0.18039702
0.2217327,0.21048623
0.22592062,0.2185791
0.22775468,0.22335805
0.22722985,0.21546133
0.2282545,0.22575587
0.22923675,0.22749178
0.18534116,0.18773043
0.17766298,0.18513937
0.20095177,0.2076394
0.20675276,0.20193201
0.18460447,0.20353991
0.23471135,0.23923507
0.24087353,0.24173245
0.24745679,0.24226418
0.24174158,0.23644404
0.24803048,0.242757
0.2527918,0.24261162
0.22646339,0.22996473
0.19195715,0.17705405
0.18698335,0.19107819
0.24663095,0.24778683
0.24091603,0.24484491
0.25462908,0.24557768
0.20369966,0.20733912
0.20795941,0.21702716
0.26103872,0.2741646
0.2795747,0.27715206
0.28365058,0.27663082
0.25484312,0.25963405
0.26389247,0.26444748
0.26894253,0.2706343
0.26159465,0.2597789
0.27157134,0.26078585
0.2796638,0.26868787
0.23420574,0.23690875
0.17885919,0.19010094
0.24842286,0.26347834
0.1564783,0.18241265
0.16548686,0.17432594
0.17389649,0.17115372
0.1866915,0.16691113
0.14952171,0.15327181
0.15209436,0.15230496
0.21851204,0.21476479
0.23834573,0.22794232
0.21051008,0.21731389
0.23700005,0.236319
0.21333246,0.19942509
0.2016662,0.21064557
0.15433376,0.14888106
0.22330168,0.23790231
0.23615327,0.24610424
0.18186724,0.21118331
0.18013225,0.19313718
0.21025598,0.22371534
0.21055901,0.20698349
0.21203233,0.21636635
0.19104636,0.20638676
0.19813752,0.22191049
0.22764671,0.22293623
0.25999725,0.23085673
0.22075413,0.21138555
0.20437428,0.21003968
0.16754156,0.13584171
0.23605774,0.25014538
0.20250407,0.22908752
0.19480371,0.22058958
0.22926678,0.22970483
0.26865044,0.2814355
0.27956128,0.2812432
0.21886885,0.23183799
0.22871912,0.23755544
0.23213892,0.24221227
0.2057489,0.2092221
0.25001216,0.26953143
0.24240848,0.26032877
0.2547875,0.27021754
0.24246551,0.26141483
0.25003755,0.25664017
0.21482247,0.2185251
0.23553607,0.22490384
0.16777928,0.1846444
0.2393295,0.24033324
0.23459709,0.2608284
0.24301055,0.25952882
0.22846925,0.2577094
0.2436717,0.26294062
0.2061975,0.2149341
0.23076831,0.21314907
0.20993322,0.23141907
0.2411441,0.22989988
0.18107083,0.20638065
0.19806457,0.21634537
0.23053212,0.22772835
0.22022012,0.2342291
0.23447482,0.25631538
0.25733858,0.26841947
0.2560491,0.26941824
0.26446155,0.2758529
0.19364086,0.20036808
0.21201572,0.21868204
0.2374017,0.2485191
0.2195657,0.22109392
0.22019626,0.20561238
0.2123579,0.21533553
0.24279916,0.26066345
0.24484067,0.2507662
0.24983743,0.266154
0.24699087,0.25594008
0.24730974,0.25171992
0.24620445,0.26715088
0.24464983,0.2598533
0.26608312,0.26138896
0.26485112,0.2734774
0.21189187,0.26480564
0.24377647,0.26634097
0.21519022,0.24280024
0.24435526,0.2627287
0.18093404,0.18125938
0.1824693,0.17709777
0.1618302,0.1682054
0.18210463,0.16354595
0.15604702,0.14304522
0.25125557,0.25974354
0.26397738,0.27649164
0.2543291,0.26708028
0.2358892,0.2806903
0.23591202,0.29368222
0.2464441,0.305234
0.21594122,0.26116294
0.21132305,0.2279439
0.19878498,0.2051682
0.19570588,0.1830297
0.22943644,0.24126989
0.20747553,0.21042204
0.19884557,0.19473007
0.21587004,0.22660258
0.21234629,0.22026253
0.2719906,0.30096066
0.28973997,0.30572903
0.29223981,0.32330197
0.24806651,0.2576613
0.2751965,0.2728471
0.21186174,0.20522338
0.25023478,0.23992941
0.20614044,0.21066853
0.22735326,0.2397735
0.21971023,0.20882007
0.2275545,0.21796215
0.20765945,0.21183097
0.2102226,0.22051829
0.2346242,0.23795703
0.22679782,0.23333241
0.25257424,0.2556244
0.25391728,0.25528246
0.28140515,0.28309828
0.2813072,0.2870393
0.28588784,0.28151685
0.30358303,0.32011282
0.2579945,0.2537259
0.2678348,0.27717698
0.23320992,0.2279619
0.26708162,0.28061017
0.25257757,0.25472793
0.22715591,0.24004428
0.2304529,0.24805011
0.17072167,0.1830258
0.28272468,0.3052211
0.2788121,0.30407807
0.28914398,0.322491
0.30506423,0.30271044
0.21382987,0.20941308
0.25071055,0.25112888
0.16938382,0.1755467
0.15663092,0.15981027
0.19298643,0.18731543
0.19989099,0.19183068
0.24851435,0.24572659
0.23064993,0.23037994
0.2092554,0.22291428
0.24671982,0.28773317
0.18962069,0.1985885
0.27983624,0.32339442
0.26701993,0.31326556
0.240993,0.29898387
0.3108726,0.3162269
0.3031122,0.3102358
0.27066487,0.2930871
0.30778897,0.32638225
0.2972266,0.31895196
0.27119595,0.31217828
0.30429077,0.3139047
0.29670006,0.30813605
0.26322094,0.28874904
0.26034772,0.28692684
0.24037461,0.2826519
0.26271182,0.27432433
0.24237163,0.2625018
0.27312732,0.2847982
0.25342304,0.27476925
0.26261276,0.27881497
0.2414931,0.26565713
0.21120964,0.21432295
0.1912439,0.19949079
0.20719385,0.21324041
0.18038094,0.19727735
0.18584886,0.18494406
0.16467734,0.16378783
0.2486964,0.23126116
0.23066527,0.24847712
0.19088177,0.19656299
0.23644452,0.23607303
0.21342516,0.21053644
0.21337089,0.20755416
0.22347373,0.27282807
0.25663745,0.31939164
0.2195588,0.23169202
0.24559458,0.27003855
0.18658721,0.21344054
0.22543485,0.2321395
0.2082097,0.22006667
0.19362706,0.19838494
0.18786833,0.18609108
0.14875084,0.15425196
0.14868045,0.1505066
0.2777853,0.29435325
0.24972965,0.28411657
0.26467067,0.26638696
0.2679514,0.2992677
0.25845373,0.29825312
0.2696129,0.2937773
0.2625072,0.2924494
0.26694074,0.27600223
0.26387042,0.27566618
0.2174378,0.25861242
0.2118165,0.23767853
0.24635196,0.2620621
0.20997964,0.25022432
0.22886541,0.2193161
0.18371171,0.21037593
0.22585788,0.22603863
0.2501766,0.26238087
0.24762778,0.25839874
0.21569858,0.23476076
0.23225294,0.2404345
0.21101774,0.2405079
0.23792318,0.2450006
0.31014955,0.27969918
0.2825317,0.2709533
0.2654328,0.2689448
0.2510318,0.2556318
0.253977,0.26534715
0.2556071,0.26643935
0.25395858,0.27744943
0.24640739,0.27267742
0.27216578,0.2826972
0.24729478,0.2647259
0.15668485,0.19776174
0.21801731,0.22845885
0.23279472,0.26884413
0.1788521,0.21387023
0.16228339,0.1734151
0.19474842,0.22057177
0.16472848,0.18068546
0.23022398,0.2499957
0.22404845,0.23370783
0.27498987,0.28401577
0.2791375,0.26595885
0.27925235,0.26452267
0.2684733,0.2749992
0.23923773,0.2531374
0.17712343,0.18620488
0.20469657,0.19375435
0.20804283,0.23052257
0.26433188,0.26421005
0.26622802,0.2773397
0.26963124,0.27813938
0.20887822,0.22196333
0.19351555,0.23152867
0.29290646,0.28297228
0.22712165,0.23714134
0.21582302,0.21518707
0.21179865,0.23510428
0.21675664,0.24011229
0.23109318,0.25074932
0.22923326,0.23346385
0.2262726,0.2270596
0.26176164,0.26740378
0.22149432,0.22232181
0.20724005,0.21146
0.22003162,0.22107393
0.2293179,0.21932173
0.28119183,0.27437538
0.22257268,0.22777212
0.21716386,0.22432019
0.24192049,0.23667915
0.17860685,0.19236091
0.23546578,0.2456165
0.25037152,0.25161895
0.19101813,0.20621067
0.15885174,0.17714971
0.15588605,0.16266981
0.1613144,0.17756043
0.17228967,0.17729479
0.16647527,0.16203247
0.16956456,0.1783302
0.29203117,0.2952142
0.29056978,0.28973588
0.2490133,0.24684717
0.25158682,0.24260643
0.2933356,0.2854936
0.28796768,0.2768029
0.27837744,0.29481596
0.28407472,0.2914895
0.26208714,0.26375178
0.23902595,0.26228964
0.23789789,0.26719218
0.2473304,0.2337347
0.22292444,0.22953133
0.22568683,0.23828523
0.26318,0.2614831
0.24208596,0.25713915
0.24626395,0.2624722
0.26494232,0.27100825
0.23815206,0.26927367
0.2362305,0.2736835
0.25252348,0.24647923
0.2500846,0.24674329
0.2487014,0.25547713
0.25372505,0.23718837
0.24949875,0.24015465
0.25911048,0.25781873
0.25230253,0.26095304
0.25529897,0.29769015
0.27715704,0.29605114
0.17015627,0.1845866
0.16427413,0.17559426
0.26889122,0.27049845
0.25564545,0.25850707
0.25801677,0.255844
0.24442159,0.24567066
0.22185794,0.22837727
0.23234528,0.22084212
0.17631584,0.16939247
0.19568616,0.1739738
0.15519755,0.15615118
0.2606544,0.2645795
0.19532634,0.20240039
0.19190937,0.24658461
0.19857639,0.2393932
0.19718097,0.2561816
0.21075709,0.24357677
0.24214542,0.25659752
0.25692928,0.30179873
0.26714838,0.30774474
0.27487183,0.31690097
0.28099257,0.3207826
0.20484237,0.22521135
0.20647636,0.22142705
0.21278082,0.23325026
0.19942126,0.22464319
0.21026468,0.23308852
0.23519213,0.22650032
0.1933764,0.20741814
0.21312854,0.2085924
0.15701443,0.16704556
0.14285108,0.14935398
0.20990153,0.23586586
0.23449498,0.22591852
0.18074355,0.18602131
0.2252812,0.23159365
0.24546067,0.25338665
0.20614886,0.22148032
0.23779956,0.24882546
0.23275343,0.2413408
0.23962815,0.24908587
0.2654185,0.26591313
0.28390735,0.2867306
0.26751226,0.2824818
0.272761,0.27853453
0.29384667,0.30138174
0.29701823,0.29598528
0.30789617,0.31595334
0.30941448,0.30411175
0.1847989,0.19055092
0.1829059,0.20401014
0.18995789,0.20398973
0.22187549,0.22011793
0.22568683,0.22417642
0.1927495,0.21968324
0.21549031,0.20987876
0.1882487,0.22107634
0.2130601,0.21314013
0.20954596,0.22022183
0.2226995,0.22553077
0.21224946,0.23134929
0.22571334,0.23468997
0.29219884,0.30242342
0.28491348,0.30104604
0.28506303,0.28694427
0.27483994,0.28658903
0.1750971,0.21420893
0.17201063,0.18647145
0.1697615,0.18243657
0.1595507,0.14745715
0.15900674,0.17515224
0.22855316,0.23107035
0.23078695,0.2342276
0.23741193,0.24162954
0.23231849,0.23928383
0.18307982,0.1888559
0.19163308,0.20550515
0.21358478,0.2037417
0.1916453,0.18597794
0.23375249,0.23693223
0.23970613,0.23656225
0.24422817,0.23021673
0.1726979,0.19082385
0.16248927,0.18023935
0.24926752,0.24273154
0.21588394,0.2253415
0.19131297,0.25768685
0.18675297,0.21575359
0.17521557,0.20119154
0.21077709,0.21358338
0.21330374,0.20965621
0.21988147,0.25409093
0.23328339,0.22538152
0.1885187,0.2189377
0.16471086,0.17306319
0.19089074,0.19223455
0.1824927,0.23794341
0.1720111,0.23669966
0.253836,0.25557372
0.27081215,0.2455863
0.22116125,0.23908319
0.23579745,0.23613727
0.19990057,0.20921338
0.17641865,0.20336196
0.27316928,0.298561
0.29533124,0.3222387
0.21867079,0.21090339
0.23071024,0.23817328
0.22865345,0.22452101
0.2064723,0.21668828
0.19587524,0.20014063
0.1804841,0.1670566
0.21343403,0.24193087
0.22340651,0.24000993
0.22754972,0.24102294
0.2678265,0.27510494
0.19163483,0.22231781
0.26548922,0.27507162
0.26555723,0.27488917
0.24338283,0.25439042
0.24505937,0.25795224
0.26810297,0.27302137
0.2352749,0.2627539
0.24713811,0.27133018
0.2327879,0.23024653
0.24943656,0.26846278
0.21601363,0.2605078
0.22869653,0.26628435
0.21661301,0.22790328
0.21704088,0.2572582
0.20250635,0.24827771
0.22103779,0.2605522
0.21758662,0.24597533
0.21997908,0.23473535
0.19823627,0.22434235
0.21884662,0.23664667
0.21739772,0.22092825
0.2113848,0.1962103
0.25101689,0.26448953
0.21716076,0.2319236
0.22235739,0.20604391
0.2387795,0.23010403
0.19541787,0.17962
0.1785971,0.19113398
0.13731152,0.120880455
0.2874654,0.25966585
0.21393119,0.23584561
0.14599939,0.16498901
0.28870046,0.29670656
0.2991392,0.29045278
0.26387691,0.24581048
0.25401455,0.26955128
0.26589796,0.25868544
0.25748393,0.24963461
0.21739046,0.22141673
0.3190543,0.3282669
0.2998026,0.3006574
0.19306277,0.19879293
0.20565526,0.1955321
0.23633866,0.22733636
0.2334911,0.24253389
0.26414824,0.2640701
0.23877499,0.2577349
0.2612658,0.28170586
0.22429928,0.26405302
0.20802686,0.24256234
0.20517772,0.22381006
0.16430125,0.15998444
0.17565294,0.16806792
0.27707064,0.29219627
0.2842027,0.28967893
0.31968087,0.33603275
0.2884623,0.28567216
0.28651682,0.2870686
0.254616,0.25551802
0.26919264,0.27658367
0.2556096,0.27363154
0.27888152,0.28032684
0.24311256,0.24835819
0.24630252,0.2560992
0.24453944,0.24590516
0.22747748,0.22555193
0.23000737,0.22976112
0.18503933,0.18998177
0.17278208,0.17832118
0.18611588,0.18908148
0.25802112,0.26995894
0.2794785,0.29193377
0.2479591,0.24821469
0.2148934,0.23168008
0.2277019,0.2758474
0.2504854,0.32002527
0.20718652,0.17800598
0.21192196,0.21468988
0.1937886,0.21143238
0.22078669,0.24043633
0.17057128,0.16487497
0.22644687,0.19305098
0.2360627,0.22646372
0.26478508,0.27020478
0.20320332,0.20471191
0.21185914,0.2244712
0.18286197,0.1916393
0.2512089,0.2433601
0.2588918,0.26050928
0.19420892,0.19608775
0.19918424,0.2025868
0.17723131,0.17967787
0.2695652,0.27002484
0.18816924,0.19063714
0.20752054,0.19348383
0.27749336,0.28107667
0.23754993,0.250928
0.24773638,0.25736237
0.21189964,0.21624023
0.20417616,0.2018239
0.23665264,0.24107206
0.23077546,0.2308929
0.22690092,0.21830615
0.22360353,0.20809603
0.22562766,0.2336333
0.23604742,0.23357856
0.21768863,0.22240716
0.22868787,0.22780113
0.23393074,0.23945987
0.2163226,0.20631811
0.22530279,0.22122467
0.27614003,0.2784776
0.27045298,0.27839062
0.24165025,0.25107208
0.20493342,0.19561145
0.2328789,0.24869792
0.27074495,0.25944155
0.22179407,0.23482294
0.25209764,0.24222538
0.26089856,0.2772052
0.2062251,0.21695712
0.20483202,0.20892343
0.22823606,0.22668748
0.2305285,0.23394236
0.21224786,0.22471951
0.30499035,0.31118703
0.27474433,0.2886947
0.18508998,0.19154982
0.22309914,0.24555793
0.22349058,0.23251082
0.19117002,0.21597272
0.2910539,0.29949057
0.2683589,0.26544762
0.18297939,0.19214146
0.31288138,0.32379985
0.27686393,0.31456697
0.32176563,0.3305496
0.28611374,0.32196707
0.33163476,0.34180522
0.30237538,0.33283463
0.2807115,0.31037852
0.2588499,0.30268687
0.2787257,0.27805656
0.237061,0.27147013
0.24962956,0.27645737
0.27592164,0.27811372
0.23786946,0.26980752
0.25115204,0.27666992
0.2932161,0.29901695
0.24924624,0.28101686
0.26825577,0.292346
0.2757777,0.27166626
0.22952554,0.24873435
0.24542767,0.2631231
0.23205559,0.2421996
0.23344561,0.2424778
0.2483708,0.25094545
0.23107097,0.22464067
0.26356676,0.2785244
0.21397647,0.25037494
0.25266814,0.27284124
0.23742379,0.25314778
0.19972423,0.22834009
0.2296876,0.2508593
0.2024955,0.21535945
0.17092238,0.1990332
0.19914998,0.2041134
0.20235075,0.18104607
0.19769683,0.2055835
0.24534157,0.24928728
0.16255806,0.16417572
0.17588437,0.16436349
0.22567287,0.24564336
0.23925768,0.2509793
0.23196696,0.25098193
0.23022279,0.24388774
0.24068792,0.27158767
0.25763282,0.27419543
0.19247624,0.17975765
0.20030963,0.17930853
0.17621413,0.18742776
0.18561214,0.18752383
0.22897565,0.2261509
0.21732034,0.21521187
0.20819524,0.20266366
0.2027653,0.23224434
0.2116537,0.22771162
0.22213319,0.26296344
0.23750511,0.2583688
0.21285754,0.24895522
0.22906074,0.25119612
0.200781,0.21591978
0.22510223,0.24699631
0.20505963,0.23384514
0.16069227,0.1944474
0.17364962,0.20392463
0.25645283,0.2736944
0.1894974,0.19481555
0.2688659,0.29658732
0.22231174,0.2871844
0.17528646,0.23343155
0.21658207,0.25772977
0.19463582,0.24435218
0.17047116,0.18652764
0.18325838,0.19441378
0.25689188,0.26391584
0.26320985,0.26976937
0.24046561,0.24470556
0.25674987,0.26523396
0.23518175,0.23268504
0.23112449,0.25846532
0.19543591,0.19966921
0.23876561,0.21885504
0.20043142,0.16677088
0.22099082,0.22951832
0.22874272,0.24903388
0.23343873,0.22565164
0.2118747,0.21640204
0.20959613,0.2034208
0.23399723,0.24485257
0.25006542,0.26335984
0.18848655,0.19101274
0.18701382,0.20703587
0.19013657,0.2033185
0.27251318,0.2438757
0.27310538,0.24925023
0.1602035,0.18407817
0.17745218,0.1823416
0.23818313,0.239211
0.23504016,0.23708467
0.23985645,0.25230557
0.25217366,0.25513875
0.23996125,0.24604987
0.2575599,0.26027524
0.2286618,0.253492
0.23266903,0.26739672
0.21940196,0.23756492
0.24887493,0.2519803
0.23487622,0.23314053
0.24215928,0.24676238
0.2624269,0.284939
0.23286615,0.26086384
0.23756316,0.25223687
0.23369476,0.25566483
0.24372154,0.23416618
0.25480792,0.27478266
0.22733673,0.22891445
0.23204648,0.22130829
0.23491305,0.23993832
0.1954038,0.20178694
0.21447846,0.19748314
0.21415654,0.19289628
0.21654832,0.20954439
0.22515014,0.24431592
0.26612502,0.25587964
0.25943097,0.26080516
0.27362353,0.28223395
0.26725766,0.2855621
0.26345688,0.24598208
0.24970788,0.24561644
0.20849267,0.20842746
0.22909662,0.22585273
0.2183781,0.21853039
0.21796854,0.21882772
0.21426028,0.2035143
0.26182806,0.25921178
0.26062524,0.26550975
0.3271442,0.29785997
0.32046235,0.32437932
0.3214296,0.30796903
0.29870385,0.29762492
0.3061979,0.3018423
0.31129736,0.31061387
0.2930407,0.29351974
0.30075464,0.2986622
0.3094554,0.30493602
0.31246996,0.31074446
0.29605812,0.29664415
0.30536625,0.29448968
0.3112135,0.30113173
0.3144778,0.30675632
0.30249366,0.29409456
0.27838972,0.27462992
0.28332734,0.27407756
0.28305134,0.2845311
0.2905516,0.28766248
0.2727398,0.26624367
0.28298587,0.27540267
0.27758718,0.27465653
0.27182075,0.2761822
0.28061092,0.28289244
0.2756718,0.27258697
0.25715753,0.26386774
0.26685968,0.2693471
0.25036484,0.2507736
0.25486144,0.25178552
0.25429985,0.2525487
0.2638743,0.25644493
0.25315404,0.24668172
0.26073807,0.25084662
0.24806589,0.24380587
0.25174183,0.24116349
0.23830518,0.24255142
0.29845005,0.30769324
0.27196825,0.30190194
0.21239531,0.21136725
0.19000544,0.18583307
0.20301881,0.2031789
0.18946531,0.1825767
0.21827108,0.24693123
0.25088334,0.2706973
0.25474232,0.277597
0.21705914,0.24539606
0.2455154,0.26384833
0.24731414,0.2611981
0.21571374,0.26819006
0.24697042,0.28223643
0.2447789,0.2851663
0.25759533,0.25786713
0.24614204,0.24701014
0.26185775,0.25979447
0.22757746,0.2434648
0.18979645,0.22700132
0.22473055,0.23044142
0.19144332,0.21371993
0.24115738,0.25145593
0.21135594,0.23137689
0.235881,0.2658037
0.24416405,0.26924568
0.23426282,0.24867424
0.23761147,0.25029337
0.24510927,0.27499908
0.25032157,0.27392775
0.2138754,0.20639892
0.20267014,0.18827604
0.20771042,0.20046867
0.24623027,0.23840572
0.24665235,0.24348173
0.2524497,0.25049672
0.22767845,0.25042087
0.24267504,0.24383628
0.2482802,0.2589922
0.18441193,0.22824807
0.1776492,0.22413331
0.19129056,0.21962108
0.18306789,0.21887085
0.20678374,0.23259652
0.20414546,0.22792205
0.19196863,0.22567677
0.20643535,0.22916129
0.20016831,0.2343696
0.22106652,0.25923878
0.23564096,0.2573112
0.24276546,0.2750972
0.18495901,0.19840312
0.17689912,0.20517892
0.21054369,0.22750078
0.21827161,0.2341725
0.15570168,0.15965104
0.19799659,0.20926479
0.21789494,0.22581954
0.2368757,0.24191046
0.2121083,0.22278035
0.23123842,0.24316032
0.21350637,0.22548279
0.20799355,0.2092007
0.20334587,0.20420128
0.1941539,0.19712238
0.21398385,0.2610222
0.22204891,0.26069486
0.19714843,0.22420591
0.20512094,0.23403403
0.17315318,0.16275263
0.22854434,0.23690706
0.20477927,0.25813818
0.22829664,0.23410532
0.21252865,0.25082827
0.2347783,0.25696126
0.21767999,0.2757219
0.19586767,0.19418046
0.21028367,0.20444205
0.19927937,0.18683761
0.20824967,0.19692193
0.19659741,0.21242443
0.21131387,0.22511537
0.20521906,0.1951636
0.21887097,0.21762761
0.23169862,0.22915518
0.23276557,0.24025132
0.16401039,0.18103567
0.20783103,0.24275568
0.18414146,0.20548357
0.21450378,0.24165203
0.19321081,0.21371444
0.21463472,0.23256218
0.19549501,0.2087003
0.23314965,0.23018655
0.21935122,0.2310405
0.21694194,0.2278415
0.2979987,0.30649588
0.30944237,0.30712512
0.22921745,0.24120355
0.24322936,0.22432314
0.25132886,0.24837953
0.2292323,0.22676864
0.24105892,0.26677474
0.2574125,0.25701123
0.25926614,0.27469024
0.23455709,0.24880993
0.20986208,0.20143923
0.21624607,0.2151708
0.22097942,0.22604221
0.22604915,0.23872793
0.1828219,0.17877762
0.17058514,0.19134057
0.20502014,0.20742175
0.19674547,0.21879031
0.19428778,0.20878153
0.18711594,0.19111091
0.21478435,0.23541573
0.20523843,0.21835235
0.2722867,0.29998565
0.26232764,0.30563045
0.28920716,0.28990176
0.28020108,0.29327893
0.29853004,0.30538923
0.28960142,0.30774647
0.28004125,0.28233516
0.27175647,0.2840665
0.2832831,0.29939443
0.27601886,0.3071851
0.28191623,0.2801602
0.27458808,0.2899227
0.2919251,0.29867047
0.28190047,0.30728602
0.26029676,0.27514607
0.2590651,0.29269096
0.275963,0.30665493
0.26316503,0.30241287
0.27657545,0.29442215
0.2592075,0.28291303
0.287773,0.31658724
0.28076112,0.30761933
0.25680456,0.2901208
0.24130404,0.26616737
0.23935243,0.2752453
0.20344567,0.23145118
0.19905038,0.20456198
0.21061152,0.24315909
0.20869158,0.21270883
0.20425272,0.20405632
0.16898082,0.19582695
0.1897147,0.21329974
0.16335046,0.21771722
0.18957381,0.18507162
0.16665627,0.18247916
0.18074968,0.19693963
0.1576761,0.20270485
0.203468,0.2010724
0.16742083,0.19222549
0.18973273,0.2052623
0.16434819,0.21169105
0.20085739,0.21508287
0.19065267,0.21068713
0.19884898,0.21776746
0.18714172,0.21133517
0.25295436,0.26055855
0.24466486,0.26170343
0.25041127,0.26303524
0.19180933,0.17565657
0.17766559,0.1697998
0.17585175,0.16141737
0.18109897,0.17973125
0.17649312,0.17324628
0.16916956,0.1632559
0.18764415,0.17856957
0.17640355,0.17505322
0.17243682,0.1644191
0.18177965,0.18895778
0.17862625,0.18399793
0.17045197,0.17298299
0.22156326,0.23491472
0.21824318,0.23351623
0.22257043,0.24813607
0.21910435,0.24785763
0.2652468,0.27880466
0.26407823,0.2732033
0.2612077,0.28668815
0.22267959,0.23384254
0.1920287,0.20778841
0.2234169,0.23446327
0.23077737,0.22970296
0.24688566,0.24680817
0.16554597,0.19689062
0.24357238,0.2341545
0.1880591,0.20938045
0.19374102,0.19095482
0.2040901,0.21846262
0.18714333,0.18834542
0.2511402,0.2511477
0.26978984,0.26668027
0.20949028,0.23234656
0.23415963,0.19345438
0.21696308,0.2004934
0.17706022,0.16530684
0.19212976,0.18476689
0.19897495,0.21814808
0.28335923,0.28607282
0.24988317,0.25109357
0.2441688,0.2494856
0.26327825,0.27845278
0.16798301,0.18178764
0.23306283,0.23945013
0.24234319,0.23615701
0.23075959,0.23689036
0.24146964,0.24961087
0.22203195,0.22356637
0.1997915,0.21056291
0.21418655,0.21980858
0.2079679,0.2110851
0.24808985,0.25983974
0.24139029,0.2489911
0.23139985,0.25385696
0.24511445,0.2602239
0.16847652,0.1789379
0.167198,0.20116435
0.17262964,0.19717897
0.29553565,0.31908453
0.3053437,0.3258739
0.23461324,0.257354
0.22300585,0.24464387
0.21677756,0.23696037
0.22009598,0.23318619
0.21319765,0.23384112
0.21552591,0.22931366
0.18382363,0.21360525
0.18858075,0.210656
0.18325911,0.19897474
0.18335621,0.19745985
0.13691041,0.13647524
0.1296215,0.13143459
0.2586253,0.25711817
0.17682008,0.19151682
0.16163276,0.15268123
0.1749359,0.1864807
0.16988862,0.1728086
0.29116884,0.28782326
0.20415679,0.21100524
0.2881228,0.28392658
0.29091448,0.29430926
0.33142924,0.32684708
0.30799532,0.3127542
0.30226165,0.30409402
0.1746389,0.19894737
0.19848959,0.24459608
0.20555249,0.24755242
0.2051525,0.25095218
0.21657406,0.22732767
0.23953548,0.25203073
0.27289653,0.28279793
0.25579315,0.26637614
0.2747128,0.28455913
0.2320077,0.25423422
0.2612122,0.25399533
0.24031283,0.25353494
0.2048807,0.2522258
0.26420778,0.2622102
0.16471788,0.17639957
0.12932259,0.17496929
0.13688727,0.15795897
0.229647,0.23867628
0.24027336,0.25099897
0.19384663,0.20925377
0.21379739,0.21889485
0.16241443,0.18010369
0.16627228,0.17528544
0.27467456,0.2657279
0.26261133,0.26904353
0.25811523,0.25725922
0.24924591,0.260453
0.25371516,0.27548796
0.24804214,0.27477425
0.27154782,0.2709302
0.27172148,0.2731451
0.24484664,0.25391787
0.24857049,0.2558611
0.17865711,0.2005616
0.18935238,0.20981245
0.17232503,0.17305654
0.18455926,0.18099451
0.1718233,0.17248583
0.18333285,0.18237406
0.17977844,0.20031834
0.17819193,0.19851527
0.19875087,0.24459407
0.20375478,0.23549172
0.19783616,0.23230548
0.205457,0.22983293
0.23193997,0.23748547
0.23427501,0.25567424
0.2084464,0.20228554
0.18639442,0.22976877
0.23949206,0.24789864
0.24734646,0.29126504
0.22479498,0.22973765
0.21425925,0.25894293
0.2691682,0.27216423
0.29220966,0.29524663
0.24876139,0.25603217
0.26296294,0.27061862
0.29253507,0.28826955
0.16820113,0.19992544
0.18537526,0.2186455
0.14222838,0.1785698
0.21499994,0.23244804
0.15600175,0.16528916
0.16292909,0.1732814
0.18240987,0.17516637
0.1961391,0.20133415
0.2017551,0.21503213
0.15714796,0.15678853
0.20639876,0.20441662
0.19826207,0.2081086
0.24459592,0.27817842
0.24432294,0.27899042
0.2830149,0.2807832
0.26212192,0.27014428
0.28404337,0.29316765
0.28247386,0.2686282
0.3028401,0.30781755
0.27884334,0.2902594
0.16741733,0.21016383
0.1734135,0.18595955
0.16709632,0.14541435
0.18195805,0.1468386
0.19122979,0.19597246
0.1803352,0.14981033
0.13659818,0.14896211
0.1382559,0.1338407
0.266668,0.27084062
0.27487203,0.25641784
0.1886094,0.19325158
0.16441724,0.17439479
0.17506249,0.1878702
0.18161939,0.19690448
0.14795369,0.16056214
0.1108648,0.109591484
0.21772443,0.24617915
0.19490522,0.21639474
0.20503782,0.2366149
0.21654826,0.2472021
0.17439905,0.19504558
0.23519509,0.28620642
0.20832369,0.25161058
0.24945319,0.27488354
0.22646907,0.24645932
0.27239254,0.29691395
0.25311258,0.29088116
0.27550158,0.28277475
0.25465888,0.275304
0.29415852,0.30302104
0.27725267,0.30003905
0.26904592,0.27089968
0.25835377,0.2746003
0.18868023,0.20572025
0.28983566,0.27414802
0.24081317,0.2719407
0.2446008,0.26135576
0.25151542,0.2818899
0.2745801,0.30075485
0.2599174,0.2673072
0.28265572,0.2881981
0.17991085,0.23384346
0.20580542,0.24960327
0.27128243,0.30584145
0.27729088,0.2926247
0.26934618,0.28049088
0.27345908,0.2811716
0.2389727,0.23030537
0.2867552,0.28903866
0.23840362,0.23047407
0.24485771,0.24580815
0.301754,0.27033597
0.29043904,0.3030654
0.13416128,0.1429559
0.24380107,0.24036932
0.25930932,0.26099336
0.2007808,0.20830299
0.2516486,0.2594142
0.22185382,0.21312216
0.24166767,0.25286162
0.22185382,0.21312216
0.24166767,0.25286162
0.2932436,0.28725073
0.21917629,0.23932794
0.20230599,0.21677592
0.2153336,0.22882132
0.22535008,0.25434127
0.2466565,0.26885492
0.24280408,0.24910617
0.2507742,0.264323
0.25186083,0.27052307
0.19940138,0.19849882
0.21781048,0.2104775
0.22752216,0.23795971
0.1948778,0.22049096
0.19036613,0.21660349
0.27585474,0.26641208
0.2561847,0.25840417
0.2869895,0.27130935
0.2805645,0.2688246
0.19075717,0.24214236
0.20645688,0.23556682
0.18185292,0.22441697
0.19599959,0.2188054
0.24423474,0.24598286
0.27071983,0.27684903
0.27479866,0.2863
0.28139964,0.28981838
0.22949402,0.22987555
0.2379237,0.2376152
0.21400161,0.2458588
0.2835194,0.28165925
0.19018348,0.2247681
0.1827806,0.19067347
0.28017104,0.27398747
0.29067475,0.27714616
0.2609033,0.28112596
0.2459122,0.25738186
0.27456754,0.26915604
0.26836938,0.2699303
0.28895476,0.29513967
0.2065457,0.21510509
0.29550758,0.3024506
0.22742742,0.23871718
0.22631072,0.23067656
0.1685976,0.17570366
0.30016112,0.31121054
0.29536507,0.3024761
0.2761752,0.29560977
0.2950907,0.3040064
0.27613327,0.2874481
0.25434953,0.2777006
0.2734519,0.28151125
0.2541598,0.25992295
0.2388914,0.25803763
0.23767032,0.28014284
0.2325674,0.265769
0.16591567,0.18545106
0.20949616,0.22795995
0.23862438,0.22747177
0.23357387,0.25445008
0.20088165,0.22277093
0.19094259,0.18855445
0.21967079,0.22172943
0.20856288,0.1827081
0.18337739,0.19119142
0.17916784,0.18972535
0.18153688,0.18924393
0.19895989,0.2141495
0.22418942,0.20120661
0.20033163,0.18691087
0.12899719,0.15927678
0.13948733,0.1614058
0.2592856,0.26590243
0.25625506,0.2689463
0.25868204,0.25164732
0.2429476,0.25266778
0.26494744,0.26391876
0.25681597,0.2675505
0.26071507,0.27641192
0.2550906,0.28073
0.27293935,0.28139642
0.2720294,0.2871298
0.28686482,0.281453
0.2779996,0.28309464
0.22946694,0.23516211
0.20648347,0.23212954
0.24027464,0.24197233
0.22015099,0.2302844
0.23446022,0.2504799
0.22129883,0.22996199
0.20182852,0.22618672
0.22997707,0.2357234
0.21097103,0.22309986
0.22106889,0.23969655
0.23392758,0.24437082
0.21398091,0.24202025
0.24459963,0.25213042
0.22581224,0.24270083
0.23930468,0.25607753
0.23397273,0.2533094
0.2129161,0.25154626
0.24502526,0.25886774
0.22900525,0.25265375
0.2428204,0.26646426
0.23631342,0.26646495
0.21630383,0.2661127
0.24792771,0.27187943
0.23086408,0.267023
0.24478395,0.2764908
0.24676935,0.2533391
0.22592321,0.24834023
0.25629058,0.2594003
0.24294816,0.25471878
0.25944224,0.2662855
0.17193587,0.19499052
0.20203418,0.19074085
0.19457689,0.20667246
0.18239437,0.2007943
0.2148611,0.19769366
0.16071874,0.17780674
0.18654606,0.17043617
0.18647319,0.18646915
0.17438976,0.18543355
0.20746014,0.18328172
0.22109583,0.2352846
0.20381925,0.23083206
0.18969114,0.18962382
0.17643382,0.18648463
0.28570044,0.30165547
0.27073944,0.28865337
0.26900807,0.25894395
0.25051886,0.2446331
0.17396691,0.18432337
0.14485404,0.15476474
0.14674017,0.14679013
0.15890165,0.16654874
0.16367698,0.15668395
0.16448016,0.16672343
0.16180865,0.16791002
0.21983984,0.23782288
0.24559957,0.23883653
0.25181124,0.25960574
0.19659899,0.21479169
0.207443,0.22485037
0.21867435,0.23819576
0.20849,0.23119399
0.22762527,0.24423982
0.24025957,0.246646
0.21958283,0.24411294
0.22785911,0.24501653
0.20137283,0.24028924
0.22840564,0.2373518
0.21006945,0.23315474
0.23697793,0.2518283
0.23255768,0.22312996
0.22323117,0.24461138
0.22913805,0.22455266
0.22082874,0.24024236
0.213265,0.21127464
0.19908842,0.23061849
0.20403135,0.20769939
0.22798014,0.23646858
0.22584346,0.21253832
0.21119896,0.22539778
0.21689203,0.2105397
0.17597702,0.20899886
0.16303428,0.18120036
0.1828059,0.20888305
0.17944928,0.17542844
0.14995337,0.19500041
0.19417539,0.19934267
0.25366107,0.26709443
0.24896367,0.23068322
0.2610083,0.26988572
0.2340934,0.23556796
0.26093617,0.2738532
0.25071886,0.24126855
0.26705095,0.27476573
0.23811206,0.24614613
0.16253902,0.20714028
0.24866872,0.26440114
0.25241712,0.2509095
0.2457796,0.2513011
0.2594168,0.2824782
0.258703,0.26253366
0.25491008,0.267758
0.26114056,0.27046505
0.2643304,0.25638962
0.25974452,0.26006377
0.18811601,0.18353595
0.17926376,0.18040873
0.26956165,0.27781296
0.25542998,0.2651885
0.27346486,0.26609868
0.2818393,0.28902152
0.22990173,0.23910794
0.23000225,0.24053222
0.27185145,0.27906197
0.13936234,0.17282832
0.16506016,0.17059644
0.14919935,0.16254675
0.14124665,0.15577343
0.16807708,0.16466159
0.16378905,0.18326704
0.16643853,0.1923562
0.190879,0.20499371
0.1948415,0.24076448
0.19548969,0.21972582
0.22524756,0.24330002
0.22146344,0.2570681
0.22672305,0.2567494
0.22562206,0.24921362
0.22281599,0.22741593
0.2505654,0.2548055
0.2550554,0.26882696
0.25898153,0.268119
0.21021384,0.23485306
0.21220422,0.22033417
0.23785946,0.23729032
0.23902482,0.25313765
0.23800452,0.24652886
0.19770138,0.21444853
0.19451235,0.20032813
0.22524998,0.22308119
0.2306217,0.2394916
0.2314859,0.23263639
0.21226294,0.23397417
0.21444413,0.22309221
0.23987737,0.23887093
0.24453525,0.25093645
0.24521352,0.24700023
0.25938368,0.2703063
0.26838085,0.27419895
0.2492758,0.2594342
0.27164304,0.26887554
0.25152218,0.25961605
0.25425327,0.26412022
0.242271,0.25476652
0.2572904,0.25796527
0.2535844,0.2645514
0.26720768,0.26823366
0.25155646,0.25900468
0.26491675,0.2611994
0.23867066,0.2419221
0.25097775,0.2471488
0.23423511,0.23327819
0.25178576,0.24018702
0.24786848,0.2571401
0.25795963,0.26185715
0.24090165,0.24563709
0.26082402,0.25360858
0.1872019,0.19557454
0.20376867,0.18489498
0.19299623,0.18972503
0.18553233,0.1562827
0.18914138,0.18239306
0.30971217,0.30358773
0.2976692,0.31173205
0.30021244,0.30306122
0.3044139,0.30138007
0.288128,0.2979841
0.27068707,0.30709702
0.28525552,0.30037022
0.27738523,0.29875535
0.3172751,0.31695992
0.30282652,0.32199213
0.30788985,0.31699875
0.3075119,0.32372928
0.32392734,0.3268611
0.31477657,0.33591855
0.31288984,0.32375726
0.32152575,0.33052427
0.34076995,0.3430694
0.326229,0.34843934
0.3274073,0.33901894
0.3344521,0.3433041
0.19556008,0.19914185
0.19878349,0.20133871
0.22341718,0.22502913
0.21701774,0.23101255
0.22132027,0.24156801
0.24241325,0.2646536
0.24450357,0.25987333
0.25825673,0.26940247
0.24742526,0.27125424
0.17239375,0.14618365
0.24379942,0.25431946
0.26422453,0.26020652
0.18891945,0.18291181
0.26530454,0.25938767
0.26339334,0.27047378
0.21713598,0.24841392
0.24764737,0.26415682
0.22723001,0.24372904
0.22585592,0.24430317
0.22938454,0.24425632
0.25676078,0.26061714
0.29575267,0.30049413
0.26188436,0.26675352
0.26743877,0.27813193
0.26092786,0.26390445
0.25352117,0.26575378
0.2647262,0.2646781
0.22405088,0.25862238
0.22552398,0.24883045
0.23306563,0.275701
0.22804733,0.26245192
0.24031678,0.25712776
0.23761097,0.25687975
0.24435061,0.27270535
0.23764378,0.27006274
0.19507347,0.20284575
0.19583242,0.20381676
0.22361018,0.22615826
0.19731802,0.2172905
0.27701575,0.30827293
0.18338296,0.18596601
0.16938716,0.18873423
0.1909925,0.17410247
0.17571574,0.18241568
0.21631579,0.21308401
0.24762481,0.24975406
0.2563095,0.266284
0.29799363,0.27450216
0.21393204,0.23219758
0.22827823,0.23401406
0.23356423,0.2438297
0.266966,0.2794769
0.25871208,0.2783966
0.25547335,0.27024484
0.26948547,0.26179123
0.25906307,0.258005
0.24616528,0.23867868
0.21989876,0.23399337
0.22446923,0.22634318
0.21898814,0.2277717
0.22781828,0.23519321
0.20773596,0.2352376
0.21297906,0.23288113
0.1979966,0.22005361
0.28128487,0.2709258
0.28393,0.2635942
0.2988241,0.300179
0.2943286,0.3028093
0.290913,0.29341918
0.2736018,0.287452
0.31202888,0.3060251
0.28193212,0.29490834
0.2844159,0.29046476
0.27342275,0.28225666
0.24842885,0.2641506
0.20078307,0.22896832
0.24601875,0.2494847
0.20067447,0.2316775
0.24909854,0.24483404
0.26178855,0.269738
0.2011112,0.22222379
0.19720408,0.19029543
0.21057796,0.20973578
0.2092739,0.22851427
0.2906779,0.29387596
0.22579636,0.24289814
0.3137247,0.29413053
0.14229567,0.17367488
0.1541458,0.18167436
0.29842782,0.29639754
0.17516038,0.15778428
0.22925939,0.23507956
0.2002626,0.2085223
0.1556314,0.15312955
0.27784336,0.28240556
0.26499137,0.2920769
0.27211162,0.29414418
0.28382292,0.2887002
0.2718935,0.29615927
0.27806762,0.3007341
0.27425998,0.27540362
0.21631213,0.23500924
0.2137196,0.24651402
0.2237922,0.24713024
0.20541258,0.19526702
0.22585525,0.21401416
0.21665114,0.22778407
0.23087972,0.24230999
0.22715093,0.22624543
0.2426489,0.2417655
0.20842412,0.23147602
0.15904103,0.16595848
0.18132168,0.17836812
0.2585232,0.26649287
0.27031887,0.2814568
0.2652656,0.26940843
0.26184544,0.26301754
0.27472758,0.2745617
0.26687688,0.26341936
0.18912,0.20739791
0.22154443,0.22398546
0.23498341,0.25436836
0.20052905,0.201627
0.22638494,0.24524203
0.22028221,0.23800004
0.25201184,0.27189192
0.24739298,0.27012056
0.23292834,0.25454795
0.22719775,0.25107282
0.23574685,0.24785626
0.22721067,0.24497864
0.20785631,0.20592295
0.1881585,0.19973801
0.18765327,0.18813431
0.23647353,0.24516535
0.19184074,0.19800204
0.24201152,0.2526897
0.24160008,0.2651893
0.22174586,0.27195138
0.22579922,0.26800406
0.26753724,0.26826862
0.24915817,0.29791248
0.26343262,0.2952674
0.25844374,0.26521447
0.2284461,0.23927078
0.3113063,0.31625324
0.2391132,0.2538842
0.2340064,0.24524057
0.22976725,0.24889755
0.23385851,0.22036271
0.19629207,0.18265268
0.20936109,0.2002198
0.20397255,0.21898791
0.20308448,0.2235913
0.18765192,0.18770462
0.22563416,0.21959999
0.27402616,0.29342213
0.20332044,0.20676702
0.2755827,0.27685788
0.2318533,0.23602334
0.24869615,0.26779705
0.26431346,0.28079337
0.23825842,0.25805372
0.24580345,0.26874793
0.24427205,0.24955925
0.2079752,0.21779127
0.21415275,0.20456812
0.15705597,0.1362896
0.17255366,0.16038127
0.25078395,0.2719397
0.23348168,0.2535411
0.2609256,0.28200045
0.19314207,0.21115798
0.1626282,0.17244206
0.2008926,0.20432815
0.16254085,0.1677801
0.18995422,0.18592508
0.18903437,0.1938588
0.1571739,0.18100145
0.22670284,0.22685917
0.19541374,0.21854183
0.26008427,0.25765097
0.23598056,0.23739469
0.27074578,0.26923007
0.24942596,0.24517983
0.24795358,0.25310022
0.24959195,0.24820402
0.21010679,0.25543508
0.22633016,0.23230171
0.23331137,0.21486425
0.22828144,0.28679168
0.19923647,0.20322755
0.18467788,0.2199297
0.19948103,0.21068582
0.19638944,0.2109943
0.20641866,0.23112577
0.20982315,0.21343371
0.2022669,0.20327511
0.2844689,0.27738425
0.28623185,0.2954333
0.2802251,0.3020355
0.27572423,0.28396943
0.26796055,0.29124135
0.29399484,0.30633396
0.28855968,0.29060254
0.27902186,0.27692246
0.2694787,0.28497946
0.29680437,0.29955468
0.3011485,0.31114697
0.31117654,0.3147524
0.2673289,0.2836894
0.26320425,0.2750207
0.2573012,0.2860958
0.27868316,0.29260993
0.3070331,0.3033942
0.29215428,0.29847905
0.28792077,0.29969624
0.31344777,0.31587893
0.21896671,0.2222987
0.27537167,0.2817884
0.19134057,0.23141769
0.26349014,0.26709285
0.27316198,0.25740033
0.19800213,0.18702158
0.200662,0.17162558
0.18966569,0.22283544
0.19967873,0.20081179
0.23834547,0.23915654
0.23280086,0.25506866
0.12552638,0.12709254
0.14942229,0.16556977
0.18951145,0.2115809
0.21395038,0.20378287
0.23583287,0.2359076
0.24096352,0.25396532
0.26278004,0.28189412
0.25322583,0.26707718
0.2621458,0.2768057
0.26297563,0.26921088
0.25942582,0.25982475
0.24597259,0.24411626
0.2521158,0.24817674
0.25866607,0.2612896
0.24677086,0.25617227
0.22789589,0.23333736
0.2425794,0.24548554
0.2414731,0.24771836
0.25510722,0.2456393
0.26016122,0.27979052
0.2061781,0.19219328
0.20856124,0.2050645
0.1863299,0.20050865
0.22128066,0.22626166
0.21301737,0.21461229
0.28150243,0.28067076
0.27605212,0.2744624
0.27584514,0.2647628
0.2748632,0.29640502
0.28404623,0.31003836
0.2705749,0.27578926
0.27310956,0.27557325
0.24222882,0.23968285
0.20741543,0.23918119
0.20348546,0.21036348
0.2827176,0.27480763
0.27724713,0.2823884
0.12396334,0.16571134
0.12614499,0.17268819
0.2166988,0.22619937
0.29997858,0.2824331
0.2626525,0.27941757
0.22230312,0.2028768
0.16002902,0.17939138
0.2965352,0.28628653
0.2770092,0.26895025
0.26351735,0.2700571
0.24144343,0.25363556
0.2786651,0.2955675
0.18151641,0.18847223
0.1799326,0.1821472
0.17114502,0.17242429
0.27816552,0.28122658
0.27380615,0.26806822
0.2734357,0.27236813
0.26196238,0.2566166
0.25355393,0.26526037
0.23641178,0.250114
0.2344226,0.26629528
0.23622596,0.24548343
0.2838259,0.29277602
0.28824133,0.28661147
0.27586702,0.28093016
0.23787668,0.24920684
0.22790931,0.23868734
0.23028915,0.23262167
0.22236493,0.2117748
0.21253558,0.20962082
0.2453531,0.27376205
0.26933736,0.28591603
0.28100425,0.27957103
0.2514553,0.26215136
0.24815485,0.26023662
0.19152765,0.2030256
0.18070054,0.18610704
0.21436986,0.23064531
0.21502775,0.22628912
0.21918395,0.22386408
0.21492787,0.22155808
0.21783566,0.21764033
0.21841827,0.21427661
0.18336336,0.20207673
0.19208363,0.204502
0.20159133,0.20526966
0.2076332,0.23470148
0.20126605,0.2310481
0.25743374,0.24944994
0.2551361,0.24515298
0.2665649,0.2771305
0.2855939,0.28851786
0.27568808,0.26380083
0.22856534,0.2317881
0.22988762,0.22581786
0.24372464,0.26092434
0.22571267,0.22486451
0.2255183,0.21919581
0.20324159,0.2224828
0.2071962,0.22600564
0.20913175,0.22215992
0.192084,0.20933188
0.20427299,0.22322857
0.20884594,0.22255304
0.19581622,0.19860587
0.21925332,0.22600392
0.25172254,0.2591801
0.24414296,0.26997805
0.25921917,0.27036116
0.2556584,0.28005093
0.15237002,0.1671207
0.16510256,0.16339752
0.29386666,0.2944347
0.27351323,0.2950179
0.29030952,0.29960877
0.30571127,0.3002143
0.28166968,0.29699147
0.29434448,0.3005266
0.31480545,0.3130055
0.29935127,0.31023544
0.30717966,0.30919555
0.19675696,0.20469289
0.19393373,0.21147653
0.17580077,0.18243954
0.17592984,0.22165498
0.21926314,0.21293905
0.2862553,0.30040157
0.21108894,0.21474378
0.16846363,0.18623868
0.17210521,0.19172986
0.088969246,0.11048041
0.25903314,0.2615512
0.28904516,0.29213405
0.16208375,0.17415786
0.191251,0.207338
0.29431224,0.30994835
0.20954148,0.24248055
0.28499207,0.3043489
0.20121692,0.2253741
0.23900881,0.25690678
0.2726255,0.26958704
0.20191246,0.18768576
0.2798548,0.27709055
0.19578347,0.19879636
0.25429943,0.26889345
0.23611045,0.27902085
0.24598692,0.29288903
0.24080719,0.27189943
0.23291445,0.26470357
0.2604358,0.28861666
0.250399,0.28223124
0.3174644,0.31336
0.30325186,0.31289053
0.26445228,0.26613292
0.26026648,0.25921413
0.21416333,0.21225116
0.20722917,0.207942
0.1879305,0.19462982
0.15096328,0.15587002
0.154131,0.16860792
0.1470864,0.1595052
0.15227064,0.16697596
0.15210159,0.17882328
0.17307037,0.18285708
0.27568874,0.28130117
0.24407516,0.24862641
0.26645818,0.26026794
0.28467056,0.27445436
0.25228667,0.24772374
0.2774732,0.2644028
0.120383814,0.11416669
0.116402715,0.124182135
0.1285112,0.10435186
0.12544462,0.12031677
0.15344615,0.16784213
0.14685178,0.15496553
0.2744527,0.27228516
0.25858057,0.25691286
0.2647873,0.26187086
0.28828412,0.27543813
0.2658914,0.2533411
0.2670364,0.2665213
0.16224045,0.1586649
0.16276518,0.18006253
0.25579545,0.25739408
0.23190996,0.23987629
0.25116777,0.24139504
0.26279226,0.2602626
0.23321226,0.23798743
0.2502213,0.2398676
0.28704482,0.26922372
0.26420957,0.24122363
0.2655638,0.250419
0.2525595,0.25263584
0.24242496,0.25221425
0.24721584,0.24983658
0.23791182,0.22338463
0.2098043,0.22083348
0.22346558,0.23552608
0.25866717,0.26835796
0.25176534,0.2642764
0.21165428,0.19490673
0.21003494,0.20119575
0.21827298,0.21814689
0.24830683,0.29456255
0.22500923,0.21956229
0.22721441,0.21381605
0.21842729,0.22244191
0.20708281,0.2135647
0.24293265,0.2343214
0.2286956,0.21749033
0.22402154,0.22268647
0.20880002,0.23412484
0.2545013,0.274333
0.2522205,0.24588333
0.2570167,0.26667434
0.24908873,0.2667753
0.23526376,0.23458654
0.25435296,0.2561699
0.24532223,0.2679509
0.26998553,0.29600048
0.23931777,0.27535933
0.1750562,0.17127955
0.23403992,0.23846436
0.21196142,0.22936822
0.23056325,0.24516152
0.3194537,0.29703093
0.28168148,0.26531696
0.16883771,0.14531158
0.2927857,0.28443617
0.3174728,0.31877947
0.28501093,0.2789912
0.18369405,0.19756255
0.21013013,0.21301019
0.1785707,0.19450203
0.29711536,0.3054742
0.28368655,0.28129688
0.21563974,0.22662221
0.25099382,0.24407089
0.16828693,0.20869492
0.32696882,0.31681225
0.1836179,0.20827803
0.2327615,0.23648177
0.30206445,0.3134414
0.31019557,0.30123827
0.29612464,0.27357316
0.16769011,0.1944219
0.20782244,0.23507532
0.21974258,0.21431819
0.17020279,0.17455521
0.17000645,0.1827147
0.2246395,0.21977705
0.19965908,0.20889881
0.19350263,0.19563733
0.27983677,0.29063025
0.25736487,0.2739933
0.29014772,0.30113155
0.2760351,0.2758127
0.24990681,0.28137422
0.24643356,0.27322003
0.28183505,0.2830021
0.23619488,0.23847328
0.25288033,0.2607806
0.22993307,0.24059355
0.21622477,0.21722484
0.23280051,0.22388992
0.21243776,0.23321524
0.20492737,0.23093069
0.2235409,0.23618771
0.18304372,0.2013453
0.18689854,0.19898868
0.2049624,0.20786463
0.20285504,0.21221378
0.2045452,0.20935532
0.21314132,0.21894692
0.1209533,0.11978194
0.23339564,0.23625997
0.24275951,0.24800956
0.26542544,0.2382682
0.19688475,0.20059499
0.29371205,0.29401296
0.22901572,0.2382758
0.24931481,0.27509207
0.16531986,0.17803435
0.21557583,0.21812864
0.22912246,0.22801179
0.21244802,0.21624981
0.24797219,0.2423979
0.257494,0.2733265
0.2688991,0.27489302
0.27673498,0.28792036
0.25917912,0.2465448
0.26856658,0.24558266
0.2747744,0.25953543
0.24910893,0.2473283
0.25508887,0.24821655
0.26470464,0.26093924
0.2511968,0.25367707
0.26209772,0.25479573
0.2682925,0.2685634
0.25891134,0.27098083
0.276898,0.272469
0.27238086,0.286016
0.25009003,0.24406707
0.2699596,0.24451487
0.26259246,0.25787148
0.24818082,0.23966585
0.26605636,0.2444893
0.2583087,0.25737214
0.2476178,0.24965227
0.26958847,0.255742
0.26116666,0.26545608
0.28126895,0.2808556
0.2959874,0.28925177
0.27646917,0.2759465
0.2880113,0.28233695
0.25618333,0.26235154
0.22021972,0.22998086
0.234266,0.23070505
0.2818796,0.2770478
0.25880572,0.26146182
0.26380718,0.25561166
0.17497014,0.18338387
0.18708086,0.1977515
0.23959449,0.25694355
0.20293713,0.23723453
0.23899159,0.24756163
0.23748015,0.25837472
0.1994822,0.23826358
0.23216042,0.24767421
0.27007127,0.29081726
0.25786337,0.26566812
0.2548297,0.25544792
0.23602179,0.27207798
0.2334238,0.25455824
0.25216308,0.268093
0.22268403,0.25261536
0.22228645,0.23754878
0.2445624,0.24958642
0.22550544,0.23755509
0.2248901,0.22294
0.24699306,0.23903005
0.18837559,0.17635956
0.16840321,0.15436423
0.18643795,0.1667145
0.22483194,0.24813098
0.24010812,0.23845549
0.23570697,0.24329375
0.2869231,0.28047153
0.28948238,0.27656895
0.2968703,0.29343313
0.2984686,0.2915559
0.22072253,0.23116338
0.21512528,0.22050819
0.22505507,0.22379841
0.2814679,0.27484947
0.28562292,0.2850955
0.19562484,0.19789952
0.1760183,0.17373325
0.23317245,0.22585858
0.20479302,0.20990297
0.2762599,0.2814705
0.25168964,0.252764
0.24735287,0.26274902
0.22013646,0.22953261
0.2216956,0.23494434
0.28721508,0.29176426
0.23096369,0.2548763
0.27826646,0.27904436
0.2609923,0.27762404
0.2546806,0.270629
0.19990958,0.21699929
0.21437822,0.22078328
0.23018932,0.26973182
0.26999655,0.28790867
0.2126526,0.22384802
0.20291598,0.2103846
0.20688392,0.21287997
0.19982038,0.20319223
0.20063858,0.20899566
0.23210964,0.24708179
0.24341604,0.2259433
0.22733206,0.22019632
0.28249708,0.28148475
0.29079455,0.2849695
0.28840357,0.28415662
0.27506942,0.27437714
0.2852351,0.2747785
0.28244412,0.27685547
0.27588108,0.28482148
0.28466523,0.28258777
0.28678888,0.29279724
0.2800932,0.2857017
0.2875754,0.28835452
0.20542002,0.2181446
0.17371723,0.18591443
0.16896498,0.1834188
0.19280641,0.20086148
0.18317863,0.20325512
0.18542667,0.20496191
0.22869498,0.23355567
0.1858525,0.19420196
0.1762492,0.19101006
0.22900438,0.23548977
0.21154505,0.22358264
0.21604425,0.2243191
0.26057658,0.25091076
0.27080527,0.26449662
0.25327045,0.26747596
0.28521135,0.26824394
0.30289844,0.2946003
0.26196718,0.2767036
0.24286523,0.2806301
0.27695638,0.28604144
0.29778033,0.3072634
0.2420119,0.22999346
0.22161995,0.23086183
0.1939266,0.19736236
0.22389859,0.23433816
0.1968109,0.2007117
0.1342406,0.18214156
0.15460607,0.18308343
0.1926324,0.21463716
0.14155985,0.14858793
0.15535203,0.16413778
0.23952411,0.2372527
0.26514873,0.2563573
0.2630577,0.24765165
0.25256652,0.26017773
0.27375033,0.2764396
0.19973688,0.21819773
0.22817582,0.2432954
0.19660117,0.20657662
0.2511295,0.26979923
0.25715807,0.2712094
0.19378197,0.21944344
0.20284627,0.21816655
0.2716839,0.25710604
0.23765838,0.24746615
0.2365737,0.2563553
0.234531,0.2322936
0.23192397,0.23890853
0.27144164,0.26742762
0.26388448,0.27527666
0.23390904,0.20943147
0.22676362,0.22186998
0.28957316,0.29821485
0.26592642,0.2560929
0.19698203,0.21967584
0.19400822,0.2228981
0.22587891,0.24819468
0.22779007,0.2273422
0.2236858,0.22688438
0.2709317,0.28174353
0.26732123,0.2652424
0.25136054,0.25041953
0.17702152,0.15790458
0.17074037,0.1643796
0.18169683,0.17993091
0.17933232,0.1888363
0.16622075,0.148966
0.1682965,0.17721584
0.27434665,0.27128688
0.2831708,0.27068537
0.2608158,0.26458183
0.26751947,0.26854998
0.24264657,0.23825915
0.2477677,0.24276248
0.28364414,0.27403092
0.26830626,0.26681596
0.27418876,0.25622362
0.19688797,0.19361077
0.20124525,0.18917477
0.23300962,0.2317612
0.22398761,0.24066807
0.2332701,0.20015377
0.2166872,0.20219941
0.3038152,0.28884953
0.23598048,0.23411247
0.27870882,0.27858147
0.26916575,0.26160488
0.19166042,0.21055302
0.22683817,0.2303024
0.19506913,0.21718547
0.21257739,0.22444987
0.18211251,0.19513234
0.2522108,0.25020435
0.2744951,0.25741088
0.23997691,0.24025078
0.17516601,0.17838834
0.17486319,0.19199127
0.27596915,0.27174437
0.28639576,0.2740937
0.28462893,0.30020356
0.2884014,0.30253327
0.15589768,0.15538603
0.16777912,0.17435904
0.18855533,0.21427193
0.16153958,0.20606878
0.18633844,0.19786745
0.19434771,0.22550341
0.15508556,0.17906472
0.18209872,0.17254934
0.19095096,0.20189641
0.20761576,0.21558213
0.19632377,0.20932214
0.24351388,0.25084087
0.24094844,0.24365643
0.24952926,0.25073653
0.25184676,0.25045827
0.21326883,0.21987991
0.20609996,0.21336827
0.23159057,0.26049852
0.227207,0.27546805
0.24019964,0.28913587
0.21970849,0.2190165
0.22674622,0.22324157
0.21451262,0.21176195
0.22680193,0.21320552
0.23107065,0.23324555
0.2645588,0.26749742
0.24327393,0.2546733
0.2545073,0.2561208
0.2297019,0.22893494
0.24290866,0.22916466
0.20342842,0.19738655
0.28966933,0.2891453
0.24499711,0.25150687
0.23484938,0.2351274
0.27745196,0.30365252
0.30211338,0.30620137
0.2835651,0.31637546
0.18802635,0.1851488
0.2165127,0.21955587
0.21826373,0.20945072
0.23965588,0.25305444
0.25825778,0.2747026
0.18073225,0.20727354
0.21570212,0.20829257
0.19785325,0.19896242
0.23223305,0.2520848
0.23287407,0.23664054
0.22835363,0.24677931
0.23157905,0.23809789
0.22548027,0.22165981
0.21574682,0.21081482
0.2009972,0.22031277
0.2118988,0.23362511
0.22713673,0.23251528
0.28638148,0.28154936
0.19704129,0.2095013
0.24016032,0.20961967
0.14874402,0.12848966
0.27427542,0.2935198
0.27860478,0.29270136
0.1532325,0.17695871
0.16996919,0.17677101
0.23600563,0.26695496
0.24582396,0.2648959
0.2194041,0.21989015
0.2771723,0.30308026
0.27769303,0.3010714
0.23053564,0.24735434
0.22875756,0.23666587
0.19219881,0.1884871
0.24367763,0.24771155
0.2587643,0.25442728
0.28263402,0.29674104
0.3094924,0.30545855
0.32125834,0.3106166
0.2325675,0.24274656
0.17975521,0.18853012
0.16252467,0.19271341
0.23567623,0.24079727
0.17754626,0.18269354
0.15567638,0.1829603
0.19523293,0.19535804
0.20237283,0.22282103
0.15770936,0.18964922
0.22523884,0.24926949
0.20874903,0.23321337
0.2308259,0.25479198
0.20275699,0.22339484
0.19097045,0.21220523
0.1779343,0.2005409
0.21857841,0.23310506
0.24950522,0.25927445
0.2602948,0.27722377
0.2557306,0.24904788
0.2672215,0.27116495
0.2017856,0.20803732
0.21267974,0.22218041
0.21969104,0.23313555
0.22470537,0.24188423
0.28250918,0.28606194
0.26363707,0.27911407
0.24512133,0.24154909
0.16739212,0.15222238
0.15183382,0.13381492
0.22667402,0.23312536
0.20922968,0.21114671
0.16983478,0.17686553
0.17450145,0.18572634
0.24695127,0.27396238
0.23063326,0.27408856
0.22110009,0.2536883
0.20454834,0.2559577
0.16860093,0.18152246
0.20288873,0.18363467
0.26060537,0.2941216
0.2580522,0.29452032
0.25551975,0.28123733
0.26894936,0.29073393
0.19916709,0.20958188
0.17496721,0.18411276
0.20069814,0.223113
0.17510289,0.21083927
0.15380827,0.18898043
0.21438655,0.2144394
0.21438655,0.2144394
0.23043685,0.20858619
0.1829001,0.21682718
0.22557238,0.25074977
0.23671919,0.26223624
0.21945348,0.21369743
0.28352308,0.276348
0.2937035,0.29198006
0.27653286,0.290025
0.28926808,0.30130774
0.29300094,0.2848813
0.27149865,0.27616537
0.28475705,0.28960645
0.2953928,0.28420597
0.26747665,0.27955577
0.28087336,0.28584185
0.17194739,0.17254518
0.23774202,0.25157017
0.21992737,0.26854092
0.23570246,0.2177748
0.21519704,0.23486485
0.20697036,0.23312303
0.20654343,0.21272276
0.28476703,0.30049855
0.27819726,0.2998318
0.28937727,0.27727073
0.21401137,0.2136559
0.22532314,0.21450254
0.18974626,0.18967347
0.20953377,0.19741377
0.17526723,0.18513072
0.19811767,0.19147158
0.22817531,0.23000926
0.22880656,0.23177925
0.24305235,0.23605338
0.23232506,0.23143612
0.21629645,0.20930517
0.2717235,0.28234446
0.28748572,0.30634436
0.26715273,0.2840997
0.2944201,0.3139866
0.30511653,0.3303303
0.2957576,0.31746233
0.19396168,0.19485116
0.18340482,0.18480422
0.23333445,0.25655082
0.24471773,0.25045455
0.18468618,0.19218084
0.17393577,0.18185116
0.19709381,0.19743182
0.14686255,0.16140099
0.1972008,0.20176025
0.21603332,0.21795544
0.17135426,0.1853578
0.18700616,0.17283283
0.18599197,0.17524806
0.16570133,0.19777605
0.20558627,0.19268897
0.15562694,0.17205125
0.22706454,0.24825458
0.21104443,0.21933015
0.16259533,0.18385147
0.17408533,0.18358655
0.16574503,0.16677198
0.17947234,0.18987164
0.16698602,0.21944241
0.19507903,0.20801711
0.24877611,0.23474872
0.23442462,0.22796604
0.21196574,0.21367861
0.22554679,0.21868825
0.28409237,0.2886632
0.2856412,0.29450947
0.28525734,0.29916742
0.29240465,0.30299917
0.25382864,0.25643483
0.22027093,0.24615356
0.17350428,0.18842928
0.15632081,0.16552152
0.230519,0.23684025
0.2011553,0.22260743
0.11466462,0.16598803
0.21397671,0.24919014
0.20483977,0.24274185
0.21872902,0.2188709
0.19933486,0.20267108
0.20284371,0.19996533
0.24390505,0.2445457
0.24589044,0.25668776
0.2466431,0.25988472
0.23568805,0.23848301
0.22096004,0.23026857
0.24560906,0.2537225
0.2258938,0.24453822
0.19588353,0.2218266
0.20712945,0.23214771
0.23748028,0.22242303
0.2499584,0.23880014
0.2401518,0.26564053
0.23353967,0.24360815
0.26225027,0.26628333
0.17189166,0.17971121
0.25057492,0.26884472
0.24214989,0.24759054
0.17690176,0.16910067
0.23002101,0.22459409
0.24611709,0.25642845
0.23230702,0.23238
0.2679471,0.26034063
0.21605265,0.22479962
0.24039066,0.26069134
0.23969272,0.24761423
0.17171694,0.17593005
0.22852644,0.23280683
0.22843611,0.2367998
0.23618485,0.25769445
0.2598685,0.27208966
0.2445215,0.24768841
0.23904794,0.25470433
0.22843714,0.22773492
0.28421262,0.2879337
0.26068658,0.25679013
0.297354,0.28153718
0.25703287,0.24984951
0.2577509,0.25939894
0.28144717,0.27851018
0.22325304,0.24298248
0.26104206,0.24706937
0.29325944,0.2881477
0.2632081,0.24214925
0.28946602,0.27606305
0.2768513,0.24941054
0.21863279,0.2048583
0.21868223,0.21813916
0.23309264,0.23338915
0.17509884,0.16964354
0.17499211,0.17128955
0.2296607,0.21481001
0.24500455,0.25319546
0.30631956,0.31393635
0.28024024,0.28593624
0.24180457,0.2396376
0.28775412,0.29185665
0.27943537,0.28484073
0.24418743,0.23471895
0.24422747,0.24891758
0.18267205,0.18055224
0.26929736,0.2644773
0.164779,0.16796622
0.23461248,0.24361469
0.21353802,0.2116862
0.16107388,0.17549695
0.21806021,0.22569585
0.27526343,0.27142504
0.27125314,0.2928745
0.27104563,0.26802096
0.2670422,0.25582105
0.24003473,0.23799716
0.2361173,0.22440556
0.19987518,0.19726536
0.27648336,0.27716655
0.21297696,0.2296691
0.22827235,0.22883119
0.24157506,0.23264575
0.21717405,0.23473293
0.2321522,0.23307592
0.23877968,0.23650184
0.20642999,0.19264738
0.16265112,0.14265986
0.1995205,0.21495892
0.26983222,0.32967648
0.27590513,0.27461028
0.26730746,0.295229
0.2701447,0.2457271
0.26555333,0.27242646
0.27023733,0.26790377
0.21329929,0.20711917
0.27213955,0.29627502
0.30392456,0.31251606
0.22719254,0.23158337
0.28033844,0.28165928
0.2878461,0.28092837
0.263389,0.27453482
0.26780564,0.2759269
0.2647398,0.27924013
0.27212942,0.27923483
0.28679955,0.26487485
0.25596386,0.26525036
0.2994995,0.30379644
0.276527,0.3026746
0.30076313,0.28231
0.2739751,0.28351563
0.31107718,0.31213665
0.2898509,0.31264195
0.20848678,0.22476587
0.18017806,0.1992672
0.19089656,0.19889311
0.17849553,0.20185111
0.19451685,0.20388722
0.28888384,0.28376347
0.29833,0.29653347
0.19674835,0.23493281
0.20218687,0.24005479
0.25026828,0.23710684
0.26062062,0.2547691
0.19206637,0.23177889
0.18033652,0.21439119
0.2860791,0.2762106
0.2777644,0.2716434
0.13664187,0.17756018
0.1476918,0.16549753
0.15089206,0.1727753
0.27004674,0.2715629
0.2895688,0.26909918
0.27687305,0.2850545
0.29556233,0.28474757
0.21585044,0.25681448
0.22534123,0.26671705
0.22476462,0.26116765
0.21079871,0.2124156
0.26899648,0.26602527
0.27755097,0.27860856
0.2220636,0.21678495
0.22857523,0.22295754
0.21789381,0.21428293
0.24785821,0.26972303
0.20927733,0.2248745
0.2855103,0.27992412
0.17656347,0.1643781
0.18793064,0.18587472
0.18444976,0.17248312
0.21059936,0.2084897
0.21585083,0.21662275
0.17117342,0.19844657
0.1799479,0.18413018
0.16793035,0.1790525
0.1746236,0.19235533
0.16884506,0.17307529
0.16885892,0.1742948
0.19471735,0.20984606
0.20340645,0.22123763
0.1674117,0.2053731
0.18783437,0.22304308
0.18923795,0.20574044
0.20256756,0.228229
0.20700726,0.21906361
0.19121265,0.18099844
0.19386,0.19772337
0.21102631,0.21158844
0.23147124,0.24438599
0.2334513,0.23893084
0.16069064,0.16441123
0.16191773,0.17891124
0.24092546,0.23001364
0.20334877,0.1940443
0.24402441,0.23622635
0.19656959,0.19273925
0.17604592,0.18932995
0.18684043,0.18406872
0.27431774,0.27674222
0.3043664,0.296043
0.2707494,0.28788662
0.24368289,0.26874483
0.25422856,0.26362562
0.28899193,0.28981426
0.285616,0.2856955
0.22175819,0.22117716
0.21545301,0.20926052
0.24701893,0.27246615
0.21088004,0.23029861
0.2158255,0.23255801
0.21817079,0.20937073
0.22420438,0.22218788
0.19177234,0.16337568
0.20062928,0.17471002
0.28129783,0.2874898
0.20514444,0.20915379
0.23602632,0.23989277
0.22953692,0.23674908
0.28676736,0.2734511
0.254359,0.26781243
0.23799744,0.2656795
0.23263639,0.22951885
0.1994461,0.20101918
0.2758892,0.28971562
0.27414307,0.27326307
0.23933193,0.25370535
0.23483634,0.2481706
0.23986195,0.24950802
0.28651625,0.31457657
0.2815253,0.2930791
0.27711323,0.2980117
0.27101153,0.27946636
0.2665822,0.2551041
0.26083633,0.29393864
0.2740036,0.29464686
0.26270196,0.28256187
0.27490517,0.29205427
0.26302883,0.28366494
0.26025203,0.27606308
0.22404154,0.24796855
0.24177249,0.26277876
0.2019688,0.2228227
0.2062875,0.24728754
0.23038578,0.23285419
0.19641015,0.23056951
0.2310314,0.23716344
0.18534647,0.22497252
0.22180144,0.21915439
0.1638712,0.20397282
0.20263933,0.2008535
0.18032989,0.22687903
0.1405343,0.16671306
0.22891758,0.2319801
0.26515263,0.26290426
0.2552907,0.26725778
0.19377425,0.17491037
0.18561855,0.19453016
0.14867508,0.16808198
0.17844862,0.21662943
0.19224626,0.20396984
0.26195386,0.25992885
0.24044965,0.1916754
0.24922907,0.23939168
0.24655542,0.25318053
0.22209229,0.25414544
0.2514088,0.26441792
0.24598,0.24575834
0.20297156,0.18704556
0.19601998,0.1918329
0.21774481,0.19897896
0.21507847,0.19874004
0.22460192,0.22336031
0.22857136,0.23639268
0.25003827,0.2554397
0.23565717,0.23549417
0.18293704,0.18455291
0.25623125,0.27084085
0.25036252,0.2684849
0.23163337,0.25573367
0.22954254,0.25616172
0.247579,0.25139904
0.24393615,0.24827543
0.15738441,0.1853285
0.17652209,0.19208345
0.1957717,0.21706359
0.21931483,0.24947459
0.2417283,0.24345413
0.1597785,0.14760499
0.15144992,0.15271546
0.16022865,0.15090796
0.13963318,0.1721543
0.1477777,0.18120301
0.13550596,0.17306577
0.13031153,0.16281003
0.23167977,0.2741475
0.18613951,0.22611527
0.17378882,0.15938878
0.18675852,0.16121897
0.16158488,0.1562267
0.24605536,0.23847127
0.16457663,0.19368164
0.16650984,0.1663125
0.16265024,0.16486146
0.17744967,0.18152249
0.26931775,0.27802852
0.2776907,0.2859396
0.23292026,0.23754619
0.24922526,0.26671913
0.26022562,0.2737233
0.18648261,0.19776611
0.24064492,0.23468311
0.23454633,0.21779355
0.22437045,0.23319998
0.23490609,0.24784954
0.24862313,0.2669716
0.25993073,0.26380023
0.3296805,0.34202722
0.21262075,0.24226606
0.22553599,0.269745
0.22919111,0.26878226
0.20338054,0.19732043
0.23790227,0.26151502
0.26153475,0.29361105
0.26297268,0.2844423
0.22957551,0.20791677
0.131062,0.14507966
0.23899324,0.2601933
0.18934366,0.20764169
0.19336584,0.23111892
0.20798272,0.19759999
0.22922231,0.20783393
0.22321409,0.22054186
0.20936783,0.22229436
0.27063897,0.29256245
0.23746204,0.25102174
0.2700507,0.27490857
0.23622271,0.23458134
0.28852195,0.3020491
0.25080776,0.25592685
0.23442963,0.27073738
0.23434982,0.25089252
0.24300611,0.25351903
0.22263162,0.21889405
0.21379164,0.20563324
0.25250047,0.26784518
0.2615692,0.2780351
0.24895364,0.24210918
0.25870696,0.25279924
0.2680999,0.2904474
0.27169433,0.29296547
0.30126056,0.3128116
0.24145639,0.24102849
0.20157823,0.21207166
0.22268812,0.22987133
0.15834412,0.16172798
0.18260065,0.18175074
0.25387052,0.25852138
0.25035018,0.25970954
0.20099097,0.19478188
0.20570782,0.20141831
0.17574322,0.185473
0.21533477,0.19840257
0.21373488,0.21501653
0.19445874,0.21022248
0.16016828,0.15356773
0.16683401,0.16115496
0.1718305,0.18379581
0.17045638,0.18269229
0.27416566,0.2685566
0.24917892,0.24798803
0.26956165,0.27344164
0.19268315,0.19171186
0.18472975,0.18850218
0.19882666,0.20808241
0.25974476,0.2572835
0.27480602,0.26766714
0.18375629,0.21264677
0.20843388,0.23364829
0.15965112,0.17937875
0.17485416,0.20253232
0.1866451,0.1786345
0.2909869,0.29130423
0.26630315,0.2684253
0.27908885,0.27459174
0.27535808,0.27411887
0.24146926,0.23532116
0.2915457,0.29824835
0.2677157,0.27075928
0.27160755,0.2602605
0.26551008,0.2692454
0.2773289,0.27197468
0.24748279,0.24497268
0.22493327,0.24083993
0.23668033,0.22903295
0.21433951,0.2252222
0.24696584,0.24566525
0.22573045,0.22189292
0.2088699,0.2070952
0.20906928,0.20323545
0.260753,0.25676075
0.25270167,0.2508876
0.23173103,0.22502486
0.23040295,0.22215872
0.25409758,0.25933188
0.2658467,0.26033098
0.25821313,0.25560912
0.29285523,0.28844815
0.27766293,0.3012625
0.21399787,0.23067577
0.20202436,0.19517791
0.21197389,0.23858517
0.2466724,0.24181533
0.23368749,0.23682126
0.22801843,0.23776414
0.29574883,0.29177535
0.290701,0.27673122
0.25300962,0.24856138
0.24915251,0.27603263
0.24505751,0.24524608
0.25415337,0.27356288
0.28064618,0.2780329
0.15697472,0.21086203
0.18733242,0.21654816
0.26014468,0.25607178
0.25223294,0.25500977
0.25307325,0.25666285
0.270867,0.2840582
0.2838108,0.29263568
0.28903002,0.29218385
0.2807961,0.2877257
0.28460604,0.2905811
0.2794299,0.27570993
0.23988381,0.29994452
0.27196494,0.2820023
0.24880952,0.25631496
0.27649486,0.2880679
0.24944288,0.26335952
0.27520853,0.2819447
0.24261485,0.2538668
0.19408134,0.21032542
0.23028995,0.24605387
0.2310961,0.2424497
0.24401304,0.2650441
0.26681566,0.26768482
0.2197164,0.24112853
0.21466017,0.22919899
0.22785239,0.24069434
0.22472271,0.23255101
0.23517764,0.2509393
0.2598145,0.27385527
0.22006822,0.22371684
0.2432298,0.24343425
0.31525955,0.32181156
0.22902867,0.24282919
0.26778612,0.28416193
0.24433774,0.25565836
0.28019595,0.27733132
0.3215344,0.3253824
0.25585523,0.25530884
0.24605516,0.24555503
0.17504415,0.16764805
0.18559983,0.18771952
0.18839772,0.1794746
0.24194093,0.2513157
0.16299485,0.18222067
0.22537094,0.2089909
0.17929257,0.20401384
0.17212927,0.17859186
0.22207756,0.22341868
0.2292598,0.22852951
0.24334268,0.22907704
0.23793168,0.22512612
0.21827993,0.22226924
0.24881771,0.26560032
0.24623162,0.26635104
0.20271333,0.19823763
0.22846556,0.21736725
0.21367128,0.20409834
0.25307956,0.25061804
0.25722623,0.25446153
0.18800376,0.18816163
0.18552561,0.18468282
0.21985984,0.2300439
0.24455003,0.2504338
0.20756578,0.24294116
0.21308094,0.2499747
0.2187554,0.24426027
0.22385365,0.2528658
0.26058877,0.2612672
0.27774888,0.27204943
0.261851,0.26764056
0.28378,0.2715653
0.2743187,0.26861438
0.28315496,0.2719468
0.26887822,0.28440595
0.29161376,0.29419222
0.27364758,0.28721786
0.29862866,0.29474306
0.2881117,0.290679
0.28929716,0.29099816
0.19547522,0.20838341
0.19493787,0.20009138
0.25945967,0.27358592
0.27353275,0.27955794
0.2778625,0.2763772
0.20091037,0.20291175
0.18413225,0.19235556
0.19380714,0.20475455
0.17212558,0.18864281
0.27096808,0.27542132
0.27925465,0.29420865
0.20231023,0.19148853
0.20827474,0.20886093
0.27645013,0.27455896
0.27151358,0.2605517
0.19455793,0.19088805
0.19496495,0.17692195
0.28387365,0.30450022
0.21874651,0.23456633
0.20147137,0.19690698
0.23375514,0.23678288
0.23330148,0.22969845
0.20611668,0.21523216
0.21682754,0.23048452
0.24978347,0.24887528
0.19850865,0.20798948
0.24420285,0.25925323
0.23245938,0.23891403
0.22942245,0.23555043
0.23321608,0.24676399
0.24617839,0.2546423
0.23075958,0.2523987
0.2369614,0.2558174
0.24608162,0.23903118
0.25389224,0.2660856
0.258179,0.27098924
0.26456383,0.2579759
0.16495235,0.2102263
0.19715887,0.22483875
0.17903556,0.20299323
0.20691347,0.22110102
0.23077936,0.2574643
0.23895618,0.2438077
0.24707064,0.27187532
0.25766414,0.26218605
0.17981142,0.21412797
0.19801645,0.2317316
0.20880362,0.23465613
0.21889791,0.2516348
0.2784195,0.2694676
0.26393762,0.2693305
0.26964664,0.24893825
0.24967338,0.22938323
0.19282357,0.1769035
0.30018955,0.2567789
0.2989992,0.2593971
0.1798011,0.18300116
0.23043574,0.20576912
0.24098395,0.22620448
0.24118504,0.22684489
0.22062558,0.21651325
0.21367201,0.21128607
0.20610486,0.20672056
0.19253437,0.18325074
0.29252464,0.27777156
0.27630723,0.27583286
0.29162294,0.28124142
0.2726613,0.274162
0.290213,0.28098202
0.27489692,0.27761492
0.21769243,0.23556885
0.21767737,0.24435861
0.21686652,0.22368781
0.23118082,0.23716839
0.23077257,0.2361122
0.22400802,0.2340447
0.17469494,0.19796619
0.23432148,0.24354526
0.2109051,0.22397506
0.16445452,0.21028851
0.19645616,0.2162317
0.19076794,0.2090021
0.1839845,0.19705698
0.1818844,0.21460995
0.14237216,0.1693537
0.25847554,0.2730617
0.24788275,0.25966418
0.24736616,0.24895813
0.23889905,0.23912163
0.2126007,0.21283336
0.23993096,0.2554507
0.2117709,0.21961553
0.12643322,0.1506323
0.12944548,0.13802806
0.21576001,0.23040393
0.2040841,0.2170367
0.19220154,0.22935277
0.20652094,0.22521912
0.21129014,0.21681096
0.18586761,0.21061203
0.23968111,0.23196375
0.22032472,0.22906171
0.23607965,0.2414459
0.24088216,0.24718393
0.2207199,0.23432508
0.21179874,0.2317436
0.21653491,0.22577389
0.2230301,0.22285655
0.28684628,0.27018934
0.17189185,0.16742714
0.23319066,0.24369492
0.29197007,0.29888666
0.28442347,0.2891676
0.28071597,0.29774582
0.1693887,0.18229729
0.23264694,0.24246198
0.22688454,0.2343572
0.23644045,0.23415002
0.23242265,0.24431716
0.22940582,0.24058127
0.2218891,0.22995207
0.23040855,0.2324385
0.23109458,0.2407729
0.19566737,0.20324159
0.17863369,0.18382747
0.19233224,0.19773091
0.17651391,0.17619064
0.25383723,0.25207373
0.24509351,0.25372034
0.26481876,0.2684787
0.2568487,0.2729301
0.23313814,0.2664466
0.22675475,0.24693976
0.21798024,0.25624952
0.20880249,0.23418723
0.2304351,0.2590891
0.21458523,0.23663312
0.20573097,0.24618925
0.19437626,0.22960946
0.26375717,0.27990705
0.2570673,0.27883947
0.25942966,0.27134973
0.25242767,0.26957053
0.26150835,0.2594303
0.255127,0.25981754
0.26457262,0.28179622
0.2557089,0.27699268
0.21248665,0.22472617
0.20862252,0.22451049
0.19320197,0.19692683
0.18793888,0.1961941
0.2224979,0.21690673
0.20864415,0.19242781
0.22033893,0.2268629
0.23424268,0.23767342
0.21811259,0.23688143
0.27742544,0.27613583
0.29911175,0.29217538
0.26225433,0.2576449
0.23828313,0.27862948
0.26963305,0.26904815
0.24836844,0.29059756
0.27763855,0.2898166
0.25427315,0.30632806
0.16486241,0.16580798
0.17914572,0.17062816
0.22345103,0.22388887
0.24610434,0.2584966
0.29372352,0.26851985
0.22289309,0.21068506
0.29620737,0.29078394
0.25399727,0.24690464
0.19210538,0.19013283
0.21174514,0.2230247
0.28009635,0.2843025
0.27843672,0.27757096
0.28402898,0.2760134
0.2672984,0.23811351
0.20491223,0.19107844
0.14329544,0.12231372
0.25037706,0.24598117
0.19703296,0.19419777
0.19458258,0.18941972
0.20383959,0.23257348
0.2153838,0.21508455
0.21565266,0.21982828
0.30806494,0.29980898
0.31341362,0.29918358
0.2565401,0.2637428
0.26006395,0.2612752
0.24010214,0.24796766
0.2723063,0.26754782
0.26281908,0.27108744
0.17834805,0.18542463
0.190362,0.20813912
0.18727666,0.17681782
0.194702,0.19515494
0.24701077,0.2435652
0.26535884,0.2438289
0.22861795,0.27135763
0.25674865,0.25494733
0.23991174,0.25426868
0.23230416,0.2611986
0.26461235,0.25360146
0.24113083,0.24739182
0.24675792,0.2570481
0.24705571,0.24442652
0.1993351,0.18752614
0.2192044,0.22065467
0.17105664,0.21838526
0.19081411,0.20327735
0.17678504,0.20329002
0.18698077,0.24312145
0.208224,0.22377615
0.20418546,0.22550955
0.20780984,0.21138689
0.2138505,0.23701757
0.22970966,0.2758841
0.23681545,0.25939187
0.20554274,0.26424652
0.21590087,0.23565961
0.26217532,0.27985844
0.26139215,0.25888503
0.2577965,0.255751
0.23457801,0.26438123
0.26565364,0.26063222
0.24741131,0.24462019
0.25164378,0.24952675
0.24895494,0.24633452
0.29509643,0.2699905
0.26647592,0.24907872
0.292595,0.25483075
0.28723612,0.26076174
0.2361912,0.25510126
0.25297332,0.24705637
0.21383111,0.19027215
0.2195719,0.1777805
0.20203146,0.23813283
0.2171849,0.2655483
0.24208653,0.26867625
0.21431236,0.22861668
0.2215449,0.24702138
0.22331199,0.25154948
0.20246738,0.2060881
0.15856571,0.18574661
0.2069956,0.22639741
0.16332813,0.20951916
0.2098698,0.22800255
0.17518738,0.21348394
0.28226686,0.2842095
0.24090207,0.24995524
0.2250556,0.2420609
0.24466555,0.2400931
0.23064642,0.23429072
0.26242706,0.26769793
0.2509603,0.280678
0.29273182,0.30889347
0.21260956,0.23563331
0.22398141,0.22919655
0.211313,0.22975445
0.20520703,0.21224298
0.20865661,0.19803569
0.20439199,0.20444746
0.18962112,0.18890978
0.18787384,0.19934481
0.1739886,0.16418114
0.17177624,0.1694247
0.23183614,0.22089809
0.23055092,0.22534671
0.26519704,0.26643842
0.27752414,0.28586856
0.23077211,0.2525645
0.19510423,0.22611323
0.15377414,0.20902699
0.16988471,0.20165765
0.13134597,0.17587593
0.26501286,0.27381247
0.24747331,0.27497947
0.29060936,0.2785128
0.27650535,0.2667263
0.23293236,0.23947465
0.22135328,0.26295212
0.22882144,0.24673194
0.23467313,0.25177687
0.22645545,0.24574928
0.26521513,0.26212895
0.24651358,0.26533073
0.2870944,0.27501166
0.27628028,0.27583316
0.27191186,0.26711372
0.24690583,0.26478803
0.29171884,0.29171246
0.28055552,0.28315568
0.14923571,0.14717296
0.17553909,0.15662839
0.19165629,0.19117789
0.14871474,0.16643548
0.14634614,0.15290737
0.2060971,0.1989661
0.19053015,0.18358697
0.19489639,0.21401247
0.26055166,0.27725387
0.22175056,0.21981502
0.23007792,0.24812795
0.21886753,0.23875588
0.2144706,0.23121159
0.23034799,0.2382178
0.21605696,0.21978901
0.18698128,0.2037258
0.16146114,0.19361894
0.19081303,0.21230432
0.24439779,0.24864918
0.23736347,0.22273648
0.24141029,0.20420764
0.22606781,0.24565181
0.22905487,0.23040847
0.23999906,0.2546711
0.23641634,0.23915437
0.24316286,0.26031023
0.24835353,0.24106601
0.25956103,0.25440645
0.20432317,0.2063494
0.19244388,0.20168872
0.175323,0.19419597
0.17543243,0.1801909
0.1835248,0.17952523
0.18321818,0.19508101
0.18966977,0.2003651
0.1659391,0.17596948
0.16953973,0.18609391
0.22339965,0.22658828
0.21433866,0.20929638
0.21798122,0.2069898
0.2202221,0.23004383
0.19473246,0.22146825
0.20970955,0.20010963
0.19550672,0.21315533
0.20751607,0.19378768
0.18562347,0.22604226
0.1978085,0.20571671
0.17738864,0.1865786
0.16647306,0.20462571
0.17878637,0.18845196
0.20416002,0.1978568
0.21154037,0.22550738
0.27832928,0.2559316
0.25089085,0.26536858
0.24989994,0.25456712
0.24836151,0.25869593
0.24940798,0.2519225
0.25331706,0.27634704
0.24397829,0.27161038
0.24213111,0.26558864
0.2578335,0.28288755
0.24809925,0.26064956
0.24720617,0.26141894
0.2472649,0.25275153
0.26378778,0.2652623
0.25520468,0.2612248
0.26848316,0.2707996
0.2738802,0.28863674
0.27743348,0.2820588
0.20996988,0.22358371
0.22552426,0.24063465
0.218064,0.23838687
0.26608384,0.2699036
0.26216435,0.25068113
0.2514315,0.27177423
0.21598782,0.22101787
0.23505548,0.24150077
0.1983208,0.20693101
0.20593375,0.22434297
0.2388672,0.24650884
0.15247002,0.18428874
0.1405942,0.16634256
0.14957732,0.16424896
0.17397179,0.17509738
0.17389397,0.18263817
0.17198008,0.17413123
0.24558367,0.223504
0.21998388,0.2194911
0.29021966,0.27749926
0.22978547,0.25035197
0.1718102,0.17966282
0.19142759,0.19765757
0.1766057,0.16749887
0.1685888,0.18936059
0.1889697,0.20624374
0.17199466,0.17123495
0.2073381,0.21530294
0.20934457,0.22457623
0.2143243,0.23359144
0.20092231,0.2224885
0.21906069,0.24191165
0.20316336,0.22602485
0.2169055,0.22360992
0.22288074,0.23223267
0.21095532,0.23522225
0.20952007,0.23143488
0.22020037,0.21926379
0.18776774,0.18909216
0.186996,0.20416087
0.1480138,0.17694037
0.23713526,0.24552342
0.22276708,0.24212746
0.23639938,0.24917167
0.20324901,0.22972044
0.16460907,0.2297136
0.17966408,0.20602947
0.19539644,0.22637334
0.24449316,0.26045102
0.2182615,0.22479035
0.20108727,0.20530882
0.25035644,0.26138586
0.14590673,0.14306962
0.14069296,0.11985944
0.2271065,0.20798881
0.15229364,0.15757062
0.13554549,0.14336917
0.29134464,0.27975017
0.22721273,0.2231301
0.20157868,0.20193897
0.2541598,0.2510531
0.19691576,0.1972399
0.17370355,0.18079461
0.25825083,0.285744
0.21725166,0.22972398
0.21651712,0.22369164
0.2206381,0.25027913
0.21235959,0.23137264
0.21358556,0.22144069
0.19863991,0.21000959
0.2212499,0.22371268
0.2110672,0.22249813
0.24206889,0.24114038
0.23968843,0.24086432
0.23940322,0.23913689
0.24587119,0.2520017
0.25023925,0.2567926
0.1999223,0.20590658
0.22946301,0.22583267
0.22316754,0.21855256
0.22235261,0.23101883
0.22303699,0.23386887
0.24331748,0.24802342
0.2635788,0.27638024
0.2764828,0.30685133
0.16419803,0.1576974
0.16719624,0.16249838
0.14708038,0.14385128
0.20259884,0.1997985
0.17228915,0.1836078
0.15281114,0.16963932
0.16753548,0.16578428
0.26273954,0.25132653
0.19311568,0.22023919
0.2567547,0.24913473
0.19376941,0.19911736
0.19782847,0.20209499
0.23778053,0.24357203
0.22705664,0.2587635
0.25514936,0.2683605
0.2405328,0.2615719
0.24542403,0.26618752
0.24247022,0.25767016
0.24487317,0.26473767
0.2723536,0.27325734
0.2591339,0.2654361
0.2612407,0.2687675
0.25583822,0.260597
0.24737418,0.2611153
0.2721017,0.2721486
0.26411167,0.26236087
0.263797,0.26927292
0.2548362,0.25860596
0.2614057,0.2564376
0.24592671,0.24878913
0.24323481,0.24828264
0.21518444,0.20922753
0.22159235,0.21470685
0.23483746,0.22096682
0.23922148,0.22062728
0.20165983,0.19104387
0.20759678,0.19870332
0.22558375,0.20824356
0.22582516,0.20517832
0.20941296,0.21450447
0.21751067,0.21960989
0.2291886,0.22526449
0.22903362,0.22698262
0.21755043,0.21885587
0.2238655,0.22242153
0.23957863,0.23260891
0.23943977,0.23087619
0.26449835,0.28041917
0.25984448,0.27276695
0.25195864,0.27110302
0.2599969,0.26271826
0.2571756,0.25820208
0.26058662,0.25245878
0.25018644,0.2486932
0.25953078,0.24189836
0.2755081,0.28995037
0.27169323,0.28756326
0.26755452,0.2845596
0.27110937,0.280007
0.21135469,0.22183967
0.20487529,0.19872421
0.21881118,0.23519726
0.25984448,0.27276695
0.26058662,0.25245878
0.27169323,0.28756326
0.26388782,0.26674944
0.26754457,0.24971592
0.26984394,0.30376184
0.17865008,0.20199075
0.23292997,0.25743455
0.22921397,0.21869473
0.2576551,0.2605618
0.27376127,0.28188163
0.276252,0.27544895
0.28123608,0.27974194
0.20457491,0.22495419
0.227392,0.21696326
0.11801521,0.12742916
0.2200273,0.2284349
0.21657597,0.22797543
0.21740758,0.22868697
0.2132903,0.2237859
0.25992635,0.26045012
0.272396,0.259933
0.25651428,0.26095477
0.17944616,0.17981432
0.20081708,0.18775505
0.18637446,0.17215398
0.2015735,0.20198077
0.24815364,0.25418583
0.19544728,0.2263926
0.25298846,0.27031052
0.18779472,0.18337154
0.17949356,0.18429413
0.17949356,0.18429413
0.18146203,0.18144336
0.17830014,0.17948814
0.1303566,0.15710288
0.27703077,0.25994202
0.2666812,0.24943481
0.23666888,0.2613886
0.2651293,0.28627342
0.25086743,0.26403707
0.24173243,0.24501513
0.26121074,0.27615649
0.26594177,0.28810847
0.27984452,0.28957492
0.20897472,0.21532577
0.2583577,0.26097518
0.25499642,0.24971798
0.19084586,0.19954264
0.17347017,0.20299004
0.19846934,0.19777146
0.16758089,0.17440267
0.15513569,0.16685492
0.23390445,0.22955789
0.23876649,0.23981327
0.26702195,0.27211857
0.24136125,0.24920006
0.25442216,0.25832292
0.18311939,0.21124393
0.22372006,0.21147847
0.22136804,0.22055383
0.23009744,0.22759883
0.23599233,0.26902398
0.22284898,0.220123
0.22060022,0.22207244
0.23597391,0.2380151
0.26532537,0.26252592
0.25025,0.23459914
0.24310344,0.24381694
0.21396947,0.21191898
0.25789595,0.26023683
0.33679554,0.3318919
0.26105267,0.2584113
0.25876746,0.25664937
0.28333193,0.28429666
0.2906677,0.27852207
0.30668628,0.29455107
0.27787372,0.28247595
0.28390515,0.27296743
0.29912075,0.29191476
0.2812334,0.27688122
0.2795839,0.27563417
0.27448994,0.27171528
0.23517211,0.2391298
0.2361497,0.245415
0.23524764,0.24503382
0.25128824,0.2504203
0.24588871,0.2507937
0.21281682,0.22117436
0.21419561,0.2282651
0.21102151,0.21345071
0.21822049,0.21830297
0.23631892,0.23521377
0.24200463,0.2403204
0.22910614,0.24051902
0.23360774,0.24397627
0.23377901,0.23825476
0.24476294,0.24260154
0.22272152,0.22155795
0.22656229,0.21088907
0.24523768,0.24240023
0.2491118,0.2531347
0.24716538,0.25123438
0.24127072,0.25846347
0.22656927,0.22419456
0.21890147,0.22400568
0.21498333,0.22933333
0.210745,0.23553261
0.20669985,0.21512479
0.15053205,0.15464167
0.11807965,0.12525193
0.15779136,0.17620015
0.10614285,0.1397296
0.23020452,0.25127023
0.2385976,0.25008342
0.22814521,0.2527025
0.21562678,0.24972263
0.18488525,0.19960196
0.19116965,0.1777695
0.15535294,0.19360162
0.14316197,0.17324156
0.25677878,0.26841125
0.24224944,0.2573623
0.23110755,0.25110042
0.1437056,0.18775365
0.24656346,0.26590693
0.24831395,0.26301304
0.27463874,0.26939783
0.25140083,0.26207432
0.24653614,0.2654137
0.23904546,0.26274377
0.25022948,0.26454237
0.24373862,0.26123363
0.23315154,0.24114166
0.23556006,0.2514562
0.22807941,0.25105646
0.24046765,0.23906793
0.23814198,0.2454365
0.23640062,0.24282275
0.24308944,0.23505415
0.23840584,0.23711361
0.23089738,0.23606376
0.2119828,0.21048442
0.21255541,0.20954335
0.22634993,0.23683155
0.23190232,0.22378947
0.23346761,0.24076872
0.23600464,0.22673653
0.22289932,0.25846687
0.24065477,0.2561965
0.23344702,0.25930634
0.24864456,0.25468832
0.22289932,0.25846687
0.24065477,0.2561965
0.23344702,0.25930634
0.24864456,0.25468832
0.2528868,0.25462058
0.22355503,0.23453805
0.25121525,0.26151133
0.21350123,0.22826074
0.25167236,0.26449406
0.21247771,0.21128945
0.23221019,0.2252861
0.18470246,0.21098855
0.18461142,0.21129021
0.2525503,0.2460208
0.18419331,0.18804507
0.21065909,0.20007682
0.18612292,0.2095511
0.16871315,0.18042713
0.21746603,0.22203955
0.1716275,0.16866243
0.214769,0.2118898
0.22123957,0.21996242
0.21975939,0.22041482
0.18546306,0.18821084
0.18188718,0.19336364
0.19559316,0.21773529
0.22595389,0.24282861
0.23689467,0.23298164
0.25185046,0.25617015
0.21582355,0.25268275
0.22255264,0.2386443
0.23105347,0.24669212
0.26168907,0.28377983
0.21288021,0.23637408
0.2928092,0.31836236
0.2361796,0.24812442
0.28375494,0.29734623
0.21297494,0.2350958
0.2067646,0.21962214
0.18487519,0.21623708
0.22575416,0.2676865
0.19346538,0.1960108
0.18259117,0.17410733
0.22888657,0.25929365
0.22698185,0.24128005
0.21204002,0.23894806
0.26879823,0.2747309
0.27159867,0.28121284
0.22661467,0.24186638
0.24922565,0.2794131
0.26557773,0.2835462
0.23085022,0.2527536
0.19635561,0.19595334
0.23457,0.23845434
0.21962185,0.22754507
0.22531113,0.23222756
0.20891266,0.2088122
0.21372078,0.21306776
0.25778595,0.27891868
0.25385156,0.28484392
0.2670771,0.30905196
0.2611562,0.31744686
0.27393714,0.3083527
0.27133107,0.31469145
0.2602078,0.28985187
0.25699782,0.29566342
0.24965581,0.2607766
0.24807748,0.27075136
0.2534091,0.2711178
0.24007747,0.27404165
0.26270154,0.3042919
0.24433896,0.30270046
0.27893877,0.3129904
0.2670172,0.3151198
0.25814268,0.2877566
0.24591765,0.28601575
0.2483181,0.26087064
0.23123777,0.26010138
0.23253335,0.240994
0.22560251,0.24933764
0.2396402,0.26107335
0.23597445,0.26595885
0.21550998,0.22675255
0.21084467,0.24184872
0.20838559,0.22001083
0.22920102,0.2394104
0.3025627,0.2904147
0.2622659,0.25525492
0.18809095,0.19876021
0.18239143,0.19335055
0.19466089,0.20615943
0.166356,0.20907097
0.16664508,0.20493072
0.21199061,0.23670931
0.20868002,0.23738122
0.19913153,0.22640178
0.1892686,0.23325163
0.1897816,0.22911024
0.18570891,0.22183982
0.30887854,0.3249794
0.29391852,0.31829226
0.29155967,0.30481276
0.30575132,0.32207355
0.22694048,0.22974336
0.18322752,0.18655992
0.17010595,0.18307455
0.14779639,0.15735523
0.14064646,0.1518075
0.13885722,0.1473554
0.17854565,0.18600413
0.19084847,0.19297925
0.20965387,0.21704307
0.19885121,0.2123062
0.20172532,0.21969703
0.1937918,0.19379611
0.1923951,0.19080426
0.1878514,0.19351664
0.18780294,0.22536144
0.19650082,0.21707113
0.17654032,0.19480821
0.19171017,0.19056416
0.21432047,0.23555568
0.205555,0.23383921
0.20276268,0.21776915
0.20375602,0.21805549
0.21534173,0.20930116
0.21274796,0.20745075
0.22971407,0.2431413
0.2355242,0.24363849
0.22944584,0.24428146
0.2717386,0.2823521
0.27887928,0.28417462
0.18406235,0.1878477
0.19254932,0.19308227
0.17053466,0.15764278
0.19244447,0.17808978
0.24669996,0.24155825
0.25360644,0.24776196
0.2622627,0.26281998
0.25732347,0.26405108
0.257778,0.2676332
0.26302433,0.2572541
0.27369216,0.26475632
0.2733951,0.2671671
0.27270457,0.26995817
0.27046174,0.26732638
0.26302433,0.2572541
0.27588922,0.26515675
0.27825013,0.26879838
0.27407724,0.26978138
0.26823485,0.26675045
0.28390655,0.29086345
0.2751153,0.2827056
0.27943036,0.28207064
0.27000436,0.27347347
0.22922766,0.24719864
0.23991731,0.25276083
0.21340716,0.22633815
0.28592584,0.32280007
0.27702725,0.3255653
0.23114085,0.22880583
0.23228435,0.2396316
0.18572912,0.18805152
0.20474923,0.20695204
0.20330498,0.2030576
0.22280088,0.21131366
0.22785822,0.21892837
0.26173294,0.27341232
0.19725442,0.21417311
0.20551674,0.23011565
0.21830088,0.21781807
0.22597374,0.23513742
0.17606424,0.17451866
0.17625295,0.1961968
0.18026088,0.19925272
0.17513207,0.18600824
0.24031211,0.27820152
0.237183,0.27655122
0.2517286,0.2542521
0.2345274,0.24802786
0.24741808,0.2469472
0.2192627,0.22130957
0.20094237,0.22800463
0.26549307,0.26710144
0.17342499,0.18226859
0.20074409,0.20917471
0.200447,0.20372663
0.26927966,0.24989612
0.24974163,0.2569982
0.26310715,0.26578546
0.33950227,0.34251714
0.28459638,0.30254465
0.2866907,0.29557428
0.2286548,0.23844135
0.2176398,0.23443167
0.3005378,0.30148417
0.29546392,0.30471778
0.24253827,0.28886184
0.25382903,0.28426975
0.23393264,0.25919095
0.25216135,0.26445323
0.30390474,0.3023739
0.28673857,0.29368636
0.18739681,0.20796819
0.19262479,0.20619877
0.2336213,0.2444624
0.1850179,0.19835423
0.2218761,0.25540406
0.22918676,0.24485807
0.22772689,0.2499651
0.23420519,0.24464625
0.2336213,0.2444624
0.21723896,0.23715022
0.22748403,0.24032715
0.20333382,0.2280905
0.21954374,0.23038346
0.2775548,0.27616966
0.26426494,0.2808811
0.2690885,0.27880028
0.29651934,0.2954124
0.26386523,0.2824361
0.25327817,0.25072843
0.23082893,0.23857367
0.23743814,0.23464674
0.24408317,0.24302867
0.26710597,0.2560182
0.27343097,0.27555823
0.25992754,0.26129973
0.27569416,0.2711792
0.23725742,0.25383815
0.29310724,0.29946846
0.29261762,0.2995006
0.29814368,0.30813873
0.3061263,0.3008986
0.2925548,0.30721357
0.27243504,0.2947617
0.30743492,0.29841164
0.293051,0.30447263
0.27829674,0.2935208
0.31171426,0.30932686
0.30063403,0.31502265
0.28289953,0.30472142
0.26088274,0.27661243
0.2696721,0.27360383
0.27549756,0.28208038
0.2861386,0.3032127
0.2951184,0.2937899
0.31036216,0.30676425
0.29342356,0.29144534
0.28341112,0.2855422
0.30323607,0.30062068
0.31580183,0.31332374
0.27711326,0.29520383
0.265613,0.27133036
0.22811142,0.2137246
0.22875273,0.22067766
0.20486829,0.1993958
0.24113737,0.20818175
0.19843061,0.21136162
0.23497677,0.21571356
0.25384992,0.25275087
0.26522365,0.2626985
0.3585811,0.3680669
0.2712693,0.26662117
0.37462467,0.3790277
0.29407096,0.2889024
0.23868573,0.27318624
0.24768957,0.2407578
0.22791713,0.25575396
0.2594409,0.2528495
0.25662255,0.2595193
0.2188503,0.23043543
0.23433325,0.26125446
0.23783384,0.22681068
0.23650227,0.2578925
0.2540945,0.26739568
0.29235473,0.31419665
0.29127136,0.32315278
0.21176961,0.23687357
0.21379504,0.22874767
0.21990347,0.25494474
0.2330684,0.25409237
0.20557156,0.20857662
0.24625975,0.26005587
0.22030295,0.21708074
0.2334455,0.225811
0.25539386,0.28775144
0.26735908,0.2849219
0.26606363,0.2468065
0.221443,0.2411434
0.30008033,0.29454058
0.26692432,0.2987656
0.2990714,0.30741522
0.2597304,0.29862362
0.19683826,0.18426175
0.16653576,0.19047791
0.19208618,0.19440135
0.19832519,0.20407799
0.27713186,0.2846669
0.27367955,0.2742749
0.2754368,0.28576863
0.27453226,0.27458054
0.28079796,0.28981328
0.27780482,0.27815214
0.26461858,0.25731188
0.26290995,0.26698405
0.2539739,0.24581178
0.2557551,0.26019302
0.26016805,0.25367796
0.26661265,0.2656091
0.27192777,0.2722085
0.2539677,0.25992686
0.15733032,0.16915178
0.21299185,0.23908359
0.21379179,0.2292029
0.21235237,0.2319872
0.22298475,0.22643198
0.26934224,0.27558234
0.26756632,0.30069625
0.2804873,0.28340733
0.2246671,0.23227163
0.24039975,0.21546753
0.19619223,0.20210491
0.19170995,0.20249157
0.22747377,0.23740992
0.23456353,0.25663093
0.25559425,0.2822518
0.24750212,0.2777314
0.24029444,0.25026035
0.2619192,0.2779017
0.24909367,0.2726741
0.21491651,0.22953862
0.20064023,0.22117083
0.22915977,0.25550616
0.21649902,0.24768747
0.23239164,0.26399267
0.21893173,0.2558521
0.22992566,0.23805639
0.2522774,0.26689976
0.23778173,0.2679276
0.18192059,0.16294101
0.17777944,0.18101999
0.16865541,0.18076152
0.19789355,0.21222708
0.15581727,0.15726033
0.16158934,0.16110998
0.17583442,0.1904418
0.21113876,0.21468484
0.31823212,0.32738385
0.29425025,0.3224512
0.27147597,0.2796936
0.24369135,0.27286845
0.24090353,0.24585582
0.21723033,0.24088952
0.23061737,0.23891218
0.16511342,0.1857095
0.16083278,0.1720238
0.16764413,0.19559146
0.18330993,0.1737254
0.20022565,0.18163025
0.25401103,0.26158231
0.2555454,0.25200874
0.25140637,0.26965317
0.24774593,0.2616279
0.25458694,0.24968296
0.2318602,0.23866776
0.22420406,0.23584762
0.22887044,0.2287525
0.24213621,0.25636166
0.25295419,0.2591021
0.25784063,0.25008994
0.15973406,0.17893866
0.15772355,0.16147995
0.18982674,0.20498353
0.17229035,0.19025606
0.16625538,0.19241138
0.19605069,0.22357321
0.24021992,0.25489274
0.20258678,0.18958513
0.27782384,0.2611677
0.28087008,0.27321422
0.22588928,0.25432986
0.15699925,0.13885656
0.14413872,0.16918026
0.14510213,0.18140468
0.17605515,0.17320597
0.15145376,0.17227286
0.16203035,0.1390437
0.18539906,0.19119106
0.2133025,0.18047167
0.1633905,0.17010412
0.26094925,0.26128697
0.28825426,0.2653661
0.14321175,0.16794266
0.1889354,0.16853556
0.29421732,0.30075735
0.21111163,0.23384538
0.20586675,0.21409293
0.20391057,0.22331929
0.1608069,0.15474826
0.16636099,0.16005751
0.30065817,0.30148727
0.3115565,0.2980649
0.28918833,0.29666793
0.31036827,0.30883223
0.21255608,0.22271368
0.23824684,0.23561597
0.20088159,0.24605258
0.2638331,0.2778194
0.2566263,0.30012882
0.23160444,0.22828148
0.24559113,0.25248057
0.251519,0.24609661
0.26486045,0.26517022
0.22755602,0.20686366
0.24475342,0.23788933
0.23633626,0.2274266
0.24679054,0.23642825
0.20914309,0.19452766
0.23801681,0.2335417
0.287269,0.2763391
0.250427,0.25935984
0.26274347,0.25445086
0.18901217,0.18707462
0.21216029,0.22915599
0.26413095,0.27427715
0.23432456,0.24968268
0.3086242,0.30805257
0.2689051,0.27990818
0.28603694,0.29883125
0.30990124,0.3094254
0.21352744,0.23976716
0.22579704,0.2472172
0.20613147,0.23433419
0.22476776,0.22872049
0.28686795,0.29590726
0.23938103,0.23816004
0.28491628,0.25760445
0.26982266,0.24675576
0.26050773,0.24099296
0.24142066,0.23673296
0.27589238,0.28585583
0.26272753,0.27642974
0.26431584,0.28361663
0.2392357,0.24058121
0.2041218,0.21270859
0.20420733,0.20259601
0.1991896,0.20222905
0.196204,0.18840137
0.18559393,0.18145329
0.15058264,0.1457747
0.14030746,0.15228407
0.27293688,0.26956227
0.285129,0.2923063
0.27229813,0.27667946
0.28633365,0.29387906
0.2595541,0.25121045
0.22820729,0.23257054
0.240857,0.2558513
0.18204187,0.21569017
0.20249201,0.21881184
0.1906754,0.20518926
0.2514943,0.24169007
0.24934107,0.24784318
0.23057808,0.24161583
0.17223354,0.15085395
0.21112733,0.21438769
0.21106428,0.21426508
0.21379185,0.2168457
0.2214767,0.22884178
0.26708966,0.27236697
0.26210183,0.27427787
0.2681277,0.27523887
0.26948464,0.27298072
0.26812398,0.27521956
0.27313963,0.27521247
0.2560756,0.2561435
0.26923934,0.27702272
0.26898432,0.27817926
0.28332967,0.2877938
0.27094403,0.2803042
0.2737042,0.2806255
0.2902392,0.28975588
0.17885539,0.19870502
0.1932579,0.22437873
0.18331145,0.19504508
0.18935345,0.21316727
0.20434561,0.24268559
0.19260216,0.20786065
0.26270884,0.25346652
0.24952175,0.25564343
0.24527562,0.24971032
0.22832523,0.23053542
0.24867944,0.25612298
0.23346189,0.23901193
0.26270884,0.25346652
0.24952175,0.25564343
0.1437888,0.19669035
0.17786774,0.22219184
0.1655175,0.19297682
0.16546069,0.20463765
0.20000415,0.23291084
0.18461679,0.19990832
0.27051735,0.27152202
0.2599202,0.26274946
0.27677003,0.2751997
0.2654792,0.2661448
0.2795884,0.27689105
0.2642257,0.2649825
0.2258925,0.25751868
0.24973994,0.2752511
0.23538806,0.25483674
0.23253387,0.26339647
0.25822932,0.2799229
0.24093622,0.25637537
0.2433231,0.26873803
0.2662121,0.28258872
0.2517448,0.26061642
0.26523942,0.26402518
0.27122647,0.2697937
0.2744521,0.27529526
0.2509923,0.2600388
0.2562605,0.2618718
0.25627944,0.262866
0.22824904,0.24974018
0.25441524,0.26909125
0.2436793,0.2558247
0.21634908,0.23891516
0.24764836,0.26175687
0.23294148,0.24433023
0.22973804,0.26163062
0.2521318,0.27814135
0.23783767,0.258424
0.23425603,0.26424068
0.2582726,0.2797808
0.2409029,0.2563559
0.24511057,0.26935586
0.26627055,0.28255343
0.25181532,0.2609172
0.19465038,0.23482461
0.21160145,0.23116574
0.19640486,0.23805937
0.20834734,0.22684826
0.18976198,0.23407756
0.20993795,0.22506094
0.19894761,0.23211542
0.21203813,0.22366555
0.21498333,0.22646081
0.23171133,0.21845625
0.21041761,0.217832
0.22340164,0.21010125
0.17713168,0.21834308
0.19848217,0.218743
0.16819146,0.20561591
0.19640613,0.20896143
0.22527507,0.2639579
0.23182803,0.2691916
0.19322507,0.24026436
0.22726521,0.2429966
0.1972436,0.21219257
0.2051602,0.20824608
0.20289318,0.21937478
0.2559743,0.2459926
0.2327383,0.2528082
0.22930442,0.23176776
0.20936954,0.25721183
0.19824325,0.20227848
0.2538361,0.24390413
0.2342425,0.23984942
0.23256734,0.2420457
0.23908068,0.29662836
0.25839168,0.25648206
0.2941484,0.3052
0.26526606,0.30111036
0.20744732,0.22332421
0.20189469,0.2329361
0.27702856,0.28442246
0.24841806,0.2920886
0.25422856,0.26732045
0.21573514,0.27338797
0.22913015,0.22695154
0.2248336,0.22329733
0.18249024,0.205395
0.18717659,0.21526526
0.17723072,0.19402215
0.19421715,0.2294725
0.2037737,0.23514384
0.21635534,0.2474959
0.20085153,0.2103354
0.2407029,0.26670733
0.24194567,0.21734294
0.23503682,0.24856278
0.24162747,0.2560879
0.22861834,0.2466654
0.23769704,0.24746868
0.24185455,0.21669592
0.24283963,0.21205056
0.24681363,0.21910572
0.25682998,0.22118491
0.23079309,0.24745466
0.25676912,0.2685554
0.25676912,0.2685554
0.26228172,0.27923292
0.23849918,0.2745018
0.26097828,0.2864675
0.25314328,0.26546362
0.258084,0.25526503
0.26484963,0.25913095
0.26046592,0.25738525
0.276105,0.30317307
0.26195002,0.29243207
0.27876386,0.3001008
0.27965456,0.2977437
0.26649156,0.2877519
0.27585405,0.293265
0.28805444,0.30183426
0.27270967,0.29758713
0.28343272,0.30731305
0.18533474,0.20593563
0.15898338,0.22562575
0.19590612,0.2040394
0.17049888,0.2258164
0.19674177,0.21531224
0.21597847,0.21353285
0.21134311,0.21879771
0.2406533,0.25849375
0.17466062,0.21193233
0.19544113,0.21750514
0.15940711,0.2430885
0.17409422,0.24598601
0.17895582,0.2359877
0.19411433,0.23440944
0.12040904,0.12548697
0.1423232,0.16387644
0.16028813,0.14405714
0.16572087,0.17300108
0.19784811,0.1982591
0.14773563,0.14636041
0.2274497,0.23497324
0.22170603,0.21870533
0.2436357,0.23618272
0.23597558,0.23522094
0.14355718,0.15805934
0.13894661,0.15282622
0.20046538,0.20289136
0.24507503,0.23303819
0.23633924,0.23051742
0.2693009,0.26136702
0.19056123,0.20779052
0.18155338,0.18420811
0.22733906,0.22294025
0.21063222,0.2060552
0.23536126,0.24168363
0.22870046,0.22573343
0.21456805,0.22441277
0.21663268,0.22123578
0.28384036,0.2761586
0.28064442,0.28817868
0.2730575,0.2785315
0.29665026,0.28915632
0.30285358,0.28186265
0.19192052,0.23193029
0.18328288,0.21720017
0.18439597,0.20421356
0.25193205,0.24770054
0.13906808,0.1842532
0.1852588,0.1708699
0.20820168,0.21385828
0.18350008,0.20217492
0.1867279,0.19405253
0.13976656,0.16283926
0.16295113,0.1739809
0.14229538,0.17666188
0.23437451,0.25605798
0.1605709,0.17941605
0.17066269,0.17862721
0.20574205,0.24682355
0.22631283,0.2445609
0.23086782,0.25297958
0.20617633,0.20897923
0.23517439,0.25608382
0.22636017,0.2508663
0.25409123,0.2559917
0.23675695,0.25294995
0.25818875,0.24251
0.22595423,0.2538971
0.3009734,0.3066703
0.27983415,0.27535963
0.26152146,0.28735292
0.30318728,0.29258075
0.29267162,0.29913107
0.17356707,0.14922331
0.22013526,0.19498608
0.20519146,0.19918057
0.19259706,0.19112764
0.2006864,0.20690364
0.18111894,0.19654164
0.24088576,0.219304
0.25185373,0.24923398
0.26399085,0.2533678
0.27644062,0.26728466
0.24924472,0.25044736
0.2108417,0.20788617
0.19501509,0.23251927
0.18460998,0.21439621
0.18203126,0.1899546
0.17522746,0.18379726
0.19603546,0.22265321
0.1903247,0.2024577
0.16941547,0.16704223
0.28610393,0.2842417
0.28061274,0.27732882
0.2231299,0.23314331
0.264725,0.26099777
0.25853267,0.25778183
0.25636375,0.24890889
0.25357586,0.24915063
0.19657652,0.19685385
0.1903142,0.19218102
0.257065,0.26029456
0.25766867,0.2685461
0.25538024,0.2655479
0.23550162,0.23586915
0.22927688,0.22566998
0.19699362,0.21072936
0.21583256,0.21293278
0.19330893,0.20790869
0.21322171,0.21150513
0.20392331,0.19551358
0.18592288,0.18155432
0.2210608,0.22697067
0.1918779,0.1997519
0.21048237,0.22252992
0.18191217,0.19447656
0.1965101,0.18726479
0.16687724,0.16557601
0.23908272,0.26335314
0.24431196,0.2550953
0.16852134,0.19461243
0.1717529,0.18105562
0.18648817,0.21618667
0.22016753,0.23373035
0.18381453,0.19483365
0.21168207,0.21001576
0.27154255,0.2636109
0.2985562,0.28818765
0.30572492,0.30424756
0.22351657,0.21678585
0.19723704,0.18556584
0.26060814,0.26465994
0.23717886,0.23963708
0.26062387,0.25982988
0.2368614,0.23331441
0.2904296,0.27072805
0.27448046,0.26549876
0.20964259,0.21629766
0.23164314,0.23002349
0.18733725,0.18408667
0.30719823,0.28799054
0.23705633,0.24306172
0.22422749,0.25316638
0.23363578,0.24239993
0.2383609,0.24222931
0.23697004,0.24615306
0.23310737,0.24177149
0.24850483,0.24195671
0.16741978,0.18910895
0.17522001,0.18836069
0.16328818,0.19815114
0.17983007,0.20936391
0.2005817,0.20946771
0.19789396,0.21664271
0.23078337,0.20357005
0.2367386,0.22677195
0.14246231,0.17724228
0.15533707,0.19170609
0.16085273,0.19698533
0.15145317,0.17424887
0.15411209,0.17171024
0.13580768,0.1503256
0.16643551,0.17557439
0.13374642,0.16334972
0.24461243,0.291169
0.24037099,0.2854703
0.22791253,0.23795879
0.22981471,0.23184034
0.26688817,0.2794234
0.27046806,0.27982187
0.16270496,0.15871543
0.18859391,0.21328175
0.17695339,0.19215512
0.21182892,0.21347369
0.21875702,0.20539348
0.21633488,0.20568526
0.20733795,0.21214798
0.21457477,0.21863525
0.21646589,0.2071207
0.21608996,0.21553205
0.19735062,0.20430438
0.18798049,0.20502861
0.28457665,0.28628987
0.27079833,0.28363168
0.29345104,0.28520495
0.27939147,0.27926236
0.29579026,0.28867525
0.27613676,0.27993208
0.24716312,0.26449087
0.22830962,0.24813893
0.25793272,0.25260344
0.2358294,0.23761718
0.2685991,0.27280444
0.23795906,0.24852943
0.25456116,0.2522462
0.23373574,0.23433585
0.28773367,0.2975065
0.2868961,0.28726196
0.2474226,0.2660728
0.23023655,0.25016353
0.25069353,0.26847887
0.23329353,0.253326
0.26907673,0.27456802
0.2405697,0.25109166
0.25459597,0.25380412
0.2354414,0.23644352
0.24982727,0.26142466
0.226163,0.24719237
0.24945459,0.23669972
0.22445111,0.22189975
0.26188898,0.2571953
0.23153543,0.2407155
0.21168238,0.22228244
0.2363468,0.23497929
0.22547486,0.22732034
0.30106091,0.30108514
0.3013939,0.3023173
0.29485142,0.29082257
0.2971683,0.29401737
0.21077906,0.20449734
0.20925948,0.22102189
0.23677975,0.24914289
0.21235903,0.21815109
0.22686814,0.22792175
0.1995707,0.22894843
0.19923082,0.22905298
0.21390985,0.23484036
0.17299482,0.22331336
0.17536809,0.25022736
0.22043554,0.26107228
0.16124475,0.18778506
0.15552832,0.18108252
0.14928164,0.16204967
0.19057469,0.21053083
0.23480411,0.25093517
0.19470717,0.20338964
0.22418094,0.24176289
0.18691918,0.18864314
0.22444923,0.22999099
0.12374058,0.17811303
0.15603891,0.20266892
0.22099006,0.24240214
0.1969719,0.20503733
0.18767789,0.1901617
0.17944664,0.19410469
0.17992333,0.20511797
0.16801132,0.19258784
0.18500255,0.20948537
0.17874824,0.19586644
0.1889879,0.21327862
0.18225074,0.20270078
0.22438094,0.2236942
0.22203177,0.22864309
0.21320808,0.21990377
0.21158344,0.22359021
0.22153258,0.22977315
0.22049671,0.2353176
0.22903863,0.22583067
0.22652724,0.23113419
0.2507543,0.2338965
0.24509263,0.22646841
0.25141728,0.24582234
0.25569883,0.2370879
0.2285675,0.2298117
0.22766334,0.2352531
0.23178935,0.21974203
0.17773402,0.19277419
0.18322682,0.19180703
0.23559378,0.24262811
0.21190116,0.22360362
0.17315987,0.20053196
0.22534141,0.23910707
0.21853681,0.23686929
0.17985019,0.24509837
0.23165643,0.26364875
0.21174936,0.27365822
0.2593261,0.29240754
0.2620489,0.26560953
0.26104546,0.26865003
0.26887518,0.3094145
0.27028847,0.305364
0.2634692,0.26686782
0.25983566,0.2669479
0.24763688,0.2449705
0.24792083,0.24923354
0.26887518,0.3094145
0.27028847,0.305364
0.2300223,0.23817849
0.2713279,0.26352486
0.21542664,0.204132
0.18984282,0.18779069
0.23198241,0.22277826
0.20402221,0.20945042
0.21223195,0.24062747
0.23328981,0.24408147
0.2217975,0.20730802
0.24464619,0.25021255
0.18589717,0.20082347
0.18471503,0.21493085
0.1731986,0.17951463
0.21477853,0.2221368
0.17364489,0.20532236
0.18430622,0.22345166
0.17675197,0.22049324
0.1918985,0.23577808
0.17571904,0.18592176
0.19120745,0.20421755
0.1979736,0.21558371
0.21690948,0.23182191
0.19646768,0.20027384
0.20067129,0.20692894
0.21707511,0.21837178
0.18261623,0.20505074
0.19068192,0.18902105
0.20526354,0.21524002
0.20065154,0.22634116
0.22308393,0.23188975
0.20553957,0.22285375
0.19216336,0.20968142
0.20749217,0.21742883
0.19983953,0.21886505
0.20202935,0.2358777
0.20322227,0.23908693
0.2224975,0.2434896
0.22926027,0.24970087
0.20076302,0.22858956
0.20577148,0.23009574
0.19193278,0.21588106
0.192336,0.21725407
0.21271873,0.21465251
0.21955988,0.216852
0.22617617,0.22651654
0.18897831,0.20779705
0.20067376,0.19495705
0.22287071,0.23110974
0.20821378,0.23267189
0.2301709,0.24097206
0.21045263,0.22049986
0.19744256,0.21503817
0.21251982,0.21451235
0.19100398,0.20526777
0.21610628,0.24665795
0.20415628,0.24096684
0.23699954,0.2558627
0.23109357,0.2529535
0.21087544,0.22571605
0.20293504,0.21716118
0.19978169,0.21838608
0.18728133,0.20914814
0.17612144,0.19546437
0.16768435,0.15496764
0.1891921,0.19675931
0.17716281,0.21736157
0.16424164,0.17418125
0.20291619,0.2143296
0.21531713,0.24328583
0.20807333,0.2528333
0.20481734,0.19872177
0.19788125,0.2093124
0.23772281,0.24158871
0.23647697,0.25033265
0.20539461,0.20459503
0.23108038,0.23598808
0.22024813,0.22030386
0.30261296,0.3059297
0.29827952,0.31642076
0.20022452,0.19890368
0.31424522,0.33078223
0.31023076,0.32582527
0.20326856,0.21940681
0.20844819,0.20519626
0.17586443,0.22860003
0.1359213,0.19397685
0.17164335,0.174654
0.2647338,0.2635928
0.23351608,0.24344172
0.24538615,0.24080831
0.2581124,0.24229023
0.22841379,0.23714012
0.2518114,0.24533544
0.21560854,0.22191282
0.2286312,0.22135413
0.24495946,0.22203045
0.21171175,0.2186254
0.23351608,0.24344172
0.24538615,0.24080831
0.2581124,0.24229023
0.24072999,0.23356014
0.23166731,0.24734771
0.21560854,0.22191282
0.2286312,0.22135413
0.24495946,0.22203045
0.2204854,0.21398981
0.2210552,0.23282218
0.14564799,0.16175245
0.23116954,0.23005101
0.3055007,0.30701244
0.30780154,0.33065513
0.31048316,0.31283882
0.2032079,0.24476075
0.21656811,0.2332468
0.22666934,0.24088939
0.21357013,0.25306305
0.2141971,0.23753034
0.23230866,0.2103905
0.22407362,0.23526578
0.22157665,0.22886616
0.17825264,0.16846429
0.26225466,0.26585948
0.27197713,0.2688264
0.26902238,0.26836872
0.26994598,0.27356598
0.28025773,0.27607614
0.27767265,0.27728632
0.24873403,0.2734142
0.2555011,0.27196586
0.25250283,0.2745674
0.21292959,0.20294516
0.20960087,0.21131825
0.2064223,0.21192902
0.22270904,0.23808974
0.23229271,0.23927936
0.17941143,0.2068702
0.1996153,0.20647588
0.20508903,0.2066906
0.18688956,0.2228711
0.20963417,0.22325031
0.21568884,0.22437535
0.18936287,0.17877024
0.26791355,0.24737692
0.2442268,0.23458393
0.25183672,0.2445146
0.17910156,0.17573558
0.17821983,0.17346722
0.18154182,0.17534298
0.22547123,0.22605951
0.2176427,0.22327729
0.21806179,0.2187689
0.22049147,0.21100801
0.23600283,0.28084928
0.2593819,0.28687757
0.2599927,0.32430714
0.28103766,0.32411426
0.2507761,0.2947483
0.2769638,0.29653922
0.18921125,0.18777402
0.19789414,0.18405406
0.21479294,0.26098406
0.23910189,0.2665852
0.23510335,0.26525635
0.25249475,0.26867518
0.21278337,0.21240744
0.18125995,0.18641047
0.1540255,0.20822513
0.17556053,0.18432924
0.2108562,0.20557265
0.25247574,0.25358957
0.2346577,0.24623697
0.19346537,0.22022583
0.22746311,0.21836054
0.24695778,0.23796329
0.20699994,0.20394775
0.24981977,0.22291267
0.2994094,0.31122947
0.3000251,0.29968828
0.31561965,0.30844703
0.29227453,0.3079909
0.29636937,0.2941876
0.29629034,0.2844375
0.31459326,0.29211178
0.2863723,0.28798953
0.29351372,0.320733
0.29703617,0.30590838
0.31147745,0.30870277
0.2872362,0.31008935
0.29408765,0.31440306
0.29723486,0.30312023
0.31236762,0.3040725
0.2890827,0.30493477
0.29627666,0.29996827
0.3022238,0.28530765
0.31792337,0.29501885
0.29419553,0.2909923
0.24796046,0.25536957
0.16626656,0.17864504
0.16146694,0.19248423
0.13171627,0.15550292
0.14003907,0.14492597
0.24392733,0.24835443
0.2522357,0.22406772
0.25272384,0.23000121
0.2363825,0.23898181
0.26121372,0.26904437
0.26548862,0.25893503
0.27052462,0.2661127
0.25044262,0.25647938
0.23372404,0.24539112
0.22434576,0.24625057
0.21719432,0.19759686
0.21153289,0.20922862
0.19529559,0.20399213
0.287543,0.28525496
0.24315348,0.26046264
0.20738514,0.22933854
0.23242742,0.2339487
0.21138899,0.21457708
0.20242192,0.22619067
0.21503942,0.23342411
0.22075517,0.23570819
0.20730743,0.2234887
0.1982807,0.23903435
0.24012716,0.25323135
0.23116738,0.25408876
0.23046258,0.26609746
0.22839662,0.27258
0.2652279,0.25281048
0.24330601,0.2208521
0.2011034,0.21392255
0.18963636,0.19910385
0.23808327,0.24226153
0.21940017,0.24145167
0.2568978,0.24352339
0.21546307,0.22132671
0.27496505,0.27218738
0.27595654,0.2985171
0.18401514,0.21064097
0.21802042,0.21526293
0.2904866,0.29766285
0.21542194,0.21471512
0.29252493,0.2932956
0.28748927,0.27231595
0.20898934,0.20211726
0.21850249,0.2056762
0.300991,0.3013987
0.30392325,0.3120715
0.24867277,0.25829998
0.20140104,0.23068103
0.20767687,0.22697714
0.24964017,0.24564776
0.23018636,0.25693136
0.23733878,0.2563663
0.23907106,0.2720055
0.25073183,0.2712304
0.20432737,0.20018792
0.19241321,0.21279743
0.22239797,0.22694471
0.23389317,0.23577231
0.216232,0.2269465
0.18897767,0.2117638
0.18466236,0.20651929
0.26219878,0.2565229
0.2587454,0.25878894
0.25907224,0.25450554
0.27197653,0.27727085
0.26809785,0.27383667
0.26499286,0.26921293
0.18575148,0.20258279
0.18693337,0.21650027
0.18506406,0.22374111
0.17629457,0.23104815
0.17349122,0.2071149
0.17257926,0.21660839
0.1723341,0.21093601
0.16656886,0.21486479
0.18995707,0.18266964
0.18748948,0.18560833
0.30011013,0.31656295
0.30904156,0.32130057
0.3107826,0.32956117
0.26499507,0.27690303
0.26636395,0.2841434
0.27101067,0.29164013
0.25356328,0.26712555
0.2714627,0.27456105
0.26990566,0.28287494
0.17842859,0.18990588
0.25959045,0.2707724
0.25866175,0.27046362
0.25269327,0.2660754
0.2486748,0.25978187
0.24524392,0.25993964
0.24512435,0.25532874
0.26077724,0.26785147
0.25940025,0.26674083
0.25594682,0.2643389
0.26063484,0.2843949
0.26112777,0.28399384
0.25925612,0.2783059
0.25850147,0.26901352
0.25723872,0.2684077
0.25517446,0.26260287
0.27023113,0.29210627
0.26838416,0.29238063
0.2692219,0.2887382
0.26068178,0.26875538
0.25848094,0.2709454
0.2588501,0.26715368
0.22823887,0.23713064
0.22801591,0.23911071
0.23350888,0.24155565
0.23680553,0.25170055
0.23185901,0.24221541
0.23460305,0.2543054
0.23554395,0.25071627
0.21683343,0.24006903
0.21408199,0.23314022
0.2115837,0.22749737
0.1824045,0.1996898
0.198845,0.20983583
0.2118454,0.20869821
0.2010501,0.19681123
0.15920426,0.16946566
0.16565141,0.17666219
0.16071752,0.16625689
0.16415173,0.1734284
0.25543034,0.28127933
0.2557761,0.27075547
0.2369223,0.2602227
0.24205548,0.25206417
0.23775737,0.2523362
0.16734047,0.18516135
0.19327681,0.19845742
0.16751808,0.18315832
0.19516507,0.19259977
0.16554575,0.18966216
0.18701705,0.20506918
0.17353207,0.17516276
0.19547589,0.19585279
0.29188788,0.29975283
0.29317716,0.2802583
0.2873905,0.27687848
0.28081155,0.27444988
0.1987369,0.2006434
0.22251332,0.23534639
0.18234544,0.19625062
0.22870247,0.24403411
0.23734352,0.23911852
0.2193734,0.23608783
0.21378022,0.23705882
0.22641054,0.23125686
0.20170653,0.22809233
0.21058635,0.22210398
0.20116268,0.22108266
0.23291287,0.2392314
0.22680794,0.2417697
0.22853777,0.22855303
0.28814384,0.2849694
0.26822454,0.28867418
0.2675251,0.2835943
0.24014395,0.27265307
0.28780487,0.29327816
0.26960298,0.29284385
0.27007902,0.28297457
0.24811652,0.2824292
0.2640448,0.27827537
0.27368614,0.2907627
0.17740744,0.1756259
0.18681991,0.18160596
0.19343445,0.19268826
0.19797225,0.19581093
0.22066681,0.23301493
0.23511297,0.23363467
0.24048199,0.23502582
0.25348,0.27809012
0.19720577,0.1977649
0.22748037,0.21560667
0.16619457,0.16776973
0.17340434,0.18303128
0.1711632,0.15654187
0.17650431,0.17234431
0.22390084,0.21733233
0.21963373,0.22780892
0.23254555,0.23773898
0.24219084,0.23716608
0.2503356,0.25231543
0.26108164,0.2556532
0.25644827,0.26820466
0.23739567,0.25766698
0.2447066,0.25827023
0.23929189,0.25493354
0.27050328,0.27182958
0.20487778,0.23220776
0.20627004,0.24111506
0.25363237,0.250353
0.18123004,0.17621382
0.189581,0.17156082
0.25589296,0.26045504
0.2701662,0.27202395
0.24566212,0.22620857
0.21931073,0.22992066
0.26480016,0.26382178
0.25975204,0.2660619
0.21094008,0.21808209
0.20669726,0.21705066
0.27917302,0.28587735
0.29185587,0.2941661
0.1912052,0.19325557
0.28678983,0.28333426
0.2817539,0.2712925
0.27271515,0.27023482
0.26341403,0.25388873
0.24594648,0.26002777
0.22473323,0.22871767
0.2125697,0.210267
0.20525104,0.2104097
0.19394046,0.2138545
0.21143703,0.21750814
0.3293504,0.34616077
0.24606512,0.27147695
0.2520865,0.27652484
0.23418576,0.25254583
0.25479484,0.25638917
0.24857858,0.2507921
0.26901656,0.26690573
0.26256275,0.26307905
0.23719779,0.23433883
0.23344603,0.23219787
0.23919773,0.24430424
0.23760599,0.24778606
0.15896472,0.20335586
0.18981707,0.21970405
0.19656938,0.21666245
0.28230166,0.33788228
0.20988454,0.2089184
0.21691085,0.23354933
0.1813802,0.1900736
0.24177144,0.24614972
0.22091708,0.21748027
0.27653468,0.27613986
0.28882563,0.27025798
0.29759067,0.2588073
0.27148607,0.26826182
0.22058539,0.24550226
0.22465037,0.27741
0.2770324,0.25422835
0.21880138,0.22298849
0.2229936,0.2601916
0.28459778,0.26660955
0.22476414,0.23096192
0.23039678,0.26815075
0.22056796,0.2661687
0.21805713,0.2661704
0.2050826,0.24875256
0.20566913,0.25041035
0.22310366,0.24223252
0.22096507,0.24293694
0.19411281,0.21827625
0.1746911,0.2232039
0.19169542,0.20020142
0.1730579,0.20845123
0.19792879,0.19647571
0.1797725,0.1969587
0.28537372,0.3024218
0.29055592,0.30592734
0.2547917,0.23688744
0.2529698,0.24129382
0.26382434,0.28036517
0.2697128,0.279974
0.24558893,0.26783884
0.24756442,0.26541337
0.26973486,0.29527348
0.27465808,0.2932001
0.2151578,0.2286139
0.21883498,0.23389238
0.21157387,0.22770423
0.21465217,0.22692555
0.2210938,0.23588224
0.21842769,0.2370846
0.23949945,0.24701354
0.24141873,0.26894432
0.24535203,0.2487442
0.25101355,0.2682638
0.2831218,0.29929066
0.28070092,0.30503577
0.26365474,0.27227205
0.29037938,0.29848927
0.284266,0.30435556
0.27910185,0.2975738
0.24666686,0.24618077
0.18179639,0.16721997
0.16650026,0.15063229
0.19526367,0.21438047
0.19490826,0.21932012
0.24116875,0.26882532
0.24928282,0.2884891
0.26767352,0.30304158
0.21444172,0.250162
0.23095056,0.24723834
0.22535408,0.2521404
0.25621247,0.29493454
0.23021907,0.25623822
0.25366583,0.28786647
0.22795364,0.2597673
0.26569593,0.30679685
0.23627594,0.26804453
0.23665297,0.2591731
0.29976177,0.28469583
0.25626338,0.28117037
0.25810817,0.25757053
0.24146391,0.24368432
0.2038444,0.20933497
0.21323079,0.21026178
0.21464048,0.24172854
0.2169538,0.23980564
0.26287204,0.25296676
0.2409296,0.25205183
0.27592817,0.27557713
0.26117274,0.2731193
0.24879679,0.24073172
0.2624578,0.2528838
0.2606883,0.27082416
0.26078802,0.2644206
0.2544589,0.26871935
0.25296187,0.2606764
0.19190994,0.18482077
0.19015482,0.19067067
0.2795314,0.2880685
0.27521503,0.27733415
0.2352325,0.24089804
0.23100786,0.24739563
0.23641723,0.24778111
0.2789629,0.28775886
0.2583493,0.27366546
0.2569802,0.2891917
0.28115636,0.28655633
0.25714427,0.27429035
0.26318225,0.29098216
0.27117354,0.29560724
0.25063616,0.28254652
0.25323477,0.2973675
0.27049065,0.28246897
0.24582212,0.26383525
0.24472645,0.2875808
0.2767038,0.28098723
0.2484584,0.2571774
0.21798241,0.25014773
0.27097106,0.26978436
0.26487064,0.27232426
0.2017555,0.21465749
0.25565332,0.20782267
0.19668439,0.20917997
0.24877866,0.2303158
0.19455339,0.22804403
0.30030772,0.29169902
0.21445028,0.22123495
0.22881845,0.24103487
0.24718454,0.24673775
0.30434844,0.3132468
0.29177716,0.2954048
0.27199888,0.28219864
0.29456308,0.310153
0.27976984,0.29854316
0.22126059,0.22982298
0.23260933,0.22607009
0.22881997,0.23793209
0.21451423,0.23096384
0.20612888,0.2249312
0.1954459,0.21643333
0.28063846,0.30408233
0.2626024,0.28520417
0.2669901,0.28765416
0.24488665,0.26928413
0.2646847,0.28386366
0.24264985,0.26358575
0.22172225,0.23579264
0.2610987,0.24907775
0.17481205,0.18381235
0.22420917,0.22713727
0.19980043,0.20746076
0.2301037,0.25135326
0.24134052,0.24299966
0.28804278,0.29053605
0.20940715,0.24454828
0.21842052,0.24965605
0.22308959,0.26001662
0.2285532,0.25875008
0.2667999,0.31191045
0.27572232,0.30545488
0.28660318,0.31712395
0.28754213,0.3183902
0.21068324,0.2552328
0.1756818,0.22479276
0.22599328,0.25936374
0.194648,0.22770998
0.22232135,0.26262352
0.1925882,0.23087308
0.22807021,0.263667
0.19540992,0.23571584
0.25733903,0.26647827
0.1901143,0.19362278
0.17253043,0.17640333
0.24094562,0.24435467
0.22613123,0.22257806
0.18804908,0.18852635
0.20794731,0.22253883
0.2281363,0.22506765
0.24251631,0.25099212
0.18522318,0.1779713
0.28894603,0.28551045
0.2713777,0.26984778
0.19268945,0.22280236
0.20919876,0.23021445
0.21239315,0.24340698
0.23223567,0.22488244
0.23609298,0.23354115
0.2506329,0.24761721
0.2536902,0.24739537
0.24269685,0.2452499
0.28073907,0.3072475
0.26875094,0.27642137
0.25142658,0.27982005
0.25247088,0.27184916
0.2944057,0.30609563
0.2817304,0.2819752
0.26097184,0.2854386
0.2594089,0.26950803
0.30747414,0.32094243
0.28693205,0.29300255
0.2709301,0.2938848
0.27479815,0.29058364
0.28831998,0.31603467
0.27036384,0.28402588
0.2534747,0.29044384
0.24819446,0.27284828
0.21709327,0.25069547
0.21372642,0.25090516
0.22834161,0.263753
0.22002982,0.2627959
0.20259672,0.23161106
0.21102439,0.2396038
0.23305055,0.25001726
0.2129741,0.24564493
0.21930628,0.2434445
0.2073111,0.25078207
0.21583894,0.22756106
0.20755138,0.23598482
0.20244148,0.23862031
0.19079468,0.24059092
0.18890713,0.21614935
0.19362427,0.22752827
0.1999892,0.20615827
0.23590343,0.23161297
0.20039856,0.21919239
0.25387302,0.25061557
0.2476489,0.2465187
0.24420816,0.24027945
0.20199242,0.18860961
0.19223192,0.19413391
0.26183757,0.25564247
0.26929832,0.25578693
0.22934064,0.23709258
0.23957206,0.23807073
0.29823694,0.32308042
0.30502033,0.32299793
0.31560582,0.32838604
0.27958986,0.2868992
0.28118652,0.28908727
0.29281554,0.29237998
0.2592153,0.2664073
0.28741175,0.28252238
0.28954947,0.2770597
0.26157466,0.26939398
0.28553164,0.28248593
0.29448986,0.28275108
0.18641911,0.18206677
0.17594633,0.19159693
0.26452982,0.26661795
0.27526733,0.2665518
0.2461873,0.23448706
0.2698372,0.24428251
0.25785208,0.2565497
0.26136714,0.26212114
0.25957215,0.25757343
0.2594805,0.25815207
0.24131271,0.25191128
0.22891963,0.22771981
0.2551917,0.258124
0.22966993,0.22730364
0.24804287,0.24781057
0.21856926,0.21918432
0.25912663,0.2504984
0.23115191,0.22392137
0.29720053,0.3017519
0.31407893,0.32255936
0.25969645,0.25798702
0.20864856,0.21999109
0.20963982,0.20688348
0.2692817,0.26641643
0.2576703,0.2638489
0.26086426,0.27409512
0.21539268,0.21780358
0.23506185,0.24095985
0.2185382,0.20911027
0.21226238,0.19713113
0.22533806,0.21598686
0.2454509,0.2822338
0.21302557,0.24442363
0.26862326,0.30409002
0.23354504,0.26620984
0.26337555,0.2664634
0.22851887,0.24076714
0.25468707,0.24661633
0.24574924,0.26515612
0.29832,0.30484128
0.16633786,0.17149344
0.27923864,0.29237548
0.28250718,0.29054093
0.17998585,0.18873271
0.21330342,0.24032299
0.2870147,0.2800678
0.27290723,0.28084368
0.284815,0.31659198
0.31882375,0.31093848
0.30809715,0.30092537
0.20723517,0.21377485
0.2072347,0.20755348
0.1980153,0.18226744
0.18532231,0.22818685
0.237596,0.2465285
0.2913639,0.3051579
0.2709738,0.28579846
0.279858,0.29087162
0.27580857,0.29197258
0.28929448,0.30172193
0.26089245,0.27887928
0.21801801,0.24535313
0.2483311,0.26374167
0.19357619,0.23644678
0.25198293,0.28245512
0.28758603,0.2875362
0.22194669,0.2605086
0.22430675,0.25778097
0.25978372,0.2645082
0.20799081,0.24385603
0.17570363,0.18647486
0.17613733,0.18454383
0.15163578,0.16148858
0.18894742,0.20882666
0.19411188,0.20189993
0.22735217,0.22974569
0.17295499,0.1874133
0.17091168,0.19203621
0.24290678,0.2517269
0.19351442,0.22068112
0.21879458,0.24512877
0.2423996,0.25101906
0.24916734,0.2503075
0.15499333,0.15335871
0.1232355,0.15828753
0.17737612,0.17542447
0.17938937,0.17594905
0.16964677,0.1869612
0.29846007,0.2932673
0.24203423,0.2514044
0.26774058,0.29718298
0.2908607,0.29833987
0.28881207,0.29563972
0.30502757,0.31142053
0.26665375,0.29571894
0.23647207,0.23630781
0.23235795,0.23475243
0.23815802,0.2391024
0.23841678,0.2544784
0.26588047,0.26897433
0.22795266,0.2091517
0.22525619,0.20962852
0.19840664,0.20296857
0.24614218,0.25206226
0.26668936,0.2641598
0.24791667,0.25359708
0.2615112,0.2679593
0.25191975,0.26462722
0.2721657,0.28099772
0.2462964,0.23109046
0.24020007,0.23555902
0.2224572,0.22916022
0.23906341,0.22700906
0.23722874,0.2349981
0.21616346,0.22284585
0.22376658,0.21830834
0.22207204,0.22713107
0.20610571,0.21524563
0.24809134,0.23537305
0.25123462,0.24736306
0.16296758,0.15851828
0.1611367,0.18425284
0.1813705,0.19716223
0.26626146,0.25945053
0.26954103,0.27778405
0.2614562,0.2558255
0.23813708,0.25706416
0.23014665,0.24222143
0.24157983,0.25083637
0.26663187,0.26000035
0.2597717,0.2544377
0.25258726,0.258651
0.26408073,0.2728464
0.26539055,0.27493578
0.2828086,0.2850989
0.25144324,0.25955313
0.26517674,0.26400733
0.24676168,0.25113887
0.261821,0.2579463
0.30919132,0.3081639
0.29274142,0.29691827
0.2959262,0.30928564
0.2987375,0.3202957
0.29477546,0.2847892
0.27891505,0.27728993
0.27496198,0.27907607
0.28219843,0.29391813
0.29423004,0.29588312
0.27571702,0.2836376
0.27853516,0.29253694
0.28183046,0.30520037
0.28736505,0.29081604
0.28216317,0.28633496
0.2934034,0.3124622
0.23627323,0.24719444
0.24951902,0.25348997
0.29079646,0.27751938
0.3091957,0.29054254
0.19962654,0.23351967
0.23050848,0.2707805
0.19569167,0.24341634
0.23017864,0.25473687
0.21968205,0.22878933
0.21541895,0.23508523
0.21479373,0.23129836
0.21823491,0.21505651
0.20483476,0.22061193
0.20914674,0.21529394
0.17311408,0.17922074
0.18705833,0.15945455
0.16267358,0.17010579
0.24059832,0.20839475
0.21632677,0.20642295
0.13345507,0.1443647
0.20081809,0.20576103
0.20744316,0.22689801
0.16799477,0.22241816
0.19387059,0.20493506
0.18674514,0.18979035
0.18089962,0.19073892
0.1719279,0.17586377
0.17745472,0.23012333
0.14848925,0.20740274
0.14054233,0.19774094
0.20991307,0.23644307
0.21573246,0.22804363
0.21814078,0.22526371
0.18725824,0.23330247
0.16806364,0.2258445
0.18511194,0.21815959
0.17539735,0.18293113
0.20219968,0.23886707
0.2533025,0.27449608
0.25140074,0.2624055
0.2596766,0.25936314
0.250592,0.24897073
0.20451808,0.21365157
0.34382313,0.35605016
0.25354123,0.26316696
0.18737529,0.1843126
0.19899887,0.18935421
0.25065646,0.24355291
0.25441256,0.23795064
0.15519282,0.16978326
0.15845239,0.16801816
0.19692136,0.19657256
0.20612405,0.19706033
0.1822749,0.1911397
0.19262818,0.18281835
0.22835642,0.24957642
0.16433091,0.16914594
0.21025413,0.21703473
0.35144255,0.36123058
0.26387048,0.27182564
0.21339841,0.21426515
0.15200938,0.15669023
0.2470142,0.24935314
0.21836787,0.2321711
0.27579498,0.30579758
0.24949652,0.265933
0.21342175,0.21417834
0.20590445,0.22591731
0.25049302,0.27425295
0.25205976,0.2652743
0.20301579,0.23983532
0.20184068,0.23617205
0.2418023,0.24955621
0.22792675,0.23447491
0.22161458,0.222806
0.20944546,0.22934681
0.19120857,0.1960318
0.26291063,0.25474197
0.24215531,0.25926954
0.22543836,0.2450073
0.24715018,0.24207146
0.23089659,0.24210814
0.21514975,0.22694643
0.17289749,0.18949226
0.26064593,0.2761346
0.22215489,0.2235655
0.2471349,0.26045644
0.21254455,0.21193531
0.21825895,0.20817381
0.2001256,0.20856911
0.22630686,0.20990413
0.2095244,0.21401791
0.20594843,0.20542428
0.19743833,0.20401287
0.25639868,0.25768435
0.26260465,0.25735226
0.27384877,0.26409316
0.26299492,0.26503956
0.26332682,0.26969635
0.2709421,0.26971608
0.2819128,0.2784387
0.26798642,0.27087742
0.26811486,0.27826518
0.27500355,0.27842957
0.284957,0.28624701
0.2725451,0.28161603
0.26649037,0.27482057
0.2723227,0.2735433
0.28564113,0.28160578
0.2692464,0.27846658
0.270922,0.28585812
0.28510597,0.28898454
0.29306763,0.30100602
0.2890419,0.30105513
0.25630024,0.26547205
0.27288422,0.2766862
0.27708724,0.2777946
0.25483382,0.25990933
0.20107397,0.21935284
0.20804492,0.21779272
0.23495136,0.2654978
0.20756918,0.22495666
0.2871996,0.28331214
0.28061903,0.2762059
0.29351383,0.27617267
0.2900613,0.2895344
0.2817048,0.28250355
0.29351056,0.28572226
0.26757124,0.26612043
0.27489784,0.27801254
0.28196228,0.26787394
0.24672629,0.25860944
0.23615092,0.23963931
0.2224886,0.22869003
0.29312956,0.29182404
0.27261385,0.27174577
0.25584778,0.266903
0.25759405,0.27006286
0.24162145,0.24973087
0.2334175,0.23724344
0.26565638,0.25767526
0.24945194,0.23523283
0.23193261,0.22303611
0.2600631,0.27399313
0.24611405,0.25975615
0.23586564,0.24735598
0.261476,0.2523295
0.24634938,0.23624496
0.23139265,0.22339956
0.256831,0.29266867
0.2944398,0.3029481
0.1751824,0.17678863
0.25144815,0.2751045
0.23382924,0.23828427
0.2042813,0.21468444
0.21682224,0.24137461
0.18876094,0.20702253
0.21816054,0.20995246
0.2068247,0.21228264
0.22817683,0.24077874
0.22657293,0.24319834
0.18797955,0.21878436
0.20068069,0.23370963
0.20894796,0.23656538
0.15570575,0.15563418
0.1957262,0.22608328
0.21203858,0.24366042
0.19499016,0.2432462
0.1991639,0.24060147
0.1797287,0.20053637
0.22258511,0.24493983
0.26268905,0.2680967
0.23582606,0.27254343
0.24507318,0.26883414
0.15941538,0.22257613
0.17649657,0.22750595
0.16039985,0.20666794
0.16069669,0.20113361
0.19133846,0.23093694
0.20788476,0.21886957
0.19097939,0.22464721
0.19636513,0.21871178
0.20574994,0.22821316
0.20939454,0.21362881
0.25599962,0.25414792
0.24917084,0.24896115
0.27015677,0.26867494
0.26624435,0.27783516
0.28169554,0.28304458
0.28518796,0.29132295
0.14175594,0.15903518
0.24908963,0.26311633
0.25290033,0.27224427
0.25478953,0.2728459
0.24435025,0.2467109
0.28125557,0.2831619
0.24446574,0.25730821
0.13426559,0.16101435
0.18567386,0.1899456
0.1461738,0.16540179
0.12832293,0.15157782
0.17021623,0.17641206
0.13991252,0.15656993
0.25650007,0.25345737
0.23337108,0.2845792
0.24650912,0.23429836
0.22979519,0.21887219
0.22380593,0.20114644
0.2291958,0.27822018
0.21411967,0.21485011
0.23106913,0.22882548
0.22329679,0.22280654
0.19468296,0.19486833
0.19173212,0.18666571
0.1612063,0.14035304
0.273467,0.27905315
0.19840515,0.1985369
0.19879475,0.19347635
0.25069395,0.27035812
0.2439307,0.26139587
0.17640767,0.1984851
0.19992939,0.21472569
0.29650944,0.31076056
0.3106858,0.30969638
0.29447618,0.308407
0.30801594,0.30712047
0.24897262,0.25040233
0.2679122,0.26941535
0.25495845,0.28493893
0.13261467,0.12421501
0.14437331,0.1625583
0.14294821,0.18533099
0.23133358,0.23659658
0.19884665,0.21127133
0.23672529,0.22960351
0.2433367,0.24971007
0.22364955,0.21797585
0.22609627,0.23005
0.26657534,0.26167583
0.2668639,0.26910987
0.2851733,0.27676895
0.16699171,0.17555928
0.20374218,0.19064681
0.22511542,0.2602461
0.28575546,0.26516172
0.23942658,0.23276728
0.24765515,0.2408464
0.19095261,0.2265392
0.22495423,0.24707401
0.18441544,0.21312916
0.17914775,0.19232363
0.25493023,0.28376997
0.24166897,0.2394057
0.22259817,0.23447748
0.26860732,0.2731798
0.26604134,0.28052527
0.13158429,0.14857095
0.16494867,0.17651552
0.17123869,0.20381814
0.22021434,0.21650973
0.22922286,0.24219504
0.22006388,0.22642729
0.18846948,0.1892818
0.21247092,0.19198632
0.21541783,0.22658813
0.26769453,0.28306463
0.25833052,0.27101046
0.27921587,0.28992128
0.24786645,0.22669925
0.23389883,0.23258877
0.2745736,0.27972224
0.270978,0.29273605
0.29402274,0.31469166
0.20468922,0.22123255
0.25843248,0.25136915
0.24366687,0.24670276
0.2684597,0.26247543
0.25266212,0.26001206
0.2650139,0.250435
0.2501338,0.24758935
0.26165104,0.24653998
0.24987862,0.24339806
0.26097357,0.28675315
0.26478884,0.28004497
0.24994567,0.27411386
0.26668137,0.28468412
0.22979468,0.24568331
0.21087363,0.23845178
0.21561415,0.23857176
0.31696582,0.33552882
0.21906897,0.27787364
0.23857269,0.28373936
0.23191142,0.25416654
0.2430933,0.25706145
0.15259826,0.19366895
0.2290113,0.23495911
0.26351887,0.2832215
0.25803944,0.2594197
0.27889886,0.2869576
0.2685046,0.29345262
0.2154156,0.20548542
0.21338129,0.23465984
0.24823852,0.23307067
0.22331278,0.22940783
0.2323609,0.22353563
0.19650878,0.21979365
0.24493924,0.24036497
0.23160717,0.23995125
0.1723129,0.20641941
0.23342538,0.25486952
0.19734813,0.20761614
0.18230197,0.22658524
0.25826472,0.25131375
0.26047158,0.25503734
0.2037687,0.21322986
0.25893876,0.23875344
0.26677224,0.26384708
0.18151566,0.16800556
0.23930639,0.21502435
0.2208908,0.23166731
0.2505087,0.24400495
0.22752479,0.25996682
0.1999047,0.20165049
0.21601687,0.2313763
0.18978983,0.18911643
0.19301106,0.19385248
0.21445991,0.25177875
0.20033951,0.20104556
0.27012163,0.25394925
0.2692066,0.25366914
0.27952987,0.2937666
0.2795454,0.29187703
0.26760975,0.27552375
0.27021113,0.27819157
0.27111834,0.27203694
0.26805523,0.2733244
0.28264773,0.2963334
0.27885315,0.29469296
0.28112906,0.28701395
0.28026015,0.28658065
0.26257688,0.25846875
0.244125,0.26003397
0.21833178,0.21310395
0.21284287,0.23098737
0.1981216,0.22308943
0.1496173,0.17836319
0.23758176,0.24816614
0.2530334,0.25361213
0.23287535,0.23339128
0.23646414,0.24772127
0.28295025,0.29274046
0.27581438,0.29335332
0.29570827,0.305608
0.28937325,0.3090818
0.2436613,0.25269312
0.23751774,0.23518461
0.22341017,0.23394273
0.2163446,0.22134891
0.3046074,0.31757206
0.2710928,0.2789739
0.24225327,0.23469141
0.31743127,0.3174243
0.26940918,0.25540233
0.24661994,0.26233393
0.22931045,0.25276917
0.2526109,0.26598296
0.23421375,0.2639258
0.262727,0.22937675
0.29297847,0.27282116
0.26488513,0.24957603
0.26451322,0.30557984
0.20548534,0.22113171
0.20615642,0.21060379
0.2675469,0.2724579
0.24513453,0.25346112
0.24252456,0.25535154
0.20871025,0.22312194
0.18419373,0.21422775
0.18435168,0.19208437
0.28083923,0.28488332
0.30227068,0.3121904
0.31278124,0.3203032
0.32610175,0.3297043
0.2128578,0.21000262
0.21027294,0.21627834
0.21481913,0.21604256
0.19918533,0.21428414
0.1991196,0.21892913
0.19868575,0.21424758
0.26645902,0.26805574
0.27221555,0.29662228
0.2785695,0.26391897
0.28223082,0.28568417
0.14895605,0.17268756
0.27872932,0.27506915
0.27658236,0.27508464
0.27751437,0.28566974
0.27145043,0.26596838
0.27359474,0.2646466
0.27420682,0.27269655
0.18146527,0.20343144
0.22124596,0.2458299
0.20122294,0.20767084
0.18503682,0.201047
0.25750738,0.25001597
0.2529635,0.26552746
0.27902073,0.27049488
0.19351414,0.19329423
0.18196897,0.22756429
0.19913393,0.2333336
0.26047313,0.2808779
0.28697377,0.29772818
0.24926688,0.26581478
0.24288808,0.28117946
0.25900578,0.28639722
0.20498809,0.19371736
0.21274237,0.20898746
0.23582906,0.2714758
0.24840836,0.27638984
0.26727533,0.29657692
0.27775288,0.30230308
0.17241897,0.20116
0.19474745,0.20990427
0.25785434,0.24820489
0.25785434,0.24820489
0.25641316,0.24734174
0.2666552,0.25846183
0.27051854,0.26391786
0.26343784,0.2581329
0.25326768,0.25844583
0.24645033,0.24641609
0.24956283,0.24855758
0.22038616,0.25806424
0.24218257,0.28597853
0.19765541,0.21231793
0.26979724,0.2899152
0.27957523,0.28577787
0.2582274,0.25955886
0.259599,0.26571208
0.24282971,0.24930032
0.24543649,0.26298368
0.248119,0.2598837
0.24914499,0.24434657
0.23454604,0.24527472
0.22604103,0.24474037
0.25256845,0.26678962
0.22808048,0.22784775
0.25246352,0.24501953
0.18760386,0.21953219
0.14717777,0.20728602
0.19107558,0.1821157
0.16564561,0.16710916
0.1719711,0.17525022
0.19397585,0.18825777
0.18051498,0.18638808
0.1428336,0.15641443
0.1574378,0.16268682
0.18895812,0.20955783
0.20735236,0.20320328
0.17594004,0.17635775
0.1879203,0.19022153
0.17144829,0.17329986
0.18294542,0.18640266
0.2789597,0.2667582
0.25579187,0.23806685
0.25561342,0.23283434
0.1814285,0.17010824
0.17168501,0.16875957
0.15329055,0.18431045
0.2390384,0.24133214
0.15960534,0.21008089
0.24562317,0.27117836
0.20675613,0.2342093
0.2950969,0.28992486
0.33367664,0.31526798
0.27223805,0.26632857
0.2953919,0.28598267
0.26200908,0.28943434
0.25171372,0.23649994
0.26991555,0.26212496
0.21624756,0.21032175
0.25850278,0.22960111
0.27478182,0.27800673
0.2711219,0.26805508
0.2846904,0.28829113
0.21823254,0.22033647
0.22392432,0.21698886
0.24795689,0.24641745
0.24030907,0.2571952
0.25007185,0.25622654
0.23473412,0.23460229
0.23217797,0.227393
0.21162002,0.22619706
0.19389206,0.20537339
0.2547655,0.25708327
0.23268908,0.22609815
0.21837798,0.21170452
0.2786236,0.2954001
0.26743868,0.2628853
0.2614705,0.28097358
0.247568,0.25807253
0.29808438,0.31178445
0.28419816,0.2836011
0.2582044,0.27029133
0.24229126,0.23215684
0.2670925,0.2878908
0.24617639,0.25275794
0.2689516,0.28526065
0.2500909,0.25518718
0.23452792,0.23337378
0.28137854,0.2911569
0.1512131,0.17903282
0.23130865,0.24305876
0.25689822,0.26486576
0.23284663,0.26326823
0.25104982,0.24915533
0.2230562,0.24963874
0.2516784,0.26520282
0.22555059,0.26628187
0.21418718,0.22225438
0.20814261,0.21185996
0.20909405,0.22517876
0.19602907,0.19624878
0.18573928,0.2085951
0.2707988,0.27542928
0.27199987,0.29014736
0.20234738,0.22960588
0.19278905,0.26086175
0.2371533,0.26906216
0.23708645,0.26361185
0.20831564,0.2635577
0.25672352,0.26991192
0.25235572,0.26443678
0.20954755,0.2680189
0.2543242,0.2792861
0.24610671,0.27547902
0.23918548,0.22763406
0.27545875,0.28838614
0.28164107,0.28111994
0.18149984,0.18213713
0.17458493,0.19416417
0.18501757,0.23195064
0.18900672,0.204564
0.17926769,0.24039538
0.18559854,0.21545424
0.20698911,0.21308929
0.17883027,0.21034876
0.17321898,0.18652168
0.14858025,0.19982196
0.2289228,0.26858068
0.21311913,0.2523968
0.19620673,0.2082617
0.20336291,0.24286075
0.21392803,0.24999845
0.19682539,0.22730085
0.18365076,0.2434741
0.18274239,0.2247194
0.2665368,0.27927217
0.23056301,0.23439851
0.22049677,0.21614239
0.26832393,0.25774965
0.26935044,0.2430231
0.22799926,0.22609651
0.22175843,0.2245632
0.2678576,0.2601113
0.20959316,0.22822827
0.21831217,0.22833738
0.19746971,0.22061764
0.18371123,0.18123612
0.19974193,0.21102083
0.20421968,0.20746885
0.20173657,0.20320722
0.15263608,0.15678413
0.26601863,0.2533047
0.28035855,0.2710187
0.16102989,0.15977465
0.19514915,0.1915359
0.20621315,0.2284335
0.23145056,0.25316846
0.24448372,0.26159814
0.1957159,0.25471637
0.24340625,0.2459344
0.25372815,0.289972
0.17211048,0.16634049
0.21484262,0.22089855
0.2309996,0.22645482
0.22651756,0.22295374
0.23227273,0.21835317
0.1998559,0.21301004
0.21932721,0.23953661
0.20672226,0.22182064
0.21225825,0.22540298
0.265852,0.2441782
0.21077868,0.22823516
0.2027938,0.22681746
0.17616476,0.17909296
0.20704956,0.20134117
0.23007554,0.23313837
0.21759495,0.22034378
0.23219368,0.22327395
0.29309282,0.27013728
0.2489711,0.23737673
0.18974024,0.21334583
0.2034726,0.22432065
0.18699907,0.20659189
0.19247706,0.21248671
0.21498272,0.21635593
0.22098559,0.23230025
0.2145094,0.24198332
0.190256,0.21064362
0.22564879,0.24513428
0.23623642,0.24080323
0.20876063,0.21662831
0.20220098,0.2029856
0.1523907,0.17094441
0.15656795,0.15939207
0.14594652,0.15460521
0.16923982,0.18293901
0.16652715,0.17739737
0.24822573,0.27228212
0.26492518,0.2961219
0.25158888,0.24092644
0.2512072,0.24912101
0.18503034,0.2147736
0.19411969,0.21143115
0.2205967,0.2350179
0.23604634,0.23987901
0.18263616,0.21386902
0.2327419,0.22482397
0.24528208,0.23811802
0.19715467,0.20258698
0.20050326,0.21081321
0.22424933,0.22472896
0.25440046,0.26214632
0.20762041,0.24521104
0.24178907,0.24240339
0.19558284,0.21148032
0.21004495,0.22352257
0.25401294,0.25732988
0.23032415,0.23430869
0.24884084,0.2441375
0.13735731,0.1654813
0.17493838,0.18050191
0.26523075,0.27002758
0.25955898,0.27341074
0.2557419,0.23592839
0.24921164,0.23737006
0.25620008,0.2520499
0.24761018,0.2555279
0.15984495,0.18713066
0.23476294,0.23452264
0.21313146,0.22947547
0.29121262,0.30121982
0.25757858,0.29143608
0.26803115,0.30154783
0.21473226,0.2195695
0.22383375,0.22659375
0.21225521,0.19918104
0.1742546,0.1976058
0.27603066,0.26216754
0.30400664,0.30185568
0.33237773,0.31135565
0.2740518,0.27183527
0.25733304,0.27344602
0.24638733,0.26512134
0.26190513,0.2624549
0.24983777,0.24977055
0.2678637,0.2642092
0.2497113,0.25821713
0.23500095,0.24509323
0.26470813,0.26347628
0.23200081,0.22081068
0.23447813,0.2378003
0.22123747,0.2734765
0.250742,0.22698072
0.2294829,0.22676334
0.17998153,0.19857639
0.2040003,0.1917465
0.17551914,0.1938932
0.21655402,0.24129274
0.20616028,0.2280772
0.20959571,0.22449154
0.20659252,0.21502839
0.21696289,0.21880482
0.2234814,0.22234459
0.20700511,0.2260043
0.24437723,0.25233793
0.1792317,0.2230281
0.21914974,0.23070684
0.24928933,0.25427115
0.20205104,0.2564701
0.22535679,0.26837403
0.25989512,0.2672814
0.24367,0.27370757
0.27761185,0.28624445
0.24114709,0.23809224
0.23917696,0.24927384
0.24784502,0.25651014
0.22701465,0.23297483
0.23969264,0.25647146
0.2216257,0.24471927
0.2610325,0.2635736
0.25152537,0.2639715
0.2864221,0.2915516
0.2981586,0.28991193
0.30199146,0.30747133
0.30044693,0.2967986
0.2733053,0.26600814
0.2656852,0.25576082
0.19762151,0.21819706
0.18405984,0.19999374
0.24474439,0.260133
0.19550589,0.20752196
0.18859902,0.20348482
0.16760588,0.16782963
0.16049843,0.15859337
0.16171695,0.1648088
0.12813827,0.13593255
0.13760869,0.14298221
0.20625688,0.22264338
0.2005013,0.18934986
0.19260609,0.19383687
0.14935546,0.16786659
0.23398873,0.27529103
0.24490625,0.2800541
0.23349258,0.26013666
0.23643053,0.28404173
0.22842947,0.27127442
0.24266928,0.27527177
0.24171308,0.24497677
0.23339811,0.24562448
0.24135631,0.24750023
0.22492498,0.24149337
0.24967322,0.25774863
0.2375375,0.25542206
0.2509399,0.2624739
0.23889065,0.25512087
0.24171513,0.25855145
0.23337191,0.25424853
0.2956157,0.32217717
0.25231868,0.24368772
0.23163295,0.21231395
0.20613603,0.22009784
0.23563845,0.26021016
0.23241842,0.2411397
0.30596793,0.33350784
0.27970874,0.3040527
0.28371358,0.28946394
0.2680369,0.26884934
0.2884059,0.28638577
0.2963669,0.29428616
0.28840965,0.30608606
0.26529196,0.25962514
0.2476461,0.23930849
0.2671945,0.253543
0.27340797,0.2604991
0.27178782,0.27144015
0.33981344,0.35392898
0.32404852,0.3242243
0.25018653,0.2580099
0.26971123,0.27509415
0.26498258,0.27208266
0.21571359,0.21499601
0.20238413,0.20954554
0.30983907,0.3266887
0.25797606,0.25818136
0.27065152,0.27054653
0.21673018,0.1986036
0.22904886,0.23046574
0.23227778,0.23436588
0.288002,0.28819767
0.23171379,0.23272061
0.2169661,0.22893384
0.2649872,0.27147907
0.20240706,0.19693564
0.21158876,0.20753638
0.20162132,0.19627076
0.20743723,0.19116235
0.20337829,0.18423414
0.23289238,0.2318983
0.26390016,0.27799094
0.26065814,0.2738556
0.2631967,0.27998263
0.2692518,0.2762579
0.2594271,0.27099016
0.2725439,0.27734056
0.26570886,0.26944736
0.2623961,0.2620594
0.2700193,0.26619378
0.2665511,0.27033138
0.26193136,0.26846606
0.24514541,0.25773212
0.26705202,0.281967
0.26618809,0.26092416
0.2638289,0.258306
0.23945743,0.24943316
0.2719229,0.27227536
0.26529115,0.25790843
0.26368618,0.2535382
0.24572057,0.24397337
0.27176145,0.26519835
0.19260257,0.20179659
0.20560211,0.21144123
0.20833504,0.20433208
0.23235309,0.2430484
0.18332955,0.18979275
0.19604097,0.19639255
0.19935073,0.19084384
0.2195816,0.22992562
0.2843673,0.29041645
0.28156728,0.27888876
0.28256845,0.29005188
0.29952517,0.2972587
0.2529205,0.25948706
0.23773937,0.25481233
0.29410487,0.30209544
0.29711887,0.29469997
0.29861668,0.30786195
0.31353557,0.31491542
0.29502302,0.29630578
0.28641424,0.28652167
0.29198742,0.30217636
0.2982773,0.29790315
0.28500658,0.28709596
0.2782862,0.28374138
0.2730748,0.2739106
0.2718889,0.27887237
0.2917271,0.29207063
0.28157344,0.28012165
0.2743694,0.27810884
0.26634064,0.2675385
0.26921213,0.27731687
0.28514227,0.28398147
0.2297538,0.2418118
0.23809464,0.23580804
0.19912618,0.19485754
0.1874906,0.20426266
0.16201435,0.1968567
0.16816503,0.20167011
0.25851586,0.25344935
0.26535362,0.2591784
0.22672269,0.24268618
0.23869507,0.25685474
0.24959052,0.26763985
0.25429362,0.26197076
0.20391151,0.22141774
0.2242781,0.22992826
0.22812101,0.24306041
0.23136818,0.24323776
0.25375864,0.22721471
0.25824714,0.25861797
0.24401927,0.2655672
0.23929024,0.27887684
0.20672898,0.22465284
0.17601262,0.18301284
0.18961632,0.20101425
0.19101895,0.19514054
0.24848911,0.2307373
0.163875,0.16859017
0.17871033,0.15938555
0.15607001,0.17138416
0.24401885,0.25357297
0.15675756,0.16411287
0.17536744,0.16171183
0.15709153,0.14545959
0.24014527,0.25364423
0.227284,0.25288016
0.21231201,0.23186798
0.09358469,0.09385208
0.096399374,0.09268246
0.104809806,0.09214252
0.2080697,0.24839962
0.21485436,0.23031479
0.2219885,0.25124338
0.2289894,0.25538555
0.17577788,0.18813579
0.17740965,0.18848751
0.19325736,0.17369832
0.18864891,0.17406039
0.1945227,0.20797366
0.18934654,0.20733126
0.18757792,0.20053798
0.1861565,0.19970848
0.21393263,0.26735735
0.2526033,0.26838663
0.28869754,0.29751194
0.18980049,0.20837653
0.21330099,0.21868631
0.23098478,0.24561986
0.16100252,0.20500413
0.18849729,0.21205091
0.23153993,0.2347981
0.25845623,0.25499266
0.25667056,0.25101507
0.24849221,0.25326297
0.23254684,0.20168896
0.20613885,0.19439471
0.23706278,0.19864179
0.23835322,0.21683866
0.23219109,0.21454328
0.32596126,0.31223655
0.31039616,0.28866482
0.28700092,0.30514216
0.32729262,0.31558874
0.34116587,0.32304156
0.33236003,0.31792033
0.25415426,0.24744129
0.24253778,0.25439775
0.21643034,0.23049913
0.24963829,0.24899966
0.2594908,0.2448551
0.2235468,0.23655936
0.23597425,0.23640713
0.23262694,0.25410777
0.24952683,0.25824338
0.21267536,0.21769327
0.22477108,0.22607222
0.20549306,0.21223983
0.19417894,0.19594313
0.20683573,0.21014115
0.208889,0.21203743
0.23678872,0.22722676
0.23237997,0.2271692
0.2109044,0.22717932
0.21794355,0.2202495
0.21688627,0.22361106
0.19696738,0.22055155
0.21522757,0.21412031
0.20344289,0.21814503
0.20451577,0.22659191
0.23366317,0.24896926
0.18574561,0.20535268
0.15702793,0.18230617
0.22615746,0.24984533
0.19862893,0.21615992
0.17960618,0.18912911
0.1535744,0.18143867
0.13569973,0.14744303
0.16436765,0.17022076
0.12377307,0.1302894
0.20257284,0.21002543
0.1640775,0.1867853
0.18830992,0.21101281
0.18048324,0.20635349
0.22174948,0.23114136
0.111075185,0.124527976
0.17514838,0.19110218
0.1483212,0.17732544
0.22284602,0.2418873
0.21877284,0.2430558
0.22513868,0.21950719
0.22164409,0.22045775
0.22310814,0.23912811
0.17369968,0.23293206
0.21634965,0.23485224
0.23026252,0.25811505
0.23210822,0.26042464
0.18052235,0.1804489
0.20406534,0.19481254
0.23480742,0.22634807
0.27025455,0.2649414
0.24260545,0.23990671
0.24177739,0.2552317
0.25200552,0.2527208
0.25286615,0.25523466
0.29444373,0.30158597
0.2667858,0.2618331
0.26473844,0.2680012
0.28214696,0.27974123
0.2872105,0.2916223
0.27158466,0.26417804
0.20348996,0.2117316
0.2205444,0.2373394
0.18237148,0.19792348
0.13868918,0.18926458
0.23313218,0.23432586
0.19371642,0.20829922
0.19459403,0.17673855
0.2994767,0.3075304
0.29534307,0.27731362
0.25956956,0.26429307
0.27655357,0.28206357
0.31754944,0.31496692
0.3113499,0.30894923
0.29850698,0.30493754
0.35338748,0.35238516
0.29230496,0.29923132
0.24361245,0.2650531
0.24997568,0.27317816
0.23036125,0.23939532
0.22839953,0.24161525
0.22128144,0.24044167
0.2230066,0.24599573
0.21622135,0.22801751
0.21483585,0.22971165
0.17165802,0.2202657
0.18613324,0.22119352
0.1890708,0.21719915
0.1952144,0.22614166
0.17182305,0.19899127
0.15890941,0.18095906
0.17497607,0.19334728
0.1794296,0.18549792
0.1844644,0.19307521
0.14925228,0.15636903
0.18217438,0.19541726
0.1963085,0.20509192
0.20154095,0.19687629
0.20384231,0.20221506
0.16912591,0.16988806
0.15166405,0.1643854
0.16318706,0.17662676
0.16993809,0.16796957
0.17344394,0.17692196
0.13911286,0.137864
0.18422565,0.1985543
0.19365701,0.2019543
0.20649657,0.20931488
0.19230995,0.18675114
0.2433712,0.25012547
0.1867182,0.22230144
0.20137802,0.23348399
0.2557597,0.27694577
0.18640226,0.18867722
0.19372335,0.19588819
0.23264745,0.2376778
0.26020655,0.24693578
0.25907585,0.2617113
0.26334867,0.2648077
0.27284807,0.27792066
0.25493586,0.24513829
0.20818466,0.17522451
0.1951514,0.17307389
0.25448602,0.27943528
0.2676178,0.28451464
0.23068091,0.2454356
0.23815799,0.24718341
0.1838049,0.23552707
0.19274911,0.23273337
0.19417408,0.21567017
0.19391443,0.22816189
0.20134225,0.22092412
0.19908196,0.20525855
0.27838236,0.28428423
0.24388382,0.2777211
0.275698,0.2782973
0.24824081,0.2722348
0.24053282,0.2303479
0.16501993,0.16347668
0.17780626,0.17522387
0.19016676,0.1810894
0.22008844,0.21435024
0.21565926,0.23204856
0.21128519,0.21720567
0.13096727,0.13179487
0.10762401,0.11112403
0.10371336,0.11538219
0.28088778,0.2642535
0.2839398,0.2850908
0.279222,0.26865104
0.28809008,0.29373515
0.28151947,0.30843312
0.28684193,0.2996076
0.30597562,0.3027218
0.2967881,0.31581756
0.30292892,0.30908364
0.18986462,0.1647019
0.15986456,0.15933557
0.14889626,0.16406071
0.19924423,0.18703873
0.16512275,0.16582328
0.153883,0.1708868
0.218627,0.19781381
0.18282884,0.17448837
0.17497194,0.17942855
0.25219414,0.24436727
0.23525944,0.23657723
0.21476129,0.23776162
0.25549126,0.2651821
0.24818254,0.25991073
0.2264273,0.2617786
0.25615045,0.25357938
0.23906554,0.24017292
0.22184889,0.24242598
0.18182647,0.19908226
0.267281,0.2509288
0.21974836,0.208999
0.20302752,0.19504666
0.21090049,0.22034167
0.21585271,0.21512666
0.21131054,0.22069195
0.23179676,0.22785282
0.21021126,0.21596506
0.23915075,0.24907738
0.22586069,0.2363388
0.22728436,0.2373601
0.23547143,0.23283812
0.26959753,0.2789787
0.2670814,0.2682445
0.23822173,0.2568451
0.21933067,0.24074048
0.22229978,0.23908478
0.21640767,0.21583492
0.22496593,0.24256694
0.23906513,0.24005839
0.20184347,0.21200955
0.28390476,0.29140246
0.23633485,0.24631748
0.19547287,0.21929172
0.25719523,0.28033787
0.2748583,0.28045928
0.1998965,0.19975531
0.19014701,0.23268454
0.20196593,0.22541904
0.24687462,0.2697751
0.2014625,0.23579106
0.19166796,0.22620048
0.20021535,0.21817304
0.20489535,0.22503677
0.17184322,0.19015476
0.19488925,0.18827711
0.18106478,0.18264368
0.18276632,0.18866566
0.20454608,0.18421663
0.18904899,0.18299833
0.21995676,0.24462657
0.23695713,0.23520042
0.22860411,0.23482803
0.17646289,0.19721252
0.19389307,0.19515842
0.18452531,0.19149764
0.22417095,0.23547931
0.28847238,0.27656612
0.23228458,0.23151791
0.23576462,0.23375106
0.25385037,0.2482343
0.27045634,0.2755558
0.31295913,0.30437726
0.29102296,0.29143298
0.23824625,0.25097993
0.28748733,0.29123795
0.16274919,0.19547898
0.19144319,0.20541202
0.18947096,0.19846335
0.19124706,0.21998115
0.18033248,0.1914085
0.18687527,0.21689823
0.17593601,0.1922819
0.16429868,0.18612789
0.19897889,0.19808652
0.2127903,0.21956147
0.23869419,0.24838749
0.24340585,0.25599325
0.27614155,0.27213874
0.23571008,0.2622801
0.19160825,0.2126509
0.30359188,0.2905256
0.17942226,0.18871318
0.1817802,0.19933549
0.23485996,0.24245527
0.20793806,0.20125996
0.2121361,0.21772775
0.26627848,0.27013385
0.23842728,0.24901669
0.18196349,0.18755043
0.18286999,0.17221369
0.20558172,0.2170046
0.27474427,0.2900805
0.21644121,0.20233314
0.22141975,0.219375
0.20611723,0.20427576
0.2161386,0.2088396
0.22528614,0.22273225
0.20931558,0.1950477
0.19826058,0.22730228
0.20098521,0.21145152
0.20570174,0.21749908
0.19888575,0.23744175
0.25726253,0.3086106
0.25616512,0.30761853
0.30392283,0.29464248
0.30359104,0.29572904
0.22378935,0.23203479
0.2455473,0.24668801
0.17224668,0.17400588
0.19352585,0.22752073
0.22678459,0.2776423
0.22157095,0.25629452
0.271179,0.26949394
0.22675824,0.24907118
0.25063193,0.27414337
0.22138782,0.21518613
0.11816455,0.13342778
0.15414229,0.14533134
0.20059197,0.20047021
0.18180008,0.18752964
0.19478063,0.21023796
0.17185892,0.19579513
0.17988355,0.20075993
0.26739073,0.2899492
0.3113984,0.31504655
0.19162564,0.24858506
0.19865048,0.26279244
0.18434313,0.23312312
0.2139975,0.2456508
0.1988426,0.25622803
0.19599348,0.26595354
0.2122046,0.24703318
0.25277862,0.27726364
0.29564115,0.29732108
0.28371873,0.298232
0.29018945,0.3004177
0.30761665,0.29659343
0.27751842,0.27324772
0.2648228,0.27076638
0.27258536,0.2727747
0.25777698,0.26698035
0.22482468,0.23429273
0.19469438,0.21764854
0.22196253,0.22495127
0.20914397,0.2662468
0.1935642,0.23885277
0.22868758,0.250976
0.21861327,0.22173628
0.22343583,0.20973921
0.21141277,0.21306975
0.2117979,0.22266164
0.2791953,0.2791546
0.1590652,0.15796539
0.20036566,0.22478886
0.2647549,0.2944557
0.25101143,0.28709826
0.2781366,0.29412013
0.242804,0.24835834
0.22904658,0.23892903
0.26273936,0.25472036
0.24265471,0.27599007
0.23138171,0.26971608
0.26017144,0.2785551
0.266649,0.3072555
0.27573562,0.30873543
0.2468566,0.2604074
0.2651752,0.26206097
0.24762361,0.2641658
0.2739743,0.26609957
0.1630751,0.20170571
0.15399607,0.16244501
0.15244173,0.17106138
0.23494415,0.23101926
0.24143848,0.24007897
0.22351803,0.2357665
0.2283524,0.22505702
0.21135135,0.23222482
0.17176741,0.19715385
0.16920903,0.19274786
0.26011747,0.25801566
0.25835678,0.25023323
0.27622047,0.27877605
0.25216618,0.24835154
0.26723978,0.26992473
0.25768498,0.2513687
0.25172442,0.27444854
0.23728894,0.2390123
0.17458843,0.17512627
0.15627147,0.1831348
0.15527631,0.1653703
0.168308,0.19232208
0.19533804,0.23295704
0.1816752,0.19738837
0.1927017,0.22250494
0.21763104,0.18981166
0.20440823,0.18757066
0.26707813,0.28655928
0.25693887,0.25961396
0.24228966,0.23022215
0.26060513,0.22516789
0.24588278,0.24245363
0.23093279,0.2170215
0.23250335,0.23727824
0.23880751,0.26436323
0.23845108,0.24622661
0.20780325,0.22158714
0.209535,0.2056383
0.27196097,0.2994751
0.32440668,0.33634877
0.33618253,0.3579559
0.23846632,0.24796629
0.25936818,0.2648535
0.19791909,0.21639553
0.2185394,0.22906189
0.22282864,0.22939229
0.23842752,0.23798068
0.15563266,0.12239527
0.14384586,0.121683925
0.17838182,0.16815443
0.1660189,0.20157053
0.19933529,0.22092469
0.15525979,0.16195689
0.2333799,0.23525393
0.23776154,0.25689772
0.21265756,0.23511857
0.20477726,0.20774642
0.17440255,0.17926766
0.27458557,0.2732702
0.29118973,0.3065524
0.22032706,0.26139092
0.23832738,0.24605118
0.18009926,0.19307952
0.20278937,0.23761643
0.22922288,0.23647895
0.17050171,0.1822156
0.19279638,0.18774736
0.23818934,0.23289937
0.2245857,0.23085864
0.27676558,0.27556163
0.28383505,0.27732766
0.27787036,0.24990933
0.17583491,0.21559486
0.17762639,0.21473795
0.24955156,0.26874325
0.19458856,0.2315743
0.19533724,0.22910337
0.26275897,0.28234434
0.18154885,0.1846845
0.18365645,0.19219078
0.24934022,0.24123204
0.1020416,0.14239904
0.11201061,0.1536771
0.097360946,0.104163975
0.19483154,0.20745166
0.18957119,0.18374589
0.1922546,0.18540221
0.23007289,0.2471565
0.284147,0.27557564
0.278871,0.27449638
0.18998213,0.18767576
0.15810414,0.17958316
0.16422398,0.17433548
0.20227063,0.2240223
0.20486839,0.20854409
0.23560107,0.21830556
0.23560107,0.21830556
0.23560107,0.21830556
0.22872081,0.24632432
0.2499705,0.26352245
0.21351375,0.22997072
0.23967625,0.25052142
0.28102055,0.29115513
0.26355687,0.2743593
0.21129902,0.22025153
0.18757278,0.17444664
0.14092214,0.1486308
0.22476801,0.22633632
0.17563422,0.19339584
0.18542084,0.20686473
0.2504917,0.24976917
0.21105948,0.21847555
0.20524608,0.18608323
0.22331516,0.2336262
0.23126899,0.24861541
0.26373148,0.24881086
0.24179257,0.24531583
0.23000836,0.23961604
0.19547169,0.29234153
0.2456459,0.28078204
0.22216414,0.28638375
0.2628329,0.27416074
0.18525559,0.18295142
0.19845566,0.1936831
0.12584165,0.15821633
0.1407704,0.17637187
0.24591228,0.24774365
0.24984117,0.25474462
0.27045274,0.27308708
0.25781307,0.26052094
0.22988112,0.23341103
0.22541241,0.2619671
0.23114543,0.26858437
0.25606877,0.29039782
0.22562744,0.2565922
0.220618,0.25106972
0.23564878,0.25853407
0.24097757,0.26306218
0.26288068,0.28176096
0.24367246,0.2568069
0.2300207,0.24915825
0.14924183,0.14914785
0.14078778,0.14426441
0.12706369,0.12552892
0.13719788,0.14450285
0.14089602,0.1312542
0.1215279,0.1255888
0.12960856,0.11498691
0.14126597,0.15260187
0.13889861,0.14373925
0.13272579,0.13648035
0.11083938,0.12672189
0.10735262,0.113001995
0.104019895,0.11454956
0.24490544,0.25478473
0.24698578,0.25536948
0.16131346,0.16972968
0.26547837,0.2720695
0.22813462,0.21959674
0.14694172,0.14917576
0.09120047,0.122644454
0.12880275,0.12838994
0.21803348,0.23279354
0.2633848,0.25592968
0.24648981,0.2686707
0.25030097,0.27129638
0.16433972,0.16337974
0.17298767,0.19784403
0.20729488,0.21689177
0.20264389,0.24618845
0.21716839,0.22739142
0.24497108,0.2546795
0.21650556,0.22045198
0.27223468,0.26997548
0.25963926,0.26879483
0.22148669,0.2304455
0.27393597,0.27846092
0.26106593,0.27083617
0.2652276,0.27632236
0.2542198,0.26718912
0.26454175,0.2698547
0.25366333,0.26498684
0.24660255,0.24770904
0.23984547,0.23321578
0.2449176,0.23711237
0.28111133,0.26318347
0.26233786,0.2653648
0.18352759,0.21352398
0.18024361,0.18391955
0.2579172,0.26805216
0.27736485,0.28362346
0.25842676,0.24683821
0.20571703,0.21146654
0.2010288,0.20142168
0.27719706,0.2707743
0.23221299,0.25449976
0.26048508,0.24626794
0.24899396,0.23112297
0.22331405,0.24609977
0.2278371,0.23682529
0.20264564,0.20091924
0.2034882,0.20155713
0.194478,0.19787805
0.20205037,0.22004914
0.19395527,0.20835198
0.16749291,0.15999362
0.2276226,0.2406855
0.16084664,0.1636923
0.16727915,0.16521434
0.16407824,0.1723808
0.15286432,0.1459681
0.20614398,0.21274294
0.20749614,0.21147041
0.19461696,0.18917389
0.24731809,0.24344139
0.22858575,0.23499489
0.17832397,0.18587501
0.27871448,0.27943814
0.28040192,0.29398394
0.2733277,0.2784841
0.27310294,0.28219113
0.2694236,0.27801237
0.29240787,0.2940498
0.2916662,0.2871966
0.29466882,0.30448067
0.2837661,0.29117885
0.28696704,0.2903995
0.28050628,0.28908092
0.29603472,0.29993707
0.27754724,0.29694653
0.28546032,0.31539965
0.27673405,0.2987194
0.27446723,0.2997111
0.27001137,0.29762888
0.29467028,0.31804767
0.27359277,0.2960834
0.2821054,0.3102497
0.2742378,0.30017695
0.27008942,0.2958369
0.2671571,0.2980348
0.29111132,0.31705722
0.25741172,0.27538845
0.2597852,0.27266055
0.2669363,0.2761723
0.25505903,0.27003688
0.2538492,0.2726301
0.2637936,0.27654356
0.25638694,0.28237078
0.2545451,0.27764535
0.2668496,0.290924
0.25096625,0.27638668
0.24742526,0.27285996
0.26798218,0.2892514
0.26141396,0.2782752
0.27228534,0.28245917
0.28622234,0.31512803
0.29171544,0.31490168
0.26338947,0.28804466
0.2754876,0.2878329
0.26821285,0.27755618
0.27502716,0.28139538
0.26044005,0.28890735
0.2702042,0.292514
0.21707524,0.22882938
0.19910055,0.20147525
0.24175024,0.23825976
0.22036235,0.21789208
0.22038844,0.20308217
0.24606138,0.23023498
0.23820633,0.21398953
0.17906548,0.16085373
0.1806382,0.17301825
0.21759602,0.21538654
0.12705216,0.14123462
0.17196599,0.14683108
0.24435166,0.24456602
0.2535699,0.24914591
0.16095278,0.18235011
0.15971087,0.17669566
0.22848837,0.19768365
0.2543623,0.20788082
0.2520278,0.25144863
0.3001822,0.27916446
0.20494333,0.18731712
0.2766648,0.26525414
0.28111878,0.26642668
0.22988129,0.25821558
0.27052712,0.28360575
0.24903482,0.26997858
0.2683522,0.27665412
0.24680007,0.2673334
0.2499072,0.24545075
0.22327471,0.23230638
0.21476083,0.27386716
0.2065113,0.27294493
0.21007168,0.28795105
0.18088886,0.21547878
0.26800114,0.29364118
0.26183218,0.2972684
0.25632387,0.29274413
0.20676774,0.22009067
0.22114345,0.21676372
0.15333562,0.18105993
0.2599276,0.2609375
0.24720828,0.2543804
0.2545892,0.25123748
0.15369242,0.17153198
0.15258451,0.17177938
0.15879595,0.15941903
0.2118312,0.21914443
0.21197578,0.23421451
0.25165766,0.26077965
0.24713722,0.270967
0.23746133,0.25769717
0.2549166,0.26217067
0.24214846,0.26829654
0.23083033,0.25741154
0.24732444,0.23885645
0.2360163,0.24343687
0.22647831,0.23176798
0.24713722,0.270967
0.24214846,0.26829654
0.2360163,0.24343687
0.23872076,0.24307296
0.2428987,0.24792072
0.27235276,0.27117836
0.26759347,0.2695982
0.25898597,0.26108387
0.26627994,0.26452652
0.26085597,0.26185185
0.2519164,0.25618702
0.27553415,0.27794138
0.27158833,0.2793221
0.26603037,0.2759453
0.2743445,0.27559614
0.21942927,0.23460524
0.19287239,0.22585303
0.19607967,0.24032371
0.21721074,0.23247053
0.19203031,0.2256588
0.22175343,0.23186952
0.21190564,0.20688517
0.19527641,0.21143684
0.2274417,0.25625828
0.2900454,0.28396824
0.21183872,0.21560657
0.31657103,0.32573014
0.24939352,0.2627947
0.23406355,0.24154007
0.2592783,0.26406798
0.23613065,0.24497083
0.24494413,0.23862457
0.26962647,0.26867634
0.24497521,0.2426998
0.1630732,0.18203022
0.17165051,0.18420243
0.20770085,0.2272402
0.23324397,0.26814723
0.20679744,0.22668275
0.28324988,0.2786106
0.240333,0.2231727
0.21718994,0.19619898
0.23300838,0.21875569
0.2600523,0.2544055
0.24313644,0.2349594
0.26135242,0.25787312
0.24547736,0.23962268
0.21594635,0.20761974
0.24836345,0.23899573
0.26771584,0.2570173
0.2778551,0.29418218
0.26651517,0.2695573
0.29833096,0.29110342
0.3308721,0.32858366
0.18973136,0.2629689
0.22675115,0.26729676
0.2563504,0.27966383
0.25652277,0.27029717
0.23436804,0.23697466
0.25949103,0.26067185
0.2708339,0.28112662
0.27187428,0.28614247
0.26218092,0.2412903
0.26918292,0.26765165
0.278131,0.2694304
0.1580946,0.17955816
0.1685677,0.19582683
0.14326198,0.18379128
0.19414817,0.18074353
0.20035988,0.19653256
0.18398502,0.19416308
0.2741078,0.29586345
0.30533922,0.3044402
0.287657,0.29381076
0.2815262,0.29416916
0.30861217,0.30143374
0.28792998,0.28661475
0.25431034,0.26661137
0.2500214,0.2404816
0.2571702,0.25549763
0.27110803,0.26082987
0.18784726,0.20081621
0.19589926,0.20641725
0.17448197,0.20178732
0.24853955,0.2578779
0.26592785,0.26386356
0.25503948,0.26077998
0.25213838,0.26681834
0.2170721,0.2462989
0.26060218,0.24803671
0.2596832,0.26936722
0.27584738,0.27667105
0.2205504,0.2088608
0.23090431,0.2219932
0.22512804,0.22039187
0.27799416,0.28419802
0.29153416,0.28627047
0.2777578,0.28173465
0.27876446,0.25436378
0.27184993,0.27303272
0.2647129,0.27595508
0.2711448,0.22656268
0.26747203,0.25411335
0.26281103,0.2557047
0.18314065,0.20513354
0.19201905,0.21502572
0.2537807,0.25280142
0.25287867,0.25596207
0.252151,0.25321546
0.25010824,0.2291782
0.25018314,0.2301153
0.24577501,0.22410634
0.28239894,0.21944407
0.27413392,0.22186245
0.2475557,0.21748444
0.27208915,0.25910443
0.2601913,0.2643091
0.23761153,0.25868073
0.26815054,0.25805348
0.25789604,0.2600174
0.23666161,0.25677866
0.29151154,0.28744274
0.2810122,0.28123268
0.28960723,0.29648122
0.28393328,0.28664312
0.23971511,0.23238945
0.24503697,0.24542388
0.23266657,0.24281427
0.24434462,0.23977862
0.25155824,0.25076824
0.24351874,0.25052235
0.24147797,0.23474851
0.2403605,0.24068502
0.22991279,0.24090421
0.20505242,0.22098517
0.23187605,0.2400602
0.20251845,0.19127806
0.24568148,0.23035645
0.12393404,0.118198514
0.10506183,0.10147111
0.10514073,0.11090475
0.18099962,0.19386229
0.18178964,0.20231555
0.15416521,0.1270953
0.108983755,0.114544615
0.12404469,0.1291685
0.15872303,0.1813516
0.21649842,0.19944213
0.15159887,0.1369505
0.2040529,0.20649181
0.16346712,0.17311133
0.21302268,0.22165126
0.17246251,0.18633288
0.14037028,0.116029344
0.1378161,0.14011867
0.16505559,0.19142644
0.21800122,0.22362618
0.22158234,0.22494161
0.23123865,0.23532522
0.24217859,0.24110635
0.20997351,0.2141106
0.22839373,0.22790283
0.2381836,0.24135354
0.23159425,0.23541182
0.24624756,0.25244638
0.26121825,0.26012453
0.24635582,0.2534443
0.2655482,0.27182186
0.27506113,0.27956143
0.243219,0.255775
0.26585922,0.27748534
0.26585072,0.2792638
0.22041623,0.21723664
0.20814286,0.20434274
0.2220402,0.2128002
0.2384452,0.24228181
0.19000949,0.20082743
0.17324184,0.16255845
0.22491874,0.2272771
0.20245194,0.19499142
0.23683608,0.24882089
0.21604002,0.214767
0.2042028,0.19360676
0.20356959,0.20954363
0.24890547,0.2474688
0.20734057,0.21099031
0.21758668,0.21993317
0.173676,0.17536193
0.17911394,0.19021712
0.2937608,0.30165455
0.2775281,0.29698694
0.242929,0.28771666
0.26771396,0.28745148
0.24758613,0.24627298
0.2442635,0.24661086
0.27440876,0.27309963
0.26178464,0.27212432
0.22772051,0.23109461
0.22580555,0.2351562
0.17942908,0.18263316
0.1594257,0.1666805
0.17489147,0.18018249
0.21389367,0.23256958
0.1830754,0.192349
0.21106076,0.2308441
0.21211824,0.22691669
0.18695801,0.20418431
0.18622807,0.20101611
0.22433816,0.25882432
0.21451423,0.20921329
0.2212756,0.23659068
0.21624237,0.2119517
0.16682337,0.16201623
0.27997375,0.2886532
0.27409416,0.28096306
0.2914945,0.29052785
0.27789727,0.27978632
0.27678907,0.281636
0.26885265,0.27649438
0.22594579,0.2506714
0.23920003,0.2704726
0.21329524,0.24376528
0.22567566,0.23785608
0.20527495,0.24256244
0.25111967,0.2465425
0.22951972,0.25223535
0.22815609,0.21898863
0.20501831,0.2267511
0.270591,0.28992522
0.26568356,0.28137016
0.2603055,0.27600983
0.25457403,0.275461
0.24475296,0.26179188
0.24252783,0.2584787
0.15564626,0.15960546
0.15840977,0.17646219
0.23952357,0.2657756
0.21986088,0.25678733
0.2401387,0.26654404
0.22067112,0.25761464
0.20034331,0.23405802
0.21138759,0.25266945
0.24152225,0.2706565
0.22466138,0.25963363
0.20902409,0.23248506
0.2381,0.22736461
0.24429661,0.23456612
0.23005487,0.24367762
0.24107692,0.24509324
0.24609761,0.2523149
0.24491948,0.25398642
0.22746103,0.23198628
0.2289238,0.21460406
0.21961707,0.19560684
0.2690827,0.271758
0.26625833,0.27158028
0.23134881,0.23163055
0.24076276,0.23680922
0.23019946,0.2263114
0.23569,0.2235182
0.22868842,0.26228276
0.2279421,0.24824221
0.23338482,0.24983957
0.23424225,0.24068917
0.23641324,0.23952027
0.2306928,0.22059423
0.14685088,0.17740138
0.16231768,0.17084156
0.17082942,0.1873125
0.17391793,0.1858424
0.22952133,0.2032213
0.21753228,0.22167303
0.22091186,0.25154263
0.22045425,0.22193445
0.21729895,0.2472424
0.21660173,0.26294306
0.2003873,0.2196029
0.22480531,0.24336183
0.13597605,0.18157905
0.13642332,0.19399077
0.2107186,0.20827128
0.2030263,0.20504446
0.22025731,0.24457344
0.20990068,0.26987958
0.2625754,0.2639887
0.17580819,0.19299874
0.1755145,0.1960824
0.19023228,0.18463798
0.20558625,0.21970227
0.17005642,0.19043991
0.1686747,0.18207282
0.15400735,0.1820186
0.17542762,0.17731649
0.21336192,0.23417263
0.13602073,0.15858729
0.15253899,0.16785592
0.14756998,0.16738585
0.17026977,0.17431545
0.20635565,0.20677361
0.21288715,0.21157186
0.1937242,0.19685857
0.19988696,0.19442979
0.20649327,0.22463658
0.22479427,0.2200265
0.1114833,0.13695605
0.14840756,0.1508884
0.16816644,0.17337397
0.18389153,0.19209303
0.18381459,0.19413906
0.18691365,0.22439271
0.25748107,0.28380716
0.24892733,0.256802
0.20356774,0.18734464
0.1865141,0.18529658
0.19154829,0.20632651
0.20333964,0.21001598
0.20984778,0.21184304
0.17362988,0.21154147
0.15463655,0.18761748
0.18688329,0.21444505
0.19209701,0.21127148
0.17759892,0.18990135
0.19333181,0.21244006
0.2756653,0.29461235
0.26501924,0.25836298
0.26031765,0.2705328
0.25646922,0.25646573
0.25646922,0.25646573
0.26031765,0.2705328
0.2635545,0.282859
0.15316999,0.15830846
0.23215114,0.26444834
0.20680344,0.2545392
0.18436438,0.19466172
0.18794918,0.22794479
0.15908447,0.17963254
0.2726723,0.28772545
0.20409767,0.20735152
0.19861116,0.20110345
0.24563551,0.26876873
0.30766597,0.2920388
0.31031415,0.3047102
0.29964077,0.29933333
0.17949404,0.1827634
0.2729246,0.28138012
0.2777537,0.303127
0.2804219,0.28829992
0.26801783,0.2715109
0.26480648,0.26248705
0.2922167,0.28473783
0.25550953,0.24380705
0.2271694,0.28936687
0.21978629,0.27478576
0.19236262,0.24428551
0.18222396,0.22619583
0.20589204,0.2543321
0.17859244,0.2581476
0.19829476,0.22573401
0.17596035,0.23691858
0.18221483,0.1886695
0.15825468,0.21627384
0.1915364,0.22637331
0.16843106,0.17322686
0.1682121,0.17936687
0.24858305,0.24673167
0.23658903,0.28400323
0.19135155,0.2270645
0.20418698,0.22110495
0.22212741,0.22174971
0.198279,0.23540576
0.21372011,0.228111
0.23017946,0.225536
0.2034181,0.24460964
0.20707962,0.21851236
0.22400491,0.21799713
0.1960753,0.23037681
0.21814129,0.23145795
0.23835039,0.23517428
0.207864,0.24389365
0.21000664,0.211377
0.22382632,0.21096978
0.19450372,0.22586682
0.21337613,0.21351565
0.22869755,0.21282588
0.19881557,0.22670448
0.16604711,0.18459216
0.16373743,0.19047265
0.21966875,0.21378368
0.19918446,0.20093891
0.206339,0.19841588
0.22380432,0.2268409
0.22075596,0.22871827
0.21737786,0.2257759
0.2030444,0.22912446
0.25504532,0.24058565
0.25131303,0.25312862
0.25196618,0.26914907
0.27439338,0.2477396
0.29339132,0.25852755
0.2688274,0.25144464
0.2604704,0.25695932
0.2445928,0.25028643
0.24007407,0.2522869
0.32116076,0.3233226
0.296444,0.3191832
0.3083674,0.3087532
0.28324342,0.29731
0.18632284,0.1941973
0.1831832,0.18995288
0.17430614,0.18389067
0.17148808,0.18199049
0.17554252,0.1918544
0.24938557,0.240268
0.24462101,0.23071665
0.22784516,0.25034583
0.2323783,0.2530094
0.2401624,0.26130006
0.24403068,0.26295742
0.2294523,0.24098644
0.2395612,0.25562406
0.23722138,0.24223518
0.24523278,0.25459805
0.23857036,0.24118742
0.24479374,0.24257383
0.1938926,0.18424064
0.25968552,0.25236973
0.24442899,0.23178345
0.22156574,0.20491543
0.16768628,0.15742421
0.20157178,0.18952933
0.20237662,0.19833967
0.22264181,0.23753972
0.20871067,0.22862387
0.22224618,0.22807659
0.2081198,0.23074788
0.18667984,0.20531729
0.19137564,0.20591033
0.25714388,0.26643044
0.26296985,0.27175352
0.29440802,0.3181878
0.28662878,0.29124373
0.28830245,0.28872278
0.27292287,0.27512482
0.2853438,0.28235757
0.26326233,0.27181402
0.26115832,0.26826754
0.27816102,0.2792016
0.25282234,0.26410556
0.23961368,0.24600202
0.22938809,0.22773457
0.24585499,0.24875252
0.23532034,0.2229694
0.27537748,0.2783023
0.24917603,0.27017486
0.28278485,0.28497338
0.26208267,0.27888036
0.2354994,0.23546141
0.21593368,0.21681309
0.22895397,0.23418573
0.20827822,0.21592766
0.24680732,0.24841504
0.22673425,0.22316602
0.275856,0.28239197
0.28573155,0.2742977
0.26603243,0.2827642
0.27876046,0.2770861
0.26151398,0.28370652
0.2671106,0.27060837
0.23648195,0.24127024
0.2378188,0.23145351
0.23833176,0.24974346
0.23593803,0.2372648
0.2170404,0.21872367
0.22006881,0.22644028
0.24360403,0.23804112
0.22529952,0.22819963
0.23926955,0.22544636
0.26975125,0.28100353
0.24879815,0.24762663
0.2439475,0.24356243
0.24579632,0.2418243
0.21463197,0.21587485
0.25815174,0.2613063
0.25880253,0.27261633
0.24772081,0.26272318
0.27318755,0.27892938
0.2528322,0.26003915
0.25882617,0.25132737
0.20718575,0.21046978
0.2535994,0.25321725
0.25277427,0.26937377
0.23952548,0.25615788
0.270193,0.27294275
0.24920842,0.2532573
0.25237566,0.24985024
0.19498508,0.20716487
0.2049374,0.21560594
0.23723985,0.23699957
0.24965149,0.2395697
0.27117768,0.2541577
0.24194883,0.24513073
0.21773365,0.22126491
0.23416215,0.228095
0.2553159,0.2435446
0.22019166,0.230218
0.20820332,0.21650894
0.22101308,0.22159263
0.18547964,0.20095757
0.1948512,0.2158796
0.2765585,0.25016856
0.2662386,0.24752843
0.23957217,0.25138414
0.24680586,0.28108615
0.2477846,0.25077665
0.19645618,0.19820182
0.18539475,0.1834577
0.18041824,0.18465732
0.18652546,0.18984658
0.22794232,0.23963727
0.233459,0.23664902
0.20836955,0.20531017
0.20728186,0.23887792
0.19177961,0.21116099
0.24297036,0.25800964
0.228345,0.25494885
0.22818977,0.26455048
0.2429517,0.2186417
0.21299633,0.19335453
0.208997,0.19428872
0.19750644,0.19987884
0.19890463,0.18825333
0.19600831,0.20674203
0.26197696,0.2886602
0.25915062,0.27451408
0.26661035,0.28104717
0.27929825,0.30370325
0.2815124,0.29597673
0.271465,0.29082793
0.26984766,0.27125272
0.2577955,0.25818905
0.26539764,0.2902891
0.27315444,0.28356948
0.17351347,0.2139306
0.18047781,0.19491525
0.14195025,0.16869673
0.19697323,0.19090836
0.23834759,0.24530037
0.18431178,0.2066548
0.19595431,0.19586019
0.23161538,0.26283917
0.24860628,0.25622916
0.28445697,0.2871292
0.27459103,0.2714171
0.25021076,0.2413632
0.20699221,0.21490084
0.21498398,0.21813132
0.32163388,0.3242182
0.3346097,0.3229572
0.33725634,0.33477432
0.31432787,0.32329953
0.30921197,0.319198
0.33286953,0.32392675
0.3275354,0.3155895
0.33079994,0.32618555
0.3290887,0.31962097
0.2866296,0.30296737
0.28946447,0.29005927
0.28692815,0.28693217
0.29856026,0.3144377
0.29134336,0.31239346
0.22613612,0.25898808
0.22211719,0.2613407
0.22905135,0.23149721
0.23406544,0.23635311
0.1204817,0.117444724
0.15486924,0.15092063
0.11343692,0.11489464
0.14716657,0.14719549
0.13346855,0.14102307
0.16459417,0.16914073
0.13247916,0.14524625
0.1674464,0.17424998
0.23363468,0.22165778
0.25148535,0.25332296
0.25722715,0.25626525
0.22882263,0.23238468
0.2419868,0.23456846
0.19243963,0.1993813
0.20074464,0.23752436
0.21529834,0.24089089
0.19018531,0.205363
0.19518304,0.20814806
0.20041965,0.21025416
0.20530844,0.23890652
0.21869236,0.2440952
0.1960007,0.22057399
0.19890675,0.21765856
0.23190041,0.21895874
0.23794144,0.25116637
0.24714383,0.25395042
0.2167863,0.22191072
0.22135821,0.21999973
0.23274261,0.24215335
0.21550828,0.22228938
0.24529782,0.2437497
0.2430876,0.24638823
0.2678624,0.27164584
0.3028859,0.31317908
0.26477724,0.2677147
0.25323644,0.2482015
0.28418246,0.2859137
0.24730758,0.24227102
0.27194178,0.27316013
0.30387783,0.30936638
0.2653075,0.26392305
0.27362993,0.27973032
0.30636856,0.3224891
0.26835018,0.27121624
0.17991646,0.20355251
0.19439386,0.22316173
0.2083443,0.23721352
0.19305596,0.21358687
0.19319828,0.21230751
0.20206183,0.23142622
0.2161054,0.2594482
0.22821367,0.26928592
0.2099866,0.24049559
0.21374904,0.24325804
0.17652436,0.18415827
0.20527788,0.21426281
0.172893,0.16794536
0.22552182,0.23133047
0.25480708,0.26623923
0.21998234,0.21343459
0.25880617,0.2823565
0.26009592,0.31911775
0.29180688,0.32197937
0.2555113,0.30237114
0.26399222,0.29635838
0.24224293,0.28422812
0.30019557,0.32887107
0.26675338,0.26781934
0.25903857,0.3218885
0.3112965,0.3638689
0.2782051,0.30815488
0.28030238,0.32446587
0.33224124,0.36531645
0.29866734,0.30919775
0.23664354,0.3044016
0.28525198,0.34614134
0.24459423,0.2916611
0.25349385,0.29750484
0.3104043,0.34126404
0.2747844,0.28276867
0.3122212,0.30503267
0.3350647,0.33986002
0.30086267,0.29835126
0.21890268,0.2343275
0.23794004,0.24546258
0.24512711,0.261542
0.21920583,0.21854573
0.21666689,0.2305148
0.230694,0.24233146
0.24952218,0.26458377
0.16070732,0.21895604
0.24790207,0.25913814
0.16671762,0.20002826
0.20729685,0.22735417
0.25272733,0.26183578
0.18459159,0.2069211
0.187545,0.2112073
0.22930375,0.23889187
0.20980425,0.22426824
0.2476746,0.24972606
0.24957617,0.25991556
0.2561884,0.2562601
0.2517736,0.25595453
0.23911336,0.2526084
0.24339344,0.25117213
0.24123734,0.24971323
0.2585837,0.2628814
0.22660604,0.22903217
0.2267313,0.23291597
0.19521302,0.24390092
0.22096923,0.22160444
0.20537315,0.21844283
0.2620942,0.27158156
0.2487441,0.24334414
0.26052907,0.24951395
0.25979102,0.25433636
0.2920724,0.28795123
0.2956503,0.2932253
0.294193,0.29871744
0.19154462,0.20173186
0.21656965,0.21975525
0.2432276,0.25432202
0.2928475,0.31437245
0.16791983,0.15832287
0.21846941,0.21540476
0.17185973,0.19345595
0.2037831,0.19879791
0.15451047,0.17254512
0.1733599,0.17882274
0.15284179,0.16176692
0.21349806,0.20199504
0.15437517,0.17075276
0.22419417,0.19624029
0.16344844,0.16439085
0.15593928,0.16941759
0.15712042,0.14733836
0.24860916,0.259079
0.22544557,0.217437
0.26240683,0.25606453
0.24863374,0.25078735
0.2684819,0.24313363
0.19852695,0.21203977
0.24443363,0.23952475
0.23411426,0.20612836
0.21632737,0.21749704
0.31266767,0.30525795
0.20561457,0.21245517
0.22791569,0.22679453
0.1827415,0.18758017
0.20416716,0.20049469
0.25844416,0.25783458
0.27442986,0.26842934
0.27285966,0.26744977
0.25672057,0.24352337
0.2686675,0.25475764
0.27100673,0.25117853
0.26192537,0.26265863
0.27173105,0.27040058
0.27511737,0.27089077
0.17505898,0.17164975
0.2514453,0.25565082
0.22001423,0.22495651
0.25467026,0.25188196
0.24802427,0.2438013
0.23851818,0.23800781
0.20021342,0.20536521
0.23994045,0.23295614
0.23180044,0.22953926
0.23659629,0.24350627
0.18834458,0.2171424
0.23543635,0.23966146
0.2244081,0.23559256
0.23803715,0.22700052
0.2353164,0.21098539
0.24200943,0.24842963
0.11644335,0.1442806
0.15900181,0.14006452
0.21105039,0.23561716
0.19126174,0.20069948
0.18939418,0.1841864
0.21370769,0.23763788
0.20667945,0.2250529
0.19504471,0.21593556
0.20468688,0.21620306
0.18885536,0.20014761
0.17869028,0.19048184
0.20972434,0.20005725
0.19311906,0.18686701
0.19928212,0.18525247
0.20709307,0.19929694
0.21131492,0.19093998
0.20524777,0.21882738
0.21447985,0.224069
0.2231273,0.22162092
0.22552706,0.22994503
0.23259124,0.22681236
0.2515021,0.26835686
0.25814596,0.26598632
0.2550342,0.255585
0.25126415,0.24793355
0.24934755,0.2492743
0.25435737,0.25457847
0.28526545,0.28808442
0.292077,0.29185852
0.30619466,0.30638552
0.31203163,0.3088192
0.22391471,0.2193915
0.23165703,0.22260779
0.22411285,0.21432692
0.23937152,0.2209264
0.22785237,0.23105387
0.22166964,0.23248059
0.2399736,0.23821683
0.1448426,0.14960614
0.14584187,0.14618881
0.14924203,0.1647531
0.14862508,0.15674765
0.12918745,0.12758867
0.15090956,0.1445295
0.12618345,0.13442263
0.14749132,0.15122622
0.22599572,0.24235691
0.2152924,0.2405767
0.22738345,0.24906074
0.21741477,0.25233385
0.24130815,0.25396982
0.23544443,0.25376844
0.20096044,0.22156008
0.213649,0.22958553
0.19686371,0.21928373
0.20900801,0.22890323
0.21433698,0.21780324
0.23333469,0.23120342
0.141846,0.15323529
0.16965927,0.16804148
0.14141256,0.14988299
0.16667797,0.1640328
0.1603954,0.20528217
0.16080414,0.2101714
0.17927827,0.21513072
0.17447802,0.20908979
0.27961338,0.30731642
0.2777752,0.2813845
0.22800459,0.2445941
0.23676014,0.23230843
0.24579209,0.27858123
0.28976598,0.29785252
0.28582302,0.29869652
0.23799892,0.25028506
0.27603817,0.2791679
0.2961519,0.285638
0.20368837,0.2070344
0.1876392,0.20239596
0.2193914,0.24224795
0.22800459,0.2445941
0.22894357,0.23643984
0.23510922,0.23154911
0.2237922,0.23390502
0.242204,0.2359506
0.2359562,0.23877515
0.19661833,0.20671901
0.22855178,0.24040005
0.21526805,0.21519609
0.1798534,0.19894616
0.21334249,0.24565476
0.22735217,0.25179318
0.17599851,0.217113
0.18329541,0.22640362
0.19123739,0.2036627
0.17674991,0.2157911
0.21114244,0.24797714
0.18087402,0.21158217
0.14313444,0.18991186
0.15969041,0.20697506
0.26329312,0.272246
0.2678743,0.27852315
0.26707086,0.27006078
0.2715249,0.2722063
0.25633416,0.26167405
0.25699994,0.27027008
0.2565159,0.25340578
0.25632468,0.2641399
0.24351718,0.24521558
0.24536407,0.24077499
0.24234399,0.24880672
0.22907421,0.24426848
0.19415759,0.2123873
0.21854766,0.23281758
0.21171832,0.23488764
0.22489071,0.23026529
0.22331375,0.23452863
0.26430142,0.27623832
0.26407492,0.26917252
0.1757724,0.18187223
0.18748215,0.1915252
0.14214943,0.15688768
0.1830358,0.17853856
0.1525161,0.18127538
0.18953553,0.19446498
0.20926236,0.21632122
0.23352359,0.238257
0.22321483,0.2083846
0.2176742,0.2145781
0.14018014,0.15007366
0.15434396,0.15766683
0.15243721,0.1637659
0.17202719,0.1730128
0.18716985,0.19983268
0.16841376,0.18016882
0.1953565,0.19369432
0.18256699,0.18016441
0.1767588,0.19120559
0.20262603,0.19791135
0.1433217,0.1850784
0.21148226,0.22625485
0.16173485,0.22119719
0.2475005,0.24774617
0.24105637,0.24974534
0.25459895,0.27225986
0.24167877,0.27167964
0.27671194,0.27234483
0.15899542,0.15360484
0.19907111,0.205433
0.20273131,0.21193546
0.22098286,0.2380065
0.20031808,0.23531449
0.1984883,0.2165297
0.26099154,0.26927602
0.25968218,0.26292604
0.28242683,0.2969979
0.29865968,0.29855716
0.26785284,0.28627548
0.28671154,0.28959945
0.27362072,0.28006527
0.28622365,0.2778568
0.26792946,0.27809167
0.28477374,0.27884227
0.27810836,0.28305307
0.2824735,0.27623734
0.27585173,0.27279246
0.27834097,0.27324465
0.28694034,0.2741891
0.29219294,0.2797461
0.27495024,0.27787673
0.25075,0.2509916
0.2507396,0.25237715
0.30069488,0.30143973
0.27674025,0.2596039
0.27747902,0.27371
0.3136447,0.31694144
0.27933216,0.27259567
0.2930726,0.29939723
0.25807986,0.2588937
0.2197004,0.22639227
0.24090269,0.25394037
0.26802123,0.27996942
0.2706942,0.27607375
0.30166125,0.30614266
0.20706473,0.19823155
0.22311126,0.20534813
0.22345641,0.22535123
0.19420734,0.20972386
0.17314383,0.18216568
0.1901404,0.21090072
0.21272981,0.24303904
0.19986652,0.21215579
0.2047191,0.20706415
0.22130905,0.23774336
0.20924647,0.20422946
0.2333062,0.23012066
0.23773886,0.23982683
0.2543283,0.24219391
0.20089003,0.2191374
0.19025216,0.18677914
0.15139449,0.13871479
0.13127576,0.12675148
0.14643264,0.13549204
0.1387971,0.13298784
0.14103316,0.15894324
0.1285379,0.14065078
0.1357663,0.14826818
0.14664756,0.14851351
0.23226298,0.24173711
0.23919976,0.26238015
0.20526154,0.20757374
0.2066061,0.20852003
0.25900614,0.24244623
0.20523416,0.20751637
0.21748735,0.23793794
0.12528935,0.13677448
0.1827505,0.20330535
0.18670551,0.2071793
0.20855603,0.20484684
0.19563879,0.19946018
0.20734797,0.20535342
0.19835751,0.2119593
0.19806308,0.24018556
0.23495452,0.2460351
0.20259081,0.20453495
0.20009357,0.20175591
0.17740577,0.19388768
0.17810349,0.1923221
0.18133587,0.20079899
0.18487039,0.20021869
0.31107152,0.31517464
0.30316734,0.30603397
0.18515092,0.21620364
0.19338189,0.23006158
0.1435304,0.14653496
0.13925162,0.15849115
0.17086333,0.1871175
0.16841173,0.17669222
0.18342173,0.20518005
0.18475136,0.19510666
0.21659032,0.19990864
0.21786807,0.22567917
0.10817537,0.17434515
0.17072298,0.21688074
0.18324359,0.20942192
0.21481016,0.23182005
0.15612152,0.18979609
0.15882364,0.20132591
0.22307274,0.23017263
0.21364048,0.2168241
0.21148399,0.21996811
0.24226665,0.25601912
0.24405162,0.2513465
0.2340039,0.25228623
0.2054535,0.21193917
0.17439649,0.1824761
0.27871215,0.2826785
0.17175527,0.17254032
0.15438245,0.16778073
0.26367804,0.27939713
0.26852626,0.28436163
0.25908962,0.2777117
0.27975833,0.29132754
0.25670415,0.263905
0.24379703,0.26393676
0.2609761,0.26260686
0.26418355,0.26831192
0.25536856,0.26003653
0.28138855,0.2833173
0.25730303,0.25620794
0.23651071,0.2455795
0.20485516,0.2325681
0.21593717,0.24024741
0.21489824,0.23148337
0.24821448,0.24758224
0.20378861,0.21068278
0.20131534,0.22326729
0.24341737,0.2443577
0.2218789,0.2185084
0.23683456,0.27007315
0.2375401,0.2885762
0.23678061,0.2728386
0.23679791,0.28798524
0.20126955,0.21509278
0.21719018,0.25865448
0.17337304,0.21435468
0.17494634,0.22970513
0.19063221,0.24012718
0.23002903,0.2479721
0.21189237,0.25659457
0.21402362,0.27706087
0.21775216,0.2542371
0.17826413,0.25287992
0.18006527,0.17474845
0.13983811,0.14497001
0.16640708,0.16511859
0.20787385,0.22873558
0.18736544,0.2180349
0.20959027,0.23460338
0.20202886,0.21434778
0.17333353,0.17896381
0.14986396,0.17186831
0.1800807,0.1812944
0.17370252,0.1775947
0.17885244,0.19334549
0.21276146,0.22935756
0.18128273,0.19192559
0.23261714,0.2120014
0.12998079,0.1784555
0.16062659,0.1913809
0.15631144,0.2092824
0.17712328,0.23725457
0.15619539,0.20339736
0.19699702,0.2157835
0.22199853,0.2487973
0.19603226,0.21315542
0.1503139,0.15397589
0.16787127,0.16160943
0.21176216,0.21594208
0.19915217,0.22605303
0.21395352,0.21603206
0.17019878,0.20797724
0.19938654,0.25530684
0.22343796,0.27712536
0.20344776,0.25211734
0.21019599,0.20893538
0.17828783,0.17598096
0.21100825,0.19871677
0.22671501,0.21455923
0.17553243,0.17458925
0.2048749,0.19585587
0.20736781,0.19395888
0.20456728,0.19596505
0.2343588,0.23265132
0.2039312,0.21052453
0.15965568,0.14921911
0.21783222,0.21275806
0.21521741,0.21100134
0.20695624,0.19262034
0.21047747,0.21297996
0.18420869,0.19322515
0.17727602,0.19753112
0.17110787,0.19169536
0.21626005,0.2166956
0.17032011,0.17287494
0.19428968,0.20519596
0.19989577,0.20266277
0.18471913,0.18875332
0.16709934,0.17115062
0.1649985,0.16146179
0.2203928,0.20526119
0.18771537,0.200203
0.18806042,0.19215862
0.26678997,0.2627189
0.23789084,0.26491907
0.25078517,0.27055666
0.22916044,0.25089678
0.2872319,0.2821748
0.26022202,0.25387162
0.24944374,0.25718355
0.2123816,0.23498458
0.26324835,0.2734462
0.2628189,0.26009908
0.26262867,0.27154982
0.26853856,0.277539
0.28420478,0.27251112
0.2897063,0.28253865
0.2920153,0.28909886
0.19137758,0.19045506
0.24960686,0.2709468
0.23162545,0.24038826
0.23599888,0.24904442
0.22746204,0.26126486
0.21523935,0.21826448
0.20977354,0.22462754
0.24107772,0.22864762
0.20471752,0.19549829
0.24101476,0.229203
0.24884045,0.24215716
0.19017845,0.19149882
0.17883408,0.20174716
0.17690083,0.16423078
0.22380267,0.22858226
0.21264903,0.23579895
0.22993177,0.2357714
0.22272052,0.24326456
0.21706226,0.19707045
0.21526727,0.20649107
0.18169078,0.17970428
0.17330119,0.18086372
0.26618078,0.26511598
0.26056373,0.26692402
0.21885207,0.22113115
0.2219556,0.22575144
0.27401406,0.2992689
0.27383202,0.30339345
0.16414514,0.16629261
0.24507256,0.22887136
0.20366462,0.19389288
0.2577582,0.26843148
0.27178344,0.28173515
0.28575665,0.28813797
0.2522332,0.26802036
0.2209273,0.23814118
0.18212695,0.19484293
0.28496492,0.28075373
0.31360838,0.2900569
0.26342452,0.26836905
0.2533034,0.25115114
0.2700963,0.25288653
0.3102355,0.31363863
0.30794886,0.3010327
0.2633879,0.25704327
0.28674462,0.28170985
0.27145684,0.28120643
0.19362418,0.17316581
0.19509566,0.19466375
0.25840446,0.26631662
0.2677142,0.27288496
0.21045363,0.22258538
0.1689949,0.1744356
0.20635086,0.20859057
0.20446102,0.2039432
0.27107298,0.26167226
0.2691142,0.26754412
0.20774843,0.19783685
0.19911867,0.19269614
0.1978829,0.19843595
0.19571409,0.19408487
0.22516564,0.22590666
0.1933484,0.18180996
0.19736819,0.17796604
0.25938782,0.26039463
0.23795216,0.26274607
0.21760736,0.24883534
0.17636767,0.18403056
0.18259586,0.19350636
0.18640266,0.22377679
0.19465594,0.23449011
0.21682571,0.2435135
0.21204357,0.24747051
0.21901406,0.23316821
0.21868755,0.24546394
0.18427402,0.19801179
0.22109665,0.21816832
0.18722686,0.23592703
0.22053096,0.26069018
0.20853698,0.2529375
0.24933958,0.2818452
0.21482153,0.24518542
0.2566475,0.26977322
0.19331175,0.18477857
0.19867241,0.20786709
0.2004599,0.21029308
0.20337346,0.2315706
0.18756557,0.20954719
0.18804193,0.20935394
0.24415796,0.2523852
0.2657656,0.2780843
0.22251531,0.2409054
0.22854586,0.25436503
0.17471191,0.1908063
0.20054524,0.22042722
0.23606162,0.22350445
0.17929152,0.1924518
0.19926253,0.2398537
0.19882646,0.21167126
0.24569947,0.25268227
0.23427746,0.27847314
0.20081103,0.21067402
0.2316179,0.23048398
0.21049981,0.21288514
0.16822927,0.17885128
0.19446588,0.22012812
0.17579499,0.18363203
0.21006754,0.25087216
0.20131718,0.20057914
0.16446213,0.17485811
0.19053651,0.20353994
0.20215468,0.2172476
0.18443967,0.18865538
0.1993649,0.20782763
0.20916972,0.22086707
0.3052339,0.29080385
0.29113358,0.2924747
0.30610704,0.29807124
0.28509066,0.28462043
0.29200804,0.2929449
0.20756754,0.18928635
0.19119965,0.19585483
0.21455993,0.20691675
0.20079748,0.21387464
0.25539896,0.23557216
0.2748663,0.2445299
0.24964479,0.23151775
0.24646965,0.22932374
0.22968102,0.23747316
0.24916732,0.24925517
0.27312824,0.2560648
0.2442483,0.24419689
0.24029842,0.24041076
0.22706819,0.24592224
0.24608774,0.23423004
0.2469654,0.236295
0.25014547,0.23433867
0.24081759,0.2275484
0.23702782,0.24249566
0.24492557,0.23125406
0.24521494,0.23266229
0.24940431,0.23217672
0.23534852,0.22590673
0.23903915,0.23641074
0.304659,0.32128492
0.32155168,0.32886702
0.3028183,0.31301537
0.32424235,0.323429
0.3012799,0.29691264
0.14277603,0.17797929
0.14689502,0.17829728
0.1483444,0.17259938
0.15934885,0.16727626
0.1815721,0.20320979
0.17018077,0.20087165
0.24940324,0.23612231
0.242649,0.23431471
0.119550295,0.17938943
0.1659665,0.17375837
0.20393632,0.24212204
0.20707342,0.2307688
0.21233371,0.2306398
0.2605623,0.25523806
0.2590022,0.26914075
0.23712477,0.23607452
0.24448158,0.24603221
0.22213323,0.21378823
0.199779,0.19169171
0.21413127,0.20879908
0.22437584,0.23230216
0.20548657,0.21020713
0.2203119,0.22770159
0.2289735,0.21577175
0.23405877,0.22644478
0.20827216,0.21097197
0.21387568,0.20805463
0.2325477,0.2287963
0.23275977,0.23852138
0.21125746,0.22929445
0.2252543,0.22388723
0.2667224,0.26874065
0.2634552,0.25297236
0.26415712,0.26609004
0.2791378,0.28149238
0.27319562,0.26510504
0.2804053,0.2773915
0.27748087,0.26706576
0.28657138,0.2762167
0.28072423,0.2730519
0.28444713,0.27116102
0.24041393,0.2506942
0.25674936,0.26048923
0.24977604,0.25302055
0.2596321,0.25866234
0.25192925,0.26311257
0.27224806,0.27567983
0.26232076,0.26594514
0.26821887,0.27018088
0.24075232,0.25106913
0.21370912,0.24510641
0.23828927,0.2314477
0.2661736,0.25383514
0.27490798,0.28058857
0.25483784,0.2467286
0.2257972,0.23410547
0.21697032,0.23742184
0.18090993,0.22663622
0.2457057,0.2442173
0.24852613,0.2582677
0.21974611,0.22253662
0.21902063,0.23683007
0.22345504,0.24761099
0.23207073,0.2493034
0.2263478,0.2320492
0.23205918,0.23142734
0.19723028,0.19675979
0.1812547,0.1942692
0.22091426,0.22499853
0.20088132,0.22177136
0.2024349,0.23421226
0.21471319,0.22323364
0.21061516,0.21152668
0.2184977,0.21355368
0.24401596,0.23952696
0.2705811,0.24919727
0.2034034,0.22757342
0.21317424,0.22265264
0.26509595,0.26317582
0.2370089,0.24016109
0.2732002,0.26356116
0.23257309,0.22941473
0.2854051,0.28371435
0.24718899,0.25359994
0.26724172,0.2733072
0.25731394,0.2760663
0.26655647,0.253721
0.2607469,0.2551192
0.22243261,0.23831831
0.217879,0.23130602
0.22156696,0.22192681
0.21569824,0.21539335
0.2283404,0.2372773
0.22124462,0.21401954
0.19657804,0.21935257
0.2244237,0.25424656
0.22637151,0.25034368
0.2769044,0.27550745
0.26095015,0.2696329
0.21579662,0.20314899
0.23370828,0.25683138
0.23696516,0.247264
0.26410687,0.29118615
0.18548732,0.17425025
0.19977243,0.22010154
0.2144999,0.23316193
0.21307813,0.24362679
0.22348481,0.25134316
0.20448163,0.23381227
0.22639288,0.2422727
0.25391912,0.24684384
0.22834788,0.23535985
0.2521467,0.26696956
0.23059511,0.25060207
0.19532298,0.22421946
0.26179293,0.2718197
0.26328057,0.26394463
0.25813442,0.27204964
0.26419297,0.27120447
0.21435869,0.24007747
0.21626243,0.22738183
0.20908624,0.21544912
0.22317958,0.24751337
0.20249596,0.24248207
0.2180201,0.24513778
0.22440434,0.23967382
0.21302761,0.23615992
0.22553167,0.23772281
0.22414084,0.2362688
0.21169746,0.23135471
0.22748744,0.23504774
0.29113734,0.29949513
0.3009316,0.30753192
0.292935,0.3097251
0.2817545,0.2751809
0.21071416,0.22237273
0.15434045,0.15153302
0.19015345,0.22000456
0.17420618,0.1869501
0.22981998,0.24103701
0.18329424,0.18847296
0.16939954,0.19601607
0.214578,0.23187059
0.21287414,0.22915852
0.24287269,0.29469845
0.20300934,0.21488325
0.2241193,0.2249392
0.20386972,0.21039242
0.20454745,0.21919411
0.227321,0.22992691
0.21338025,0.21745709
0.21087158,0.21283023
0.20935406,0.21809569
0.20196238,0.21300264
0.29087445,0.29745263
0.28751612,0.28937426
0.2148416,0.23382653
0.18893021,0.18468036
0.22359969,0.23733671
0.2672011,0.2691648
0.27184194,0.26993322
0.26286453,0.2649033
0.27154315,0.2670094
0.2714365,0.26934585
0.2394701,0.22532573
0.2555896,0.25789946
0.23895936,0.24077298
0.22059724,0.22804458
0.2012189,0.18908046
0.17710699,0.16932298
0.20966995,0.21099201
0.22207263,0.21988626
0.20384093,0.20491004
0.23546615,0.23393391
0.2925966,0.2990553
0.32742047,0.33419317
0.30190825,0.3155334
0.24412487,0.24569662
0.18719706,0.17839715
0.19662745,0.19600561
0.1751037,0.18405154
0.25088546,0.25227743
0.24797007,0.26127172
0.25706998,0.24429248
0.19405827,0.19206052
0.20990178,0.22789153
0.16545665,0.16807143
0.17160629,0.16995376
0.17592248,0.17930056
0.20057158,0.22290248
0.21784246,0.22107789
0.22185507,0.2472298
0.23638698,0.25346968
0.23018381,0.26126057
0.2320053,0.24120232
0.20907414,0.22729558
0.22584863,0.25243092
0.2853727,0.29870814
0.2828744,0.30011544
0.23543783,0.26876286
0.23299196,0.2609996
0.21107323,0.19945256
0.21655348,0.19035627
0.20944041,0.21792792
0.20862468,0.20412524
0.21159998,0.24737059
0.21873516,0.24342406
0.23175663,0.24267137
0.23821053,0.24586622
0.260586,0.28101057
0.25612158,0.27791452
0.22536565,0.24003765
0.24017702,0.23807216
0.20184207,0.21015371
0.22176054,0.22879004
0.2244403,0.23761
0.22189412,0.22408924
0.24788086,0.26933956
0.19948126,0.23829803
0.23186347,0.23831514
0.14952163,0.16443692
0.16156092,0.15900066
0.29227725,0.28607482
0.25336793,0.24568772
0.21620724,0.22444499
0.25252682,0.26421165
0.20589238,0.21548107
0.23886435,0.27094316
0.2652446,0.27488148
0.16991948,0.181447
0.23436604,0.24246708
0.22418994,0.21864502
0.20349914,0.20941903
0.19910169,0.20519616
0.22798404,0.20557031
0.17082354,0.17949738
0.1958831,0.21366236
0.16141245,0.17678566
0.18400562,0.2070829
0.14824235,0.1529715
0.1722895,0.1812658
0.24567431,0.23024866
0.26158875,0.25778234
0.24468513,0.26169395
0.22095361,0.2299121
0.23748158,0.2727368
0.21197635,0.22297579
0.22713944,0.24241096
0.19380786,0.18189272
0.22469261,0.24369115
0.2077051,0.26807317
0.19456139,0.2270495
0.25379258,0.31064433
0.2200159,0.2310238
0.21429181,0.22244045
0.20702215,0.2286938
0.25076735,0.2513321
0.25384435,0.26812577
0.23927331,0.24893302
0.23699464,0.2525956
0.1501396,0.15403296
0.13199678,0.16652142
0.25277993,0.25575066
0.23498622,0.2501234
0.24166241,0.25504264
0.23477772,0.22925928
0.21575916,0.2270208
0.22275144,0.23071057
0.21379565,0.22250028
0.19412214,0.17545517
0.20747884,0.19259028
0.17991126,0.20312244
0.19696191,0.19362022
0.19956116,0.20607306
0.1779699,0.19202255
0.20623927,0.21391395
0.21572441,0.23806386
0.22949992,0.2224789
0.18490238,0.20899968
0.1917755,0.21765257
0.22379808,0.2088755
0.21636353,0.23206289
0.20239496,0.2209504
0.22116236,0.23052238
0.22788702,0.23599675
0.15485464,0.20964333
0.22757232,0.20076168
0.24552757,0.23379502
0.23100738,0.21867895
0.22962284,0.24627809
0.26545948,0.28843692
0.26656234,0.27333885
0.29693976,0.29772717
0.28160772,0.269896
0.3077877,0.32210016
0.30834103,0.30896926
0.29412577,0.2926525
0.29227218,0.28331888
0.2622013,0.26323766
0.2922325,0.3142749
0.2637864,0.276924
0.27035317,0.2896
0.24802417,0.24534842
0.29239735,0.2984181
0.26593894,0.26459032
0.26920524,0.27625206
0.20121711,0.20697977
0.20591977,0.20409563
0.21264839,0.22272605
0.28337473,0.29048806
0.26656598,0.2784609
0.2590841,0.28001344
0.30635834,0.317042
0.278519,0.2859401
0.20696442,0.22730401
0.23831993,0.25347888
0.20754728,0.21602564
0.24587029,0.25716949
0.23288997,0.25561717
0.2386011,0.25010234
0.24722767,0.26394033
0.25216436,0.27020395
0.23990405,0.26642355
0.24750488,0.2625215
0.25332642,0.2757698
0.24083757,0.22976159
0.23923928,0.25343716
0.25171995,0.24205217
0.17962688,0.16967694
0.19411495,0.19272746
0.19063374,0.17931972
0.19549702,0.18948802
0.2512158,0.24377342
0.2435278,0.23779835
0.24937023,0.24828656
0.19270658,0.22001763
0.19641161,0.21995206
0.1970805,0.22601947
0.17553528,0.18073173
0.18375796,0.1765158
0.17869408,0.1775649
0.16241959,0.16081293
0.17265084,0.1520071
0.16569671,0.15412948
0.21354297,0.21394181
0.17109036,0.19180834
0.16375932,0.1579701
0.13086858,0.12620321
0.24038504,0.27699515
0.17588004,0.1822349
0.19118264,0.22841062
0.18035097,0.20346922
0.15409946,0.16218843
0.16289935,0.18231083
0.17961371,0.18892528
0.17593312,0.18276316
0.18285532,0.19439135
0.18149397,0.19837826
0.20953207,0.19814347
0.16776343,0.20340404
0.19839866,0.2008156
0.20184773,0.22058061
0.25285834,0.24815118
0.22632283,0.23312917
0.10696216,0.10943724
0.1331956,0.1328339
0.27192307,0.27195013
0.27493715,0.27478725
0.17398174,0.16378158
0.19730341,0.19174497
0.17926207,0.17558812
0.20618065,0.2303186
0.22674218,0.24658322
0.20385805,0.22712477
0.1801354,0.18292077
0.20366925,0.1956713
0.13957079,0.15651812
0.22463174,0.2585483
0.16235365,0.22553806
0.25023282,0.2663179
0.18941672,0.23629388
0.252439,0.27374357
0.22844541,0.2550062
0.21702875,0.25057998
0.21862607,0.25357744
0.20715973,0.22065577
0.22063245,0.23179562
0.19140567,0.19531915
0.20750502,0.20890579
0.22880185,0.1968286
0.20478055,0.20328233
0.19573839,0.19522136
0.23640482,0.23703694
0.21832961,0.23020491
0.22825252,0.23432145
0.2216763,0.23190701
0.25787434,0.29302418
0.27459294,0.298808
0.27052927,0.29925537
0.28828946,0.30166596
0.2555827,0.28385466
0.2756741,0.28339657
0.26185298,0.28207415
0.27024287,0.29492635
0.2505081,0.2698302
0.18782212,0.20903322
0.19063812,0.19401994
0.23484585,0.24296778
0.24738538,0.24796009
0.23593885,0.24044007
0.2342103,0.24482226
0.23078427,0.24819992
0.24063532,0.24732816
0.22124133,0.24555251
0.19234648,0.22204667
0.20338526,0.21799558
0.2214405,0.23863739
0.26413047,0.27377886
0.25362524,0.26556703
0.24812609,0.2604116
0.2785821,0.27477476
0.26195246,0.27076578
0.2509565,0.26234874
0.24546179,0.25972646
0.27594784,0.27346087
0.26706642,0.2580226
0.25233713,0.24971794
0.24686292,0.24555624
0.27773225,0.2634715
0.26656663,0.283221
0.25182647,0.27511078
0.24904984,0.2686898
0.27120584,0.28004616
0.2674787,0.2846444
0.23857242,0.27173486
0.23971291,0.2702812
0.26335788,0.28219694
0.2678935,0.2763756
0.25541157,0.2704155
0.24960868,0.26399004
0.27852514,0.27778977
0.25693002,0.27867806
0.25746346,0.26131442
0.2662394,0.2614193
0.27420467,0.2872775
0.27804476,0.28850162
0.28059778,0.2800562
0.2844309,0.27534848
0.28025627,0.28399214
0.28143907,0.28183717
0.2590684,0.24204215
0.26185438,0.26474646
0.2503181,0.2476053
0.23940583,0.25098726
0.24492821,0.24592397
0.24412778,0.23647818
0.2001349,0.20671886
0.1913932,0.21851948
0.15551463,0.16617231
0.23547004,0.2575125
0.18457724,0.19195643
0.19685236,0.20301656
0.26006728,0.24950159
0.25616914,0.26514456
0.26759213,0.2695911
0.20769423,0.20728016
0.21972594,0.22050777
0.21117002,0.21592991
0.2166019,0.22704442
0.21217078,0.22519736
0.21300049,0.23291516
0.28738648,0.2716812
0.23925331,0.2756966
0.2254851,0.23945849
0.26923925,0.29349843
0.21676476,0.24195305
0.20282122,0.21632373
0.21132869,0.1889319
0.21554127,0.23662959
0.24605304,0.2209087
0.21125479,0.20082253
0.24531934,0.25191095
0.22036713,0.23891078
0.1605824,0.1474659
0.14901996,0.14084107
0.2738824,0.29055917
0.29039454,0.3061518
0.2833546,0.29720643
0.27861783,0.28700322
0.25811905,0.28681028
0.24877809,0.25207973
0.24334821,0.26013228
0.2513063,0.26513544
0.25284734,0.26113695
0.20361203,0.20080338
0.14251201,0.14636901
0.21367207,0.23376177
0.18562129,0.19740841
0.24773496,0.2500392
0.17338833,0.1817844
0.20378579,0.1706835
0.15881674,0.17362076
0.20810804,0.19409473
0.15477444,0.19305468
0.20775706,0.2233406
0.20042105,0.2095252
0.24989684,0.29042554
0.25195378,0.2930094
0.24538186,0.28190097
0.2504334,0.23054627
0.23630854,0.24166635
0.2075309,0.2177284
0.18179081,0.20162764
0.17214979,0.19871335
0.26035538,0.2580505
0.25379914,0.2583787
0.2644667,0.2662961
0.25884327,0.26263013
0.20491114,0.21269408
0.1605802,0.17029555
0.15581124,0.16297759
0.24991868,0.25280917
0.23190185,0.23761079
0.23934406,0.2513359
0.2218217,0.23694326
0.18442543,0.22512129
0.19647203,0.22911748
0.23377942,0.25213042
0.23819834,0.27650845
0.15968397,0.17305155
0.16460374,0.19476566
0.26638705,0.26322007
0.25064707,0.28687832
0.2610628,0.26177537
0.2395921,0.27548224
0.17000212,0.18166244
0.17185281,0.18744442
0.1699113,0.17960773
0.17081112,0.18782778
0.2634093,0.263523
0.26259822,0.26969916
0.2708555,0.29551122
0.2710266,0.29296
0.26924443,0.2737885
0.2615014,0.26566342
0.25166625,0.2586607
0.29121107,0.29068807
0.27648377,0.27168196
0.25769913,0.2620972
0.2596823,0.26672077
0.23557073,0.23572579
0.18088031,0.19550577
0.23957859,0.24107659
0.17950967,0.19109966
0.22974655,0.22998728
0.2265637,0.24679832
0.28459704,0.28926477
0.26026553,0.27502388
0.30174935,0.30674136
0.18371683,0.19849831
0.1846125,0.19285257
0.19140215,0.20887277
0.19189386,0.20877126
0.24594711,0.25699243
0.2644773,0.26744395
0.24921319,0.25007406
0.17772321,0.20086582
0.1909044,0.18319577
0.2121991,0.1984839
0.2039424,0.209182
0.21778163,0.1787438
0.21124133,0.198285
0.24350618,0.24267618
0.26022014,0.2643615
0.24551252,0.25231916
0.2670865,0.26882043
0.23052335,0.23370712
0.2458143,0.24256349
0.2644298,0.2638856
0.22530079,0.22768939
0.23290187,0.24196471
0.23642007,0.24558753
0.17927906,0.18736027
0.16948874,0.17868549
0.19395456,0.17731518
0.17675798,0.16279331
0.17517358,0.17541836
0.17631048,0.15697607
0.24322659,0.2454337
0.22842912,0.22958836
0.13523641,0.15654966
0.13016793,0.15484579
0.14074227,0.1391308
0.13948439,0.1348064
0.23374839,0.24012646
0.24385226,0.24489881
0.24295677,0.2435438
0.24960844,0.24774213
0.23821223,0.23466605
0.21959731,0.21402754
0.24853513,0.24480864
0.24352205,0.24107406
0.14906545,0.15584527
0.15106732,0.16247395
0.14262198,0.15126383
0.13906921,0.14820299
0.23905133,0.23637423
0.24446723,0.23803656
0.07114829,0.09836703
0.09486912,0.09797081
0.2292924,0.23867328
0.27006066,0.26586753
0.24221969,0.24381097
0.23563045,0.24245325
0.262514,0.2746595
0.29696748,0.2987589
0.18786563,0.20148873
0.23423272,0.22681537
0.19397227,0.20677108
0.24164543,0.23139085
0.18803751,0.19840379
0.19779783,0.20505936
0.17139229,0.1817381
0.19626719,0.19671455
0.17107224,0.18823119
0.19339299,0.19670795
0.18083051,0.18010388
0.17125429,0.1701267
0.18032001,0.18238612
0.14832254,0.16493955
0.15790318,0.17260809
0.23507547,0.25547758
0.17506969,0.19993189
0.2058654,0.20715956
0.21844348,0.22317402
0.22487214,0.22679338
0.2219091,0.22137135
0.22540385,0.22449094
0.23413524,0.23106523
0.2569194,0.2461238
0.19391637,0.1918531
0.20870788,0.21849139
0.19108792,0.18964751
0.1619798,0.17234588
0.16134116,0.16069256
0.2971214,0.29330134
0.29505563,0.2947781
0.28735036,0.29228354
0.28802794,0.29553458
0.22236419,0.22628465
0.23411292,0.22339079
0.19629739,0.20410527
0.19328299,0.18570766
0.13282889,0.12403793
0.13377179,0.12640028
0.13722274,0.14458236
0.13698736,0.14568685
0.127254,0.11819751
0.12909654,0.124808535
0.16574374,0.17565973
0.21722567,0.22758923
0.20496853,0.21117562
0.20689058,0.21003845
0.19058464,0.17585441
0.1662078,0.17934816
0.19511306,0.2011038
0.1819646,0.19653004
0.2093983,0.21859491
0.24364984,0.2539705
0.26145616,0.28993505
0.25413904,0.2774306
0.27431202,0.28085282
0.27709627,0.2823133
0.2602805,0.2819662
0.21085688,0.24306211
0.17606932,0.19578232
0.1925539,0.23155516
0.21211007,0.24996078
0.17607874,0.2068228
0.21338828,0.23117545
0.21690679,0.24035153
0.2220658,0.25786406
0.17073935,0.18420453
0.2742283,0.28565842
0.28990382,0.2929057
0.2411235,0.25218883
0.19686083,0.22696826
0.23190954,0.2683578
0.21647285,0.26333064
0.2062235,0.20096877
0.22229938,0.27035898
0.22723493,0.24545103
0.22963187,0.2490564
0.21121992,0.20652433
0.2309275,0.261193
0.18549009,0.19152005
0.26853552,0.26968804
0.26364112,0.27504426
0.28317505,0.26768008
0.26516107,0.26998124
0.20466441,0.21850032
0.22274992,0.24010248
0.27537084,0.30462822
0.17467836,0.20024753
0.1661148,0.19011281
0.24418765,0.2501432
0.23253936,0.2390163
0.24762768,0.249302
0.25112227,0.25049675
0.26660588,0.2705023
0.26707658,0.26530063
0.27069217,0.26886642
0.2805757,0.27621332
0.28045645,0.28060624
0.28911096,0.28786674
0.2752562,0.2778051
0.28794608,0.28820693
0.29152414,0.28157946
0.2940325,0.29793635
0.28933585,0.30515563
0.31349802,0.30462134
0.22544609,0.20554793
0.20715255,0.18765214
0.22765258,0.23088738
0.20660597,0.2048198
0.26245543,0.26599297
0.26820484,0.30223808
0.2665318,0.2802485
0.275441,0.31693196
0.29488063,0.30863047
0.277608,0.31108946
0.20284465,0.25265735
0.23702988,0.23782796
0.22571808,0.21919298
0.17333122,0.20768198
0.1656354,0.22481057
0.20394997,0.22905993
0.2006727,0.21070643
0.20626199,0.25235346
0.19303943,0.22181255
0.24293426,0.22351761
0.23669946,0.23804988
0.2558807,0.24209832
0.25481582,0.2630277
0.19936866,0.21537784
0.19565806,0.20134278
0.24919802,0.25577497
0.26779118,0.27195847
0.17185323,0.1777297
0.18530267,0.19243257
0.24573581,0.24175796
0.25762308,0.2499345
0.25756937,0.2609919
0.24393211,0.24359821
0.25077134,0.24608229
0.27019313,0.27741006
0.2632159,0.26085386
0.25996625,0.26540047
0.26351708,0.26185867
0.24023148,0.23937963
0.24135882,0.24742207
0.2873125,0.29509842
0.23751163,0.26308048
0.25456017,0.26259416
0.24611759,0.26765576
0.177548,0.18744883
0.25498065,0.28543603
0.29207462,0.29249653
0.28200975,0.28280002
0.28608418,0.28704554
0.2666498,0.2878796
0.26151627,0.27818182
0.29149485,0.3153631
0.28103498,0.3085086
0.26820603,0.27114096
0.244667,0.24415648
0.2918373,0.290642
0.27067208,0.27246365
0.30652615,0.30309087
0.29109576,0.29149053
0.2766872,0.27285156
0.31083393,0.30331823
0.2039817,0.21872592
0.22042626,0.24902718
0.20511088,0.20419458
0.20035309,0.20653267
0.24588376,0.24925077
0.2503659,0.25572848
0.17970124,0.21290559
0.1905649,0.21592155
0.26450443,0.26444343
0.2453589,0.23444514
0.2545434,0.24907558
0.2554191,0.25311324
0.2804033,0.28067273
0.14548261,0.14939281
0.10950872,0.11275239
0.2241848,0.21047883
0.20229308,0.20020212
0.23027357,0.21114534
0.20567295,0.19709447
0.2532028,0.24846151
0.23070125,0.24699289
0.2629009,0.25315255
0.23513135,0.24774897
0.20309383,0.20466542
0.20002034,0.2142756
0.21218956,0.22174366
0.2065948,0.22980009
0.18270087,0.20537268
0.20807208,0.218064
0.17967506,0.20303412
0.19051646,0.20822561
0.1849587,0.20254198
0.21227342,0.22941993
0.12672216,0.14890708
0.16092086,0.15628138
0.25820214,0.27030766
0.26607257,0.265549
0.2501719,0.27268195
0.2527907,0.25438917
0.25818223,0.26385498
0.20334038,0.22519621
0.2703492,0.24881153
0.23914799,0.24086496
0.25437886,0.23819132
0.19020861,0.23220743
0.25936848,0.26362932
0.22360682,0.25950164
0.24110085,0.25575408
0.19869308,0.23768692
0.26727062,0.2634821
0.2401493,0.26327944
0.25182575,0.25680703
0.2722722,0.25675985
0.28228712,0.2816987
0.29125702,0.2893569
0.16297288,0.14521062
0.20661812,0.20734328
0.17374891,0.1832623
0.19061723,0.20102882
0.20075108,0.20196304
0.21826392,0.2341213
0.2258638,0.23529491
0.22521803,0.24384983
0.205652,0.23406754
0.1930027,0.23768803
0.29299197,0.29768097
0.19811246,0.20168339
0.2435851,0.25642502
0.22056285,0.2573707
0.19008183,0.26006445
0.2627573,0.27987176
0.25552988,0.26139703
0.22986217,0.26028764
0.19836076,0.26511896
0.2745421,0.28274614
0.30407578,0.36302644
0.3290135,0.36935836
0.22281295,0.2542669
0.25740921,0.2823922
0.22234458,0.25913516
0.2672485,0.28745383
0.21488488,0.23605004
0.2283055,0.2454203
0.17310883,0.22764981
0.17087516,0.22364052
0.28880075,0.30361605
0.27754587,0.2823232
0.28421232,0.2982107
0.31276464,0.3229347
0.20973499,0.21136877
0.21600166,0.24968323
0.19865566,0.17940423
0.20426354,0.22766823
0.21235734,0.20368516
0.22374666,0.24717434
0.23522641,0.23466143
0.25154066,0.2682128
0.19739148,0.19219157
0.1808408,0.17730024
0.18310945,0.18220802
0.20498161,0.18778986
0.18477675,0.20131713
0.16073157,0.1741694
0.16321175,0.19169575
0.18137544,0.20178333
0.2947295,0.3126554
0.3069321,0.31185246
0.30198002,0.30537117
0.2619616,0.26155403
0.21550363,0.20685461
0.2384777,0.23015307
0.16988347,0.16322105
0.19492166,0.20875466
0.17411926,0.15236114
0.25034487,0.27078664
0.26845634,0.27073488
0.22446385,0.23213845
0.2277444,0.22875988
0.2164821,0.22362345
0.24012735,0.2340427
0.20066258,0.21595806
0.28321344,0.27071115
0.223261,0.22801545
0.21118467,0.20952912
0.17538793,0.18508555
0.24072592,0.255549
0.23721844,0.24387522
0.24175942,0.245894
0.2238984,0.2129598
0.19529413,0.17408286
0.32378405,0.33188912
0.24923795,0.25774136
0.22517967,0.20966953
0.16011007,0.15890118
0.1903997,0.1708486
0.19225521,0.18971236
0.1888686,0.16815278
0.22829033,0.2553829
0.23151074,0.25741753
0.24064541,0.25751388
0.2637938,0.25321692
0.1307768,0.118277326
0.14811872,0.121938184
0.1304779,0.103132665
0.24360973,0.21811493
0.2154508,0.2158019
0.2204607,0.23128317
0.23498648,0.25344235
0.23818634,0.25605312
0.24037215,0.272806
0.24456304,0.2533803
0.252457,0.25463083
0.25575125,0.27074018
0.23516008,0.24652745
0.2393137,0.24907361
0.23779051,0.2617001
0.2543119,0.2690298
0.26986548,0.26499513
0.26783907,0.26268238
0.25227463,0.26794297
0.26640448,0.26530105
0.26652157,0.2662045
0.27356872,0.25366324
0.2857772,0.30266634
0.27690023,0.272484
0.26528084,0.26509166
0.24099897,0.2367367
0.24237457,0.2414365
0.26547512,0.26474333
0.27185383,0.26829997
0.22857043,0.2204813
0.23415938,0.2187022
0.22260574,0.22111064
0.22887096,0.22614993
0.22128728,0.22193742
0.23349859,0.22411305
0.23098916,0.22828184
0.2533824,0.25634408
0.24078631,0.25629702
0.21468522,0.20754944
0.21025461,0.2115961
0.23185284,0.23194861
0.22337323,0.2407155
0.21523544,0.22162786
0.23089126,0.21504
0.2149218,0.2176026
0.22665145,0.22330198
0.19011176,0.19790444
0.20536685,0.19569275
0.18783185,0.1928339
0.20405553,0.20074351
0.27398574,0.27740395
0.281644,0.2852508
0.23272747,0.23575729
0.25329494,0.2421611
0.23732504,0.23757434
0.23444834,0.23936099
0.222316,0.23072088
0.24095,0.2379947
0.22207761,0.23397206
0.22056629,0.23097461
0.22012493,0.2516567
0.23545665,0.26575452
0.21869999,0.2555582
0.21929628,0.25408196
0.25131133,0.26605117
0.27022344,0.26625347
0.24727938,0.2636004
0.25104207,0.26892006
0.21118486,0.22969119
0.22252886,0.23373799
0.2290161,0.25405425
0.2527613,0.27741426
0.23553064,0.25599182
0.23505595,0.24973956
0.23616672,0.25682703
0.21407191,0.21313895
0.21854489,0.21502058
0.24748519,0.23407358
0.18283975,0.17030652
0.19199954,0.1736037
0.16584906,0.16117425
0.27678978,0.27060106
0.22127485,0.23065934
0.14807914,0.17246725
0.13545744,0.1629852
0.17752366,0.24236712
0.15427786,0.19916739
0.18802461,0.22311099
0.1775437,0.2233319
0.15900494,0.17277205
0.17012396,0.20429988
0.19425963,0.21895617
0.1625419,0.16413781
0.18904516,0.20469892
0.23163158,0.21151643
0.16748102,0.17790887
0.17377287,0.18251409
0.19123912,0.18910342
0.23978889,0.2461199
0.16587351,0.16331491
0.16274893,0.15148832
0.17264138,0.1796431
0.16481817,0.18115437
0.24591549,0.2641644
0.25658798,0.27068162
0.21420033,0.22590922
0.19510211,0.20993355
0.21199042,0.22592765
0.1933628,0.21461776
0.312584,0.2881922
0.16918714,0.16057204
0.15870513,0.1568697
0.24805635,0.26504636
0.2549274,0.25806162
0.2601397,0.2916394
0.24641147,0.24793583
0.24782145,0.2585425
0.30705,0.34235713
0.25183666,0.2685865
0.25092417,0.26698354
0.1764529,0.2225837
0.1518051,0.19355957
0.28857476,0.31680495
0.2870504,0.31650412
0.25440484,0.304953
0.2855105,0.2962941
0.28034687,0.29397327
0.25893226,0.2852067
0.22328278,0.23051435
0.19501144,0.18961002
0.22128317,0.22746928
0.18628734,0.19567856
0.1897017,0.22130229
0.14861163,0.1617282
0.17558041,0.1790311
0.14194275,0.14440997
0.16450337,0.15103583
0.19007745,0.2022944
0.15174548,0.13538295
0.18545482,0.18796556
0.097275235,0.118298456
0.16146196,0.19552214
0.30572954,0.29965252
0.25056538,0.25077963
0.24105427,0.23955996
0.23872952,0.25247207
0.28241473,0.27935243
0.21792695,0.22680613
0.25222173,0.2688341
0.22972322,0.22604676
0.31406948,0.31834486
0.27574986,0.27618238
0.22424588,0.2411066
0.23270413,0.24510276
0.2170636,0.23744869
0.2170332,0.2516988
0.19294368,0.19238934
0.24184452,0.25814462
0.24802732,0.25289217
0.23497297,0.25125706
0.20372358,0.2228098
0.26475838,0.26223332
0.27947414,0.27147564
0.30116493,0.30946392
0.20331566,0.22812836
0.22102612,0.23544402
0.20403299,0.2058674
0.17410004,0.19151229
0.14650181,0.17321269
0.12995173,0.16855568
0.22281212,0.2393659
0.20742102,0.22617613
0.2197009,0.22781599
0.17536005,0.23051788
0.17275226,0.18436609
0.18011965,0.18029732
0.19308682,0.20965265
0.1746019,0.16711332
0.26248705,0.27978244
0.25318527,0.26626796
0.24186143,0.26333988
0.24346574,0.264669
0.27796766,0.29570565
0.25879538,0.2860837
0.2570532,0.28737414
0.2781501,0.2702621
0.27463654,0.27431864
0.30823854,0.3200725
0.30007967,0.31144813
0.3201137,0.3125446
0.29492795,0.28203884
0.28872696,0.28125995
0.3293706,0.3337214
0.2883964,0.298843
0.2795249,0.29386365
0.26792842,0.28892028
0.28803447,0.29225615
0.2954054,0.30236983
0.30945456,0.30869105
0.29549056,0.30716097
0.3127407,0.3050404
0.2816706,0.30022484
0.3026602,0.30163646
0.27792227,0.30397946
0.30075103,0.30523348
0.22574198,0.21405102
0.31574747,0.3118152
0.2953531,0.31034625
0.23640583,0.25029483
0.21444528,0.23284858
0.2670768,0.27143374
0.2591793,0.2655951
0.2527719,0.25783354
0.26656717,0.27998245
0.22011119,0.2244262
0.20740381,0.20383477
0.2138441,0.22568431
0.20212227,0.22672407
0.20867391,0.21692659
0.19697769,0.21646604
0.17845634,0.20337065
0.27036792,0.27231675
0.23856276,0.24275649
0.23998107,0.23732932
0.23940599,0.23498102
0.30549583,0.30113858
0.1495804,0.16680282
0.16699106,0.15995617
0.30144927,0.31981045
0.29398537,0.30633903
0.24118191,0.24418238
0.22814725,0.23213491
0.22877955,0.23957425
0.22104663,0.22746909
0.22691524,0.22940755
0.20708457,0.22180429
0.21570843,0.21948099
0.24093059,0.23109514
0.19501698,0.21163726
0.20825869,0.19403367
0.28075266,0.291821
0.23999512,0.29045624
0.24741852,0.29233667
0.2752264,0.297643
0.24147846,0.2926687
0.1766588,0.24258418
0.2557933,0.2939028
0.2438619,0.2833687
0.23835957,0.28718668
0.25885928,0.29838246
0.24409662,0.27950445
0.25807735,0.2697983
0.25259078,0.26319686
0.25970745,0.26114333
0.26694965,0.28087798
0.26778376,0.27632034
0.2724781,0.27502593
0.25217724,0.25307065
0.26132584,0.26271126
0.20094882,0.22707291
0.25342226,0.24746785
0.26107734,0.25304726
0.19482246,0.20476373
0.29432333,0.30950367
0.2889479,0.2852633
0.28575808,0.2887387
0.28745762,0.2919712
0.28036124,0.29023182
0.28722897,0.28530076
0.25615162,0.24519598
0.24826789,0.2501951
0.23813178,0.2526425
0.23671152,0.23988771
0.25449526,0.25976282
0.17789021,0.17895505
0.18095228,0.1795054
0.17488739,0.17783862
0.17891486,0.17014007
0.27149191,0.2771776
0.22934252,0.23558182
0.2215049,0.23801516
0.26418006,0.2801402
0.1988009,0.2377946
0.22050999,0.26122183
0.2632054,0.2636089
0.20134047,0.2152022
0.20550069,0.20754951
0.2422543,0.25252804
0.22702564,0.2493508
0.21768993,0.21123888
0.2484214,0.24504611
0.20132509,0.20366105
0.23499092,0.24805537
0.22451456,0.233001
0.28155378,0.30624908
0.2556551,0.2434226
0.25987977,0.27240425
0.27202395,0.275904
0.26592886,0.2495391
0.26888084,0.26848468
0.2773475,0.2704932
0.25731415,0.23786938
0.26432377,0.25698912
0.26909095,0.26633877
0.16054861,0.19952458
0.20082691,0.2019949
0.15716814,0.19557844
0.20188153,0.19930479
0.13611707,0.17277181
0.12793662,0.1461197
0.17866561,0.1790511
0.15588751,0.16296941
0.23950408,0.25620908
0.29722166,0.31514168
0.22592866,0.22974594
0.25700703,0.26794785
0.18152753,0.18595724
0.22818482,0.23551203
0.23531567,0.2303477
0.18694682,0.19237679
0.13017884,0.1592538
0.19969146,0.22965758
0.15576097,0.22334933
0.107487395,0.11727604
0.19965449,0.21463212
0.17824894,0.17947574
0.16000389,0.15284279
0.1437764,0.14938694
0.17881292,0.21121535
0.28357,0.2949797
0.18821402,0.21492222
0.30594468,0.28800052
0.23076084,0.24527258
0.269778,0.28389633
0.23428878,0.23169842
0.28234094,0.28441626
0.28376848,0.28692108
0.2502417,0.26790464
0.28628224,0.3038407
0.2915576,0.28734642
0.19794168,0.20352599
0.23515157,0.23692532
0.2559101,0.2374376
0.19030528,0.19856949
0.20043018,0.19267717
0.20884208,0.1971268
0.23720936,0.22690783
0.205455,0.20744476
0.2202658,0.2147225
0.23465732,0.23365644
0.21278082,0.2380251
0.22827864,0.25122902
0.1863969,0.20021036
0.20245734,0.24016488
0.26736283,0.27030045
0.27413327,0.2858063
0.24529123,0.25193503
0.25988612,0.2665782
0.23928851,0.27539346
0.23052329,0.23175508
0.23865886,0.24673548
0.2511005,0.24887687
0.23738953,0.24175334
0.20366417,0.20190862
0.220133,0.23636182
0.2358641,0.23900458
0.22203584,0.2322016
0.23442522,0.22212844
0.20686921,0.2232132
0.20521787,0.20175512
0.20134221,0.2080675
0.10244063,0.13110758
0.08368996,0.12313964
0.22652626,0.24287115
0.2190009,0.22882463
0.25550637,0.2575243
0.24946909,0.24734136
0.25047874,0.2518198
0.24187866,0.24215907
0.25138614,0.25574338
0.24362127,0.24446951
0.21753812,0.22271577
0.23975205,0.23478502
0.25517437,0.2516374
0.2560836,0.25369465
0.26216498,0.2524724
0.28005445,0.28298444
0.26355276,0.27263004
0.264493,0.28947112
0.2521345,0.2900537
0.2112894,0.22382258
0.22909765,0.23007697
0.23437646,0.2314643
0.21874583,0.22627565
0.23584768,0.23204057
0.24054638,0.23312691
0.19644412,0.19514808
0.17494212,0.16533223
0.2733886,0.2692668
0.26473206,0.26333064
0.27597678,0.2942639
0.2632828,0.28557524
0.2325623,0.23919359
0.23866619,0.25110498
0.24745664,0.26130617
0.2294901,0.23983616
0.23502646,0.23302595
0.2364079,0.25042945
0.23670053,0.23843393
0.16663717,0.20824298
0.19402955,0.22385202
0.18994114,0.2066457
0.19350575,0.21132776
0.15757687,0.17439634
0.16772582,0.16561462
0.21362954,0.20670699
0.2144566,0.20414823
0.22452892,0.19669178
0.20929271,0.20981054
0.19246402,0.18905613
0.20273112,0.19403781
0.25767487,0.252349
0.23290065,0.24204239
0.2574168,0.24834469
0.24584888,0.24760102
0.22759679,0.22535354
0.24464223,0.2490738
0.21657087,0.23132761
0.2293585,0.23276219
0.22321996,0.23387168
0.19960417,0.20787433
0.27523768,0.26752383
0.24886121,0.25420213
0.24745198,0.27440536
0.22703409,0.24927567
0.23419264,0.26017544
0.22201489,0.22870654
0.20125638,0.24160987
0.27242023,0.29462892
0.1865725,0.22915898
0.23481224,0.26190692
0.21330239,0.24776481
0.21422952,0.23807648
0.27973926,0.30099496
0.19861479,0.22350253
0.24250987,0.26111865
0.21340355,0.23993598
0.2238728,0.24164003
0.28947753,0.2887409
0.27295995,0.29070586
0.2717187,0.295404
0.21288551,0.20591219
0.20549154,0.23980497
0.23932892,0.23058571
0.23444621,0.2079519
0.21632943,0.22625002
0.1966987,0.1840188
0.1985676,0.20146698
0.21919774,0.2251991
0.19597627,0.19691788
0.2104199,0.19998059
0.15571867,0.17544506
0.18082692,0.1701029
0.16838717,0.17836139
0.23373497,0.24114531
0.24475169,0.25618553
0.28862983,0.29535568
0.28387472,0.2760772
0.2789837,0.2747598
0.12928557,0.14218575
0.17057006,0.15297544
0.17148764,0.18459146
0.23944539,0.27313632
0.25034595,0.25590312
0.21420091,0.21627316
0.21080154,0.2112293
0.19924109,0.2093975
0.21113516,0.22505921
0.208635,0.21508646
0.19660622,0.2221649
0.20502818,0.23520729
0.17406598,0.20798384
0.22802544,0.25673965
0.1831141,0.20084995
0.2277091,0.24599205
0.18732175,0.20508367
0.18562326,0.21630646
0.20079689,0.22263196
0.17692487,0.1941917
0.17314745,0.20574716
0.1896334,0.21178177
0.16965911,0.16027482
0.17038293,0.16407216
0.18465054,0.1732504
0.19221126,0.19950402
0.19473279,0.20946191
0.20182107,0.21738194
0.16304466,0.15778747
0.13390191,0.122169405
0.19665463,0.20526259
0.26782954,0.26226985
0.22841871,0.22128454
0.24985963,0.26710087
0.26512057,0.26350707
0.25766522,0.24401695
0.2650456,0.26481235
0.26810503,0.2659459
0.2439658,0.26568633
0.242902,0.2513458
0.25206468,0.26877648
0.25318837,0.2694605
0.245096,0.27450207
0.24612446,0.26065758
0.253188,0.27831915
0.25394425,0.27625132
0.26317215,0.25773284
0.25325233,0.25395676
0.24908046,0.26578572
0.27351922,0.28818846
0.25288957,0.25802514
0.27515036,0.28887546
0.25285092,0.24766068
0.27455413,0.29067814
0.2503033,0.2553109
0.229273,0.24626057
0.23103017,0.24358386
0.22743715,0.23971929
0.22678801,0.23867507
0.21136504,0.22971712
0.21190669,0.22123045
0.21072093,0.22031268
0.20715307,0.20408845
0.21187499,0.23881474
0.20995456,0.226151
0.22072394,0.24388644
0.21681783,0.22748016
0.22475749,0.23386581
0.2132622,0.21824329
0.21952608,0.22132361
0.16137537,0.15671384
0.23915419,0.2522037
0.24721348,0.24544302
0.21661383,0.20485967
0.16908546,0.18427657
0.17999575,0.185325
0.19602507,0.1994741
0.19828996,0.19884633
0.24877843,0.2454561
0.26723316,0.25369173
0.2499996,0.24439494
0.26421738,0.25292662
0.23970084,0.2608534
0.2161693,0.2333718
0.20627746,0.2339286
0.20081869,0.2007072
0.16276686,0.18089774
0.1459644,0.14853115
0.21431823,0.22733518
0.21819305,0.22557762
0.20321555,0.20051235
0.2142877,0.1956162
0.25335175,0.2839468
0.1924354,0.23597068
0.19458278,0.21600942
0.2437697,0.24350965
0.19049966,0.2114118
0.19992071,0.24401262
0.22551355,0.27095795
0.16752225,0.18290734
0.16555166,0.18122615
0.17006572,0.19407302
0.17160863,0.18555427
0.21806812,0.24884431
0.20967169,0.23894641
0.17318359,0.1817938
0.16026296,0.16873527
0.1701253,0.18195167
0.15461653,0.16154744
0.17047125,0.17726372
0.1548014,0.15993111
0.17542548,0.1799264
0.15697442,0.16609482
0.24821545,0.24746102
0.27320868,0.27979013
0.25720608,0.26106018
0.28479055,0.3019683
0.20858619,0.19715425
0.21350773,0.1956222
0.24507353,0.25523925
0.25791442,0.2612869
0.21644819,0.22548096
0.2290118,0.22715905
0.24404478,0.24956799
0.16226162,0.20902868
0.22360632,0.23426598
0.16432701,0.20617707
0.2580561,0.29126704
0.29005218,0.27845484
0.2395522,0.25586686
0.28006524,0.26056066
0.23018543,0.23422243
0.23749025,0.24685343
0.20073308,0.20653306
0.23602408,0.25222018
0.26042116,0.26645106
0.25606894,0.23896195
0.25840193,0.2470401
0.25236326,0.2679175
0.24153553,0.24072453
0.23659892,0.2370281
0.29058394,0.2893009
0.26846763,0.2604144
0.2717133,0.24898255
0.18306136,0.19611031
0.20133217,0.18378203
0.2515642,0.25751877
0.27811474,0.28883702
0.28166676,0.28677133
0.21903649,0.21502784
0.21457583,0.21873671
0.20789567,0.23640151
0.20915043,0.23140347
0.18060367,0.21420431
0.18100733,0.20693062
0.2471173,0.24683289
0.23581448,0.22270018
0.23880187,0.24153674
0.1927348,0.20480491
0.22404483,0.21367109
0.17257614,0.16983187
0.20285206,0.2103171
0.20077595,0.19854996
0.2716641,0.29758185
0.29205284,0.29739535
0.25594002,0.26987082
0.21276352,0.24148244
0.2660712,0.2645745
0.22048539,0.23670086
0.23136567,0.25131625
0.23745078,0.24111886
0.22624029,0.22273904
0.1882026,0.21216635
0.21148968,0.21960516
0.22082749,0.20789357
0.18211696,0.18660776
0.1562199,0.17778993
0.17014134,0.18873024
0.13064924,0.13051209
0.13882892,0.13044973
0.16053319,0.15070918
0.23054278,0.22152267
0.23107821,0.2155883
0.23037593,0.23847517
0.22772963,0.22797903
0.24370041,0.24639985
0.23412536,0.23553061
0.23056743,0.24492332
0.22249575,0.25353447
0.24278449,0.25760746
0.25900117,0.27285582
0.25592345,0.27641252
0.27184126,0.28502244
0.18204018,0.21317244
0.16941616,0.163533
0.22387165,0.24863026
0.2429237,0.28303778
0.25701925,0.27328792
0.2753004,0.30077785
0.27930474,0.2812194
0.2845812,0.28905556
0.30729172,0.31179583
0.27532685,0.31890023
0.29580176,0.30540943
0.20583698,0.23332278
0.22800553,0.25000817
0.2241934,0.24705467
0.24210082,0.25797185
0.20783022,0.20952311
0.21092568,0.2245595
0.20112713,0.20678796
0.2478079,0.28061986
0.25794417,0.29447466
0.25283763,0.29644856
0.19554067,0.22756074
0.21288964,0.24223368
0.20986067,0.22306617
0.21115749,0.22565176
0.24793331,0.2657768
0.24366203,0.25689667
0.24528119,0.25339675
0.25496465,0.26412538
0.25091815,0.25577334
0.25069082,0.25273257
0.23187967,0.23982225
0.24799234,0.25717828
0.2594553,0.2655609
0.25110903,0.26365545
0.24993947,0.24984165
0.22512206,0.2411096
0.26608178,0.27720112
0.24903524,0.2705133
0.24076049,0.25706494
0.23323779,0.24413602
0.23377693,0.26280397
0.21899877,0.23942474
0.2296606,0.24272963
0.2184096,0.25051168
0.21987748,0.25034052
0.22765844,0.23318566
0.20171206,0.24835253
0.21362363,0.22697182
0.21441084,0.21950276
0.27870077,0.28277883
0.28571188,0.29157206
0.28336784,0.2873629
0.23721698,0.24503443
0.16897766,0.1749464
0.18895195,0.18716992
0.16804767,0.17142276
0.17108461,0.17515081
0.29400414,0.28370786
0.26613602,0.28373492
0.28054166,0.2864139
0.17034589,0.18594614
0.1743143,0.1854437
0.27649552,0.2838424
0.25744647,0.26269996
0.2442908,0.25427508
0.24592929,0.26206902
0.27067268,0.27538702
0.18789713,0.2082811
0.26527297,0.2704622
0.18592623,0.19160177
0.29081064,0.28868267
0.2651546,0.2671777
0.12665692,0.15678912
0.14914857,0.17071283
0.20716378,0.20511773
0.19778572,0.20441078
0.20467226,0.21158485
0.20794344,0.22433689
0.21880135,0.21742012
0.23775929,0.25799736
0.24917056,0.2611032
0.25618497,0.27072257
0.2669598,0.2753899
0.2610739,0.2651064
0.25767398,0.2609833
0.26485908,0.26759595
0.267683,0.2649871
0.27550393,0.26972365
0.25511456,0.24598603
0.26460367,0.25204092
0.25624114,0.24150494
0.2585774,0.24340764
0.24494258,0.23406965
0.2560753,0.24248236
0.24252516,0.2296376
0.24442779,0.231815
0.23766768,0.23070984
0.24548727,0.23452671
0.23669745,0.22954112
0.23580821,0.22593972
0.28863585,0.28615603
0.2878303,0.27925938
0.30111703,0.30270278
0.29644164,0.2995637
0.29547137,0.30074704
0.3072536,0.30324936
0.2743991,0.26466677
0.27772707,0.26864284
0.25453413,0.25519368
0.2726105,0.26443473
0.26688078,0.26327154
0.26813447,0.26747844
0.24784105,0.2551142
0.2607733,0.25985765
0.27667192,0.28988618
0.27230662,0.27208564
0.26407152,0.26417938
0.23829651,0.25009525
0.25713986,0.26609242
0.2418836,0.24508655
0.2647303,0.25606075
0.24866858,0.24309854
0.26494768,0.25934708
0.2247451,0.26776034
0.23458454,0.27541018
0.2279444,0.23148842
0.21652576,0.22241265
0.24507137,0.23950905
0.2166582,0.23723853
0.237135,0.24665534
0.22272041,0.24080732
0.2412532,0.24768424
0.2105316,0.2226148
0.23364604,0.23148197
0.22300738,0.22974704
0.2183924,0.22512445
0.23813245,0.24745886
0.23179673,0.2356213
0.2170455,0.20818725
0.21107842,0.20110723
0.22637856,0.25316614
0.24890283,0.28111577
0.21887437,0.22670293
0.23120485,0.24540988
0.24570733,0.24720442
0.21245942,0.20574033
0.18317752,0.1929107
0.18432866,0.19314125
0.20990033,0.21317193
0.21230134,0.21707499
0.18666916,0.19675511
0.22487795,0.23579484
0.19972438,0.20619453
0.2329734,0.2298122
0.16361246,0.18533659
0.17295857,0.18348384
0.16664758,0.17918545
0.18837368,0.1842075
0.15714334,0.16807173
0.25942925,0.269124
0.23420043,0.24285646
0.22293404,0.22956052
0.26937115,0.26658663
0.2844064,0.29046384
0.24002337,0.2570596
0.20183401,0.2079536
0.19883834,0.2120445
0.22319654,0.23906182
0.23322375,0.24772888
0.19718103,0.22255526
0.20062982,0.23063776
0.21449856,0.23055458
0.24648431,0.25679725
0.23715542,0.25935054
0.25986668,0.26837957
0.26890773,0.29210615
0.19023588,0.2047491
0.1857857,0.18753274
0.21798867,0.21748677
0.24130937,0.24148786
0.27011013,0.2835682
0.28525382,0.31629702
0.20095462,0.20621285
0.2232052,0.2219543
0.24522018,0.24648702
0.24653481,0.25302216
0.2830982,0.28846002
0.24131176,0.25908375
0.27128857,0.29251224
0.17770188,0.17751788
0.18555911,0.20423397
0.1813059,0.18115741
0.18348278,0.18463364
0.17865732,0.21224925
0.18710992,0.2102268
0.17971483,0.18880376
0.1879197,0.17506114
0.20362899,0.19197556
0.2202605,0.21345554
0.21252793,0.20978191
0.22952978,0.2619966
0.22421524,0.24135068
0.23194875,0.24705905
0.28787866,0.28828067
0.3120372,0.32655907
0.15206021,0.15643479
0.14775538,0.14837123
0.16098025,0.19803365
0.1841195,0.20374204
0.16426915,0.18219471
0.17120346,0.19932052
0.20068514,0.20248842
0.17754856,0.18227348
0.20144008,0.20029016
0.21881762,0.21859649
0.19364303,0.19547693
0.20645821,0.20086344
0.17601871,0.1800214
0.15524246,0.1739663
0.15298836,0.15394148
0.17084709,0.1726928
0.18312742,0.19076347
0.24916473,0.2798221
0.274005,0.3097893
0.25418508,0.2581761
0.2764089,0.28900617
0.23535551,0.24651611
0.2584077,0.2787607
0.23818977,0.23619604
0.22336334,0.22701764
0.199257,0.1989902
0.20199333,0.21319476
0.18146725,0.20799465
0.19550036,0.23817283
0.21700943,0.2421401
0.17287073,0.19504017
0.13999224,0.19869469
0.16368312,0.21844228
0.18194364,0.22061175
0.18836518,0.20440179
0.16333164,0.20567204
0.1805843,0.23616076
0.19986738,0.24112374
0.19980244,0.20957096
0.17042679,0.20467126
0.19094518,0.23396416
0.21164772,0.23300561
0.20666037,0.22341344
0.18088086,0.22716737
0.1941182,0.24411058
0.21303238,0.2491602
0.17675702,0.18041264
0.16052234,0.18018946
0.14506322,0.18997297
0.17174281,0.1953565
0.20272233,0.23069406
0.2359994,0.24243185
0.24660265,0.25859264
0.16986845,0.19514072
0.18325981,0.1911831
0.19554052,0.21012035
0.18911691,0.20873518
0.25308806,0.24664035
0.23260644,0.22670737
0.22082527,0.22135969
0.23210585,0.23886597
0.27190453,0.27659136
0.25865972,0.26837218
0.24324119,0.26419958
0.2076061,0.20638725
0.22230884,0.25934982
0.2618931,0.25601858
0.20468828,0.19968289
0.17477772,0.19301964
0.20156166,0.1940414
0.18938388,0.18445069
0.20416155,0.19595729
0.18852396,0.18611239
0.2655223,0.26996902
0.2696428,0.27901143
0.29283673,0.2909847
0.2976796,0.30381912
0.26741704,0.2547362
0.27862817,0.27557066
0.272605,0.26243937
0.27666184,0.27393115
0.27363253,0.26028138
0.26966566,0.27773845
0.27006596,0.27232024
0.27454686,0.28485954
0.29779074,0.29398036
0.30344623,0.30960914
0.27377486,0.2591893
0.28637382,0.28332782
0.27563208,0.26758498
0.28038058,0.28201884
0.27791694,0.26539084
0.2745164,0.28632435
0.24103333,0.25485986
0.24593572,0.24685287
0.20707971,0.22199637
0.23471189,0.23281163
0.24276969,0.22772467
0.26046592,0.25844637
0.256205,0.26003382
0.19924648,0.21828252
0.26811606,0.2834504
0.23726404,0.24913183
0.29161802,0.28164637
0.24859746,0.25504217
0.2642374,0.25603938
0.2027199,0.23375553
0.18791808,0.22830434
0.24914347,0.2408589
0.25041837,0.24434721
0.20664641,0.20368552
0.20497978,0.21523471
0.21933132,0.22912472
0.22272286,0.21155
0.25949728,0.2586808
0.2530321,0.2593996
0.29082924,0.26103377
0.24378939,0.22762242
0.23936303,0.22745825
0.27832288,0.23298097
0.2876791,0.28665814
0.289714,0.28008655
0.30714828,0.28813455
0.16317487,0.17508264
0.20527756,0.2360292
0.22142671,0.2571244
0.20653106,0.2006398
0.20953685,0.21036695
0.25196373,0.23546562
0.23071612,0.21024081
0.22435756,0.21956423
0.20982927,0.22840112
0.21193787,0.21655452
0.2188879,0.23946786
0.1692116,0.18953611
0.28426528,0.32086468
0.2864621,0.31538448
0.22902974,0.24642578
0.2501336,0.24539141
0.29299635,0.295528
0.14748706,0.14796133
0.20053859,0.1831137
0.20356669,0.19396143
0.17104405,0.1401285
0.25219297,0.22743045
0.27297342,0.24897805
0.19287618,0.17441949
0.21125856,0.19155748
0.23128074,0.21178536
0.23508278,0.23422965
0.23748983,0.24965316
0.2640798,0.26646408
0.24132848,0.2280633
0.23348509,0.22088638
0.23094326,0.22657219
0.27640894,0.28761545
0.23920605,0.26000232
0.2890947,0.29631442
0.2534078,0.26807776
0.20299177,0.2584449
0.21777378,0.25661963
0.24300534,0.2607995
0.23097166,0.25085524
0.21058454,0.23519447
0.320629,0.3356367
0.30023617,0.32340086
0.32942563,0.3358117
0.3060467,0.32728896
0.27808794,0.2923247
0.2835107,0.286844
0.31585276,0.31928858
0.2866699,0.29611832
0.166403,0.16529986
0.17523126,0.19893637
0.23749167,0.2280964
0.23340434,0.2262547
0.21624845,0.24836534
0.19978,0.2114875
0.1813994,0.22393207
0.17398944,0.18701927
0.2121025,0.2387495
0.1852893,0.19572684
0.22051331,0.24896544
0.19814557,0.21046115
0.18023334,0.19520497
0.22366557,0.22359738
0.16903868,0.18654422
0.189704,0.19375283
0.19484563,0.20033258
0.2309356,0.22611767
0.19744089,0.19431488
0.25192794,0.24039292
0.2704856,0.26529163
0.19227816,0.21571827
0.19224855,0.20352815
0.17699897,0.20245072
0.17689282,0.18986532
0.2104537,0.24077956
0.21459332,0.22941455
0.20731454,0.21413717
0.21526949,0.20383526
0.21161184,0.24259898
0.23438051,0.23502928
0.20593742,0.20375296
0.24110226,0.2507875
0.25306192,0.23985071
0.23000538,0.24516588
0.24250063,0.23705077
0.23832214,0.265939
0.2429537,0.25014943
0.22789446,0.24292658
0.23862427,0.23336077
0.25074518,0.26480326
0.25906107,0.25290525
0.1671945,0.17975666
0.22193407,0.22579534
0.21623725,0.22505622
0.19324534,0.22535995
0.17238267,0.20191516
0.26938096,0.27582067
0.25938267,0.24873781
0.27027866,0.27972806
0.26871905,0.27476108
0.305371,0.3116709
0.31088743,0.3132235
0.2909368,0.3058468
0.31459796,0.31458345
0.299241,0.3108409
0.31656802,0.30769852
0.28471255,0.29048523
0.3093415,0.30350778
0.17781365,0.18573457
0.24340145,0.25912723
0.26394832,0.2645049
0.23283094,0.2394884
0.2523987,0.25553817
0.23929389,0.24814418
0.2588168,0.26303476
0.22379932,0.2365431
0.24413165,0.25155973
0.16654065,0.17258768
0.21271117,0.23590672
0.18758947,0.21013927
0.21226066,0.22701415
0.21022332,0.23442487
0.2751441,0.26335162
0.25381976,0.26587898
0.24576753,0.22442445
0.21306625,0.2222691
0.18562576,0.18703708
0.18135384,0.20367044
0.22402708,0.21667147
0.22157712,0.22106308
0.18403178,0.18736583
0.23655134,0.23464301
0.20240147,0.19241898
0.19482931,0.18690784
0.1442657,0.13792655
0.18768354,0.1798121
0.18357432,0.17003925
0.24145532,0.25955436
0.18416281,0.20246194
0.20812473,0.18874656
0.23654847,0.22219746
0.23159781,0.22040781
0.18354763,0.20011805
0.22224964,0.23612884
0.17447269,0.191917
0.28408337,0.28345487
0.16552164,0.16770574
0.17253587,0.17140836
0.27236706,0.26123708
0.23607351,0.25824863
0.24202289,0.23687974
0.24306215,0.24284215
0.2314212,0.25831994
0.2503147,0.24234529
0.24555123,0.24263969
0.26644456,0.25841275
0.25876278,0.26267207
0.24632213,0.2487353
0.25937337,0.26146597
0.26376164,0.26560405
0.27517387,0.279857
0.26470828,0.2540325
0.257189,0.25909802
0.24416442,0.2486232
0.2587458,0.25952122
0.26372385,0.2626421
0.26759863,0.27019346
0.23587063,0.26551312
0.24039368,0.2694235
0.2334795,0.2507942
0.25362512,0.26972362
0.24526705,0.2739945
0.25040513,0.27994186
0.2331343,0.24780652
0.24302818,0.24879363
0.23934893,0.23410723
0.25966722,0.24914238
0.24903555,0.25438458
0.25331816,0.25929636
0.23833345,0.24228615
0.24255438,0.24337941
0.2378073,0.23181097
0.25523308,0.24555287
0.24800642,0.24914287
0.24882326,0.25780934
0.25820944,0.27861595
0.25218135,0.26763028
0.18210812,0.17486031
0.18682247,0.19270828
0.217664,0.2408984
0.18674338,0.20495597
0.2013527,0.22411072
0.18948922,0.20791912
0.25309175,0.2573687
0.2051208,0.21207365
0.19851579,0.19406936
0.18626007,0.1895641
0.20650086,0.23782538
0.17091471,0.17028347
0.15244815,0.16530916
0.26165104,0.25957605
0.1744646,0.20340295
0.17304766,0.18326679
0.19841091,0.17887807
0.23618737,0.24767026
0.15167779,0.16879368
0.207364,0.22399697
0.2359193,0.24837306
0.22314602,0.23309205
0.27913338,0.2740033
0.19689053,0.20098542
0.22197871,0.22112438
0.25461286,0.26975155
0.2207977,0.22267818
0.16265987,0.16394758
0.24119191,0.2357769
0.27667597,0.25859156
0.22383425,0.22596155
0.2886097,0.29842
0.27179176,0.28128085
0.2585943,0.27933216
0.26795527,0.26590735
0.25375563,0.26470438
0.26936913,0.27244985
0.23770124,0.26165015
0.2606408,0.25980613
0.29683086,0.30043817
0.27763873,0.28890944
0.22558025,0.22422636
0.18483604,0.203783
0.17900476,0.18788315
0.15063386,0.134178
0.1424174,0.14841084
0.22565345,0.23084925
0.22462216,0.2308417
0.23565957,0.2574101
0.23090506,0.24974579
0.24322344,0.25060716
0.23189124,0.26769447
0.24504727,0.27092642
0.23384862,0.25609922
0.24717386,0.25939572
0.26910517,0.2603714
0.26650333,0.27179292
0.2714789,0.25424662
0.2554358,0.26639128
0.2533464,0.26117447
0.26542684,0.25766003
0.26018137,0.24985023
0.23467425,0.23178676
0.24473627,0.26087576
0.2791283,0.27320197
0.2590032,0.26474407
0.23293062,0.23645794
0.21663105,0.22205256
0.30108398,0.29204595
0.25755778,0.2502511
0.25199068,0.26270992
0.24234399,0.24569464
0.21549454,0.23402853
0.2164861,0.23669323
0.20709674,0.2157029
0.23605523,0.23169915
0.22492377,0.22896436
0.19443126,0.21600898
0.18894482,0.19959112
0.29235822,0.2841082
0.2931339,0.29822034
0.31616917,0.3027171
0.27728108,0.2918096
0.17606631,0.17005326
0.1812947,0.1714585
0.16771159,0.17263246
0.16768128,0.1749211
0.30852968,0.31215286
0.30112368,0.31631404
0.31300145,0.32056278
0.27180308,0.29261023
0.2738366,0.28667346
0.24076636,0.2770158
0.23378547,0.24925801
0.24116418,0.2609644
0.22141641,0.25183702
0.20910132,0.24695626
0.21718574,0.24579114
0.23155797,0.26489383
0.20311657,0.21437427
0.2180458,0.22895879
0.20926687,0.19394815
0.22292736,0.20810708
0.21510015,0.23172581
0.2432059,0.24303138
0.22037736,0.23159152
0.24876358,0.23701382
0.23974596,0.22013524
0.24782157,0.25664383
0.26493847,0.27539742
0.27926522,0.2871517
0.24817951,0.25447252
0.17106622,0.17607197
0.17607415,0.20009641
0.2604724,0.2678678
0.23997878,0.25105876
0.20418426,0.21529798
0.20014898,0.22275428
0.22123452,0.21461028
0.21362,0.2093675
0.1904433,0.1866419
0.20028315,0.20822531
0.18350904,0.17116517
0.1856184,0.18788174
0.2230988,0.24395877
0.21727467,0.2255169
0.25350007,0.25532818
0.24182568,0.23592362
0.26751637,0.26517457
0.25173762,0.26454633
0.1914866,0.18125387
0.21207751,0.19773558
0.23463541,0.22495052
0.17927215,0.17910515
0.18474865,0.178274
0.16620691,0.15764885
0.1953315,0.21283637
0.18738475,0.20377527
0.16716859,0.18598358
0.23622172,0.2247494
0.23576945,0.24842632
0.24904042,0.2677297
0.25485027,0.26233584
0.24631962,0.2486767
0.16283993,0.16389029
0.24163975,0.25773892
0.21679991,0.22487682
0.19879842,0.21793301
0.2232413,0.2302239
0.20183975,0.21187314
0.23416987,0.23799707
0.23256136,0.23196438
0.20668876,0.22885092
0.20909877,0.23011518
0.20814578,0.22635426
0.21971127,0.22293341
0.2044285,0.2175444
0.20800301,0.21028431
0.14569905,0.13315761
0.21130204,0.2065787
0.15320079,0.16436382
0.25080612,0.2585067
0.2999,0.3098426
0.23904581,0.24156518
0.28061473,0.28440693
0.29405865,0.30186003
0.28574133,0.27939683
0.25109628,0.2509136
0.25418696,0.25754368
0.2817394,0.29184687
0.28783536,0.30055863
0.2082121,0.24089879
0.21564552,0.21546486
0.20418192,0.24196829
0.2046578,0.21597691
0.28501546,0.2805261
0.29030737,0.28279588
0.20558222,0.23585114
0.20954847,0.23362134
0.20603926,0.23013946
0.21279176,0.21684459
0.21520835,0.21045215
0.2067522,0.20505996
0.16303411,0.17386468
0.16367248,0.15409398
0.29162613,0.29214412
0.3037815,0.29601133
0.2967593,0.28986332
0.2076408,0.23912622
0.20641981,0.24501555
0.20797922,0.22065093
0.2071403,0.23298687
0.19330606,0.2257712
0.1963592,0.23329692
0.23430333,0.24101742
0.17936137,0.21139373
0.25279826,0.24933593
0.24156787,0.24789736
0.2752244,0.27002302
0.308003,0.31514388
0.32974333,0.33114457
0.30264252,0.30956152
0.14489052,0.17099178
0.16562432,0.16630374
0.22421956,0.26298314
0.24805197,0.32493186
0.21429159,0.2407318
0.13781238,0.14417738
0.21526739,0.23205522
0.22426394,0.2924388
0.19706753,0.22332099
0.20999727,0.25536102
0.24873655,0.311385
0.21414922,0.24246328
0.21936637,0.25760677
0.25658184,0.28538534
0.23458363,0.26691204
0.19610491,0.17785859
0.21028647,0.19588462
0.2939726,0.29211295
0.31086403,0.31483614
0.31075472,0.30248612
0.33092862,0.3250504
0.28284037,0.28287894
0.28501225,0.27398056
0.28974676,0.2799474
0.28574854,0.2673713
0.25898218,0.26371726
0.27077523,0.27498648
0.2603765,0.25658897
0.27152795,0.27160573
0.3126127,0.3081359
0.29977536,0.30032307
0.28789073,0.29927003
0.30395296,0.30036545
0.27737236,0.28974292
0.3212536,0.30957627
0.30935985,0.3018759
0.29881102,0.30287823
0.31538722,0.30123606
0.28804964,0.29055274
0.31847262,0.30932614
0.2735129,0.27232933
0.28250527,0.2772693
0.2998267,0.31138667
0.3138186,0.315536
0.30130816,0.29677004
0.29567015,0.2953461
0.284586,0.28682595
0.29886937,0.2934325
0.28393432,0.278998
0.3347072,0.32640752
0.31940082,0.31817842
0.30613318,0.30493712
0.32284644,0.31604093
0.3082591,0.30315405
0.18578325,0.18845806
0.2198245,0.21646062
0.17571728,0.17313689
0.20478806,0.20185582
0.28854284,0.27271342
0.26249027,0.26348442
0.27468485,0.2651646
0.2771055,0.2731151
0.26843148,0.27196383
0.27062804,0.26272002
0.24582738,0.25293723
0.26074326,0.25771978
0.25923994,0.26114622
0.25162104,0.26050356
0.26762292,0.24997315
0.25319535,0.24132627
0.2399263,0.24492131
0.2615384,0.2525072
0.22499189,0.24144584
0.20225868,0.20152521
0.16589363,0.17220445
0.17304122,0.18058674
0.17598332,0.18752356
0.25313058,0.28220856
0.26318425,0.26934537
0.26362205,0.26768374
0.2598233,0.26472244
0.23131047,0.24350142
0.26704046,0.27300254
0.26178658,0.26986167
0.24062738,0.25662208
0.22967438,0.25565696
0.24630678,0.26409727
0.19153914,0.21203715
0.18483578,0.18287209
0.17268178,0.21505621
0.18802719,0.24455902
0.16711569,0.2091927
0.241613,0.26546642
0.25434718,0.23537064
0.26749748,0.27336696
0.26223195,0.27744234
0.26979983,0.2810952
0.24121544,0.26133063
0.27567902,0.28244182
0.24322101,0.26077187
0.15302017,0.15121466
0.16290455,0.18398663
0.16648705,0.18447043
0.22831033,0.1828007
0.2300415,0.19341154
0.23085363,0.24274056
0.21148099,0.21305767
0.17980865,0.16802192
0.2384158,0.23524393
0.20285976,0.23976633
0.19294769,0.2276544
0.23034894,0.227588
0.23580833,0.23878387
0.20321402,0.16739345
0.27120602,0.27034155
0.22370532,0.22598487
0.22672343,0.21244836
0.2734087,0.2745557
0.2376967,0.2661291
0.16534704,0.18398504
0.2388945,0.25702947
0.27132526,0.2728088
0.19828351,0.19841528
0.20559399,0.2101454
0.2011444,0.21170391
0.1918297,0.19888532
0.17911823,0.18151075
0.17987384,0.18794699
0.18612184,0.19383556
0.19054906,0.20496847
0.18514827,0.19196321
0.18904132,0.20316169
0.18036434,0.1844905
0.18342912,0.19002344
0.19723287,0.20885865
0.17402388,0.17733006
0.17875156,0.17998886
0.23338583,0.23675618
0.21298514,0.22551547
0.21946998,0.23121825
0.299994,0.30700505
0.21480118,0.21976537
0.21142432,0.21429382
0.258852,0.26186693
0.24636596,0.25869036
0.24562941,0.24682228
0.25746897,0.27004454
0.22081462,0.22881085
0.23126084,0.23531999
0.2123587,0.21459512
0.22256339,0.23251085
0.24890207,0.24197355
0.28183547,0.25420955
0.2080056,0.20901313
0.24100672,0.25019103
0.24024753,0.24680457
0.26497597,0.27537102
0.2081865,0.22911157
0.18072245,0.2026414
0.21894516,0.22518007
0.1885448,0.21106683
0.22244242,0.21132752
0.21006078,0.19995233
0.3017699,0.3148058
0.2891473,0.28825134
0.29641965,0.277804
0.27545682,0.29993656
0.2405398,0.26804522
0.2622022,0.2657261
0.2992853,0.2915578
0.30156076,0.29016018
0.2924277,0.28095227
0.29331043,0.2795025
0.25430447,0.25329292
0.21173169,0.22042173
0.24992728,0.25548595
0.23970944,0.2573703
0.26616693,0.2786135
0.20943223,0.20623551
0.21119766,0.22615746
0.20712067,0.2081765
0.2305427,0.22825404
0.19716366,0.21226393
0.19792429,0.21784402
0.105266124,0.12239304
0.14015551,0.14602835
0.20649424,0.18904136
0.19478771,0.17667404
0.2043011,0.18808843
0.20577687,0.18862428
0.22608173,0.22404101
0.16060528,0.16805364
0.15519457,0.15517198
0.16321462,0.16170198
0.16434446,0.16648634
0.18663783,0.20045137
0.22958615,0.2353312
0.22037393,0.2257237
0.1466437,0.16497478
0.16588503,0.17472957
0.17748666,0.18497814
0.1959375,0.19933501
0.17974783,0.18022282
0.16475332,0.1674791
0.15420118,0.15139307
0.1531176,0.1545458
0.21234052,0.20688312
0.20079648,0.18838128
0.19791816,0.18953909
0.18462011,0.19361259
0.18749993,0.20125706
0.1657675,0.1964805
0.17861822,0.19781408
0.31618434,0.30548984
0.32673076,0.3178351
0.30518058,0.30956447
0.31500578,0.31976855
0.21706787,0.21907693
0.2123408,0.2207683
0.20417984,0.19004197
0.20227855,0.18766975
0.1786941,0.18043955
0.17990702,0.18112051
0.1738251,0.18120483
0.17448914,0.16285169
0.25342202,0.26419637
0.27451277,0.27698898
0.17577237,0.18993534
0.16158846,0.18010198
0.18438148,0.21323672
0.17174742,0.19735338
0.13250755,0.19018354
0.19830081,0.2082907
0.1829806,0.19565843
0.15579057,0.18245864
0.2074609,0.22927038
0.1970753,0.21814767
0.16252245,0.20692563
0.19097915,0.21155551
0.17890424,0.2049813
0.15143381,0.19336638
0.27083775,0.3034383
0.279688,0.2924869
0.27999943,0.31929535
0.28340906,0.2909447
0.20939346,0.19107935
0.1847421,0.17914924
0.16393375,0.17327735
0.2133707,0.19939038
0.18859608,0.18345301
0.17175242,0.17855756
0.1997607,0.20907536
0.17973545,0.19382857
0.15699174,0.18905061
0.22670828,0.24028745
0.21602584,0.23414671
0.22960638,0.25320938
0.22902673,0.2336871
0.207633,0.20551497
0.2076249,0.20176947
0.24435182,0.24209577
0.22497167,0.24230586
0.24652241,0.25365826
0.2231152,0.25459778
0.24470083,0.24990803
0.24765873,0.24974757
0.26140535,0.28225422
0.25088027,0.25475934
0.16477585,0.1884762
0.17426242,0.21782136
0.23097816,0.24763203
0.17243055,0.19021983
0.20949379,0.21215592
0.15216865,0.22312184
0.18771979,0.24244176
0.16922127,0.15774156
0.10502103,0.1709744
0.20730945,0.18966608
0.1883482,0.19750473
0.2099364,0.18560578
0.16436645,0.21160595
0.17630573,0.20285021
0.15795432,0.21407138
0.17859265,0.2064779
0.143738,0.2278713
0.120494835,0.13388795
0.14278992,0.1495254
0.15454222,0.16318233
0.16899918,0.16867933
0.16854072,0.16073304
0.15167227,0.1855172
0.174539,0.18728578
0.19436745,0.19281417
0.18995872,0.18168993
0.1810241,0.2156525
0.19418676,0.23263836
0.16694312,0.22558889
0.17510672,0.19857398
0.2217201,0.2598085
0.1993666,0.24755743
0.20190991,0.22039357
0.09355666,0.09717271
0.11993255,0.109677605
0.10820981,0.0993841
0.11229292,0.1297431
0.17300479,0.16364095
0.11816456,0.16674004
0.15674718,0.13612685
0.19822517,0.21370445
0.20394908,0.21086621
0.19859675,0.18609318
0.14515764,0.22525473
0.15777747,0.224943
0.15098384,0.19647875
0.19123808,0.2109726
0.20995416,0.21936117
0.19487213,0.19449976
0.16592447,0.22784756
0.1788883,0.2230232
0.17424113,0.19912
0.18202475,0.18386725
0.30979604,0.32883212
0.19463316,0.1957592
0.16625145,0.17488363
0.15518443,0.1527685
0.23111995,0.2448043
0.23233458,0.25013798
0.24794528,0.2563082
0.26897073,0.27876166
0.2732969,0.28483406
0.2763828,0.27581227
0.30470884,0.30371302
0.25050327,0.26313725
0.24726343,0.25991493
0.27171844,0.2749651
0.201416,0.2124561
0.25903502,0.2630581
0.22841254,0.24029005
0.21440955,0.22007659
0.3074101,0.31423223
0.26561874,0.27799714
0.2605483,0.2847728
0.2905204,0.28985196
0.24838717,0.26801616
0.23141482,0.26727146
0.2418533,0.2740386
0.2661277,0.2754179
0.25294518,0.26596054
0.21895498,0.2503504
0.21189147,0.23994398
0.23868325,0.24178755
0.2400232,0.25398868
0.24053891,0.22583166
0.22233322,0.22288617
0.23999159,0.23476656
0.22308762,0.23323283
0.21633385,0.23440479
0.21432869,0.23716763
0.20093447,0.21047337
0.21152005,0.22161765
0.22300708,0.23841187
0.23403393,0.24541043
0.20684743,0.20788905
0.22316352,0.22783272
0.23622884,0.26604205
0.23235351,0.26715425
0.24797925,0.2414963
0.2637037,0.26705843
0.26041323,0.2608767
0.28370532,0.26779076
0.2832416,0.27268493
0.27280298,0.26328638
0.26502824,0.2587691
0.30070224,0.30322695
0.30004165,0.30393603
0.2985993,0.30254954
0.2927886,0.29832458
0.28943118,0.28900102
0.280687,0.28958642
0.28270203,0.28781554
0.27797976,0.28507745
0.2680185,0.25790837
0.25869703,0.254598
0.28872085,0.27989224
0.28547356,0.27814925
0.26768756,0.25960273
0.2627803,0.2560655
0.29561967,0.2990779
0.28220367,0.30759954
0.296506,0.312043
0.2857093,0.30376822
0.2564593,0.26651558
0.24869846,0.2665486
0.28655756,0.28487498
0.2814998,0.29073632
0.27911747,0.27740112
0.26074708,0.2570611
0.23665984,0.24791008
0.21807656,0.24483238
0.22671956,0.24445388
0.25152314,0.2530872
0.23508681,0.24238974
0.24368277,0.24329084
0.18162425,0.17575338
0.18460707,0.18002778
0.15133509,0.17430462
0.17841905,0.17085506
0.23809263,0.24679248
0.23468181,0.224381
0.24506123,0.24833609
0.16333812,0.19063744
0.16559833,0.27365708
0.17548284,0.25093168
0.245505,0.26902625
0.22471748,0.24448015
0.21446408,0.2252572
0.2921407,0.2879343
0.22271605,0.2155874
0.20075762,0.21499571
0.16857122,0.1852614
0.13014138,0.14922334
0.14707673,0.14198005
0.14047943,0.13714814
0.15801643,0.14422841
0.21589252,0.18828449
0.20175985,0.187363
0.17023799,0.16320607
0.1604654,0.16324502
0.24876428,0.21675287
0.21284539,0.21444973
0.1896313,0.1762409
0.18034378,0.17413391
0.20251423,0.20100848
0.22244865,0.21955551
0.18092951,0.1896474
0.201959,0.21543065
0.20668034,0.19611894
0.19262487,0.19649339
0.19083263,0.17892262
0.18132809,0.1832692
0.21537107,0.21031645
0.20655596,0.21431234
0.20472932,0.19052754
0.19514751,0.20288928
0.20889816,0.2303755
0.21225367,0.25565103
0.2567296,0.28138673
0.26015443,0.29805294
0.2228109,0.2360193
0.2212883,0.21619456
0.26304203,0.27346933
0.21731615,0.23332663
0.2550923,0.25540963
0.21700954,0.23344453
0.20840798,0.22943941
0.23616672,0.23156866
0.22294828,0.22792001
0.25769964,0.27360058
0.26517147,0.28191286
0.1686001,0.16624852
0.18320581,0.19537894
0.16346788,0.17770296
0.20036402,0.22289692
0.20523179,0.2211384
0.26224366,0.25313973
0.25563958,0.25431836
0.26780462,0.2615343
0.21993086,0.25331363
0.22682717,0.23890978
0.2528454,0.26872805
0.25392786,0.26586676
0.25031585,0.25547415
0.25563675,0.2550562
0.17472029,0.18560857
0.1894873,0.2068991
0.31456864,0.322323
0.29710788,0.30041593
0.23778944,0.2604238
0.18654415,0.20417547
0.1893554,0.19856338
0.14159496,0.1483278
0.21883021,0.22994332
0.19455943,0.20946905
0.17815253,0.20327117
0.20662124,0.21412402
0.19490041,0.18894097
0.19721775,0.20919685
0.17322843,0.19058752
0.17113867,0.18597233
0.19316107,0.20055984
0.19353646,0.19636095
0.24388985,0.254069
0.22598267,0.22022274
0.21551342,0.2131292
0.22081465,0.24066404
0.23024625,0.23562302
0.23016135,0.23598833
0.23107162,0.24058433
0.21271639,0.23731875
0.243009,0.24306485
0.23266953,0.23575926
0.25329795,0.26765227
0.25608376,0.2686633
0.26111037,0.2721504
0.2448308,0.27086625
0.27068096,0.27499738
0.25932539,0.2673226
0.23873699,0.25970918
0.243259,0.2588088
0.24440053,0.26443142
0.22715056,0.262887
0.25804207,0.2666112
0.2442494,0.25894386
0.23102897,0.22441524
0.2114179,0.21267179
0.23932214,0.24852338
0.22775494,0.23805696
0.25001445,0.25598168
0.23152377,0.2462846
0.25524247,0.26277015
0.26357076,0.25815815
0.2652461,0.26762468
0.27162418,0.25721422
0.25417992,0.25860843
0.26285034,0.2504888
0.2523253,0.2652544
0.26321533,0.25216335
0.26337576,0.2732411
0.2692755,0.26182708
0.25385982,0.26174837
0.26496035,0.2561456
0.18610267,0.21699564
0.21657032,0.23637801
0.21062745,0.21569712
0.17284581,0.17477871
0.22611074,0.24677992
0.20687602,0.19326197
0.22076452,0.2407542
0.24309768,0.26817074
0.23018599,0.24520732
0.24387747,0.25287515
0.2505555,0.26277906
0.18309614,0.2171572
0.20637418,0.22915296
0.2357051,0.26635742
0.26283577,0.27918324
0.20315702,0.23604967
0.22555749,0.24669431
0.22343715,0.25403425
0.21739037,0.24065655
0.1611443,0.1573865
0.19964422,0.2387759
0.21817936,0.22728583
0.14440763,0.17181768
0.21372652,0.22973903
0.20779754,0.25875777
0.30737698,0.30603868
0.3072024,0.32310206
0.30864492,0.288269
0.29993805,0.3011936
0.2487715,0.2611167
0.2527964,0.23976405
0.2509774,0.24801694
0.25797576,0.25037685
0.24439174,0.24021164
0.2697357,0.2524262
0.25190628,0.23685035
0.27131575,0.25547388
0.2427356,0.2396946
0.20665957,0.20079975
0.2095217,0.18603317
0.2033652,0.18779972
0.18782175,0.19363078
0.21539988,0.18559262
0.27460536,0.29758605
0.28617948,0.31237614
0.27177402,0.2971623
0.28885737,0.30011064
0.28275615,0.2842147
0.29391912,0.30576646
0.27626133,0.28642106
0.29663962,0.29769057
0.26276296,0.27508244
0.28228587,0.29969478
0.2559821,0.2774881
0.2839898,0.29362926
0.28804904,0.28187376
0.306566,0.30521148
0.28408527,0.28743264
0.31029925,0.29750997
0.27055416,0.27203274
0.28869605,0.29434943
0.26897883,0.2746321
0.28725192,0.2860772
0.26197034,0.26997387
0.23477046,0.25352564
0.24396372,0.2658863
0.2126554,0.22349262
0.26773748,0.26475382
0.2621286,0.26693624
0.27798572,0.26293927
0.27976725,0.28436342
0.22767352,0.23735282
0.24729437,0.26708332
0.20975532,0.21482053
0.19982265,0.231525
0.2912363,0.2890101
0.30811134,0.3036278
0.2881499,0.29014543
0.30645457,0.30491868
0.2912363,0.2890101
0.30811134,0.3036278
0.15475778,0.16937529
0.18605386,0.18059045
0.19298272,0.18745111
0.1682207,0.18214874
0.18258269,0.18661681
0.19699259,0.19292098
0.27997613,0.27407873
0.2823959,0.2779395
0.27954993,0.23570512
0.28424034,0.27073544
0.2861042,0.2717449
0.27441806,0.2828543
0.26281923,0.27879548
0.19093794,0.18152453
0.20493886,0.21662895
0.21841238,0.16079798
0.17061773,0.1587232
0.22800134,0.19976631
0.18165495,0.19027315
0.24473736,0.2502258
0.21820563,0.22849669
0.23094806,0.2576541
0.24311137,0.25771907
0.23221308,0.267229
0.23271583,0.2539587
0.23726459,0.26303607
0.25539094,0.27077708
0.20820038,0.23088709
0.23746713,0.24785154
0.18328315,0.20612311
0.16280109,0.18786162
0.16344084,0.19578993
0.17348555,0.20810218
0.16005698,0.15483199
0.18062781,0.17270477
0.25080287,0.29711843
0.19729017,0.23562565
0.2733068,0.31232172
0.21855609,0.25290293
0.16983995,0.18991539
0.19139257,0.20166023
0.17782658,0.19962907
0.19746953,0.21278904
0.2268447,0.24781454
0.24853583,0.2509531
0.25575694,0.26776043
0.25698936,0.25576502
0.27037185,0.26948485
0.27067506,0.27924067
0.29606673,0.29392633
0.32601643,0.31179047
0.22393087,0.23022132
0.20433918,0.2393019
0.2005153,0.22138752
0.22458856,0.22993502
0.21780398,0.22157402
0.20800987,0.21842198
0.20235503,0.20908588
0.21320945,0.2398165
0.19281906,0.23460838
0.2079437,0.22898543
0.29240382,0.29815352
0.17757934,0.189038
0.24730398,0.24290141
0.2577733,0.2429553
0.2481568,0.28204185
0.2685219,0.28587815
0.24253061,0.26939788
0.25194532,0.27318844
0.21104378,0.22105336
0.22060479,0.23001271
0.2721566,0.28994468
0.25191662,0.27559525
0.22237127,0.24499294
0.28401047,0.30596018
0.23227662,0.2603769
0.21519151,0.24244747
0.24048063,0.24633333
0.23734382,0.23728605
0.29312843,0.30198008
0.21000494,0.22773838
0.23948732,0.24183184
0.18067315,0.18989898
0.19996965,0.20985276
0.2293827,0.22622654
0.18359376,0.18351798
0.12048159,0.120177
0.13694887,0.15174668
0.23269406,0.24621078
0.17417978,0.17291859
0.16994101,0.17254299
0.28281313,0.28502154
0.2008113,0.20738037
0.18654345,0.18793094
0.16102515,0.1657236
0.30522424,0.29502118
0.28297588,0.28375608
0.21455395,0.2326153
0.21283405,0.24454236
0.20849136,0.23386529
0.27683318,0.27888992
0.23081324,0.2449049
0.22473596,0.25088364
0.21951365,0.25810203
0.22123988,0.24617738
0.2764992,0.2855292
0.24684212,0.26966965
0.19304354,0.24950466
0.18751469,0.25622886
0.18770337,0.24735087
0.24608032,0.26791334
0.21423559,0.2596601
0.13782346,0.12730187
0.2127621,0.20093459
0.20551139,0.21978201
0.22410323,0.25488117
0.22066212,0.2509214
0.24424422,0.23101276
0.19757384,0.21550988
0.21338508,0.23845994
0.21900336,0.22040519
0.23339166,0.22931847
0.2631314,0.27016437
0.2374822,0.2707797
0.26053283,0.27375972
0.24536958,0.27597326
0.24330257,0.24197787
0.21868736,0.2199094
0.22721176,0.23858413
0.22765532,0.22565743
0.22162053,0.2284523
0.22448751,0.2246097
0.22920181,0.2253905
0.24837372,0.23863678
0.23284282,0.23249984
0.25862098,0.25599712
0.24737751,0.25001794
0.2542108,0.24692145
0.2387917,0.24172518
0.24610706,0.24223377
0.2340563,0.23603055
0.25406522,0.2440002
0.24348241,0.2320109
0.25347787,0.23880853
0.23933321,0.228556
0.2433764,0.26326093
0.2736913,0.28434587
0.24863207,0.2658614
0.25525877,0.26774094
0.25002265,0.25695875
0.25330684,0.2589324
0.20706272,0.17834513
0.2220033,0.20726804
0.21080016,0.19688055
0.21302442,0.19724987
0.21844757,0.20101227
0.21770373,0.20034318
0.2272989,0.22718364
0.23004788,0.24061808
0.22621417,0.23109984
0.21988016,0.22650889
0.22112653,0.22471328
0.21730247,0.23089734
0.23029216,0.21865113
0.22033204,0.21204735
0.23304398,0.23030338
0.20580456,0.20991522
0.19067472,0.1925107
0.18068574,0.17871706
0.22273391,0.22047143
0.20142572,0.18076526
0.18751644,0.20217842
0.17094319,0.18296555
0.24109924,0.23706342
0.20429868,0.21474606
0.1931526,0.19191314
0.13727981,0.14186502
0.15227765,0.1573999
0.13952488,0.1339231
0.23625371,0.23874058
0.2556235,0.25903887
0.25367767,0.25427145
0.24634045,0.26070487
0.26159662,0.2725243
0.26644677,0.27908915
0.2800479,0.28318107
0.2831539,0.2928544
0.19140895,0.18289842
0.18342373,0.17857257
0.16744578,0.15900162
0.16658354,0.16232136
0.22623613,0.24173702
0.23503709,0.23706557
0.23236264,0.23941213
0.23768705,0.23366632
0.20874378,0.20933719
0.20150132,0.20700432
0.16068098,0.17003375
0.17211686,0.16873506
0.24347973,0.26486868
0.2501388,0.27438167
0.22005823,0.23482308
0.24349692,0.26796675
0.2513864,0.25798038
0.2385576,0.25709534
0.263708,0.28959972
0.25543222,0.28929964
0.18615192,0.20585108
0.18199205,0.20248656
0.1234304,0.17765605
0.14199233,0.17780882
0.17288208,0.1987225
0.1880084,0.20379643
0.17985412,0.20501344
0.26570445,0.25537956
0.2651535,0.26607555
0.19016413,0.22040325
0.20513417,0.20228201
0.21871684,0.23654509
0.23590106,0.21530604
0.2100494,0.23640041
0.22879177,0.22460361
0.25416845,0.25534022
0.2762972,0.28368723
0.2805941,0.28417888
0.25069845,0.2710139
0.26567635,0.28705144
0.25525373,0.24831134
0.2740932,0.27683458
0.27981022,0.27708834
0.2516344,0.26505142
0.26509,0.2777303
0.24318005,0.23113483
0.26269156,0.26247704
0.2697603,0.2637233
0.24338335,0.25352806
0.25994527,0.26591486
0.25721064,0.25370848
0.27785861,0.28287208
0.28452396,0.2838338
0.25044224,0.27160203
0.26606402,0.28360897
0.17317149,0.18617496
0.21560201,0.22032526
0.25752255,0.27663988
0.2741778,0.28052235
0.25276288,0.27323326
0.2824335,0.27525735
0.23701619,0.26190957
0.24578676,0.26735407
0.21059094,0.20634958
0.19683479,0.20666283
0.19037734,0.1914486
0.1976912,0.20329237
0.20592332,0.20063137
0.2343094,0.24948102
0.19179893,0.19696765
0.23149191,0.23885404
0.15654565,0.21178009
0.21517298,0.24278301
0.21702668,0.22763614
0.20431383,0.2141737
0.14350952,0.13861094
0.16036133,0.16010371
0.23115323,0.25577533
0.2209259,0.2307508
0.1994316,0.21046413
0.20384556,0.19639823
0.15887336,0.16158305
0.27300453,0.30030635
0.21321917,0.18697354
0.21221927,0.17533995
0.21014583,0.1929962
0.23322177,0.23431504
0.22616582,0.22319928
0.21944448,0.23935768
0.23724714,0.23597364
0.23123607,0.22671339
0.2199009,0.23666444
0.20340961,0.18977524
0.19938204,0.17468315
0.2317683,0.23889413
0.24134076,0.23865655
0.20671779,0.213782
0.21895564,0.21501309
0.20491426,0.19426054
0.2216182,0.2340113
0.23004195,0.22409382
0.26137277,0.28530335
0.29363692,0.28892368
0.25177005,0.27473137
0.27971986,0.28027248
0.26825276,0.2861977
0.28312027,0.28119463
0.2224291,0.21905337
0.22372955,0.22853123
0.21685714,0.2200231
0.24299681,0.24182133
0.2483844,0.25899804
0.22664337,0.23087345
0.23288985,0.2432231
0.22598518,0.23120806
0.23380792,0.24449776
0.255124,0.2574432
0.21762659,0.22015533
0.26644066,0.2515025
0.18104756,0.2055424
0.25524342,0.25190428
0.2509706,0.25058776
0.19127223,0.20328546
0.19791538,0.20425647
0.19310485,0.20264119
0.21565121,0.21634464
0.19324085,0.20648707
0.22028162,0.22044702
0.19503732,0.2082486
0.21677375,0.22075486
0.19498336,0.2066264
0.22084841,0.22058257
0.24877277,0.24433482
0.23038237,0.25239712
0.23233508,0.24929853
0.22784576,0.2465527
0.2479038,0.2607342
0.23347518,0.27206194
0.22913356,0.26293886
0.22985761,0.26293194
0.22036573,0.23233981
0.20908615,0.24558489
0.20922965,0.24318059
0.20432582,0.23987617
0.23536554,0.2501681
0.21974546,0.25427836
0.22323552,0.25590602
0.21632001,0.25027278
0.21618311,0.22705501
0.16185512,0.21175997
0.140449,0.17391902
0.13093197,0.18524231
0.23451531,0.24086799
0.18426049,0.22172084
0.16655856,0.17821859
0.15807304,0.19675924
0.27006918,0.2717383
0.28196168,0.29350838
0.14414129,0.17254665
0.1819069,0.23648793
0.19180705,0.2590778
0.1565299,0.1600866
0.14090079,0.17535995
0.1644603,0.17495988
0.15677021,0.18653058
0.16036893,0.15977263
0.15060484,0.16432522
0.15760763,0.19755018
0.1677684,0.1943706
0.16392794,0.17878704
0.17579299,0.19787318
0.16413207,0.19800432
0.18994021,0.20105098
0.25521263,0.28162247
0.25798166,0.27709708
0.25321266,0.27926636
0.27421433,0.30983424
0.27364722,0.303969
0.27162534,0.30587995
0.24855265,0.27439806
0.23092449,0.24520898
0.25062042,0.2613027
0.26434824,0.29913354
0.2896406,0.2950008
0.24992965,0.2830726
0.28178963,0.2739042
0.277602,0.2787168
0.31145275,0.2998352
0.26802695,0.27469957
0.22299097,0.23098424
0.17777354,0.19409375
0.22695163,0.22349812
0.20513657,0.21268061
0.16336101,0.17697626
0.2113108,0.20379756
0.21036008,0.20213771
0.19516096,0.19167021
0.15441455,0.1682081
0.11827545,0.11012469
0.17015828,0.1673327
0.23908415,0.24300739
0.25868005,0.2696397
0.28554517,0.2753731
0.29601586,0.2888537
0.26627326,0.2704465
0.28683296,0.28880334
0.2580506,0.24258497
0.30747676,0.28400016
0.2773014,0.30264735
0.24111325,0.26736605
0.19698325,0.24467094
0.21724981,0.22232723
0.1935851,0.22549412
0.19171694,0.2407105
0.20987536,0.24451092
0.1982128,0.24306731
0.18928689,0.21883994
0.1792453,0.22955476
0.24150479,0.24880694
0.23696265,0.23878925
0.2168493,0.22424854
0.21811762,0.24993747
0.23087864,0.23461136
0.1900824,0.22455119
0.24193232,0.24865861
0.2632912,0.2742563
0.23815826,0.23654231
0.25952706,0.26159015
0.22822681,0.23514709
0.25088304,0.2569548
0.23365855,0.22686952
0.23898208,0.24303779
0.24189132,0.25463387
0.23327062,0.22832814
0.19988577,0.20752922
0.24328083,0.25554368
0.23430951,0.22889857
0.24633357,0.24202293
0.24502088,0.25643295
0.16834801,0.17450085
0.15088291,0.16815056
0.13009994,0.13947994
0.1265207,0.13466147
0.21697862,0.22727004
0.19742106,0.20559493
0.24058655,0.22086328
0.21758477,0.20561782
0.21552978,0.21651378
0.19718175,0.20323506
0.17520544,0.17244533
0.17324689,0.18970771
0.17121348,0.18862313
0.17042828,0.17199257
0.16736418,0.21125153
0.17315283,0.19556533
0.1875354,0.20517549
0.25479668,0.26438013
0.26472116,0.27196983
0.25162914,0.2733794
0.2617726,0.2796592
0.29899463,0.28852856
0.29479706,0.29398358
0.2698116,0.28758168
0.25720748,0.2853164
0.26066792,0.26309073
0.25331065,0.26129344
0.30633065,0.30666426
0.28890997,0.30224663
0.27136138,0.27213535
0.1930301,0.19209826
0.17422178,0.20704553
0.20378411,0.20739214
0.22036359,0.21793689
0.17250632,0.16921866
0.21758991,0.2516802
0.20709117,0.23020981
0.200786,0.22166035
0.22683865,0.23652671
0.23084673,0.25195414
0.17382713,0.18257783
0.24736084,0.25124696
0.24151953,0.24879286
0.23719534,0.22527255
0.19632535,0.22759598
0.1928375,0.24579331
0.22340079,0.25075555
0.22887214,0.2392754
0.13641655,0.21566036
0.14336196,0.21014258
0.19467124,0.21706125
0.1983282,0.20880961
0.18331026,0.24121879
0.19077098,0.22970073
0.18450911,0.22096676
0.1942893,0.21305294
0.18625881,0.2143032
0.19641276,0.20598137
0.1837659,0.19248481
0.18510419,0.19386142
0.16403013,0.17855142
0.15474191,0.16208698
0.16475381,0.16228613
0.16417627,0.15039346
0.15941262,0.1432129
0.16367695,0.19624165
0.18241863,0.20808806
0.18368796,0.22981685
0.16088718,0.18211038
0.20120531,0.2086909
0.20229283,0.22958055
0.22742085,0.2487342
0.21402103,0.23257104
0.17992513,0.1757074
0.18574509,0.18273431
0.18410838,0.20078509
0.15658331,0.1812939
0.14457777,0.18041097
0.14731455,0.1719609
0.2574255,0.26610598
0.23165311,0.24404553
0.16633686,0.19328512
0.20430887,0.22846462
0.18674883,0.21429628
0.1621943,0.19387004
0.16534734,0.1859833
0.17239082,0.18465221
0.17062609,0.1731785
0.17107484,0.1855132
0.1634831,0.17114079
0.16564663,0.18232192
0.17960036,0.17892845
0.18474114,0.18037674
0.26004463,0.27651548
0.25687736,0.2737132
0.26026332,0.2674529
0.2555531,0.26636547
0.25417078,0.25890294
0.24922496,0.25591063
0.1667626,0.16991661
0.1622555,0.1540401
0.18099454,0.19261558
0.15483098,0.1756307
0.16489863,0.16878909
0.13852544,0.15574396
0.18379311,0.18756315
0.1496933,0.17724887
0.18669215,0.18287425
0.31644422,0.30944914
0.28454497,0.27754235
0.20716533,0.20557266
0.22467735,0.21985795
0.25200054,0.26381078
0.29221514,0.30848223
0.26588526,0.2819823
0.25554478,0.2672635
0.21077947,0.20979972
0.21414514,0.24100962
0.2406651,0.26780623
0.31072053,0.30921894
0.30752867,0.29316354
0.27698272,0.28349888
0.2662407,0.26788715
0.24493341,0.24281222
0.16059856,0.18575141
0.18750218,0.19867532
0.15644005,0.17246774
0.17753404,0.18590824
0.23426042,0.20578174
0.2224821,0.20435318
0.22104141,0.2012878
0.19382012,0.19654043
0.2645258,0.27220476
0.24628994,0.26683292
0.23979533,0.24087536
0.2302238,0.24058169
0.26309407,0.26320678
0.25528398,0.26991266
0.25963053,0.25971335
0.2796888,0.28752774
0.256141,0.24947543
0.26815262,0.25521874
0.25967836,0.23852971
0.27381742,0.2560291
0.21585788,0.23934358
0.18106712,0.19489752
0.19269861,0.2005974
0.23573798,0.2403849
0.25682697,0.28440148
0.26516807,0.2834587
0.24102794,0.26159945
0.15010151,0.15870023
0.19935954,0.21096735
0.24326627,0.25498834
0.22788897,0.2316794
0.25027722,0.24219057
0.24073471,0.26803043
0.19263132,0.23301649
0.18054825,0.25590053
0.22218253,0.2217689
0.20771551,0.25164515
0.24246356,0.25008622
0.15398023,0.12936866
0.15130734,0.1837539
0.14294194,0.17695415
0.18809651,0.2511374
0.29348958,0.3058112
0.23680237,0.24542004
0.2349317,0.24977034
0.2348192,0.24200836
0.23611839,0.2372129
0.23785117,0.24016823
0.23259008,0.23097868
0.22742662,0.24461988
0.21988429,0.23116837
0.21804497,0.23385707
0.2329905,0.23672202
0.2267109,0.22877057
0.22567692,0.2310396
0.18886718,0.17979582
0.16208705,0.1728681
0.17858168,0.16848159
0.14846455,0.15869422
0.229734,0.24659942
0.20464642,0.2267648
0.21299216,0.21989739
0.19105043,0.20932247
0.27239865,0.26954967
0.26565924,0.25698474
0.2737884,0.26196977
0.2735161,0.2854752
0.26674733,0.27208665
0.27692753,0.2766373
0.2690989,0.27262586
0.26423055,0.26048106
0.27144495,0.26476565
0.21396053,0.21149024
0.197769,0.19767863
0.21374545,0.23079032
0.19603933,0.21796353
0.20548293,0.21218987
0.18802716,0.20055847
0.27549437,0.26249987
0.23378026,0.2522817
0.2763157,0.27146697
0.23299168,0.2600623
0.26535276,0.26193804
0.2234092,0.24898192
0.18868196,0.18358566
0.1721143,0.1695162
0.17575036,0.17721225
0.16127113,0.16526537
0.1734077,0.18076724
0.15807873,0.17053895
0.22782013,0.24005453
0.20653279,0.21839082
0.22227535,0.23603675
0.20692185,0.21274358
0.22808681,0.23678587
0.20506962,0.21834762
0.18238173,0.18134849
0.1477825,0.15475868
0.17845482,0.17651333
0.15085305,0.14971638
0.24768692,0.2686363
0.25120634,0.26989117
0.18043984,0.22335196
0.17166574,0.2271815
0.2039859,0.23229288
0.22284032,0.24586123
0.20984574,0.24739365
0.23389034,0.25202176
0.21688624,0.18594643
0.202582,0.18751517
0.23026577,0.24541244
0.18779653,0.20385674
0.2479258,0.28332245
0.2611783,0.26931804
0.24253234,0.25145417
0.29287896,0.2839891
0.2139001,0.21667881
0.26651403,0.27223343
0.21749166,0.25325033
0.18364659,0.17902897
0.16749242,0.17063187
0.20198344,0.20665058
0.17563051,0.16607818
0.20758781,0.1868149
0.19511251,0.17865124
0.17996801,0.21326604
0.17565186,0.19148244
0.24639183,0.2533469
0.2397314,0.24516997
0.21672338,0.21734701
0.17353472,0.19461998
0.17196946,0.2066756
0.21447839,0.22036085
0.234335,0.2698304
0.20932531,0.19411883
0.23323876,0.24905634
0.23617294,0.2470717
0.29486066,0.28812402
0.2730328,0.27853233
0.29512337,0.30139077
0.24435294,0.24221718
0.20800003,0.21458516
0.24490148,0.23921198
0.23479444,0.2460826
0.25261176,0.23239249
0.28264236,0.28296277
0.2785392,0.2859874
0.24163625,0.23516461
0.23955266,0.23776154
0.26252085,0.25562975
0.2623762,0.26136255
0.2731337,0.2774102
0.27867195,0.2551987
0.1910984,0.18295756
0.17754513,0.17818579
0.20751339,0.20831768
0.19285573,0.20053494
0.21096529,0.20325817
0.21205345,0.20974137
0.20226616,0.20679142
0.21296334,0.20741343
0.20923693,0.2145522
0.20826714,0.2159712
0.16513517,0.17847212
0.2087946,0.23338214
0.21354283,0.20365536
0.20648143,0.22687499
0.20806642,0.24240234
0.21611997,0.21073373
0.22568278,0.23841915
0.18876006,0.24554233
0.23429959,0.26705647
0.22669166,0.2438153
0.18701552,0.20803484
0.23744327,0.23613887
0.22088245,0.20117377
0.3047137,0.29872847
0.29303622,0.2763903
0.26921874,0.27613837
0.2787829,0.28951862
0.2722416,0.27672824
0.26537195,0.26760587
0.27001703,0.27215606
0.27111742,0.26357675
0.2745558,0.2822872
0.27731773,0.27918577
0.27400395,0.27430388
0.27024895,0.27613363
0.27423617,0.2752238
0.2722551,0.27202347
0.26880148,0.27016294
0.2747302,0.27235538
0.26567107,0.2622035
0.27432612,0.2843687
0.2788722,0.28810236
0.2850445,0.28691548
0.2711867,0.28630942
0.27191594,0.27483898
0.2616054,0.25242174
0.26482078,0.27890536
0.26558885,0.26602083
0.26229948,0.25921524
0.2546465,0.25564408
0.25955012,0.24828121
0.2560231,0.2591579
0.24987078,0.23435216
0.2031515,0.2257476
0.20523566,0.22479397
0.19903885,0.20007454
0.26580712,0.26178545
0.24577135,0.2576911
0.26007348,0.30901793
0.2794308,0.2848229
0.29497677,0.29909945
0.1952036,0.24239245
0.18207684,0.1871977
0.22104235,0.2265276
0.22134863,0.22992875
0.21781075,0.24718204
0.1767125,0.23113105
0.2411821,0.2559818
0.19934326,0.23594972
0.2575657,0.2660875
0.26669338,0.28018674
0.25355706,0.25509003
0.23942837,0.24859709
0.21738195,0.2564452
0.21668343,0.25500098
0.24956493,0.26107597
0.20986792,0.21030578
0.2692733,0.2698357
0.23234685,0.22724462
0.24166538,0.2668341
0.24851267,0.26743245
0.2043404,0.22423372
0.201914,0.22111212
0.20513569,0.21995217
0.227721,0.21580805
0.18235745,0.20120868
0.1912843,0.20413627
0.1840936,0.20939478
0.22016397,0.22985043
0.15840286,0.16481371
0.20862494,0.23770699
0.19272198,0.22675565
0.23489887,0.24402972
0.23628965,0.24400236
0.23022285,0.24616379
0.26273566,0.2753958
0.13859701,0.14940178
0.21404606,0.21426047
0.20139426,0.20018056
0.22619389,0.24313146
0.22303402,0.24187122
0.20994769,0.23947313
0.23429981,0.2731721
0.27119124,0.27523857
0.24444884,0.25009805
0.25444472,0.2753906
0.22539052,0.24705254
0.26657447,0.28251863
0.23077986,0.2505565
0.27643374,0.28180295
0.25501132,0.2684499
0.17449306,0.16844977
0.16313224,0.16534646
0.21411869,0.22242357
0.19276914,0.22514021
0.24737461,0.26856345
0.19489789,0.1937343
0.18767147,0.18127643
0.18470804,0.18796094
0.17340973,0.1710939
0.1800736,0.17401879
0.19882733,0.18129809
0.18997216,0.17442353
0.18376556,0.18220863
0.18183024,0.1635852
0.15465067,0.17095698
0.17793745,0.17965922
0.19375782,0.17746346
0.19154371,0.18170682
0.1948273,0.17733859
0.19603385,0.17707533
0.24848542,0.25936115
0.2136423,0.24007383
0.19388022,0.21300669
0.24948075,0.269421
0.24726109,0.2540993
0.21704626,0.23386616
0.19786823,0.203171
0.2382924,0.28774
0.25863475,0.27266824
0.20481128,0.23778261
0.2270651,0.22379817
0.29289886,0.29360563
0.29719448,0.289283
0.2751221,0.2820289
0.27745825,0.28308326
0.23907322,0.23989873
0.25109282,0.24039237
0.23280795,0.25195858
0.20433152,0.20002602
0.27629846,0.27576697
0.28861523,0.29675752
0.24288277,0.26412812
0.25309545,0.25904375
0.25908193,0.2815312
0.24167904,0.25545427
0.24300545,0.2665866
0.24478371,0.24252097
0.28683156,0.28798234
0.24106607,0.24255423
0.22283432,0.23578624
0.2665795,0.2667243
0.26875487,0.26989445
0.26854613,0.2860933
0.24479409,0.25207156
0.27540368,0.27424935
0.26562786,0.264117
0.27879545,0.29117492
0.27621627,0.30812243
0.25237334,0.273183
0.25390044,0.25629714
0.2603458,0.2562374
0.22822285,0.25534123
0.24111778,0.28228694
0.26894772,0.2937076
0.2872888,0.29519188
0.26938814,0.30663365
0.29212064,0.3130924
0.2770754,0.28442794
0.28251106,0.28150308
0.23026943,0.23389494
0.22625451,0.22989169
0.23010178,0.23019955
0.1841615,0.18389735
0.21271156,0.26489228
0.23756678,0.2673797
0.2531367,0.2805298
0.27612883,0.2762107
0.25052667,0.26398304
0.2644756,0.26189852
0.2073735,0.22123493
0.21911179,0.2191651
0.20884855,0.22036159
0.19636928,0.19657579
0.20177598,0.208886
0.21823852,0.21498278
0.25002497,0.24441397
0.26330784,0.2557357
0.26906776,0.26576415
0.27112332,0.28628543
0.242462,0.26439124
0.25107345,0.2724366
0.2727357,0.29599008
0.25194564,0.26533017
0.23574531,0.25047144
0.25238812,0.24793683
0.2486651,0.23713957
0.24641705,0.23571603
0.24923909,0.23057592
0.24945351,0.24686146
0.24499567,0.24459812
0.21705768,0.22512095
0.23285753,0.24307615
0.2556096,0.24845243
0.2163953,0.21645612
0.24312007,0.25886184
0.2248881,0.22479755
0.23139033,0.2594192
0.24453016,0.2624325
0.22577003,0.21381877
0.19940957,0.1986056
0.20697594,0.20849077
0.21285792,0.20403254
0.2068461,0.18443932
0.19044103,0.21725498
0.18221118,0.23160572
0.21139553,0.25980365
0.20609333,0.2757479
0.23627412,0.24962172
0.23077969,0.26372787
0.22147056,0.21442842
0.21779932,0.23045927
0.21197739,0.22535507
0.21761082,0.21674557
0.1940738,0.2314325
0.21864846,0.224585
0.23647203,0.24911232
0.20461614,0.22227424
0.20703726,0.20839436
0.26044488,0.26152337
0.2514435,0.2472087
0.22084458,0.21319073
0.21487121,0.22260891
0.24057087,0.26635864
0.23300987,0.26864317
0.20706928,0.22201306
0.24633518,0.23070031
0.2934803,0.29677704
0.23717979,0.23812154
0.22640266,0.23075418
0.22269084,0.25991672
0.14826618,0.13114463
0.2446033,0.22393645
0.25332096,0.2403486
0.24895664,0.24513385
0.24531941,0.2555818
0.25175273,0.22527623
0.26144508,0.23406166
0.2553143,0.250333
0.25695196,0.25444368
0.16528353,0.18291403
0.303934,0.3017447
0.30813277,0.31802803
0.3384254,0.3460407
0.22218998,0.22800663
0.21642826,0.22276768
0.2679958,0.2744849
0.27950937,0.28591996
0.29424655,0.2880709
0.2771421,0.28786242
0.28830627,0.29467458
0.29800373,0.29866612
0.25055492,0.28827396
0.26251945,0.2894423
0.2581494,0.2974364
0.19079357,0.21388543
0.22015767,0.22894026
0.19855402,0.21619469
0.21980473,0.2281367
0.20808429,0.22396778
0.22829035,0.22334236
0.20553082,0.21976101
0.21092121,0.20876293
0.20990783,0.22888348
0.22554494,0.22797656
0.21518314,0.2265172
0.23221414,0.22728401
0.26905996,0.2753014
0.26750863,0.27025592
0.30273214,0.30124927
0.29616156,0.2924104
0.32121167,0.31673062
0.27665353,0.27478522
0.2650033,0.27227747
0.25398952,0.25755835
0.22519845,0.25258797
0.1860325,0.17409594
0.18157367,0.19281669
0.18354307,0.1703855
0.18965486,0.19407213
0.1944152,0.19071229
0.19166881,0.19188084
0.20147048,0.19579697
0.1907443,0.1923414
0.22128966,0.21443883
0.21789512,0.2206342
0.22602504,0.24017762
0.21750204,0.23963346
0.18475257,0.17826226
0.19161391,0.17451112
0.24785008,0.24751392
0.23179986,0.23778498
0.25862384,0.25613847
0.2590375,0.26242048
0.25408754,0.25696048
0.28124565,0.2772535
0.29301822,0.29029447
0.25746638,0.25971362
0.26864904,0.27634388
0.17994307,0.20163679
0.21731983,0.23010933
0.28184065,0.28777513
0.28840578,0.28112298
0.17022441,0.17015138
0.15936768,0.15237117
0.16739818,0.17176096
0.3143252,0.3385977
0.30292603,0.3069197
0.31327555,0.31593615
0.17328861,0.17164311
0.19962125,0.1871698
0.23715667,0.24375206
0.24711366,0.2562958
0.23554017,0.24691173
0.23910496,0.2477152
0.24918841,0.25920233
0.25096405,0.25913948
0.22553453,0.23668642
0.21510287,0.2348218
0.20044178,0.21127863
0.22654913,0.2407993
0.21430576,0.23736814
0.2024633,0.2199492
0.28837582,0.29281613
0.29438123,0.2957682
0.16807203,0.19966663
0.16229132,0.19566119
0.1531638,0.17720152
0.15040547,0.18292817
0.14248404,0.15810345
0.1546642,0.17947544
0.15398084,0.18698394
0.1415715,0.16276594
0.22258984,0.23541626
0.24576955,0.24190298
0.2633564,0.26168782
0.2877841,0.28611308
0.19993019,0.17365074
0.18550487,0.1562989
0.21494173,0.20368105
0.21132387,0.18597364
0.2861102,0.2839402
0.25670457,0.2786346
0.29803175,0.29374784
0.26381657,0.2847005
0.19389716,0.22760701
0.1839719,0.18926293
0.1855773,0.20356962
0.18815216,0.18449926
0.21253318,0.22465974
0.19242486,0.20438178
0.18852922,0.19627663
0.18329144,0.22015914
0.21457227,0.23571722
0.17395906,0.18638432
0.14816473,0.15730414
0.22665218,0.24934591
0.3099941,0.3082354
0.19926527,0.22234535
0.20746943,0.21017706
0.21602361,0.21382195
0.19344038,0.19801542
0.20704146,0.20170933
0.20637015,0.19836709
0.21473554,0.21028356
0.19876234,0.20477232
0.18761931,0.19884662
0.13299695,0.1513919
0.21290237,0.21025911
0.22521484,0.23478562
0.17444476,0.17319429
0.20008284,0.20409551
0.27404898,0.27770188
0.26378322,0.27549094
0.29749113,0.29891288
0.28381002,0.28939962
0.22372836,0.22316523
0.20606533,0.19661039
0.22110821,0.2366377
0.25851643,0.25026554
0.24070862,0.25115663
0.2791802,0.27662024
0.23284952,0.2623982
0.29067838,0.28357777
0.22992906,0.226788
0.19128363,0.20500946
0.21927853,0.21671635
0.1800923,0.19570571
0.2070063,0.21362536
0.24609447,0.2508788
0.25747573,0.25593293
0.2575429,0.24449596
0.25587043,0.23144388
0.25569803,0.23275109
0.28389114,0.29548213
0.27003545,0.27103245
0.29968244,0.3101496
0.20673344,0.21475914
0.19486505,0.19958495
0.22289386,0.23406354
0.29558635,0.31615096
0.29909974,0.29821187
0.31574154,0.33114177
0.28657323,0.29994398
0.27147996,0.28383493
0.30021584,0.3184062
0.13782996,0.1375552
0.22621933,0.22357705
0.2236098,0.21578474
0.1980836,0.2058362
0.17789927,0.18764915
0.27035305,0.27240098
0.2286781,0.21214701
0.20466843,0.20158513
0.16671328,0.19534597
0.16847356,0.18939337
0.2249406,0.23496515
0.2251486,0.23715991
0.18712488,0.17943998
0.16535312,0.16600013
0.22004679,0.21057057
0.21288791,0.21444891
0.2492234,0.26968032
0.25308126,0.25705263
0.18847017,0.20679964
0.18590456,0.20582154
0.252966,0.24288943
0.22378835,0.22838047
0.22117008,0.23816867
0.2065482,0.23032461
0.20608628,0.24545206
0.2103424,0.20595811
0.21626952,0.22813961
0.17845912,0.18969327
0.17600168,0.1936032
0.2504199,0.2608297
0.25716394,0.26458547
0.22691606,0.22178686
0.21478541,0.2361438
0.23637365,0.23568335
0.23252493,0.22097066
0.20301554,0.22896998
0.23672724,0.24827044
0.23584269,0.25221694
0.27108994,0.26943848
0.2850584,0.28267097
0.25696182,0.27241302
0.2657655,0.2760425
0.267952,0.276648
0.27449638,0.27976388
0.22129184,0.22385326
0.20205072,0.2102762
0.22319272,0.2295835
0.20235783,0.21590829
0.24336243,0.24888395
0.2485025,0.25707793
0.27071747,0.2886197
0.24889487,0.26938134
0.2702973,0.29485667
0.24974667,0.27306163
0.28019255,0.29764912
0.25437552,0.27930793
0.20528828,0.18823037
0.17850095,0.18138003
0.19006333,0.17790446
0.16942167,0.17054987
0.24952167,0.2767753
0.23661028,0.23801017
0.26750815,0.27266636
0.26655924,0.27512777
0.22198123,0.2136771
0.22707626,0.24738362
0.232479,0.21503861
0.24854669,0.19993258
0.20099163,0.2117084
0.23558995,0.22248605
0.22990319,0.22149509
0.2506114,0.21175763
0.19881983,0.22458363
0.23228192,0.23007405
0.23779143,0.24990603
0.25254908,0.23202449
0.20418294,0.24995828
0.24073648,0.25564137
0.18581212,0.20167828
0.2595079,0.2651532
0.24931894,0.26559705
0.24748132,0.2581369
0.19087608,0.18454087
0.20587528,0.20780097
0.2144431,0.23481768
0.31158966,0.3125497
0.29566973,0.30976802
0.3156662,0.33495158
0.3140679,0.34219843
0.31484997,0.32664236
0.30690166,0.31387782
0.29508668,0.29228523
0.32722616,0.33901757
0.34404683,0.37050122
0.33144408,0.31861952
0.35655814,0.35870844
0.26314023,0.2793688
0.27887428,0.30581376
0.26199648,0.2540087
0.28681517,0.29015148
0.30293053,0.30313203
0.20776218,0.20636964
0.28155348,0.29945582
0.29691494,0.30698305
0.19896945,0.19712207
0.23175752,0.25040996
0.23067509,0.25300995
0.21330234,0.22887681
0.271746,0.2805616
0.27502075,0.28007957
0.21396926,0.23329088
0.19318557,0.20258453
0.19577342,0.20917323
0.23425984,0.26973167
0.20231473,0.22070973
0.27116156,0.2723827
0.23595712,0.1888525
0.25367862,0.249953
0.28369957,0.28998655
0.29032433,0.29742765
0.19278814,0.21982472
0.20271704,0.2345674
0.20990618,0.23951161
0.20510256,0.27187163
0.26669407,0.28454846
0.263732,0.28806487
0.17688775,0.19548585
0.16942166,0.19050151
0.23876655,0.27472788
0.23326953,0.25286967
0.19603893,0.21432354
0.22340117,0.21767889
0.26005265,0.25843588
0.2607531,0.25503576
0.26839632,0.2518002
0.2589965,0.27216443
0.26857394,0.2744045
0.2754647,0.28690767
0.27660662,0.27799392
0.19657283,0.22233249
0.21346827,0.23578094
0.19964014,0.20177579
0.17489234,0.21611826
0.18796946,0.22444662
0.20600766,0.19938818
0.19484077,0.18796141
0.20350423,0.22995657
0.18381995,0.19857864
0.21197772,0.21388897
0.19194645,0.18686517
0.27116477,0.305632
0.2594156,0.31121978
0.32265458,0.34672663
0.22496134,0.23640034
0.23798808,0.2134122
0.18668747,0.22025953
0.22759166,0.23383
0.22721802,0.21935517
0.15343627,0.1452208
0.2489537,0.26665926
0.26266545,0.26362854
0.24948207,0.25960702
0.20833214,0.207084
0.21860376,0.23079562
0.21847661,0.22383443
0.23458397,0.24504846
0.24206616,0.23802051
0.2326682,0.23435172
0.2493845,0.24915889
0.11421795,0.12409117
0.12254699,0.116256945
0.10381295,0.11076814
0.121154584,0.10780311
0.10912819,0.11899944
0.11912711,0.11495729
0.11238255,0.13506572
0.12382078,0.12935393
0.22153422,0.216192
0.16939905,0.1875504
0.18325569,0.18798193
0.2212871,0.23287703
0.20766431,0.21748805
0.18975113,0.16754977
0.19291455,0.21470599
0.24318454,0.24304259
0.17977646,0.18716915
0.22316897,0.2268303
0.19254236,0.18662839
0.21832475,0.22179909
0.10766046,0.10003139
0.14821629,0.13683364
0.21566923,0.21626383
0.22085369,0.21130607
0.1615043,0.15085313
0.17130381,0.1752538
0.24953033,0.23946604
0.24440753,0.24233174
0.23890302,0.24518168
0.23120071,0.21683943
0.2622068,0.2775281
0.26143926,0.28749466
0.27584246,0.2866814
0.23623091,0.2693708
0.27411103,0.2714306
0.2557339,0.27369654
0.27879953,0.27775407
0.26418364,0.2790908
0.21569608,0.22575615
0.2050066,0.22305955
0.21654704,0.2257809
0.19861703,0.22189929
0.21480834,0.21112418
0.20010763,0.1965041
0.2069065,0.21017438
0.19075358,0.19200306
0.20836239,0.21459237
0.20174097,0.21359454
0.18475065,0.2125827
0.16061555,0.2154025
0.21939991,0.2133866
0.24330701,0.2362763
0.21079126,0.21020088
0.2303646,0.22808574
0.19666468,0.20366007
0.20907262,0.20649153
0.20113961,0.2130724
0.20840232,0.21138558
0.21618919,0.21902868
0.21905124,0.2160438
0.30686066,0.3079766
0.28619114,0.29371068
0.32185924,0.31705424
0.308939,0.30484024
0.245559,0.24952312
0.23676327,0.21559374
0.2153154,0.21547371
0.2397531,0.25252628
0.21655679,0.24498299
0.24471544,0.23332544
0.19492227,0.20781778
0.22310403,0.23242159
0.20770745,0.23202786
0.25868812,0.2539151
0.2358091,0.25144228
0.17995891,0.20168565
0.16233124,0.20207971
0.23044598,0.25986162
0.22664541,0.22830607
0.27521634,0.2699389
0.28084236,0.28468823
0.2840655,0.27885023
0.262091,0.26367632
0.27878493,0.27084985
0.27331433,0.26970553
0.27421078,0.27253717
0.28128383,0.2793154
0.28455937,0.2672793
0.28059602,0.27288744
0.2838853,0.27394736
0.21719043,0.21630666
0.2518676,0.2366576
0.21617684,0.22449556
0.2512142,0.2453237
0.21644045,0.22121686
0.24798645,0.2434769
0.22189784,0.22917765
0.25350267,0.24907485
0.21655595,0.22520599
0.2225022,0.24582049
0.22463793,0.2505169
0.29524982,0.29453197
0.20226687,0.20342454
0.27363268,0.28026497
0.21434796,0.21530706
0.25561965,0.2541659
0.28057575,0.2704088
0.23913452,0.2475406
0.1932137,0.20239218
0.25650972,0.2605993
0.19012183,0.20911498
0.19805203,0.23565799
0.16864245,0.18138841
0.19808117,0.2111399
0.2377947,0.25865072
0.24807155,0.26379627
0.25254267,0.2595241
0.2177767,0.22929648
0.2784506,0.266958
0.21797252,0.23841526
0.25002617,0.25593045
0.2421278,0.24150011
0.23910646,0.23697118
0.19912341,0.2450711
0.18971515,0.22398445
0.14469363,0.13614045
0.26996785,0.29100695
0.19952162,0.21875148
0.17660251,0.22464189
0.16906482,0.18858616
0.2368018,0.23573902
0.20370951,0.21776488
0.21005997,0.22865781
0.21778992,0.23502684
0.22385573,0.23872045
0.18085621,0.20908038
0.17235121,0.17696291
0.18085621,0.20908038
0.19432479,0.2179296
0.17899586,0.18009228
0.19872858,0.21362762
0.21251906,0.22248852
0.1959099,0.18222421
0.18009743,0.19407733
0.21366934,0.19849598
0.205661,0.19276999
0.27869785,0.26488993
0.27830714,0.27994537
0.26674616,0.2761567
0.27047485,0.25911042
0.26173753,0.2547483
0.27824298,0.27663562
0.26524588,0.26847944
0.2230528,0.23400752
0.2194719,0.20572108
0.21643701,0.21807387
0.19758482,0.19963674
0.2011129,0.1921663
0.23284021,0.23454964
0.23805074,0.24510056
0.21491797,0.2225023
0.22316042,0.23590368
0.21651316,0.22067371
0.22013666,0.23166366
0.21817502,0.23039499
0.22487326,0.24298406
0.22599678,0.24045354
0.23104492,0.2531172
0.24391429,0.2528572
0.22409126,0.24238633
0.22995488,0.24081714
0.23026219,0.24426739
0.23681036,0.24578708
0.2677929,0.26589665
0.24210419,0.25322688
0.2497405,0.25517803
0.24947135,0.2601027
0.2536946,0.27085614
0.22837897,0.22336534
0.20569731,0.22287714
0.22895093,0.26149532
0.255684,0.26576483
0.24979559,0.252078
0.25527248,0.23735084
0.24674559,0.24917845
0.22082105,0.23165704
0.29223347,0.2779466
0.23712367,0.25606996
0.20394695,0.20750916
0.31542915,0.30712032
0.3093537,0.31983897
0.30824602,0.3030782
0.2455283,0.25783622
0.23421353,0.27322447
0.22838397,0.2497965
0.19312581,0.19356565
0.20593084,0.20445536
0.18074553,0.19926085
0.3049396,0.31706423
0.20914865,0.20204593
0.20062378,0.19498073
0.13903324,0.14673582
0.14913052,0.15443447
0.25755948,0.25405884
0.23118022,0.21768792
0.25771856,0.2607854
0.16647206,0.16520873
0.13165246,0.14133787
0.11876541,0.14786129
0.15261465,0.16829574
0.14661513,0.16126567
0.15037659,0.1510314
0.24321856,0.24589513
0.25423956,0.26082045
0.23665187,0.26604444
0.11667527,0.11530049
0.14151981,0.1334044
0.13688408,0.12901975
0.25661016,0.2590383
0.23381162,0.26143575
0.21491739,0.24360177
0.23080498,0.27843118
0.22783327,0.24963024
0.18086557,0.16913423
0.21471678,0.22754714
0.27831724,0.28669462
0.27724478,0.28033197
0.22957923,0.22532693
0.23047616,0.21903142
0.265719,0.28421044
0.25995737,0.27912855
0.2615733,0.26157486
0.2392031,0.2551898
0.23934565,0.2527656
0.2627138,0.25503692
0.25426114,0.25885978
0.26557544,0.27331525
0.21377009,0.22869202
0.23589423,0.24218203
0.20606372,0.23125835
0.22990082,0.24642873
0.22971322,0.23310953
0.23096254,0.23302507
0.23809911,0.22706495
0.24175009,0.24677461
0.22506915,0.1964229
0.24896885,0.21777576
0.21218976,0.19535214
0.24363752,0.20677005
0.21617219,0.20460677
0.17861238,0.15702379
0.21908092,0.18138236
0.2380257,0.18508272
0.20010611,0.17913261
0.19801903,0.17855255
0.23041534,0.18776748
0.21806104,0.2069241
0.13857567,0.13167188
0.19767345,0.19233936
0.20111111,0.19007932
0.20011342,0.19874325
0.18931362,0.17268579
0.24445567,0.23993866
0.24216342,0.22616225
0.14726044,0.16739215
0.14267462,0.13868235
0.19148846,0.20297137
0.20818973,0.20503627
0.17681333,0.17628975
0.19048364,0.18174973
0.21288179,0.22144175
0.17714013,0.19441462
0.18635587,0.18832046
0.17526911,0.16677873
0.23167437,0.23488444
0.17352822,0.17396332
0.184966,0.1933722
0.19596988,0.18596812
0.22856101,0.23674935
0.20675208,0.21162233
0.1183806,0.14257449
0.18824103,0.18141627
0.17926668,0.18349281
0.19942872,0.19714876
0.17267165,0.18280518
0.15778701,0.16850883
0.15847033,0.160276
0.17856659,0.17228512
0.13102715,0.12788776
0.17191781,0.17656407
0.16822192,0.18212666
0.17814903,0.17913152
0.17448556,0.17792681
0.17665541,0.17757803
0.1736647,0.20889181
0.21807617,0.22412054
0.18502806,0.18792951
0.16884911,0.16112822
0.16431986,0.15416157
0.14532068,0.14126122
0.16232815,0.14306857
0.24363971,0.23745945
0.21724722,0.21389863
0.22537665,0.21675351
0.23140514,0.2500274
0.22252356,0.23354438
0.24506694,0.25049543
0.2452277,0.25497153
0.23575896,0.241763
0.25630778,0.25496504
0.23487565,0.23284505
0.22888666,0.21597618
0.24321504,0.2306099
0.22647387,0.22402318
0.2192471,0.21471289
0.23934522,0.22763924
0.23744917,0.23493642
0.25125033,0.2437287
0.21794245,0.22536954
0.1725526,0.23287357
0.18898131,0.22148307
0.23796123,0.22679843
0.21099189,0.2217982
0.23600268,0.2282954
0.26622567,0.24746212
0.21952103,0.21509868
0.2689337,0.26731813
0.25099137,0.24851182
0.2598708,0.26275754
0.26666862,0.2727837
0.17376238,0.17786694
0.19468231,0.20301165
0.21386616,0.21843654
0.22971418,0.25670218
0.21179345,0.23415527
0.25596258,0.2715015
0.272312,0.2791051
0.2308382,0.2512046
0.21363732,0.21869428
0.23845594,0.23710386
0.24587421,0.2582567
0.2533532,0.24912968
0.24878967,0.25215217
0.2497638,0.25151074
0.23068741,0.2323758
0.23520622,0.26082504
0.2180649,0.2535864
0.24686684,0.29682827
0.22656375,0.27466777
0.24692409,0.25428927
0.26707914,0.25667837
0.2555145,0.26094216
0.2690929,0.26650333
0.25141037,0.22576898
0.23922083,0.23981896
0.23880236,0.24440435
0.23290989,0.25009876
0.21863103,0.20019726
0.22167361,0.21709174
0.28298575,0.2801823
0.18460211,0.18108313
0.19018272,0.21141648
0.26561195,0.27876782
0.20768158,0.21491957
0.20896256,0.21120466
0.2589666,0.25946575
0.24036068,0.24198398
0.21890047,0.22296251
0.25161,0.25725847
0.16360049,0.17694315
0.25616145,0.2654191
0.23567946,0.25497928
0.24572825,0.24645135
0.22679424,0.2443151
0.12802868,0.15302707
0.20557345,0.20486912
0.18079326,0.18560003
0.26035744,0.24930283
0.24795498,0.22030805
0.28532836,0.27691314
0.23282655,0.21911436
0.18518335,0.20802785
0.22118299,0.220664
0.21438368,0.20858957
0.21075805,0.2044552
0.22275022,0.22579719
0.18456039,0.15254301
0.16907343,0.15481132
0.19179693,0.16309124
0.20586269,0.20614901
0.18668713,0.19964056
0.15658724,0.15456764
0.2277932,0.23312211
0.20566085,0.21957323
0.182856,0.18973261
0.2915981,0.27185053
0.20895728,0.2309007
0.25592607,0.25008503
0.28305987,0.27799243
0.26608992,0.27929723
0.19936672,0.21091406
0.202229,0.19280635
0.20241547,0.19448194
0.19732869,0.19458242
0.21863303,0.21983592
0.19002153,0.20946923
0.24088868,0.23399064
0.19141485,0.22204646
0.2131912,0.20473193
0.19471991,0.20270021
0.25328308,0.24148136
0.2251052,0.24046147
0.23744643,0.24360272
0.19780035,0.23572758
0.27011645,0.27481008
0.2507635,0.2801939
0.1696149,0.16533001
0.19253466,0.16434716
0.14179179,0.14336835
0.16656323,0.15359125
0.23888415,0.2036519
0.24056977,0.23372236
0.22333068,0.24019867
0.18911271,0.20164618
0.19708341,0.21498017
0.1942756,0.23085824
0.22838417,0.23612124
0.24603131,0.25118014
0.24393806,0.27065647
0.21515386,0.23012528
0.21042356,0.19089846
0.19480059,0.19611138
0.19329333,0.19500071
0.2510515,0.2560078
0.2646849,0.27745897
0.23704767,0.25022715
0.2319262,0.22274293
0.23415834,0.2350771
0.24260914,0.24226125
0.2617445,0.26091743
0.24071878,0.25618723
0.2453365,0.26133913
0.2904449,0.3029831
0.17109002,0.16301765
0.17691422,0.17948504
0.29409516,0.29790524
0.28501302,0.27282667
0.2955406,0.28627086
0.23660141,0.24131015
0.25089914,0.25218514
0.29181215,0.28901207
0.17375703,0.16465409
0.16063859,0.16048737
0.25843468,0.24442047
0.26417115,0.2550189
0.26773483,0.24332133
0.21685101,0.21587917
0.1486962,0.18381974
0.22398117,0.24482815
0.2395668,0.24121316
0.25382277,0.25627792
0.23632297,0.24302275
0.2685501,0.29976353
0.2702198,0.2857717
0.21437488,0.2130467
0.21132132,0.21338968
0.2013996,0.19838014
0.19546257,0.20034863
0.11830912,0.13981049
0.119979136,0.12413348
0.25773233,0.27037132
0.23757797,0.25962117
0.09944982,0.10617484
0.12300865,0.12806675
0.11040126,0.111633286
0.08703556,0.10049397
0.108768314,0.11736273
0.10590096,0.10667217
0.18209349,0.1881911
0.15882908,0.19354296
0.24217507,0.26856804
0.24528793,0.26987785
0.22778556,0.2310772
0.22657076,0.23594368
0.18719685,0.20138726
0.22527805,0.24152218
0.22211067,0.24740015
0.18507457,0.20776214
0.19964579,0.24313083
0.13655695,0.14158697
0.1586946,0.15923499
0.12260282,0.12892564
0.23595592,0.26335326
0.24865681,0.28826204
0.22612303,0.24778324
0.2152679,0.21154454
0.23091175,0.23764728
0.22102123,0.2320155
0.17804018,0.2014628
0.17382248,0.17778283
0.1888363,0.18809682
0.26124996,0.2656893
0.23702943,0.23867922
0.26138735,0.2766087
0.24120477,0.24955103
0.24470401,0.2426801
0.23659916,0.23766693
0.28611404,0.2869917
0.26074952,0.27253315
0.24822192,0.25087786
0.27744257,0.28823635
0.25053605,0.2555099
0.27905124,0.29162517
0.223362,0.22823507
0.24402697,0.2501617
0.21006952,0.19306229
0.18946397,0.17708519
0.23113826,0.2645154
0.25249872,0.26805082
0.25951427,0.25376806
0.27901006,0.263842
0.2640222,0.24843478
0.26609552,0.26296598
0.2711292,0.27548122
0.1960718,0.19584793
0.20413303,0.20369914
0.23008215,0.24218993
0.15617959,0.15480545
0.17151162,0.17883669
0.31801966,0.30651006
0.24982013,0.23418027
0.31743544,0.30858612
0.24215563,0.23911077
0.18959495,0.19697215
0.18402027,0.19667013
0.29747224,0.2928101
0.22525959,0.22172987
0.11846767,0.12468282
0.29129392,0.31525138
0.22766612,0.24031769
0.28479773,0.29512644
0.29777396,0.31577983
0.27979895,0.2923475
0.2962752,0.31825653
0.27526578,0.29198018
0.2870823,0.3147287
0.277843,0.2995051
0.28840876,0.3206455
0.14457676,0.13043235
0.21345028,0.2050266
0.15058205,0.16328746
0.16929798,0.18481995
0.2517257,0.24849771
0.11932945,0.16446736
0.14340603,0.13638186
0.20643377,0.20889147
0.23600225,0.24807188
0.25328955,0.2710951
0.21617527,0.24281198
0.30580854,0.30647492
0.2919137,0.2923325
0.25827754,0.25231463
0.23777065,0.23498747
0.3114748,0.3094256
0.27314973,0.29225776
0.2549135,0.25690237
0.21655737,0.24274722
0.29137725,0.2954301
0.27512634,0.27347594
0.24519838,0.24390341
0.21865281,0.22003731
0.19656438,0.19090517
0.1831716,0.18828647
0.2055324,0.19581822
0.20008913,0.1998685
0.18859291,0.17825161
0.21014322,0.2130222
0.21644251,0.20108818
0.20222828,0.21416445
0.20810868,0.20239852
0.19611365,0.19928712
0.18440613,0.17074533
0.20528126,0.22448753
0.19151081,0.19938166
0.1686861,0.16112716
0.1988384,0.18880086
0.189074,0.17983581
0.17656568,0.18675676
0.22655293,0.22937867
0.23852943,0.23554298
0.1768559,0.18927924
0.18761024,0.2137804
0.19212583,0.17796174
0.27997446,0.29348087
0.2599142,0.2833806
0.23282865,0.23818615
0.20097119,0.24839701
0.20489512,0.20800443
0.21326926,0.2201309
0.24280944,0.24335198
0.2281426,0.22701095
0.23370245,0.23514149
0.20373318,0.22229537
0.20012058,0.22476971
0.21300091,0.24941036
0.22466359,0.21359034
0.23481071,0.21476614
0.25333858,0.24176472
0.22168383,0.18932432
0.26677257,0.23673534
0.24526082,0.238735
0.22983587,0.2161847
0.25889176,0.2586899
0.22923687,0.22741506
0.23528083,0.22527586
0.20772068,0.19946751
0.20179053,0.18462819
0.20786777,0.21236631
0.20301996,0.22711064
0.17321253,0.1918333
0.1767272,0.18423764
0.26232928,0.26951933
0.236648,0.26469815
0.24405342,0.26476282
0.29056805,0.29507583
0.2166966,0.20684722
0.22707482,0.2132688
0.20280676,0.20171806
0.21713305,0.24974473
0.22052033,0.25622842
0.20638788,0.22582653
0.23582394,0.2521652
0.22518484,0.2510783
0.2493009,0.26662934
0.23525351,0.26523125
0.20193808,0.21919745
0.19995666,0.21554749
0.21256581,0.23817003
0.20963378,0.234844
0.21943592,0.23875308
0.20968379,0.23503935
0.23005575,0.25547785
0.23041506,0.25567955
0.2353141,0.26432413
0.23117782,0.26365528
0.224681,0.24678572
0.21985626,0.24734227
0.20267013,0.21142985
0.24100053,0.25524893
0.23797254,0.25442857
0.18892916,0.19213176
0.22771461,0.27166033
0.28700632,0.29250327
0.2897372,0.30264887
0.29167086,0.29022333
0.30042106,0.29222107
0.2426633,0.2326642
0.23102249,0.23687571
0.22956672,0.23378517
0.2512989,0.25497678
0.24647412,0.24910912
0.2380855,0.24432313
0.27828154,0.2724158
0.24793637,0.2387893
0.2350683,0.2455618
0.23577413,0.24924006
0.2198114,0.22588563
0.21705616,0.22915345
0.24489424,0.24547428
0.22381759,0.22177464
0.22291946,0.22288162
0.20380692,0.22411416
0.22223972,0.21226151
0.21407177,0.20798859
0.18874927,0.20615178
0.21486303,0.19700783
0.20278662,0.18879385
0.19429061,0.21746552
0.20584346,0.2081487
0.20005152,0.20217177
0.2605189,0.27846488
0.26037365,0.27578017
0.25065592,0.26658544
0.26331025,0.27440065
0.2618031,0.27015734
0.22543795,0.23428279
0.24391264,0.24352217
0.2091293,0.22843012
0.22521824,0.23662627
0.28089598,0.27814823
0.22093295,0.22665519
0.2373633,0.24532759
0.27050287,0.2815139
0.23378883,0.24079506
0.2154704,0.21208367
0.22219625,0.22790182
0.23309216,0.22543058
0.19265631,0.17659518
0.20040625,0.19922227
0.2277062,0.22295536
0.19054589,0.20136742
0.21468058,0.19852181
0.22213593,0.20091861
0.27190962,0.27795392
0.21861245,0.2187215
0.25370154,0.2573049
0.21826708,0.22334646
0.24891335,0.2390711
0.2478938,0.24442936
0.2207909,0.20997462
0.2245226,0.20132062
0.2446031,0.23648539
0.24407613,0.25332046
0.24698946,0.24527945
0.24550058,0.25302497
0.2288523,0.21884137
0.22235629,0.22085273
0.24184923,0.239966
0.23947027,0.23949078
0.23383504,0.241602
0.24534817,0.25118265
0.1733991,0.19596829
0.19030464,0.20544167
0.3164297,0.32008043
0.332003,0.33164766
0.28275555,0.29313582
0.25682676,0.26672503
0.2922711,0.29161766
0.29901558,0.3003114
0.2899616,0.2904019
0.30427212,0.3058393
0.24690652,0.24398804
0.124745406,0.15068516
0.12635522,0.13256308
0.17559558,0.18321927
0.16499335,0.16548812
0.21099836,0.21525735
0.20845175,0.21508321
0.21271926,0.21856104
0.17724794,0.16732393
0.19562468,0.16282924
0.25162107,0.2553798
0.22632822,0.24592547
0.21020055,0.2295875
0.22182389,0.23448388
0.25667897,0.27872038
0.2666347,0.25141
0.18280467,0.19631892
0.18393467,0.2222745
0.22353384,0.22649641
0.2655828,0.2623969
0.23366375,0.23375371
0.2298789,0.24026373
0.22960232,0.23344868
0.21833767,0.22844902
0.21748115,0.23536631
0.21743003,0.22719021
0.22801733,0.22542547
0.21899924,0.22945155
0.21709608,0.22330947
0.21567252,0.22440666
0.19754596,0.20511796
0.20790483,0.208222
0.1891912,0.20031111
0.2193943,0.22864309
0.22281952,0.222482
0.21656615,0.21885407
0.1987944,0.20071307
0.21082759,0.20440301
0.19308852,0.19490558
0.22222911,0.22611059
0.2228804,0.21820694
0.208887,0.21529734
0.1942627,0.19481882
0.20125651,0.19903794
0.17889082,0.18996248
0.21214807,0.22057214
0.21565045,0.21205334
0.24028268,0.2533012
0.23101702,0.2560721
0.22403198,0.24827722
0.25745735,0.26911086
0.2616554,0.26938024
0.24254428,0.23755369
0.23528922,0.24077824
0.22819151,0.23354195
0.26041067,0.2551293
0.26885048,0.2595205
0.23965858,0.24814056
0.24916741,0.2357158
0.22004408,0.23025063
0.2403032,0.22591183
0.23453644,0.24112013
0.24969687,0.24371542
0.229889,0.23420167
0.24275807,0.2247298
0.25282043,0.24974398
0.25201315,0.27609706
0.22070064,0.20563444
0.22164223,0.21592277
0.2484014,0.24183606
0.27231503,0.26598084
0.26107457,0.25215966
0.2596985,0.27808827
0.20545767,0.2308948
0.18126589,0.21368453
0.20217326,0.19805421
0.2141461,0.2526878
0.23551534,0.23810008
0.2135743,0.22888097
0.18185233,0.18419203
0.24019772,0.26105037
0.20980392,0.22016807
0.24594904,0.26505515
0.21220067,0.22685099
0.2350465,0.26890552
0.20317557,0.22671983
0.2862515,0.28763562
0.20500788,0.22009714
0.20589297,0.2293974
0.23430452,0.24834561
0.21707766,0.26543164
0.24139313,0.29557294
0.14716582,0.15593915
0.21815561,0.23647815
0.2721711,0.27427602
0.27306432,0.27701283
0.24956281,0.25612587
0.19840367,0.20670345
0.24181658,0.22148407
0.2515878,0.2233222
0.27847397,0.25582188
0.23412274,0.21693334
0.24998797,0.2695949
0.26481694,0.28318405
0.24314742,0.26759654
0.25394374,0.28151435
0.2033885,0.20843661
0.15923756,0.16080177
0.2989697,0.3250544
0.1473573,0.17526379
0.12983996,0.1326078
0.13561052,0.15200461
0.24927166,0.2547056
0.2781886,0.2927019
0.19787303,0.19272186
0.20070359,0.19623253
0.20743932,0.21087044
0.21061619,0.21062079
0.16214456,0.1759066
0.17762893,0.18442257
0.27089536,0.2792443
0.26742083,0.27923405
0.2837416,0.2838816
0.2336132,0.25113374
0.22853133,0.2511738
0.24506658,0.24970365
0.19630043,0.19663763
0.20022061,0.20498593
0.19658954,0.19524091
0.19631903,0.19526273
0.23122174,0.25358117
0.25977114,0.26561576
0.27197015,0.27050245
0.25241825,0.25405398
0.23405553,0.2496104
0.25777346,0.264532
0.2742108,0.272851
0.25864938,0.25154775
0.26490334,0.26164675
0.25637954,0.25706777
0.2623317,0.26592308
0.23728606,0.25047266
0.26527545,0.25348923
0.25869834,0.25738242
0.26259962,0.26297253
0.24102439,0.24610803
0.27685586,0.2755396
0.19315061,0.19296631
0.1767709,0.17660213
0.2200585,0.23470105
0.17834817,0.18416366
0.21905582,0.23981288
0.20498355,0.22290066
0.19942854,0.19418845
0.20026635,0.19738872
0.2649477,0.27431208
0.23650728,0.24954076
0.19489759,0.22732754
0.218083,0.22705194
0.2675844,0.27580467
0.26764637,0.26859546
0.13683821,0.17095172
0.2562499,0.28395745
0.2008694,0.2393874
0.25397292,0.2697851
0.20093942,0.22735463
0.28167903,0.28918085
0.28358033,0.31024387
0.2505355,0.25928763
0.202306,0.20607288
0.3207183,0.3183898
0.29164004,0.27775413
0.21293645,0.20725578
0.2650752,0.24978626
0.26199847,0.27463368
0.30374944,0.3205304
0.25163993,0.24893908
0.2463148,0.23295285
0.16985287,0.16510746
0.17047401,0.16616169
0.16501296,0.18425329
0.26412314,0.26665363
0.25638157,0.2604144
0.27348927,0.2821332
0.23984563,0.26032403
0.22656427,0.22831747
0.2354311,0.24675283
0.2151434,0.24069048
0.14779288,0.16433926
0.13640325,0.16425067
0.22464278,0.2242952
0.22654739,0.23280376
0.21135196,0.20401949
0.21717681,0.21817528
0.21237792,0.21878953
0.21534716,0.22338119
0.24737829,0.23578128
0.24124213,0.23084931
0.2139349,0.22529739
0.24711631,0.2538807
0.2419706,0.25339556
0.22102435,0.24759671
0.20689398,0.2209605
0.2552364,0.24532424
0.23748174,0.23609087
0.23641026,0.2404454
0.2527619,0.25060725
0.2667971,0.2653168
0.2656264,0.2588687
0.27086648,0.28465042
0.2670161,0.26745522
0.25193933,0.2542316
0.24058692,0.25945544
0.24659565,0.266211
0.26404226,0.24330771
0.24468991,0.22511272
0.24299155,0.23337261
0.2445797,0.24066861
0.2721644,0.2725664
0.25764063,0.25610542
0.25275254,0.26457503
0.2513817,0.2671769
0.19430818,0.19282308
0.19052145,0.22291909
0.21806072,0.23383808
0.17342895,0.19590415
0.20516473,0.20630965
0.19677207,0.20335114
0.17302078,0.19298334
0.21807632,0.20903312
0.24962136,0.25515315
0.2509814,0.25270396
0.23437195,0.26930854
0.27710754,0.27857196
0.23285007,0.27045304
0.27563465,0.2751293
0.22406027,0.2638143
0.2719984,0.27413622
0.20206133,0.22564438
0.22190253,0.22278205
0.19746543,0.21018666
0.23020919,0.21264984
0.25649086,0.2694935
0.2354114,0.2527997
0.19600667,0.18998301
0.20651197,0.17768759
0.2113278,0.17863238
0.19050065,0.18193436
0.1962612,0.18811652
0.17173938,0.1840504
0.20416053,0.198327
0.18285626,0.1933028
0.20577644,0.19987634
0.18047515,0.19278736
0.13531663,0.1483823
0.17951182,0.18695883
0.15560576,0.1661492
0.20551369,0.20715752
0.15308091,0.16140363
0.19877405,0.20228487
0.19909257,0.19398138
0.17630844,0.17935714
0.21718086,0.20563284
0.19768608,0.19691844
0.21483378,0.21306139
0.19951975,0.2039582
0.24217287,0.2528404
0.2335863,0.2369009
0.25395414,0.26769918
0.260296,0.2536568
0.24987447,0.23956895
0.27036193,0.26999345
0.25917462,0.26335692
0.24509603,0.2441452
0.2712811,0.27529252
0.19587019,0.21935563
0.24423853,0.24083668
0.2005489,0.20521067
0.23239526,0.23033217
0.19529484,0.19470426
0.19797452,0.18864124
0.19434716,0.19360684
0.20213453,0.19162387
0.27704853,0.27262312
0.25829023,0.26578063
0.25892907,0.28839296
0.2962322,0.2682622
0.28490448,0.25456604
0.2738651,0.27610826
0.18000554,0.16216986
0.17043637,0.15540023
0.17527033,0.19280647
0.16809049,0.18812133
0.24300815,0.21810085
0.2567581,0.25354034
0.24818662,0.271808
0.24371535,0.2562034
0.2607758,0.27193034
0.27627894,0.26038975
0.27897006,0.2481612
0.28400815,0.2603281
0.25780883,0.24751438
0.26839995,0.2884936
0.2542369,0.27407184
0.27826512,0.28141996
0.29948992,0.3140862
0.28062928,0.2972382
0.25000215,0.24156812
0.25919914,0.27353865
0.23730709,0.25399715
0.25780883,0.24751438
0.26839995,0.2884936
0.2542369,0.27407184
0.27826512,0.28141996
0.29948992,0.3140862
0.28062928,0.2972382
0.25000215,0.24156812
0.25919914,0.27353865
0.23730709,0.25399715
0.32460195,0.3243546
0.23794743,0.2282061
0.30074453,0.30463958
0.26382396,0.26876545
0.2538544,0.27770323
0.256965,0.2658633
0.21503985,0.2058278
0.19421923,0.20363863
0.2727978,0.26687685
0.24689537,0.23843706
0.22999027,0.24669929
0.27514237,0.26466215
0.27804512,0.28948814
0.2413641,0.26142734
0.20452484,0.23469722
0.21673492,0.23017289
0.20448887,0.2192702
0.22582543,0.20984381
0.20920974,0.21650012
0.1984659,0.2135385
0.19191177,0.22797279
0.20380864,0.2344563
0.22145906,0.23738158
0.27152386,0.24687956
0.23603007,0.2555856
0.251794,0.26688775
0.20162195,0.2364493
0.19241782,0.19773303
0.1654052,0.17017531
0.21539688,0.21489348
0.21743977,0.22664453
0.26650468,0.27910548
0.2763055,0.26437762
0.25200865,0.24728961
0.1790007,0.1814441
0.2110402,0.22931544
0.22380148,0.22840163
0.23768249,0.2509576
0.24030736,0.2606524
0.2678093,0.27396002
0.2668695,0.2775053
0.22150455,0.2179763
0.19975448,0.21596725
0.22220927,0.22989629
0.17604946,0.19764583
0.21849161,0.2285418
0.22615671,0.2528685
0.2287846,0.21865249
0.2106101,0.20879555
0.26346856,0.26464057
0.21222551,0.23570707
0.20606582,0.22287261
0.23334238,0.23266351
0.2038854,0.21839245
0.25918764,0.27608752
0.2542527,0.2765011
0.26179188,0.27236333
0.24156615,0.25508925
0.18927883,0.19537812
0.16817084,0.18810694
0.15271321,0.17837529
0.13909993,0.1692978
0.1797737,0.21347117
0.19407326,0.20496114
0.18059641,0.21539356
0.17756656,0.19050318
0.20380385,0.24204502
0.18864995,0.2091379
0.1735564,0.19611348
0.17699307,0.20717284
0.16373877,0.1930114
0.20854853,0.20708118
0.1523143,0.1712635
0.2392785,0.2694828
0.25875562,0.2896311
0.2665866,0.2888174
0.2573465,0.27334508
0.26121157,0.26539412
0.25646377,0.26389238
0.26577786,0.25633368
0.2699057,0.2657231
0.26015738,0.28841516
0.18733166,0.18842839
0.17813146,0.17515458
0.14234945,0.18236303
0.18875544,0.2244392
0.18310872,0.20551527
0.14642668,0.21495306
0.1585621,0.19608524
0.18055019,0.19303049
0.17209008,0.20190412
0.16449407,0.23142324
0.19329639,0.21907748
0.17552267,0.23539898
0.18314108,0.20453793
0.20787786,0.20438248
0.19584608,0.20576519
0.16616762,0.17951143
0.18865517,0.18640015
0.1818721,0.18226525
0.15268251,0.19170277
0.17523396,0.2005771
0.16614734,0.1887933
0.2889075,0.2904027
0.30007064,0.2992453
0.30492997,0.30643693
0.28254962,0.2937761
0.27464402,0.26524234
0.15177347,0.16287453
0.16737643,0.18086685
0.17990617,0.18622683
0.1890931,0.19457215
0.19779986,0.20702657
0.22597547,0.23632175
0.27633506,0.26983455
0.24250987,0.23865035
0.24306655,0.25198984
0.25258425,0.26327863
0.2469831,0.23560572
0.24906433,0.24584068
0.25442082,0.25817415
0.237441,0.24408768
0.23502994,0.24836738
0.2044832,0.21985647
0.19805822,0.22378165
0.25688335,0.2778457
0.20666637,0.24797748
0.30427724,0.3198697
0.29916692,0.2937257
0.20247395,0.2051956
0.2224889,0.21804087
0.17805916,0.20706615
0.19849871,0.21832988
0.19515242,0.21311677
0.21434145,0.22849602
0.16435269,0.1616016
0.14437754,0.16981363
0.14622256,0.16391629
0.18381779,0.18914483
0.19442567,0.2050935
0.24427557,0.22676513
0.2514395,0.25332355
0.23837796,0.25957742
0.20459013,0.20342474
0.19824088,0.21173248
0.20190175,0.2250937
0.20933731,0.22195895
0.21054786,0.2265288
0.26721507,0.29950094
0.26263365,0.29827073
0.27630895,0.30460516
0.26955667,0.30548686
0.24523008,0.2611872
0.253128,0.27732933
0.27661088,0.30327624
0.24024583,0.24001278
0.25725752,0.25085148
0.26126522,0.27066943
0.20844659,0.21437956
0.2444232,0.26003295
0.29341978,0.29219544
0.28881288,0.2864528
0.28559512,0.28441232
0.2893451,0.29319277
0.29710224,0.29962856
0.13236484,0.14930603
0.2721374,0.2670125
0.20529504,0.22212945
0.26959932,0.26824242
0.2924183,0.2971983
0.21663706,0.22051172
0.2627234,0.25308082
0.24676307,0.25381544
0.24815412,0.23973864
0.23414269,0.2433734
0.19616514,0.2019687
0.190747,0.18493178
0.20974442,0.24808669
0.20513725,0.22753052
0.24290861,0.2434803
0.24156511,0.24024868
0.3206694,0.32304603
0.3226453,0.3200815
0.24273865,0.2554553
0.19524367,0.21903746
0.24071667,0.25125146
0.24464731,0.24603134
0.24283998,0.26860455
0.23736201,0.2788199
0.26440808,0.28574225
0.26439896,0.28892654
0.27306086,0.29987395
0.2736062,0.30180123
0.24190177,0.29152423
0.25474715,0.29846916
0.15604486,0.17909858
0.15441571,0.16687223
0.24027738,0.26192197
0.24469501,0.25768304
0.25520194,0.2675808
0.25192857,0.26952907
0.15795779,0.16511169
0.15766832,0.16847742
0.24427345,0.2489439
0.23340724,0.24007665
0.25421834,0.25853288
0.2512133,0.25904065
0.25091732,0.24706155
0.23832598,0.23614821
0.25539464,0.25831115
0.2605751,0.25542343
0.23601584,0.25901467
0.23330848,0.24652077
0.24948375,0.26469287
0.24135616,0.25658238
0.17603561,0.18416002
0.20107087,0.22431357
0.19471474,0.19972572
0.21228583,0.22571069
0.16503306,0.17400272
0.18596011,0.21963307
0.24419953,0.27345484
0.15073061,0.14206131
0.14971268,0.1713012
0.26091096,0.26821995
0.25554332,0.2643425
0.25653663,0.25764683
0.26063704,0.26585832
0.23122253,0.26000202
0.22277425,0.2519881
0.23108672,0.21945965
0.21951436,0.2327852
0.21664038,0.25197983
0.23207563,0.2601117
0.24102879,0.25785467
0.23031846,0.23020908
0.24673218,0.24039614
0.25090396,0.23943731
0.17786504,0.18341216
0.19583589,0.20778757
0.21242543,0.21408066
0.20736179,0.22065686
0.21914503,0.23068291
0.20562306,0.20832747
0.21229298,0.21731557
0.21715832,0.2105142
0.23541948,0.25311136
0.2609704,0.26134443
0.21577924,0.20860475
0.23532256,0.2534604
0.19695187,0.20387344
0.2024059,0.22447023
0.20239235,0.20640801
0.21919471,0.22101796
0.26498398,0.25527257
0.20384581,0.19013485
0.21415342,0.21141657
0.15066247,0.14491536
0.1598949,0.1638132
0.2424941,0.23587956
0.19624108,0.20277841
0.25872016,0.240432
0.26189032,0.2407764
0.2644891,0.23490185
0.25890726,0.26373345
0.22271419,0.2618453
0.21671544,0.25056773
0.2169343,0.24685004
0.2507566,0.28975713
0.23274878,0.25900814
0.20801592,0.20485675
0.26484138,0.2584337
0.2514227,0.27081296
0.27851784,0.2825925
0.26194352,0.2641655
0.19707008,0.19107841
0.20301126,0.20244841
0.21199557,0.2077593
0.19918282,0.20985076
0.2780497,0.27260983
0.26558402,0.26410404
0.2894806,0.28842723
0.2776294,0.27939665
0.29489127,0.29690182
0.287008,0.29454836
0.2895678,0.2787928
0.27729955,0.27291274
0.23495996,0.2371352
0.25204515,0.24830271
0.2489,0.25732714
0.2667075,0.26809126
0.209358,0.21241336
0.31860468,0.331609
0.33154362,0.32844335
0.18970412,0.25734895
0.24725032,0.23060751
0.24895959,0.23313418
0.2708326,0.26686043
0.2597791,0.26494324
0.27488175,0.26996803
0.26946846,0.2532273
0.28123143,0.26319045
0.24010247,0.22625569
0.26148766,0.2511012
0.2761129,0.26471102
0.21989913,0.2379443
0.22215107,0.23974659
0.2901976,0.29084358
0.2824165,0.26902902
0.2833779,0.28632385
0.27063838,0.26531532
0.2786332,0.29176855
0.3008316,0.3005921
0.29578084,0.28328204
0.24995294,0.27036163
0.26778704,0.2864014
0.2593962,0.2607779
0.28285602,0.2777003
0.14438678,0.15107016
0.16778842,0.17254788
0.17168725,0.18243381
0.20236462,0.18871683
0.20246819,0.2090224
0.24200274,0.24662387
0.26555002,0.28594103
0.24915059,0.25306004
0.22246355,0.24745259
0.23413736,0.25716603
0.22652371,0.24701959
0.22652371,0.24701959
0.23413736,0.25716603
0.22698644,0.24499927
0.23697686,0.2651301
0.22985166,0.23832226
0.22290196,0.22902375
0.22537206,0.23263657
0.21563794,0.2479437
0.20875803,0.24165154
0.18928829,0.2161427
0.19979843,0.21987836
0.19398692,0.20288864
0.19418688,0.22322795
0.22857702,0.23501033
0.22458136,0.23173895
0.22682528,0.23075017
0.22569406,0.24270491
0.21415418,0.2432501
0.19027124,0.23993267
0.2140654,0.22400534
0.20653518,0.22341248
0.18728639,0.22313654
0.166356,0.18568702
0.1653826,0.18810652
0.15817237,0.19050393
0.19630629,0.19737653
0.19291785,0.20322025
0.17984056,0.20252328
0.1704002,0.20414421
0.17371793,0.20840244
0.1709581,0.20549724
0.19294755,0.21862084
0.19123884,0.2218657
0.17897123,0.21771176
0.22020748,0.22621445
0.24539605,0.2449038
0.30765247,0.31481552
0.2617265,0.27175948
0.2971696,0.30966973
0.3117758,0.3083756
0.2163406,0.2140048
0.2636875,0.25803745
0.26063362,0.2653193
0.2628272,0.2551806
0.25254735,0.244542
0.27592608,0.27162284
0.2713916,0.26425576
0.27178797,0.2721801
0.25398284,0.25884506
0.29172963,0.28502795
0.27431697,0.28335312
0.27647194,0.28697684
0.28541818,0.28231573
0.26917115,0.28338125
0.2768521,0.28718707
0.27959502,0.28695822
0.26993242,0.28625578
0.26642174,0.2922709
0.25573227,0.25797015
0.27467898,0.2768433
0.2747657,0.27430302
0.24996641,0.2489784
0.2289714,0.23281498
0.266037,0.25119242
0.24868211,0.22938374
0.28237298,0.27495545
0.26515406,0.27720365
0.2816875,0.28089553
0.27679625,0.27565125
0.27808243,0.2785672
0.28444505,0.28484198
0.2558981,0.25411865
0.2604206,0.2538313
0.21151158,0.23276511
0.23370576,0.23001403
0.22476026,0.22312
0.19761088,0.22349626
0.20904893,0.21997428
0.21289802,0.21624309
0.22185002,0.22800153
0.22747591,0.21160562
0.21151917,0.2175109
0.25130743,0.30713183
0.28440672,0.28521544
0.282979,0.2970935
0.28062707,0.2723855
0.23279762,0.23971123
0.23375154,0.23049091
0.2078894,0.21411023
0.2247095,0.22472385
0.3089921,0.30904657
0.29424763,0.29388863
0.3008025,0.29650196
0.2775207,0.27597502
0.22018783,0.23414181
0.24105677,0.26150516
0.23543875,0.23457567
0.26572847,0.27055758
0.28866416,0.2802894
0.27573353,0.27945238
0.30305693,0.30689216
0.28153127,0.29617488
0.19464439,0.20616314
0.31190285,0.3150214
0.2910217,0.30036184
0.2669032,0.25623363
0.2665521,0.24558467
0.27619267,0.2861148
0.283691,0.2804721
0.252822,0.255364
0.229956,0.23085973
0.28775737,0.2915187
0.30815625,0.3115497
0.22919098,0.22574893
0.3606016,0.35139
0.30002064,0.3008678
0.25939244,0.28402144
0.22710028,0.22091013
0.3167503,0.31543693
0.19217512,0.2251011
0.18927228,0.23369052
0.22022855,0.22238623
0.24660042,0.23229244
0.2554547,0.26736662
0.28309983,0.28299025
0.26010734,0.26829666
0.26986182,0.26701224
0.29751706,0.30112386
0.27733114,0.27993912
0.22759748,0.2401641
0.24745816,0.24377531
0.27451366,0.27411914
0.24419157,0.23522905
0.25217202,0.27574754
0.26516992,0.306537
0.1944478,0.22883698
0.2621084,0.2699098
0.24608204,0.29436517
0.2588216,0.26820526
0.2618119,0.26669443
0.24764642,0.24872081
0.24790047,0.24308752
0.22873038,0.2332419
0.25484723,0.25350568
0.17118315,0.1715352
0.20781188,0.22681178
0.2004105,0.20472749
0.16374926,0.17035618
0.27157524,0.27975664
0.23106067,0.24769299
0.24057966,0.2476128
0.17664362,0.18869857
0.29529744,0.28479797
0.24744283,0.25839108
0.26187268,0.26583928
0.24974525,0.24218881
0.21068342,0.22045621
0.23675515,0.22154354
0.3140376,0.3113733
0.28763035,0.2767772
0.19589671,0.21930315
0.21979605,0.19472487
0.17386602,0.19208422
0.2051256,0.19660956
0.18395817,0.19312517
0.3142053,0.29646102
0.29656038,0.28806147
0.26940584,0.2767102
0.26188898,0.27261746
0.20818862,0.22329125
0.208947,0.22623032
0.22782052,0.22795701
0.19524921,0.20978093
0.22646901,0.23707166
0.17261705,0.17485197
0.19794029,0.20285928
0.20654805,0.23090175
0.2518156,0.2994431
0.2658602,0.26419452
0.2707588,0.26108396
0.27579278,0.2661507
0.26552308,0.26485896
0.1746266,0.16022967
0.19985025,0.18242471
0.17732286,0.16762212
0.27951792,0.27109003
0.25795153,0.27838665
0.26125106,0.25484914
0.2306318,0.22914901
0.22451627,0.1999465
0.27249587,0.27354306
0.24824122,0.26474592
0.26390556,0.26129204
0.2839475,0.29022408
0.2700321,0.26296768
0.28407827,0.26565936
0.23289782,0.22655071
0.23289782,0.22655071
0.22418958,0.24805589
0.24487479,0.2500654
0.20854327,0.22040752
0.23426694,0.22572944
0.26560944,0.25780362
0.2138982,0.23113558
0.24100488,0.24648061
0.14828211,0.15262422
0.17697111,0.16744803
0.13254157,0.13322574
0.16425936,0.14549752
0.2672614,0.29707193
0.1876137,0.22994947
0.19460446,0.18774979
0.24756874,0.2522075
0.24594143,0.24851185
0.23239993,0.23903015
0.26365975,0.2618635
0.16465127,0.16929315
0.23871394,0.25023097
0.24637657,0.2384839
0.24644105,0.23347238
0.25742283,0.2667683
0.2503838,0.2580536
0.24855483,0.26649642
0.26441014,0.2741055
0.19116308,0.19500892
0.237343,0.26987624
0.22603698,0.24289039
0.21954557,0.2584378
0.20890093,0.22836949
0.2046194,0.24810824
0.14484301,0.15973797
0.19535232,0.19267142
0.1976808,0.18996508
0.21334898,0.21271801
0.2872579,0.2743719
0.27397516,0.2652883
0.30545908,0.3216118
0.2956326,0.3000182
0.28460297,0.27930394
0.25927508,0.271117
0.25891978,0.2728239
0.20157921,0.2007203
0.2081516,0.21658246
0.2085813,0.2543118
0.22150505,0.25472367
0.22747388,0.2583272
0.234724,0.25610015
0.15022379,0.15046228
0.15450078,0.16317229
0.16578725,0.17157643
0.15911739,0.16342674
0.20845842,0.21499136
0.2111812,0.22030048
0.21593307,0.22861558
0.2018359,0.23345727
0.16213998,0.15427156
0.15289383,0.18303937
0.1499853,0.20336358
0.18920425,0.18821608
0.19465658,0.19663963
0.2832961,0.27566725
0.2841522,0.27699474
0.22092034,0.2304325
0.24334118,0.24732263
0.2474004,0.24747404
0.23152322,0.2508003
0.21848187,0.2409544
0.25439033,0.29108152
0.2992309,0.3235658
0.3134553,0.32724315
0.27847818,0.27864122
0.29144365,0.2801
0.27444425,0.28543153
0.28916854,0.28704765
0.2906061,0.3035206
0.30303,0.30929434
0.22129342,0.21896552
0.19909468,0.20640376
0.22216177,0.23453732
0.20573798,0.22144046
0.25363848,0.267668
0.24110861,0.2574085
0.24414025,0.26078737
0.22861412,0.24652085
0.24851286,0.25857377
0.23686033,0.24410936
0.27446777,0.2845164
0.28025493,0.29624814
0.21526957,0.21335472
0.21951076,0.2273994
0.24663906,0.26384208
0.2497047,0.2676049
0.2389443,0.23995826
0.21526957,0.21335472
0.21951076,0.2273994
0.22628988,0.23947269
0.22031055,0.2185756
0.18003206,0.17917027
0.20050071,0.18796667
0.21394081,0.25423294
0.23102024,0.24644798
0.21911097,0.26591536
0.23246327,0.255067
0.2198348,0.2375615
0.21093808,0.2158491
0.26022276,0.25300044
0.21871978,0.2376988
0.24225321,0.26233926
0.27940816,0.27825123
0.28536662,0.2803476
0.23050952,0.22889352
0.24019602,0.28173354
0.23972698,0.22782233
0.30000925,0.32015157
0.28529957,0.30800834
0.24562746,0.25186813
0.2569722,0.25687337
0.24433626,0.2615742
0.19640063,0.19566119
0.19630876,0.18912455
0.19675905,0.19276287
0.19366507,0.18841597
0.16069494,0.17115533
0.2625156,0.2735978
0.26112905,0.2776175
0.27070636,0.27189294
0.27623206,0.2919556
0.25747377,0.2585901
0.25617346,0.26289108
0.26501715,0.25836515
0.27347058,0.27546227
0.24442393,0.25277197
0.23462868,0.23900592
0.17530851,0.18126038
0.17342584,0.20082077
0.16820215,0.18037419
0.17503245,0.20362943
0.22790778,0.22861072
0.29324248,0.29700938
0.25381732,0.24934441
0.30518898,0.30249548
0.29280415,0.29534435
0.2267178,0.23318312
0.21516582,0.22880399
0.21919051,0.22366923
0.23242971,0.23741902
0.23399228,0.2418758
0.14499347,0.15441859
0.15365478,0.16324212
0.16469982,0.14929914
0.17244886,0.17375183
0.19174603,0.22500233
0.18198185,0.24339548
0.18710537,0.23415571
0.21770245,0.22701174
0.22269917,0.25224522
0.20759812,0.26713714
0.21929885,0.25598198
0.21759722,0.23417407
0.22718334,0.26308683
0.23991266,0.264622
0.21938176,0.23365821
0.2180783,0.22467643
0.20964946,0.25336862
0.22120978,0.21282187
0.23475805,0.24109577
0.2673645,0.28020778
0.1976949,0.19510227
0.25712913,0.25432628
0.17301221,0.17367859
0.30167502,0.3036574
0.3171266,0.32230186
0.1910911,0.19356918
0.1957164,0.22135761
0.2235567,0.2511823
0.2644622,0.29315656
0.19612618,0.18865909
0.2823407,0.27536666
0.24018615,0.24960056
0.24851114,0.24816772
0.28748184,0.2672208
0.22897056,0.23897785
0.2374599,0.25033757
0.23017699,0.24575831
0.24071041,0.24788067
0.28016,0.26258385
0.25788486,0.2633098
0.21826185,0.23147295
0.2873958,0.26720923
0.27510187,0.26765305
0.2346363,0.22892949
0.24108262,0.23873888
0.20806238,0.18070105
0.22362897,0.21351573
0.23788789,0.24320936
0.24409993,0.24470858
0.15063708,0.15670973
0.19745521,0.23325649
0.25529355,0.26119396
0.2228947,0.22140099
0.22737296,0.2348912
0.2082485,0.23091084
0.2461339,0.25509584
0.15674065,0.17087954
0.16224721,0.16469423
0.17799795,0.20781757
0.20397042,0.21348032
0.18528154,0.19463229
0.25486484,0.24332294
0.25604397,0.2605314
0.2658069,0.26114818
0.23331088,0.22884646
0.2380319,0.23775905
0.21260192,0.20462036
0.17718804,0.18364176
0.24018362,0.2447008
0.23666576,0.21174113
0.17788263,0.21269725
0.1974941,0.22746982
0.22684497,0.24169987
0.17839904,0.18535793
0.1733136,0.17433052
0.2673731,0.2708468
0.2597802,0.25051647
0.23721793,0.26065737
0.23818874,0.25963533
0.3063305,0.31512898
0.28110296,0.28648847
0.1556223,0.17300218
0.22968191,0.21306987
0.16910553,0.17378746
0.16973902,0.18924448
0.27463448,0.27894434
0.22293286,0.23519415
0.21530059,0.2259157
0.19984393,0.22497988
0.17228843,0.20874874
0.14258012,0.19379167
0.15305187,0.18853198
0.20935504,0.20744522
0.19968632,0.2178786
0.19870023,0.20967233
0.2672701,0.27563432
0.2013801,0.21789625
0.19428965,0.21977961
0.16438575,0.16440637
0.16795152,0.1593992
0.22282094,0.21518886
0.21234356,0.21767884
0.22181964,0.226361
0.24638607,0.25265515
0.22283687,0.22641754
0.23233971,0.20941722
0.13210376,0.15920228
0.15815064,0.17577778
0.16142128,0.17594393
0.29586574,0.28084546
0.22290513,0.2195149
0.21631129,0.21911892
0.25899068,0.26075223
0.24387115,0.2552909
0.29467946,0.29315928
0.30400184,0.2902081
0.27376598,0.2553205
0.25054386,0.24557433
0.27396572,0.26706707
0.23141135,0.2211146
0.22391295,0.22552557
0.23438817,0.23178442
0.21941042,0.23418447
0.2200138,0.23644312
0.20174104,0.23872824
0.28162158,0.2820471
0.27282354,0.2796302
0.1979918,0.20565224
0.17848468,0.18161781
0.18992409,0.20795992
0.2349819,0.22834246
0.2818997,0.26465487
0.2840125,0.2670875
0.28800914,0.28749856
0.26430717,0.26345775
0.22089228,0.21183862
0.21555775,0.2177873
0.2243608,0.2242318
0.2188243,0.232073
0.16190115,0.23300579
0.1689458,0.22375004
0.21952936,0.26198915
0.24057314,0.26625502
0.18946436,0.23045433
0.20978998,0.23674655
0.26305774,0.28671616
0.2701929,0.29353225
0.2371042,0.23323631
0.3140281,0.29678875
0.26212224,0.27455336
0.2994969,0.29701328
0.2509898,0.2627707
0.2552865,0.26627675
0.2539512,0.2498558
0.20591293,0.2398307
0.21838269,0.2542059
0.23627806,0.24535853
0.19333096,0.2305744
0.26567805,0.23621534
0.23287347,0.26851314
0.26426622,0.28560758
0.18756449,0.21881305
0.19757633,0.21465167
0.24898103,0.25437626
0.25124556,0.26957625
0.23178925,0.2389485
0.23154503,0.2542628
0.20436767,0.22070073
0.25484967,0.26147634
0.25428653,0.26409447
0.24271014,0.24150948
0.24501811,0.25393668
0.25956726,0.26105958
0.25971222,0.2511825
0.25295222,0.25295395
0.26109675,0.25789225
0.25415227,0.25996226
0.22131254,0.23184699
0.21837588,0.22489497
0.22536847,0.23379141
0.22802293,0.23764907
0.21742818,0.23716481
0.21486159,0.2311516
0.21861935,0.23874982
0.22631565,0.2407531
0.20541203,0.21294686
0.20470053,0.20758629
0.20087717,0.20838976
0.20791236,0.21368986
0.20875987,0.21980844
0.20807548,0.21614778
0.20655763,0.21729803
0.21373327,0.22155282
0.22108936,0.24217035
0.21996914,0.23620142
0.22629926,0.24583969
0.23077078,0.24842347
0.15669957,0.15541172
0.18385135,0.22826539
0.22995952,0.254942
0.22306451,0.25788707
0.20018855,0.21243194
0.24219453,0.28305095
0.20254093,0.22622079
0.20569234,0.22358444
0.19049925,0.19438781
0.22254853,0.24137318
0.20510212,0.20661525
0.20692565,0.21560244
0.20534681,0.23321442
0.17576647,0.18071723
0.25876543,0.2680397
0.28233126,0.28243345
0.28324485,0.28161067
0.267645,0.2851889
0.26052707,0.251479
0.25110462,0.24401158
0.24345863,0.2529203
0.29823598,0.28423274
0.27888915,0.26904005
0.2832223,0.28602517
0.2804252,0.2753315
0.2609407,0.25883785
0.26676124,0.2733443
0.27961016,0.31376243
0.28963873,0.3248061
0.28482544,0.33047995
0.2678819,0.30408543
0.25436288,0.27128357
0.24093805,0.25680715
0.217525,0.2625649
0.22563848,0.28544703
0.21131764,0.2532039
0.21914364,0.22265218
0.17802715,0.17809151
0.16658635,0.17958932
0.13148509,0.16031149
0.13829221,0.16830318
0.17367113,0.16995348
0.14366293,0.16534376
0.20026036,0.1829873
0.15744188,0.15690634
0.160947,0.16240597
0.19006552,0.16500033
0.19866838,0.1842969
0.13857931,0.1327146
0.16701867,0.16102506
0.2208345,0.2466574
0.20507988,0.23410992
0.2556514,0.2773169
0.2536205,0.27610838
0.29498753,0.32011363
0.307087,0.3246233
0.26848814,0.29097858
0.2589279,0.28843176
0.26702362,0.2771029
0.26907548,0.29011068
0.26610014,0.29812315
0.22873217,0.25167418
0.27610973,0.2817917
0.17245775,0.18272853
0.18286672,0.18389583
0.16380543,0.16106707
0.17039856,0.15519217
0.23338544,0.22139852
0.21953326,0.22216089
0.2368269,0.20723823
0.21726683,0.21085581
0.21242192,0.2128542
0.2124611,0.21279643
0.22895363,0.2174616
0.21816947,0.22567043
0.1783143,0.17432168
0.2087307,0.18849477
0.16649663,0.16343135
0.19846512,0.18676856
0.23379666,0.25432095
0.24450064,0.2572818
0.24268043,0.25104216
0.25279132,0.25433055
0.25520492,0.27095354
0.2328704,0.25267223
0.24359351,0.24996342
0.25468627,0.25935
0.26221386,0.27122718
0.25825974,0.25729835
0.23640029,0.2435519
0.24764805,0.23666021
0.25540257,0.25119203
0.26016375,0.25864375
0.21658008,0.22392537
0.24803221,0.23743775
0.21165045,0.21414445
0.24954136,0.23854592
0.22502473,0.229655
0.21268384,0.22551128
0.20718636,0.21197368
0.23871022,0.24387938
0.18851289,0.19858319
0.23329858,0.22787963
0.26042795,0.26509583
0.22803201,0.22365521
0.25318533,0.24996115
0.21509713,0.208976
0.23698547,0.23754753
0.2279113,0.21435858
0.2528494,0.2497446
0.23486547,0.23231103
0.25865957,0.2612767
0.20701633,0.22768897
0.22011961,0.26696175
0.25949922,0.25926247
0.20090717,0.21481836
0.21301065,0.21998486
0.24398175,0.24796689
0.1841859,0.21564576
0.24053302,0.24055183
0.24243003,0.23465517
0.23908442,0.23481742
0.170837,0.19501816
0.17161858,0.17268544
0.24917248,0.24886087
0.24838185,0.26345834
0.22075787,0.234462
0.22624628,0.23760134
0.22300258,0.2468276
0.23524593,0.24371746
0.1926255,0.20484228
0.1910011,0.20979899
0.19714442,0.2090268
0.21961413,0.23028998
0.21207465,0.22309309
0.16977029,0.1608974
0.17829849,0.16823545
0.28124526,0.27586576
0.2642188,0.25648344
0.27213892,0.2677079
0.28511187,0.29487345
0.26999414,0.27906474
0.2785596,0.2890408
0.27367333,0.28629184
0.2503591,0.26248974
0.2669744,0.28060758
0.2765323,0.28939646
0.2628878,0.27149713
0.271099,0.28413475
0.22290397,0.23208606
0.2271795,0.23291588
0.21683078,0.2199463
0.29104614,0.30482385
0.28680804,0.28891855
0.255254,0.2855784
0.2641184,0.29851764
0.23978013,0.2780377
0.25522318,0.29288322
0.2543017,0.28309005
0.23518428,0.28173527
0.22417416,0.25940326
0.20832784,0.26414257
0.26380134,0.2997445
0.26452065,0.29654527
0.23896027,0.264871
0.24232753,0.26679558
0.23222744,0.24375047
0.23616493,0.23815215
0.2422769,0.25322172
0.24194098,0.24861515
0.23009129,0.23039785
0.23093247,0.22906387
0.22795099,0.23818973
0.23689798,0.25070673
0.1718404,0.1908146
0.18015888,0.19839586
0.16163076,0.17808202
0.17079782,0.18751426
0.2468745,0.241436
0.24595869,0.23997062
0.19883022,0.20656222
0.21228589,0.21803917
0.23270911,0.24030621
0.24633864,0.24784574
0.23292734,0.23744965
0.23596998,0.24165207
0.24765629,0.25136805
0.22951952,0.23692717
0.30639637,0.33533272
0.31652433,0.33478692
0.30264607,0.32010654
0.2890909,0.31121442
0.29905537,0.30943534
0.28411308,0.29900247
0.28051895,0.2718038
0.29633558,0.27254444
0.2811064,0.26393703
0.27043274,0.28365338
0.2875408,0.28155676
0.27383783,0.27243972
0.22063228,0.21831504
0.22610697,0.2212838
0.18590622,0.18449458
0.21124369,0.23797126
0.22549438,0.2361426
0.2380718,0.2487616
0.2522105,0.25382453
0.23985925,0.25783336
0.25464824,0.2619931
0.23010528,0.23713765
0.23715605,0.24629891
0.24630004,0.2497266
0.25601524,0.26551768
0.22588477,0.23364797
0.23454401,0.24506253
0.25385058,0.2754734
0.2607382,0.25529462
0.25760525,0.2582465
0.27237043,0.2657703
0.26759693,0.2529911
0.24910039,0.23223372
0.23118824,0.22505265
0.21814114,0.22180453
0.23794484,0.22755405
0.21933576,0.22281113
0.21195073,0.21903384
0.24556834,0.24579838
0.20850748,0.22674611
0.20715338,0.22308467
0.2486347,0.24963751
0.24051516,0.24085572
0.26739922,0.2631846
0.21303476,0.2422354
0.2825404,0.29088795
0.16663729,0.22021447
0.21521845,0.2274311
0.23264684,0.23440215
0.22950856,0.22795025
0.24047111,0.23500419
0.2111138,0.21676065
0.19805756,0.20547141
0.21605997,0.21944302
0.21697697,0.22351764
0.23522861,0.2730515
0.24163179,0.26430494
0.2381383,0.26371977
0.24051341,0.27193597
0.22084607,0.23425111
0.23281129,0.23797363
0.25115508,0.2557186
0.21235324,0.21542257
0.20056267,0.22903174
0.27656287,0.2890513
0.2258121,0.25897288
0.29569274,0.29022545
0.29770896,0.2992233
0.22318268,0.24640647
0.21169755,0.24483481
0.22436814,0.27010795
0.26309416,0.268862
0.19684778,0.23321101
0.19598949,0.23206748
0.19598949,0.23206748
0.19737495,0.23604967
0.20105933,0.22412361
0.19598949,0.23206748
0.17622256,0.16533151
0.24798542,0.27186936
0.24318372,0.27086806
0.25162935,0.26567617
0.24347588,0.26665962
0.20742235,0.23649856
0.2051812,0.23221058
0.20410573,0.20854634
0.19956632,0.19843341
0.16949531,0.19616865
0.19994211,0.21613106
0.15408093,0.18945417
0.18036886,0.20590883
0.20597985,0.23992932
0.19901636,0.23164043
0.18320835,0.19242992
0.20058987,0.21853471
0.22647363,0.2371608
0.23729664,0.2427943
0.18321137,0.19400758
0.18894935,0.20059927
0.17956637,0.21160665
0.19070353,0.20317778
0.19193868,0.20754546
0.1827415,0.21884166
0.27767843,0.27167004
0.27974296,0.27831638
0.25018623,0.26253507
0.22983122,0.23529166
0.2255531,0.220198
0.27792704,0.28674826
0.2587728,0.26174366
0.26669005,0.26237014
0.24617602,0.24402973
0.26478744,0.28749752
0.2703763,0.275485
0.2720084,0.30798364
0.2762411,0.2988608
0.26374578,0.26612517
0.26741892,0.260993
0.25574282,0.262296
0.21930978,0.23593518
0.26848254,0.25945058
0.24074791,0.24350417
0.24624307,0.25129697
0.22547564,0.24344559
0.26272842,0.27223384
0.24188277,0.25753284
0.31856138,0.31594372
0.30039647,0.3027494
0.3142007,0.30614823
0.3037435,0.30979592
0.25678614,0.26684844
0.24981064,0.26070523
0.22665238,0.21903253
0.24611814,0.23357037
0.28051382,0.2817712
0.24616764,0.25139037
0.28616184,0.27908993
0.2514469,0.24910821
0.2717445,0.26755017
0.26941007,0.26453495
0.21056929,0.2277063
0.26596946,0.27188936
0.3131722,0.3113615
0.35870916,0.36173686
0.24894412,0.24978378
0.27494115,0.27389216
0.24374668,0.24748874
0.2543197,0.2499614
0.24374512,0.25652885
0.20683612,0.2245465
0.25871295,0.26023144
0.2924613,0.28979942
0.34173545,0.34334543
0.25536758,0.27520502
0.27478433,0.30008128
0.25399947,0.27575046
0.26063433,0.2817636
0.25288832,0.2665493
0.30788606,0.3100743
0.34967196,0.34844092
0.3321783,0.32654864
0.36570823,0.35898092
0.29964575,0.29267663
0.3435525,0.33713627
0.30410048,0.31086117
0.34883657,0.35607752
0.29193312,0.28934464
0.34240097,0.3432433
0.24894002,0.24133104
0.29502013,0.29268014
0.30116695,0.2933179
0.35469252,0.35258442
0.1648216,0.15902247
0.21708526,0.21319175
0.22176379,0.21659908
0.3081665,0.3096604
0.19215319,0.18125731
0.17544162,0.19304946
0.18177941,0.18662861
0.17927821,0.18414429
0.23954739,0.23908259
0.18140948,0.17392305
0.23636319,0.2534445
0.24105732,0.22068292
0.21848243,0.2281662
0.2129239,0.21398541
0.21204057,0.22731233
0.21837094,0.20483324
0.2538772,0.25489202
0.21662405,0.20692745
0.24479555,0.26268682
0.29062352,0.27805167
0.28764302,0.2823307
0.30513895,0.30361873
0.3037598,0.30334222
0.3106434,0.31254065
0.29935044,0.3019463
0.23296586,0.22124104
0.24636382,0.25581634
0.23571216,0.24459141
0.19122125,0.22669253
0.22070329,0.22794518
0.15895787,0.19564277
0.18032832,0.18579069
0.18517095,0.1899069
0.19976906,0.21777774
0.24773067,0.2501697
0.23983401,0.24392976
0.2428868,0.26424885
0.23172915,0.24415207
0.21970251,0.22760461
0.20824316,0.21689045
0.26395434,0.275977
0.24311537,0.2558393
0.23981571,0.25755224
0.24623126,0.25822002
0.21028961,0.22742769
0.23453005,0.23904142
0.15031505,0.17006078
0.18566033,0.1971872
0.20949851,0.21369492
0.20283863,0.21750891
0.1742492,0.18430388
0.16927682,0.17599282
0.21355686,0.21408322
0.1828582,0.19200116
0.1593321,0.18397513
0.23009223,0.23431635
0.15288256,0.16842309
0.20308116,0.21738446
0.19892785,0.22918302
0.20728998,0.23733638
0.27977023,0.28583336
0.23103312,0.26069796
0.27172935,0.2801514
0.25677434,0.2717079
0.2638623,0.2760133
0.2671644,0.27902097
0.21867295,0.25281823
0.2630564,0.27495077
0.24301586,0.2650315
0.25316423,0.26718977
0.22894561,0.2655872
0.25696734,0.25279438
0.23067848,0.25204498
0.21599975,0.20833531
0.13727763,0.14192207
0.20539054,0.19630775
0.24684896,0.2318813
0.24155635,0.2389945
0.1767232,0.16778833
0.13947606,0.17709988
0.12773857,0.11713411
0.14880475,0.15510976
0.27265123,0.26683035
0.27719736,0.27471924
0.256708,0.26678264
0.18555659,0.2122482
0.21741979,0.22046971
0.15442084,0.20698884
0.14800313,0.16761725
0.13679726,0.14818305
0.15640186,0.16069852
0.15457879,0.15846331
0.1907746,0.22492726
0.2636221,0.2824106
0.1567569,0.17344041
0.18806696,0.19032513
0.18442355,0.16838926
0.13417014,0.18857567
0.1409349,0.16242218
0.13533735,0.15243033
0.17294368,0.17356567
0.16405849,0.1711181
0.23664618,0.2656538
0.2158211,0.2123459
0.22988483,0.22232075
0.2112312,0.20289584
0.20038937,0.17395344
0.20740286,0.18173347
0.20615001,0.18066178
0.24510229,0.2521737
0.24025328,0.25196427
0.23010412,0.232193
0.21570176,0.21220362
0.22995874,0.24501717
0.28888312,0.2886569
0.28795666,0.29354686
0.22560321,0.24246725
0.22871086,0.2365975
0.22198875,0.23058908
0.22991571,0.22875468
0.18019255,0.19167268
0.18318824,0.18952964
0.3046326,0.30575836
0.28186876,0.31226343
0.25301453,0.24626997
0.2666681,0.2534095
0.27755716,0.2615443
0.21908768,0.21655144
0.22879595,0.2328836
0.21540217,0.21140674
0.22978903,0.2282744
0.302342,0.2965591
0.2913289,0.28151828
0.23392236,0.2365859
0.22702341,0.22302863
0.21357563,0.24625951
0.23712607,0.26388007
0.2301921,0.23272501
0.2565451,0.2880957
0.2281006,0.22546047
0.22924429,0.25203145
0.2666809,0.26238555
0.17207894,0.1974466
0.19947872,0.19892722
0.17869367,0.21996354
0.212662,0.22189713
0.24316321,0.26560906
0.22204533,0.24156
0.20602918,0.20040011
0.14015925,0.1641576
0.17873755,0.21050642
0.25266904,0.25698048
0.2606235,0.26809794
0.22729373,0.22932798
0.2673165,0.27225655
0.27617258,0.27476937
0.26855215,0.28798917
0.30376273,0.31435263
0.19969007,0.21486889
0.21520206,0.20452109
0.21063885,0.21376246
0.31564325,0.32390544
0.2650878,0.27182278
0.30637455,0.2962159
0.24682018,0.24563135
0.21641983,0.22766683
0.2318828,0.23740134
0.24196304,0.23750451
0.24281119,0.2427522
0.19144431,0.20019932
0.19320214,0.19303392
0.19223946,0.20782995
0.19211447,0.20612173
0.19798785,0.21085498
0.2009205,0.20234342
0.26571658,0.243027
0.20687982,0.20819011
0.21207151,0.22584093
0.27737206,0.29225063
0.2849323,0.28750345
0.2655657,0.27487445
0.26444215,0.26546544
0.24651298,0.24887864
0.256445,0.25363874
0.24939315,0.2617942
0.26890078,0.27570522
0.25310245,0.2641952
0.17761174,0.18105912
0.25709948,0.25064558
0.2751274,0.27443773
0.16315673,0.1676888
0.20887788,0.18283926
0.20677312,0.21016255
0.20102096,0.21077728
0.18837214,0.19461343
0.22654246,0.20142147
0.23554537,0.24383354
0.22493485,0.23561782
0.23259005,0.23963177
0.24076861,0.23146103
0.26472992,0.23439297
0.24555647,0.23364028
0.26463842,0.27242485
0.17398256,0.1994921
0.2309429,0.26409492
0.25042742,0.27692035
0.22878094,0.22261909
0.22565766,0.20639461
0.22427745,0.22557375
0.24286567,0.27050775
0.24027808,0.2963159
0.24215087,0.26001966
0.22421397,0.27897656
0.23177181,0.28588915
0.22839457,0.2748018
0.26451403,0.27787745
0.26131648,0.2738774
0.21006824,0.23442525
0.27280366,0.2666393
0.28118876,0.27696025
0.26795444,0.28430638
0.29344112,0.2868119
0.28690758,0.30133402
0.26353744,0.25774986
0.25812897,0.25908723
0.24610728,0.23131391
0.2507326,0.23521364
0.24407066,0.23795375
0.25012672,0.24738204
0.25070202,0.25165194
0.257251,0.25709155
0.24568729,0.23785055
0.23384659,0.22715205
0.26102474,0.25184593
0.232117,0.23875841
0.2452479,0.23289707
0.23374794,0.2214287
0.25765228,0.24872056
0.22894357,0.23537424
0.26928014,0.2688779
0.28763753,0.27684525
0.26282737,0.2657537
0.28569746,0.27227414
0.21015646,0.21185465
0.2277949,0.22850753
0.18216456,0.18078734
0.16919404,0.17618525
0.1985169,0.19578347
0.1834156,0.17896488
0.22170088,0.24853404
0.24890724,0.264476
0.211171,0.21673048
0.22409749,0.22103761
0.25089362,0.24920306
0.25049102,0.22862177
0.22165678,0.2405526
0.23035164,0.24017967
0.24957794,0.26233444
0.25276446,0.25215447
0.25206244,0.25697312
0.28083727,0.27219805
0.25916427,0.2711427
0.28171948,0.2800528
0.26403075,0.26754835
0.26862147,0.26894006
0.25900298,0.26068646
0.26200885,0.26312006
0.2716287,0.27522698
0.27140844,0.27430797
0.26136354,0.26616672
0.2699348,0.27216658
0.23982005,0.24356921
0.22951841,0.24429983
0.27053764,0.27515697
0.209335,0.22421473
0.26861447,0.26621842
0.25015995,0.24873444
0.22656573,0.27665496
0.22526231,0.25760603
0.24371484,0.27667665
0.23648694,0.2801875
0.23838289,0.26359987
0.25083497,0.28825024
0.20687112,0.22680354
0.19051372,0.20636043
0.2039398,0.22681668
0.21023522,0.24163586
0.18867332,0.22461987
0.19692521,0.23912564
0.2703508,0.27714345
0.27155045,0.26536775
0.2710902,0.2772123
0.26112035,0.26900518
0.25821382,0.25759718
0.26504558,0.27569115
0.28655082,0.28478795
0.291827,0.27504888
0.28734213,0.2870528
0.24124613,0.26948792
0.21712323,0.23351976
0.2320104,0.24042541
0.22291335,0.25318548
0.24124834,0.25893542
0.29846665,0.29859874
0.30662218,0.3149465
0.28477946,0.2922671
0.29148304,0.28789887
0.28922117,0.29909062
0.29426122,0.29704776
0.26586348,0.27022716
0.26594937,0.26382652
0.279317,0.29990134
0.28488648,0.29277137
0.28488648,0.29277137
0.20809518,0.18414985
0.16004163,0.17051415
0.19473231,0.19524941
0.16250472,0.17170519
0.21511835,0.19197854
0.1746989,0.19036405
0.22047213,0.2237031
0.21542077,0.2329059
0.2195144,0.24029441
0.2416951,0.2486065
0.17079693,0.18273702
0.16083512,0.15818144
0.1790461,0.17863084
0.23093449,0.2367031
0.19762728,0.23340607
0.25831264,0.2532268
0.15883374,0.15169863
0.16248965,0.13695766
0.1526877,0.14959896
0.16892895,0.15299444
0.24079081,0.22470915
0.23355043,0.24754328
0.24850751,0.24750462
0.25341913,0.25891674
0.2563584,0.25414357
0.26140273,0.26211968
0.32414714,0.3370943
0.3183074,0.33081102
0.21815851,0.2093903
0.21440059,0.20595022
0.17845522,0.20611905
0.2844881,0.27018595
0.23967731,0.25991315
0.22388604,0.25261706
0.20063129,0.20200817
0.22024031,0.23497891
0.16640197,0.19480154
0.21318033,0.25292316
0.19389898,0.23459285
0.22309576,0.23171464
0.215772,0.23379895
0.17358963,0.17149934
0.280477,0.27455565
0.24471034,0.24854228
0.25334513,0.2471837
0.23707886,0.2354669
0.24066174,0.24624777
0.20736143,0.20919618
0.22754347,0.24167928
0.21944429,0.21799783
0.20059541,0.197459
0.20245013,0.19971484
0.23555976,0.2372663
0.22202033,0.22687626
0.21733914,0.2219791
0.29344225,0.29353538
0.269023,0.28513503
0.31650716,0.3199985
0.284322,0.30134308
0.3099888,0.31104803
0.27392572,0.29539967
0.2952542,0.2958861
0.26654845,0.2810261
0.2653026,0.27654514
0.27182347,0.28235972
0.284791,0.2880078
0.19805788,0.21086842
0.21344681,0.23159127
0.21104813,0.22751892
0.20129964,0.20666946
0.20584016,0.21455824
0.2107604,0.22596872
0.2010994,0.20570236
0.23112242,0.235535
0.15411177,0.1761591
0.18293063,0.2040278
0.23724146,0.2607779
0.21960607,0.21184236
0.20499977,0.21644947
0.23618166,0.23379458
0.19431633,0.20383728
0.2308023,0.23454301
0.24663065,0.28965455
0.26392388,0.29855397
0.20955613,0.23457283
0.22927001,0.25017634
0.1985146,0.239006
0.22264442,0.24145551
0.20132713,0.22539976
0.2202641,0.23115373
0.23938662,0.24645178
0.17130199,0.20896736
0.18623193,0.24362347
0.16460365,0.16795637
0.17641091,0.2334114
0.1712741,0.20258348
0.22784215,0.22309157
0.22829318,0.21987268
0.23530416,0.24390352
0.23681805,0.2417118
0.24622262,0.25190207
0.25664547,0.25775194
0.18234509,0.2109906
0.18647462,0.2215116
0.31127968,0.3262984
0.2446781,0.245301
0.2315293,0.2451187
0.22520067,0.23907125
0.25114802,0.24565485
0.2311597,0.24251547
0.22319004,0.2221396
0.21986628,0.24226038
0.21232374,0.22771978
0.23030142,0.23949015
0.2144379,0.23163831
0.26778293,0.26868537
0.26239628,0.28119898
0.25568378,0.27530012
0.24848336,0.27831015
0.26534072,0.28172332
0.27593818,0.2866482
0.2345669,0.26929465
0.24802189,0.26002014
0.25580707,0.27708676
0.23502277,0.25163636
0.2332434,0.26994753
0.24623236,0.2695754
0.25505647,0.286214
0.23769853,0.25137603
0.25089496,0.27139354
0.27374372,0.27281532
0.27922875,0.28645724
0.25996563,0.25351012
0.23522659,0.2575573
0.25201875,0.25814307
0.25947508,0.27130896
0.24193048,0.24281496
0.27415422,0.2948227
0.27076983,0.289546
0.28141767,0.28929108
0.27352524,0.28502536
0.24887925,0.26378927
0.2338908,0.246238
0.25067034,0.27125615
0.2340961,0.2532512
0.2587059,0.25936872
0.24724306,0.24413155
0.25154412,0.25320598
0.23783928,0.23589058
0.30552715,0.31995434
0.30259645,0.3146957
0.33069846,0.3289957
0.3012573,0.30938932
0.18642032,0.17921415
0.18661895,0.17122032
0.18704247,0.18515302
0.17421672,0.16576223
0.24282715,0.22508778
0.25008094,0.23550627
0.277726,0.27729598
0.2810446,0.28191155
0.27608868,0.2768122
0.27935582,0.28054935
0.22486085,0.19704695
0.23911285,0.21688496
0.18901579,0.18841092
0.18015288,0.18340218
0.18120688,0.18243593
0.17567359,0.16608869
0.18187042,0.16392724
0.13849849,0.13816932
0.2219564,0.22469318
0.15708278,0.16970521
0.1632986,0.1662101
0.22299242,0.22766194
0.24326973,0.24890412
0.23926835,0.24239345
0.24739534,0.25028315
0.26135448,0.26655093
0.2807651,0.3002722
0.27990732,0.28136307
0.2191904,0.21405958
0.20846912,0.22579841
0.2632027,0.26284882
0.24802001,0.2475892
0.27351654,0.28985533
0.260176,0.271075
0.25534514,0.264268
0.24549738,0.25236276
0.26511195,0.26663342
0.25222158,0.24498534
0.2578964,0.26584566
0.25413263,0.2518848
0.2334807,0.23580274
0.24710917,0.24992093
0.22614455,0.23249112
0.2410777,0.24477738
0.25806707,0.2541255
0.25687692,0.24750221
0.26045695,0.25412753
0.25264782,0.2559576
0.252075,0.24533597
0.1911969,0.18667772
0.16938838,0.17459801
0.21314701,0.19922091
0.21913764,0.19932845
0.20552488,0.19284661
0.1893253,0.18976566
0.19879735,0.19683859
0.23259896,0.23680726
0.23355208,0.23163082
0.2374795,0.23965289
0.24031341,0.23387438
0.23969391,0.25079906
0.2408398,0.24447066
0.2784072,0.28492463
0.29434985,0.31300786
0.21186142,0.20865497
0.2087297,0.20728177
0.20349978,0.1984504
0.19926345,0.19898967
0.26745743,0.2745121
0.25335196,0.26660466
0.2312776,0.23950541
0.27988032,0.3009915
0.27224058,0.26220083
0.21221639,0.23619431
0.21038875,0.21740617
0.20785645,0.23232579
0.19549717,0.20606989
0.2785742,0.2744281
0.20243709,0.21318248
0.22209978,0.22467907
0.23299712,0.2554369
0.16857179,0.1873049
0.16449584,0.17283845
0.24735554,0.2389457
0.26899317,0.2704708
0.22539103,0.22949272
0.2580738,0.288273
0.2800871,0.28348562
0.24418353,0.25473356
0.23379132,0.24793719
0.19006337,0.18544255
0.20973721,0.21886615
0.16204363,0.15156606
0.21534014,0.19137853
0.18868887,0.16758564
0.23899661,0.20576943
0.24036007,0.24704902
0.29231325,0.28281265
0.21668127,0.23553818
0.21754332,0.22591177
0.22522268,0.24888924
0.25761113,0.25960883
0.26964948,0.28324962
0.27424443,0.28598833
0.2923193,0.2989992
0.18792948,0.22325656
0.21591489,0.23272021
0.28621265,0.27841574
0.25323844,0.27140695
0.26532868,0.26297566
0.25481075,0.25595436
0.29649833,0.28827077
0.15867975,0.19077908
0.14095245,0.16718905
0.1648374,0.18437119
0.14705855,0.15497433
0.21757774,0.24081102
0.21300088,0.23951265
0.22637123,0.22807342
0.22078593,0.22622019
0.17283973,0.18681484
0.17689028,0.1901736
0.14777936,0.17499769
0.17317393,0.19806412
0.16178627,0.17322452
0.19441499,0.18828182
0.27726662,0.27533638
0.2571125,0.26564032
0.25414813,0.23733158
0.22253937,0.22593078
0.22268404,0.22099882
0.1979203,0.18179518
0.22663353,0.23720662
0.23813727,0.25267154
0.21301556,0.19227074
0.22223383,0.21036626
0.28704637,0.27826115
0.28453058,0.27629548
0.28436878,0.29889983
0.28207427,0.29692775
0.26506272,0.26901174
0.26732925,0.2817756
0.20490375,0.2034801
0.23885761,0.22399814
0.22037527,0.22543742
0.23247248,0.22653642
0.23725753,0.24689028
0.2590475,0.2467904
0.2231021,0.22988997
0.22250584,0.21987751
0.22504763,0.24122125
0.22215818,0.2246302
0.22293839,0.24785702
0.28092748,0.28501874
0.17505424,0.17754652
0.28060687,0.29759374
0.2557584,0.2820577
0.26755553,0.2711285
0.28033268,0.28978962
0.25710434,0.27567607
0.26398826,0.26404652
0.29208192,0.29114735
0.2795647,0.2738536
0.2811422,0.2871236
0.2657844,0.271986
0.2763502,0.27016723
0.20554435,0.20223951
0.1813184,0.16848221
0.17956111,0.18695588
0.24893644,0.25073788
0.23452428,0.24602117
0.21765296,0.27095896
0.21493125,0.27518475
0.21779126,0.20653288
0.20850095,0.2352663
0.20931835,0.23996937
0.26318634,0.27281925
0.24623644,0.2778989
0.24472043,0.2870432
0.22623149,0.23762473
0.21762612,0.24347743
0.22142181,0.2567165
0.24854723,0.2570828
0.20909932,0.22159037
0.24943185,0.2596509
0.2289064,0.2361512
0.2143515,0.23610942
0.20998171,0.26340622
0.22341187,0.27316797
0.21215402,0.20959194
0.22405563,0.24398765
0.22907743,0.25045037
0.21023615,0.23689537
0.20877683,0.2452133
0.2205383,0.2554891
0.2091045,0.2532582
0.20400289,0.22552799
0.1957321,0.21931027
0.23753497,0.26337993
0.19919111,0.22914438
0.22215587,0.24229401
0.24695,0.23851301
0.26848263,0.2653796
0.27454007,0.2718447
0.2669478,0.2861368
0.21230116,0.23048161
0.24675527,0.23910432
0.24834798,0.2528753
0.23056525,0.2494207
0.19152904,0.23210363
0.21665978,0.24239114
0.23166332,0.23626122
0.25376746,0.24526027
0.17829618,0.20393711
0.23430292,0.23949194
0.26550195,0.2577074
0.24160308,0.25352538
0.255933,0.2707113
0.20613685,0.17925265
0.21358696,0.23064305
0.25495422,0.26127875
0.249668,0.25925454
0.19185819,0.19440624
0.20769188,0.21023628
0.1992543,0.2075916
0.19634257,0.19062792
0.2593742,0.2687226
0.26928154,0.2718243
0.26086628,0.26766902
0.26124823,0.26880395
0.24548972,0.25873744
0.21906836,0.24691747
0.20522097,0.21867053
0.26791054,0.2784411
0.24901204,0.26416957
0.22610572,0.23871014
0.25458765,0.26861888
0.2525352,0.268992
0.24148825,0.26988924
0.26583046,0.27991122
0.27640367,0.276187
0.26841503,0.28435767
0.25904864,0.278049
0.2766323,0.28158996
0.23726842,0.26075172
0.21939613,0.23720196
0.28954643,0.2841062
0.27313295,0.2954741
0.26726872,0.2821285
0.28930992,0.2930658
0.2843594,0.29303724
0.27104825,0.2842055
0.28161323,0.2983261
0.27906373,0.2675252
0.26989076,0.26693654
0.2601437,0.25823802
0.27327907,0.27058607
0.26751068,0.26060677
0.2527855,0.25346768
0.24721335,0.258356
0.25332326,0.26410422
0.18249609,0.17332752
0.1856719,0.18737185
0.18438333,0.19218758
0.18240741,0.20122212
0.20859337,0.20566492
0.20099223,0.21702735
0.23972155,0.2195665
0.24376619,0.23858261
0.1656688,0.16777246
0.15404205,0.15941866
0.2037015,0.19203277
0.18127729,0.1925291
0.2139638,0.22495751
0.18932207,0.22272438
0.25937176,0.2594907
0.22138214,0.2496531
0.2574482,0.2741124
0.22400738,0.22913003
0.16380665,0.17744394
0.13505071,0.13338007
0.24037796,0.23075253
0.1802462,0.17999475
0.1900024,0.18915859
0.1911052,0.17903842
0.17626072,0.176839
0.21719824,0.23821065
0.21241982,0.19103189
0.24448398,0.2384172
0.18243074,0.18615709
0.17307284,0.17022267
0.1543435,0.1742366
0.22212142,0.24580383
0.17507766,0.1589603
0.17531493,0.17310108
0.25121966,0.24682209
0.18887624,0.17957729
0.21513075,0.21129969
0.2218896,0.22073449
0.20961398,0.2013201
0.17761736,0.21938102
0.18939704,0.21314147
0.22122785,0.24031663
0.23719165,0.24279383
0.2646346,0.24609223
0.20183235,0.22835037
0.23681803,0.24365443
0.21364915,0.22935137
0.24229428,0.23807266
0.23591663,0.2540915
0.2515769,0.28564292
0.23802823,0.2512772
0.25309598,0.25580543
0.23956323,0.24406704
0.26342082,0.24996234
0.26024413,0.25410783
0.25311828,0.24192318
0.26829043,0.2619701
0.25379688,0.2626136
0.2486333,0.25458783
0.22212666,0.24624756
0.20820372,0.23863588
0.2164573,0.23663466
0.2251438,0.23592956
0.25648934,0.24337022
0.2775083,0.27139598
0.24555713,0.26496625
0.22567882,0.21946943
0.20926334,0.21724486
0.19008923,0.20433879
0.24661839,0.24149112
0.19702923,0.21024045
0.27424327,0.27034932
0.290807,0.28216147
0.2845422,0.26578665
0.2906314,0.28545627
0.24271914,0.23453875
0.21896818,0.21129917
0.22884627,0.22303993
0.26124644,0.2538905
0.26091877,0.26068747
0.3056017,0.3084822
0.1977168,0.2222607
0.19032505,0.2241528
0.2606353,0.26496634
0.25370383,0.2687201
0.1718019,0.19088392
0.2240431,0.24405436
0.24652573,0.24498865
0.23448443,0.22883928
0.22227699,0.23857275
0.25015715,0.27050024
0.2846919,0.285417
0.27349436,0.26976803
0.22402653,0.22229864
0.24238214,0.25757155
0.23860747,0.24335314
0.20800245,0.21493317
0.21162918,0.20817895
0.23005079,0.22566098
0.26446936,0.25394255
0.23538388,0.24734971
0.18595967,0.17477782
0.26820713,0.2625803
0.2666624,0.29344726
0.27596793,0.3119234
0.21899657,0.26143855
0.2905327,0.2964414
0.26881436,0.29634058
0.27809018,0.29514995
0.21536416,0.2183287
0.2201718,0.23887601
0.17571399,0.18555519
0.20861608,0.24891128
0.22208175,0.23984507
0.1916675,0.20411003
0.19145182,0.22098902
0.24928436,0.246891
0.24447589,0.2642492
0.27615628,0.28703785
0.2715365,0.2836262
0.2860038,0.3159906
0.27709267,0.30882522
0.25241008,0.23380484
0.265062,0.26508567
0.2643579,0.25693125
0.26827645,0.30646595
0.27687064,0.29384506
0.2924596,0.29524392
0.22707623,0.24460901
0.24863216,0.26865834
0.24945505,0.2788754
0.22049,0.24266568
0.24739683,0.25790563
0.25875795,0.2763224
0.25091335,0.2946217
0.24573757,0.25820976
0.19847818,0.22336644
0.25263047,0.27401215
0.22584137,0.22735742
0.20920642,0.20754038
0.2056199,0.20214123
0.29002059,0.29730558
0.2875455,0.28892928
0.30930543,0.31339905
0.29588327,0.3090537
0.31406665,0.32254708
0.30362442,0.31992364
0.30701917,0.31294525
0.19285253,0.19494879
0.21408358,0.20420982
0.2603728,0.2636975
0.26749748,0.272182
0.26838303,0.27088448
0.27713126,0.27554667
0.25783756,0.25844997
0.277744,0.27708876
0.26947647,0.26709142
0.27556512,0.27701432
0.24336548,0.27342907
0.26899752,0.29385903
0.2556884,0.28645065
0.2572611,0.283871
0.25656277,0.25326148
0.29364508,0.31419042
0.261758,0.25058398
0.21507493,0.23107085
0.21404494,0.24135716
0.26894295,0.26346844
0.2705511,0.27107084
0.22500019,0.21535727
0.22610486,0.22568727
0.24026573,0.25173032
0.24388123,0.2602366
0.20672494,0.21496978
0.14867872,0.16657306
0.16977535,0.1826605
0.1642737,0.1630089
0.17203534,0.19098431
0.17954727,0.19882955
0.17767867,0.19190638
0.19582899,0.20265499
0.20617054,0.21210644
0.2555194,0.26696175
0.25316313,0.26105422
0.27205694,0.2773511
0.27601302,0.272813
0.16759641,0.18461137
0.15042219,0.16550405
0.19062099,0.19743656
0.18137482,0.18576038
0.20559238,0.22623913
0.22548021,0.2199869
0.22983064,0.22991593
0.2764955,0.28084406
0.2606861,0.26628312
0.23944998,0.23015802
0.22172038,0.21987374
0.26272264,0.28553712
0.27034196,0.2867951
0.23422644,0.23529048
0.2254082,0.23357472
0.28266844,0.2898605
0.27736503,0.2808515
0.2711465,0.28564817
0.27389982,0.27312887
0.24987535,0.24684767
0.23343563,0.24399729
0.2513708,0.23572141
0.2325883,0.23694827
0.2885287,0.3155983
0.2944097,0.33373204
0.28422844,0.29375678
0.2922785,0.31377396
0.22781327,0.23110701
0.20701331,0.1993416
0.20702448,0.18515795
0.3372796,0.32143128
0.2731815,0.2949447
0.30336997,0.27341804
0.3377815,0.28561598
0.33504632,0.28300408
0.29446185,0.2997411
0.30908155,0.29899308
0.31115615,0.30162686
0.2705088,0.26661128
0.28087345,0.2634515
0.285251,0.2695732
0.23428863,0.24250636
0.21251349,0.23951924
0.23574455,0.24011524
0.21189143,0.22811107
0.19659859,0.18690282
0.25451306,0.25879785
0.28649148,0.28262386
0.25226486,0.2624229
0.21998456,0.2333535
0.23631093,0.24919213
0.2643127,0.27097714
0.25151289,0.2612337
0.2579996,0.2701227
0.26205048,0.2674695
0.26503977,0.27536374
0.26373416,0.26610404
0.24897037,0.23795128
0.2999949,0.2895587
0.28746283,0.27746883
0.3017323,0.2968379
0.32865855,0.3333933
0.3185304,0.32677048
0.32475197,0.339765
0.3035732,0.29777557
0.28968257,0.27807337
0.30012223,0.29938453
0.2951532,0.29193294
0.27430227,0.27005816
0.29746264,0.29225004
0.2766146,0.27549785
0.24046513,0.24647066
0.27338386,0.26826435
0.3040502,0.318151
0.25901273,0.25369745
0.22454618,0.23957871
0.20687869,0.19267932
0.22988427,0.22952181
0.23778638,0.24595125
0.2299717,0.23804575
0.2401046,0.27132982
0.23736246,0.2396827
0.20781763,0.2095616
0.23985602,0.24862763
0.24377131,0.2662403
0.29666936,0.29381943
0.20999706,0.22078629
0.19484931,0.18706107
0.26372933,0.27624923
0.2636867,0.26097518
0.2705251,0.26651302
0.1884349,0.2046231
0.2138747,0.22270802
0.23124716,0.21422024
0.22106588,0.21007347
0.3069783,0.29263002
0.2806847,0.29077664
0.20698424,0.21865557
0.23855802,0.23300259
0.25863826,0.2699054
0.27957654,0.28469706
0.25163996,0.2665767
0.2179046,0.23017627
0.23031917,0.26038668
0.23745155,0.24433723
0.2529109,0.27176514
0.22066395,0.2371795
0.23848218,0.26667935
0.25432524,0.2684774
0.27269825,0.29082388
0.25774693,0.2672946
0.18402044,0.18110275
0.18886186,0.19626318
0.23075065,0.21775195
0.23809601,0.23421101
0.19043645,0.19986826
0.19459754,0.21339908
0.20488556,0.21649098
0.2383812,0.2456888
0.27538776,0.2773475
0.2050615,0.2030367
0.20903245,0.22184524
0.26896834,0.2612638
0.31428254,0.31769097
0.3180321,0.31433308
0.30347782,0.3068512
0.31387454,0.31726342
0.31308624,0.31128347
0.30978823,0.31012803
0.31751293,0.31366143
0.3142587,0.30669585
0.27321947,0.2849459
0.2809511,0.28727522
0.27321947,0.2849459
0.2809511,0.28727522
0.24673952,0.2684718
0.24299198,0.25880837
0.25583574,0.2642673
0.24762653,0.26602095
0.24610177,0.25883976
0.25913638,0.26436093
0.26736715,0.27447042
0.27667925,0.28351218
0.27633357,0.28238648
0.2428487,0.28072223
0.26812363,0.27540356
0.31325266,0.3167736
0.2734487,0.26855418
0.2342987,0.2648589
0.26031065,0.2585371
0.27633357,0.28238648
0.2428487,0.28072223
0.26812363,0.27540356
0.27028087,0.27216077
0.24103051,0.2697749
0.26243317,0.26435375
0.21413425,0.24342711
0.18801689,0.22816983
0.24079043,0.24305049
0.21413425,0.24342711
0.18801689,0.22816983
0.24079043,0.24305049
0.20687449,0.22490534
0.19499655,0.21441157
0.23375417,0.22771409
0.22591612,0.25284114
0.21277867,0.21139753
0.28105563,0.26682937
0.26860905,0.25604704
0.2857683,0.2729807
0.1941801,0.19410585
0.17658125,0.18050459
0.27461624,0.27014247
0.20368023,0.19524777
0.21483622,0.21006097
0.2284759,0.23927708
0.24894115,0.25458062
0.20203772,0.21120964
0.23106727,0.21806653
0.17650749,0.20472604
0.21091112,0.21534003
0.21550341,0.23745474
0.26008648,0.25599706
0.28218415,0.25639084
0.22096436,0.21302356
0.22617036,0.22663742
0.27748513,0.2651603
0.28775427,0.2898652
0.27917093,0.29055876
0.25338426,0.2695214
0.24231803,0.2542985
0.16093467,0.17736445
0.18233696,0.190346
0.17469689,0.18331476
0.19763285,0.20133358
0.2875308,0.28379822
0.27025568,0.28540754
0.25941703,0.27831006
0.25952023,0.28224897
0.20814204,0.21546498
0.21714985,0.21381906
0.19760527,0.21902439
0.22187988,0.22070482
0.22179046,0.22752538
0.23095736,0.23749055
0.19337422,0.19363669
0.19184995,0.17458677
0.1840378,0.20795996
0.23423049,0.24154541
0.23514293,0.228384
0.2096799,0.23145595
0.23000823,0.24795166
0.22463906,0.21363951
0.17693318,0.19951779
0.16746497,0.18602863
0.23166427,0.24589548
0.19805138,0.22555491
0.21243288,0.22958985
0.20221801,0.2134004
0.21289113,0.21929455
0.25204295,0.25890782
0.27029625,0.26963213
0.23602886,0.23927048
0.24358025,0.24246863
0.20484701,0.20093612
0.20633265,0.19813374
0.17342573,0.17417082
0.22754459,0.28528124
0.22106089,0.28544164
0.19863865,0.19889866
0.19590159,0.18393478
0.25061962,0.2510584
0.2369525,0.24105918
0.20111829,0.21697575
0.1791797,0.23368193
0.19886866,0.2523133
0.20403424,0.23999193
0.22228894,0.26459882
0.20880508,0.26027
0.19178152,0.2297936
0.21098411,0.24500659
0.2072332,0.23273364
0.22097832,0.25737366
0.2239942,0.25884092
0.1433685,0.1749615
0.16208774,0.18616804
0.1417787,0.17925963
0.16147524,0.19191481
0.16745676,0.19469848
0.17482845,0.19993746
0.16983359,0.19387954
0.18622617,0.19888018
0.18399048,0.15018603
0.19616576,0.15591812
0.19952253,0.17870131
0.21302854,0.19513473
0.18321677,0.19686332
0.19815093,0.20178668
0.17227702,0.19342013
0.18844269,0.20319265
0.21841528,0.22780462
0.22745787,0.24551839
0.22023347,0.1949625
0.20290484,0.18316253
0.22810695,0.22492664
0.21424122,0.20945771
0.21311367,0.22027922
0.20383759,0.2095845
0.20484082,0.22339153
0.19042306,0.21549319
0.21682549,0.24123423
0.20640321,0.2237061
0.22486895,0.22490676
0.24105506,0.24868989
0.23523834,0.25046116
0.22010016,0.25744864
0.23536472,0.25493646
0.13644323,0.13449648
0.1362301,0.13288565
0.14818572,0.13928431
0.15926243,0.1422016
0.21124603,0.22056863
0.22093566,0.23301552
0.19942082,0.19659197
0.19633776,0.20683154
0.21989876,0.22873116
0.23819703,0.24646509
0.25001198,0.25263178
0.1600499,0.17833912
0.2227561,0.25731242
0.16851126,0.18243586
0.32658553,0.31165347
0.3188898,0.3353424
0.32181132,0.3030606
0.31113207,0.3351494
0.30659252,0.30920845
0.29198065,0.32953838
0.18273762,0.17834024
0.20493774,0.18968819
0.17212313,0.18400645
0.1969054,0.19450445
0.17163594,0.18393934
0.16579667,0.16611744
0.21450806,0.2306625
0.20255426,0.21764255
0.19725862,0.19542518
0.18239415,0.22237849
0.18571186,0.22084594
0.16967642,0.2377619
0.2220417,0.20058906
0.23551482,0.22703144
0.19991423,0.21778974
0.17410922,0.22975576
0.18266833,0.18592988
0.17496762,0.19947545
0.24795832,0.22040656
0.18893823,0.20383361
0.22395146,0.23746519
0.24773076,0.2573251
0.23886918,0.24528751
0.22674456,0.24624953
0.24612576,0.25175926
0.21235624,0.2293726
0.25487638,0.26226735
0.24067862,0.2503307
0.22753343,0.24984305
0.24841133,0.25633574
0.21313651,0.237454
0.18304288,0.1581102
0.19101518,0.18694133
0.21011266,0.18617988
0.19324464,0.18164045
0.17887077,0.16708952
0.18910709,0.19446097
0.20835613,0.19401701
0.184616,0.18150581
0.24261361,0.24544159
0.25352713,0.24203277
0.248818,0.26345333
0.25940946,0.25930738
0.17388135,0.17321268
0.17963314,0.18064022
0.27607194,0.27245685
0.26611075,0.29448646
0.27282164,0.29848015
0.28377348,0.28213114
0.27086866,0.26644057
0.25344023,0.285093
0.26450068,0.29274783
0.27902493,0.27880538
0.24976753,0.27223897
0.23447411,0.29022038
0.24612032,0.29550034
0.25774312,0.2784614
0.28701225,0.28473136
0.26550466,0.29722133
0.26855236,0.30229077
0.2897908,0.2895586
0.25899792,0.24918947
0.24733737,0.2796177
0.25887084,0.28498942
0.2710387,0.26494417
0.29718134,0.28891772
0.2954628,0.28854436
0.2727072,0.29497883
0.27790388,0.2762492
0.25890088,0.28369346
0.24964553,0.27301475
0.23605178,0.2850225
0.2716601,0.29970226
0.22906569,0.2605111
0.16313842,0.16666628
0.17742965,0.18087378
0.18016003,0.19104815
0.18469247,0.20053849
0.20443474,0.20971611
0.19940674,0.21402198
0.19157247,0.17677759
0.20089683,0.18527304
0.13431333,0.13997631
0.14496095,0.16003856
0.15300494,0.16977745
0.13966316,0.14174172
0.19334997,0.178828
0.19418523,0.17204754
0.22166191,0.20437817
0.18250087,0.18251501
0.17938483,0.1771404
0.20851576,0.24581729
0.2524587,0.27491027
0.20393543,0.22079697
0.21592079,0.22604313
0.20862669,0.21576285
0.22804922,0.25174034
0.22460195,0.2512219
0.22402506,0.25035483
0.23455101,0.25493786
0.21402735,0.2231709
0.21884465,0.21986909
0.21929005,0.21408537
0.257879,0.26385176
0.2529969,0.2537581
0.26986337,0.2830531
0.20793846,0.25518256
0.22474588,0.24939913
0.2480317,0.28178662
0.20904945,0.22133674
0.26916453,0.27495897
0.27095094,0.28058434
0.25679463,0.27302384
0.27338612,0.27192107
0.22888872,0.2206951
0.26207215,0.2458296
0.26277065,0.26191458
0.26639828,0.26726675
0.2558466,0.26907808
0.2587868,0.26725665
0.26841155,0.2699236
0.27020776,0.27008593
0.22262302,0.23010671
0.20557034,0.23567675
0.2238,0.24182694
0.20991337,0.24985883
0.25308758,0.24052894
0.24515921,0.24826917
0.21620005,0.22303392
0.19955045,0.21572322
0.22411272,0.25053346
0.2124589,0.24482973
0.27139264,0.27265146
0.14984088,0.1766018
0.1795798,0.19223002
0.28133267,0.2721092
0.28796425,0.29025573
0.26748765,0.269001
0.24042669,0.24117422
0.25524855,0.26617685
0.21201955,0.23693758
0.28578848,0.28929806
0.2956238,0.30991322
0.25088674,0.28931588
0.15674144,0.16359305
0.16174333,0.14850354
0.21458197,0.19311185
0.121149555,0.13034973
0.1886404,0.18638752
0.25533915,0.24911205
0.2724886,0.25338143
0.1983757,0.21947658
0.23832032,0.2413914
0.21902913,0.22765282
0.18461996,0.2079919
0.2413163,0.23465782
0.24444245,0.23376049
0.22756873,0.26621455
0.18215834,0.20064981
0.2026959,0.2084128
0.1862995,0.19669351
0.2003282,0.20106383
0.28644705,0.30584303
0.29015303,0.2875089
0.22851215,0.22962737
0.23664446,0.22116597
0.25162908,0.25303772
0.25371885,0.25898919
0.19817492,0.17908402
0.20159665,0.18887138
0.2685132,0.2634018
0.24694331,0.27162805
0.26349515,0.27237514
0.26005328,0.27390254
0.23586175,0.2591723
0.2511928,0.2624984
0.24769326,0.26210186
0.21280745,0.24354504
0.20934594,0.2375424
0.21384439,0.2353799
0.2581418,0.26234463
0.26592144,0.26092526
0.2551494,0.2596054
0.24658073,0.26482302
0.26991802,0.28915495
0.25282058,0.25859582
0.18709818,0.19440061
0.20013674,0.18862939
0.18226966,0.17012054
0.18608317,0.15489681
0.272821,0.29208922
0.32080835,0.3229016
0.29608107,0.28157428
0.29085195,0.25962743
0.28940082,0.2800033
0.2779651,0.2583535
0.28915048,0.27586275
0.26619315,0.26329425
0.2579084,0.26684523
0.26938674,0.2585021
0.25814614,0.2583396
0.28051427,0.27980694
0.2700824,0.2835067
0.2713329,0.259068
0.27037045,0.26946938
0.27577773,0.2725248
0.26882708,0.27486718
0.19208546,0.19933207
0.20452747,0.20041616
0.19468161,0.20738178
0.19701119,0.19717863
0.25125346,0.2427437
0.17880097,0.18265338
0.2725731,0.2680582
0.25860322,0.2771187
0.19061647,0.2095332
0.19721499,0.20332605
0.21383354,0.23377138
0.22119613,0.22119957
0.15653738,0.19286245
0.21141125,0.24823266
0.17936388,0.17377868
0.16341385,0.17771307
0.20188183,0.22544283
0.21341333,0.24244243
0.14712082,0.16416752
0.17064185,0.17654413
0.27065188,0.30316454
0.32308936,0.31348306
0.30028963,0.31248456
0.23149762,0.24021402
0.24647987,0.25427404
0.26130205,0.27646577
0.2710662,0.30067486
0.25197476,0.2828231
0.23896435,0.26347142
0.24801295,0.2702956
0.19206925,0.20951945
0.2710726,0.27811664
0.29323068,0.29576555
0.22859997,0.22660667
0.30585134,0.272653
0.24886338,0.25469312
0.24697268,0.2440808
0.25011638,0.24271297
0.25171012,0.24646765
0.1880113,0.21452582
0.15186003,0.19814947
0.2039159,0.1877716
0.19754699,0.19886926
0.2617978,0.26662046
0.2805074,0.28006032
0.22957559,0.25542063
0.28131747,0.27743664
0.286088,0.2830003
0.28999412,0.2998135
0.27629167,0.26968086
0.2867592,0.27880272
0.28171915,0.29530343
0.2673226,0.2659439
0.28245053,0.2770282
0.27728826,0.29401636
0.22681513,0.22065285
0.21521997,0.22191496
0.18966249,0.21412972
0.1851131,0.2101718
0.20015904,0.21706507
0.18910229,0.20864692
0.23596466,0.25955883
0.22596528,0.24785113
0.23321602,0.25197268
0.2263489,0.23213124
0.20479834,0.21562551
0.22571215,0.23714745
0.21860707,0.22939558
0.26108396,0.28665048
0.24731472,0.27529722
0.23829353,0.24272108
0.26236576,0.26883468
0.27502936,0.28590745
0.22031483,0.24825227
0.18172634,0.21723075
0.21216871,0.22757742
0.26114056,0.27071616
0.19417635,0.21306226
0.20766465,0.2062831
0.27732527,0.28862527
0.27184126,0.27508342
0.19193381,0.22254057
0.21820657,0.23671317
0.18062983,0.2015405
0.20750362,0.21725243
0.17146346,0.18886812
0.15326396,0.19073993
0.15001413,0.15380868
0.12992917,0.1570936
0.22750571,0.24180956
0.20089677,0.21437274
0.22844654,0.23329404
0.21286999,0.21920067
0.18480593,0.24428096
0.18553527,0.23846012
0.2196187,0.2627363
0.21573782,0.25768802
0.21584493,0.24097419
0.23731247,0.26161572
0.2590509,0.29666257
0.28776908,0.31767076
0.20475975,0.22290747
0.19235133,0.2191453
0.23028746,0.26063335
0.22471496,0.24326807
0.29455864,0.31970552
0.27590635,0.30971766
0.27212316,0.26705986
0.23515204,0.25016326
0.20981807,0.22383843
0.3067349,0.31209004
0.28740603,0.29525176
0.3010574,0.30156034
0.30255648,0.3018853
0.28472993,0.2803753
0.29698005,0.29773742
0.25211287,0.25215554
0.24489754,0.24375246
0.2875707,0.28654888
0.26761824,0.26384497
0.25642687,0.24372423
0.21487868,0.22571854
0.2186116,0.24709839
0.2285504,0.2474893
0.22449923,0.24827483
0.21566308,0.23586875
0.24879396,0.25195915
0.2409885,0.2606965
0.15461925,0.15384121
0.14764394,0.15301372
0.17494498,0.18187551
0.20555228,0.20309651
0.20031218,0.18895699
0.23130491,0.25580716
0.17948648,0.1735633
0.18420991,0.20076354
0.1920337,0.20747145
0.19197316,0.20209894
0.2283025,0.2406444
0.24019893,0.24816474
0.23063807,0.21938334
0.2657288,0.28726673
0.21335986,0.22935322
0.25001276,0.27066633
0.28593576,0.2970718
0.26007527,0.28297895
0.26951322,0.29251912
0.27642697,0.28257543
0.22846474,0.26283792
0.26038343,0.28448185
0.27647975,0.2830118
0.2811191,0.2972698
0.2521363,0.27638942
0.2735725,0.29764456
0.2739292,0.29912516
0.22709437,0.22864628
0.24308309,0.2471708
0.22661729,0.23720062
0.22110444,0.22017312
0.23636179,0.24506442
0.24724334,0.24758965
0.29469797,0.29730302
0.26966506,0.27943516
0.24679679,0.26785022
0.28490674,0.29839602
0.2881184,0.29788464
0.26538017,0.27915716
0.19280896,0.20948808
0.27259487,0.29303855
0.15710387,0.17799793
0.17534113,0.19785629
0.19018093,0.19379613
0.18239304,0.18109193
0.28982303,0.3188495
0.25988203,0.29297864
0.24101463,0.29033458
0.18929543,0.2492628
0.17138918,0.22334245
0.22584361,0.23066531
0.21868087,0.23598802
0.20442523,0.22458668
0.23540401,0.25151217
0.18530104,0.2576747
0.19267762,0.21726397
0.17091754,0.17158641
0.15951388,0.19890574
0.15685305,0.16372207
0.20245631,0.21522738
0.22423446,0.2586531
0.1507175,0.17099085
0.20375419,0.237342
0.19169702,0.22711186
0.18365556,0.22445945
0.27490225,0.2645504
0.26157883,0.26430765
0.25778818,0.27146572
0.24101526,0.2684024
0.17210054,0.18029341
0.25526845,0.26928896
0.25912234,0.2602293
0.2513615,0.2630182
0.26340222,0.26455617
0.21878098,0.23484647
0.21341807,0.23128131
0.20320466,0.21761905
0.23167703,0.2551719
0.24656129,0.2549164
0.2786575,0.28047544
0.29081538,0.31678352
0.3071103,0.31595182
0.24763337,0.26377487
0.24354522,0.2573549
0.19155532,0.20427622
0.197614,0.21047659
0.19656649,0.20277214
0.20467976,0.20846063
0.25931033,0.26038417
0.27630153,0.2832732
0.20640545,0.20173426
0.21755987,0.21069592
0.28235298,0.295452
0.23912588,0.23665763
0.22028527,0.24452671
0.23076005,0.23762721
0.23708484,0.24344923
0.2114565,0.22849704
0.21996382,0.24052362
0.2256472,0.24162883
0.23406912,0.25496984
0.23354758,0.26294488
0.21426517,0.23040429
0.23340824,0.23911302
0.2317441,0.24411888
0.24840602,0.25500286
0.19653971,0.19971451
0.21367498,0.21790145
0.19712935,0.19994059
0.201333,0.24053927
0.22431597,0.24240413
0.22154017,0.24864978
0.16146705,0.16961862
0.17114855,0.19903791
0.16703945,0.18438329
0.1686908,0.17286348
0.23578462,0.23632339
0.16985539,0.24170655
0.24083245,0.26389533
0.19093649,0.23806855
0.266659,0.26155177
0.1681786,0.24100551
0.24033302,0.26209936
0.22263296,0.25530478
0.20527996,0.2529628
0.25582045,0.2620858
0.24142008,0.25807214
0.2342425,0.24891558
0.21781155,0.24865651
0.25519276,0.28860906
0.26449883,0.28272033
0.25941676,0.2863009
0.18086247,0.1815441
0.17953092,0.19620664
0.20394574,0.21713112
0.19981268,0.23180059
0.21468025,0.22607656
0.22746181,0.25410014
0.21874751,0.21794288
0.21094716,0.22405893
0.2303801,0.24053726
0.26311946,0.25104362
0.2615618,0.2632749
0.19677421,0.2245394
0.26290497,0.28909582
0.23377997,0.24678005
0.21727495,0.23588416
0.21287239,0.2274411
0.24539018,0.2580157
0.24141876,0.25174555
0.21141928,0.20696197
0.22599265,0.21855812
0.16334039,0.173718
0.20862411,0.21489376
0.16397752,0.16589078
0.16617706,0.18052553
0.20757018,0.2151499
0.21604747,0.22631752
0.2094884,0.21272263
0.2061516,0.21722178
0.21295495,0.22834432
0.20623823,0.21258019
0.20684958,0.22972502
0.21683276,0.24567322
0.21656899,0.23447959
0.21604747,0.22631752
0.21295495,0.22834432
0.21683276,0.24567322
0.22453204,0.24094988
0.24610874,0.24104814
0.26497534,0.26073736
0.1698174,0.1704677
0.17728132,0.17719395
0.23500001,0.22754824
0.22597627,0.23300979
0.22792085,0.23516145
0.21483693,0.2521166
0.2335935,0.25087583
0.22150408,0.18242645
0.24139714,0.24564189
0.23041075,0.24717486
0.21041557,0.23323157
0.21384221,0.23147213
0.21548565,0.2225105
0.30132678,0.3076093
0.2736437,0.2769535
0.27088985,0.27541393
0.30598652,0.3107335
0.2911213,0.2956617
0.24996398,0.2501169
0.2290785,0.22622079
0.23468965,0.23934595
0.19207443,0.17589036
0.15960832,0.14657512
0.20283474,0.22580482
0.19079334,0.17426477
0.20102915,0.20442319
0.21918388,0.22066635
0.25162786,0.22961068
0.23392409,0.2323767
0.28448132,0.27329326
0.2647059,0.27301577
0.27890205,0.27800876
0.26155698,0.2792592
0.21220137,0.21725576
0.21417293,0.2270549
0.1965592,0.20643847
0.19869797,0.22125189
0.25511563,0.2770574
0.25978053,0.28617072
0.25979754,0.2732113
0.25863433,0.28084928
0.27420807,0.29746264
0.25455484,0.24954236
0.23911124,0.24635237
0.2781672,0.287326
0.2544044,0.26831406
0.233398,0.25209874
0.25857204,0.26091635
0.23554246,0.24352673
0.1927172,0.21713766
0.27302945,0.3006675
0.28506923,0.30023175
0.2872707,0.31885332
0.26323545,0.29453757
0.29627743,0.32043934
0.25513616,0.25237185
0.1809263,0.17815693
0.22136594,0.2204497
0.20922798,0.20344546
0.22714436,0.23874569
0.22581789,0.23093084
0.24380028,0.2511332
0.18964572,0.21310663
0.26032928,0.284234
0.27169088,0.2786114
0.28880018,0.29546136
0.1898178,0.21873409
0.1841602,0.21918796
0.2440881,0.2330969
0.21675709,0.22764917
0.23485096,0.2497386
0.21226026,0.23535226
0.23343444,0.24270053
0.20534088,0.2328755
0.26009974,0.25921887
0.18819614,0.19312605
0.16147922,0.15446651
0.15832123,0.1447209
0.1605699,0.15185118
0.2524709,0.2503726
0.23972742,0.23859935
0.25389928,0.25333384
0.13992567,0.14145374
0.1533566,0.1408079
0.1482873,0.15028527
0.24858284,0.27663746
0.25603282,0.2804034
0.25504598,0.29022145
0.2628218,0.26539248
0.27013984,0.2682925
0.27461898,0.27971435
0.27465117,0.2748454
0.2725841,0.26738605
0.27876803,0.28273493
0.19478703,0.21489194
0.18838653,0.24071057
0.20467073,0.21999341
0.20152158,0.21200208
0.26530927,0.26625973
0.2737121,0.27044657
0.2644675,0.26436293
0.27165195,0.26844758
0.25100824,0.26406455
0.25219184,0.27450258
0.2717434,0.28320715
0.22798839,0.23493376
0.20775864,0.23777239
0.23354419,0.2535544
0.22369882,0.25421658
0.22013955,0.26103282
0.2529593,0.26688263
0.24116689,0.24855816
0.23494431,0.24224655
0.2739277,0.2769485
0.24564356,0.24763887
0.25269082,0.252737
0.26983824,0.28748307
0.26916584,0.29312643
0.24872306,0.28957543
0.2593006,0.28754455
0.2718597,0.2745854
0.27387175,0.2806123
0.2605005,0.27717474
0.26995522,0.27525416
0.27545595,0.27385768
0.2775697,0.28337222
0.25868428,0.27558598
0.27250028,0.2725712
0.2142298,0.21093442
0.25858718,0.25741148
0.26554,0.2668776
0.24738102,0.2696644
0.25159815,0.26069245
0.26933885,0.2705909
0.27497315,0.28234214
0.25796816,0.27510545
0.2611421,0.2712746
0.20938466,0.2351544
0.17934173,0.20733312
0.20614733,0.22603306
0.1824529,0.19821827
0.20378105,0.21601029
0.20510027,0.21614522
0.18618123,0.20533803
0.18066458,0.20162173
0.16275598,0.18950237
0.16897376,0.1932461
0.15622681,0.17650105
0.15943018,0.1792949
0.16517629,0.18085688
0.15745434,0.1650553
0.2521005,0.27114633
0.24652316,0.26168376
0.25986877,0.2544585
0.25271404,0.2507385
0.26760143,0.25749695
0.26382664,0.2578441
0.21467473,0.19557838
0.19027583,0.19237007
0.17375624,0.18597427
0.2079743,0.1877014
0.18094742,0.1885551
0.16678114,0.1816566
0.30484548,0.3115566
0.29482797,0.29149604
0.19479713,0.19499984
0.17550191,0.19365865
0.1784149,0.18527012
0.20272858,0.20365554
0.17603335,0.20092258
0.19303001,0.19637546
0.31268746,0.31502172
0.3277327,0.3314761
0.25876397,0.2609703
0.24993339,0.2303746
0.2515946,0.2521993
0.22169003,0.23488125
0.24787675,0.25198498
0.21220505,0.24250479
0.24564034,0.2493361
0.26762262,0.2803016
0.1860649,0.17646945
0.20389646,0.18245853
0.18079111,0.17691208
0.20077932,0.21034566
0.20714456,0.21814981
0.2736746,0.2715473
0.1615991,0.1632043
0.13312475,0.12572525
0.2146653,0.19402634
0.20799108,0.21371089
0.22767386,0.24993613
0.18054277,0.17006029
0.25523272,0.25244808
0.30400217,0.30976826
0.18563338,0.1994034
0.18863522,0.21338212
0.17211412,0.17982309
0.20986624,0.18735956
0.23976985,0.26803523
0.2302903,0.2769411
0.26601377,0.25902563
0.2563451,0.25996494
0.14565882,0.18511227
0.22750917,0.20019095
0.20550813,0.23200811
0.21575943,0.23080318
0.23818742,0.2450223
0.24475206,0.25044248
0.2428166,0.23299733
0.24905333,0.2414771
0.17745544,0.18197556
0.25767547,0.27419952
0.26698038,0.27707332
0.21055336,0.2441385
0.23859747,0.25981513
0.2119163,0.22703053
0.20931798,0.19863382
0.18466382,0.17725414
0.217623,0.22273774
0.22567073,0.23470253
0.1870033,0.19790812
0.22215952,0.22700974
0.19056274,0.19515452
0.18032664,0.1997963
0.25470725,0.2483094
0.26207846,0.2581137
0.21710467,0.23085888
0.2676922,0.28621337
0.24201912,0.24417602
0.24460793,0.24691503
0.21184716,0.21194866
0.2716163,0.26032153
0.2202381,0.24286701
0.22443897,0.24275899
0.20105675,0.22857924
0.19719192,0.2330507
0.2010362,0.23893373
0.20055898,0.23899424
0.1716781,0.19596314
0.31011003,0.31549382
0.30447882,0.31062537
0.2007217,0.18580298
0.28137702,0.31320983
0.2731762,0.29594237
0.23395178,0.25226262
0.22350827,0.23067217
0.21735892,0.24167967
0.21609572,0.2212195
0.19365403,0.21903677
0.2151238,0.21597186
0.19405931,0.22468746
0.2969627,0.3087095
0.3063475,0.3125224
0.28776014,0.29588383
0.19907808,0.21237583
0.21825555,0.20751879
0.2124034,0.2084999
0.19803797,0.19116394
0.18573369,0.19995934
0.18595013,0.19118328
0.19017726,0.19561881
0.16620706,0.17234647
0.20198828,0.20418516
0.1986136,0.20815685
0.19334888,0.18938108
0.19195,0.20126972
0.30728468,0.32686603
0.3120065,0.3216014
0.2983823,0.29821575
0.27748516,0.26216343
0.13519001,0.15735142
0.11497072,0.13445805
0.1332056,0.12977065
0.19517797,0.20060286
0.19044667,0.21875648
0.20701145,0.201206
0.19808923,0.21632802
0.20053038,0.2050097
0.20148188,0.21558006
0.2215573,0.19530475
0.21978468,0.2115357
0.21664914,0.20902011
0.21140532,0.22375803
0.17465073,0.15322879
0.26951393,0.27234924
0.2699502,0.26888204
0.22113918,0.22907087
0.18717544,0.21165837
0.18494467,0.209898
0.18647984,0.19533105
0.22264373,0.20933512
0.21817467,0.21419492
0.21322744,0.22232507
0.21958221,0.23383015
0.21691689,0.22452511
0.20909008,0.22139698
0.21760185,0.23908314
0.21662875,0.22377485
0.22490183,0.23636307
0.23721156,0.2509213
0.22672807,0.23688641
0.24216762,0.2450746
0.2548994,0.2541021
0.23311494,0.24254552
0.24455804,0.25927702
0.21706113,0.20391566
0.22017503,0.23033705
0.24307267,0.25099605
0.1937976,0.19714442
0.1878047,0.19196154
0.23942827,0.24960926
0.23624453,0.24481012
0.1656017,0.20558488
0.18096027,0.2104151
0.18713045,0.21973076
0.15174596,0.1968591
0.24735844,0.27767408
0.23654352,0.23295125
0.16733156,0.19565238
0.17973578,0.21333012
0.18155636,0.2062534
0.16184574,0.18738618
0.20440418,0.19357155
0.23405549,0.22774786
0.23285297,0.22844616
0.20237704,0.1980812
0.19220361,0.1833674
0.25047898,0.26358086
0.25265414,0.2698597
0.24557826,0.27521718
0.25308633,0.27846605
0.24718378,0.24757667
0.16418181,0.19359083
0.25316644,0.24331568
0.24426608,0.25099474
0.27748206,0.27287185
0.2106011,0.24152088
0.20240438,0.24723317
0.2472955,0.2790588
0.15871787,0.19699822
0.18521482,0.22159238
0.19398068,0.23882815
0.19566892,0.23434591
0.20867556,0.2285712
0.16776565,0.19355147
0.22106665,0.2641638
0.1928982,0.22241092
0.21247062,0.21134374
0.2323669,0.22915822
0.2135085,0.20673701
0.22430456,0.22433539
0.21932535,0.22687614
0.22396487,0.24156673
0.22385056,0.25601414
0.23476145,0.2585858
0.19088942,0.2051876
0.20628774,0.20400192
0.20756994,0.24007726
0.22438471,0.24410307
0.1988116,0.22879714
0.21517867,0.23098658
0.22897857,0.25883412
0.22931762,0.25796354
0.20219956,0.2716283
0.19662113,0.1856679
0.1992337,0.17877454
0.17209843,0.2045287
0.20840557,0.23565891
0.21064615,0.23029433
0.18343495,0.25102758
0.21096686,0.22356139
0.21405879,0.2219628
0.18651459,0.24303788
0.21932139,0.26653782
0.19361638,0.18496719
0.2054353,0.24243599
0.21114835,0.23211336
0.25691503,0.2687769
0.23897249,0.24987163
0.20193581,0.2424552
0.23217717,0.19784573
0.24619672,0.19770612
0.1736001,0.17801061
0.24177663,0.2433517
0.25839967,0.24440888
0.18038142,0.21809503
0.23540965,0.2310029
0.25054523,0.23185533
0.1746621,0.20500422
0.2208291,0.21402885
0.22763173,0.21552344
0.23616916,0.2343536
0.19673543,0.20512801
0.21041197,0.2158915
0.22048219,0.2311834
0.1743275,0.18229245
0.18336312,0.18724275
0.17909166,0.17798835
0.16095963,0.17288296
0.15574759,0.1597169
0.1706076,0.18743995
0.14936864,0.18423443
0.14792515,0.16624415
0.14430766,0.1623882
0.16071579,0.1663681
0.15234055,0.17819117
0.17290622,0.17234091
0.17221968,0.16901764
0.153318,0.16432534
0.1735929,0.17408758
0.17489153,0.16680853
0.1544014,0.16552776
0.17013937,0.17975593
0.1677695,0.1791134
0.14932439,0.17358668
0.15592241,0.16774008
0.1528022,0.1646262
0.14290291,0.1555495
0.16359182,0.12287797
0.15807398,0.12179499
0.20976943,0.17718378
0.27889943,0.24082012
0.10350104,0.147707
0.15427817,0.1333106
0.26073503,0.262668
0.15947804,0.17973268
0.16496205,0.18223162
0.20213236,0.24636996
0.258184,0.29448405
0.15180628,0.18823248
0.2942358,0.30334422
0.31676653,0.31145495
0.27587727,0.28485155
0.30645072,0.30648127
0.31250477,0.29945165
0.30335665,0.29813898
0.23965986,0.24569358
0.23977327,0.2396943
0.1771582,0.17764376
0.19307241,0.214962
0.26820993,0.27433917
0.25579673,0.25664765
0.23213677,0.22813351
0.23325884,0.22889979
0.2047814,0.2388638
0.21720973,0.25753438
0.23966041,0.26835632
0.22760722,0.24877013
0.23691,0.26979202
0.25684258,0.27543065
0.21178862,0.21772134
0.19983825,0.2193978
0.19637057,0.21936704
0.20412157,0.242461
0.16273095,0.1788524
0.2050888,0.2081173
0.21593122,0.2174769
0.1961695,0.18270814
0.23783691,0.21927977
0.19915298,0.19528206
0.23882738,0.22825216
0.23836146,0.23327604
0.21460335,0.20825543
0.23526159,0.24255532
0.21552297,0.21708766
0.24314423,0.2452579
0.18824168,0.19329426
0.23802531,0.23836267
0.15939526,0.1840109
0.18631831,0.19237275
0.32310796,0.30369228
0.25792634,0.27160758
0.16569704,0.17974305
0.15448949,0.16936931
0.18407513,0.19555078
0.166727,0.18289788
0.24090086,0.25472647
0.21864103,0.25372916
0.2583408,0.27484712
0.22812054,0.27452177
0.31789842,0.32786918
0.30654502,0.3262246
0.28759164,0.29492518
0.28168976,0.29400814
0.23087353,0.22361216
0.20778601,0.20908932
0.22189575,0.23017475
0.1981694,0.21869904
0.23125571,0.22731678
0.20908982,0.21904759
0.25413525,0.25124365
0.2638514,0.26194817
0.24901447,0.2537738
0.24822454,0.26162934
0.24936381,0.25898355
0.17632197,0.20454034
0.20600148,0.22304857
0.26353678,0.27940494
0.2466256,0.2524727
0.21344317,0.23443331
0.2434586,0.24368683
0.25706324,0.25302473
0.26579115,0.26364648
0.25489593,0.25109106
0.2564084,0.2662614
0.22691578,0.21289636
0.22828251,0.2326023
0.21359827,0.21313079
0.2175066,0.23251957
0.22479978,0.23332793
0.22146364,0.23037198
0.22718418,0.23429556
0.21885747,0.22520962
0.2512406,0.25296906
0.16594839,0.15062596
0.1599009,0.17058855
0.16968134,0.16958286
0.19827609,0.18465587
0.1764312,0.18893878
0.17875752,0.20052513
0.17043246,0.21041161
0.2098175,0.22533457
0.20472084,0.22452371
0.18259607,0.1906884
0.16478403,0.17663452
0.17748228,0.19594446
0.1527427,0.17602284
0.22904995,0.23180877
0.23533633,0.23125929
0.20344101,0.21365006
0.2328859,0.23721957
0.23820065,0.23595658
0.20445439,0.218328
0.26333925,0.26050305
0.24177165,0.25110543
0.27836505,0.27473333
0.2648686,0.27253458
0.2597865,0.26512605
0.25138298,0.25343996
0.17216863,0.16557294
0.16003825,0.15644403
0.21534704,0.21996945
0.29027775,0.28866875
0.28129748,0.27856615
0.28131977,0.28463784
0.19874832,0.21604037
0.2453834,0.24137938
0.21871486,0.24135908
0.21799733,0.23363355
0.21548289,0.2380665
0.21037932,0.23170787
0.19977754,0.22684851
0.21644561,0.21660203
0.23951957,0.23514971
0.2044182,0.21250962
0.21128654,0.23715773
0.243864,0.2534403
0.21504891,0.23102048
0.17645323,0.20217717
0.19046777,0.20339212
0.19773439,0.21798587
0.20899245,0.21622846
0.23228791,0.24307555
0.21833065,0.23170424
0.23298953,0.24938574
0.20900138,0.24550852
0.22323829,0.23385265
0.19799593,0.22336222
0.24978547,0.2695876
0.2199782,0.25186598
0.25907132,0.28173336
0.26430526,0.2676675
0.27687135,0.27950454
0.28797486,0.27170157
0.2042557,0.21794814
0.16853166,0.18175168
0.20512791,0.19638623
0.14825895,0.13485014
0.20291393,0.17690861
0.13108508,0.12049752
0.13323349,0.121697605
0.19153656,0.19503695
0.24150327,0.23408559
0.29463676,0.29582182
0.1809244,0.20080376
0.17780979,0.19072431
0.32984027,0.33079597
0.21473604,0.21947436
0.19321667,0.18178691
0.16833,0.17833118
0.22881156,0.23832169
0.19849527,0.18549488
0.18466611,0.18392786
0.28473246,0.29807702
0.19381486,0.18097319
0.188593,0.18282804
0.22686994,0.23563416
0.2389755,0.24219465
0.2548989,0.25285918
0.23351489,0.24155322
0.22073159,0.22116613
0.2513374,0.24945271
0.25153646,0.260164
0.25728178,0.26030114
0.25629044,0.26035655
0.21858102,0.22529219
0.23322956,0.22632806
0.2371486,0.23125732
0.24439889,0.23856577
0.24721128,0.24551913
0.20586362,0.24000913
0.23150256,0.25102422
0.25337037,0.28927732
0.21844712,0.24249865
0.22111744,0.2568903
0.22059146,0.24783185
0.21864107,0.23811428
0.20518531,0.22377452
0.21575123,0.24009168
0.20808372,0.23376197
0.19836068,0.20642178
0.20130749,0.2121326
0.21408893,0.23216246
0.15227824,0.1514281
0.19581519,0.18544823
0.25845087,0.2881418
0.31344274,0.31773186
0.3020684,0.31011438
0.14609991,0.16041689
0.14942627,0.16506848
0.14656381,0.15454346
0.13968414,0.15526818
0.27199718,0.29642844
0.28070647,0.28124124
0.16452043,0.19399036
0.20514895,0.20835432
0.16393445,0.19049141
0.19625671,0.20234373
0.22707294,0.22316934
0.18877225,0.20480107
0.21782458,0.21853197
0.20909178,0.21278366
0.20382829,0.22096062
0.2027514,0.2094316
0.17890117,0.181504
0.17309488,0.19801354
0.18887173,0.19893724
0.21268675,0.22896063
0.24781567,0.24362102
0.21299043,0.24126789
0.23554486,0.2694686
0.20433632,0.21497616
0.23020837,0.23601791
0.21299043,0.24126789
0.23378405,0.2692165
0.16531707,0.18340576
0.22629693,0.23367149
0.26585782,0.26794422
0.24686515,0.25225312
0.26539218,0.26028863
0.30181956,0.28781772
0.23790531,0.24306545
0.16510503,0.18163136
0.21945919,0.22551572
0.26837704,0.28641632
0.22223286,0.2377676
0.27074608,0.29811803
0.2357409,0.25890923
0.25663766,0.2665245
0.2647976,0.25860405
0.26759225,0.26025492
0.2643952,0.26592696
0.25977397,0.25596154
0.22996408,0.24984579
0.24286234,0.269904
0.23839495,0.26150805
0.2331285,0.24449897
0.23024102,0.23727316
0.27051044,0.26442105
0.1512365,0.1507514
0.123489,0.13202599
0.28869426,0.2966473
0.29566383,0.29641482
0.30221948,0.29712188
0.30599415,0.29026368
0.21124683,0.21796252
0.25386336,0.27403936
0.28375262,0.28347945
0.16789126,0.15716946
0.19948344,0.20437127
0.23956548,0.23638979
0.24919626,0.25783747
0.2769094,0.281307
0.23179528,0.23639628
0.22835639,0.24433307
0.2399479,0.25033337
0.23906219,0.26101366
0.27733436,0.2898496
0.2711345,0.28207472
0.28186718,0.30146596
0.26805022,0.28974134
0.29330716,0.27901545
0.26085302,0.2805103
0.2901337,0.2941137
0.2504365,0.2604825
0.25161713,0.27051553
0.26248035,0.2713584
0.23748928,0.24608055
0.21946141,0.23511177
0.23978338,0.23807779
0.22502738,0.22834827
0.23739111,0.24447206
0.22011444,0.23234698
0.2121372,0.19083309
0.23125325,0.2326223
0.21837711,0.22865288
0.21244128,0.2140022
0.2011041,0.20728582
0.24496722,0.24303281
0.2147702,0.19967692
0.24351759,0.24229336
0.1825516,0.20719756
0.17148669,0.22806054
0.19435385,0.23407955
0.14954942,0.15302557
0.14458188,0.1624334
0.23791772,0.26664087
0.21612936,0.22617567
0.21301728,0.22754902
0.20205313,0.22907689
0.23018089,0.22959182
0.19069947,0.21086735
0.16805902,0.20237775
0.17777085,0.20221025
0.15580802,0.16474894
0.19181502,0.1967222
0.1444083,0.15184921
0.16661951,0.16136855
0.16866708,0.17793252
0.18988852,0.20643502
0.19156648,0.19899353
0.19847548,0.2092777
0.18981007,0.21091789
0.19332379,0.20873362
0.19896607,0.21258679
0.19914398,0.21090911
0.1963543,0.20145664
0.20184886,0.19755581
0.17954434,0.19768733
0.20754756,0.21184495
0.24929759,0.26817858
0.2141371,0.26197514
0.21507798,0.2656928
0.23693576,0.24845167
0.20217954,0.23800284
0.20239538,0.24200821
0.21593037,0.23336203
0.18695897,0.19392921
0.19708717,0.1982564
0.19803697,0.20669663
0.19696075,0.20555231
0.19902985,0.21384169
0.21433805,0.21830809
0.19733766,0.24044128
0.20492573,0.22766668
0.20423226,0.2427052
0.28046972,0.27723214
0.29317713,0.2715812
0.28907317,0.28757244
0.284467,0.2838983
0.29490858,0.2786133
0.29049248,0.29477733
0.28375393,0.28842008
0.29307008,0.28230852
0.3061955,0.301324
0.1652217,0.16794363
0.17182918,0.1768145
0.2803715,0.29048005
0.28507537,0.3010605
0.29391173,0.27767426
0.29493618,0.28746212
0.28737992,0.2965981
0.30102053,0.31315172
0.23515683,0.23448303
0.26247928,0.26478565
0.20239879,0.20865156
0.18736497,0.19259158
0.19354463,0.20249897
0.17984271,0.18675195
0.19613284,0.2275308
0.19444704,0.22220929
0.21878186,0.22151291
0.24753039,0.23901644
0.2717426,0.26204556
0.25518176,0.23615348
0.18130398,0.19124538
0.23683304,0.22649059
0.2459909,0.23377676
0.23363075,0.2595079
0.25082535,0.28836668
0.23010398,0.2757839
0.28074324,0.27296925
0.29804277,0.27790946
0.28956214,0.2922876
0.30822092,0.29516476
0.2804346,0.28130648
0.2969131,0.2848114
0.25984773,0.25291127
0.27353373,0.25595137
0.24081492,0.23755945
0.24892327,0.23451057
0.2559097,0.24563208
0.23961422,0.26434287
0.24922204,0.2728849
0.24937347,0.2764414
0.19980367,0.2279996
0.1941847,0.21749125
0.22436857,0.2394445
0.24726982,0.25072154
0.24468377,0.24758165
0.31301534,0.32087418
0.2893051,0.30283192
0.31788388,0.31551647
0.31351352,0.3089149
0.3096233,0.3073141
0.16369839,0.15275337
0.13776241,0.1629448
0.15779147,0.16703252
0.18372315,0.20221317
0.23484959,0.22052924
0.2566013,0.21533835
0.23929426,0.22650447
0.24231856,0.2180035
0.23275062,0.21157245
0.2200363,0.2375786
0.24578181,0.23280796
0.22737195,0.24295914
0.22805631,0.2345681
0.21645871,0.22583589
0.24804017,0.24908106
0.25929412,0.2312732
0.23933661,0.24433804
0.24577847,0.24007098
0.23474091,0.23016746
0.25408733,0.2689852
0.26891363,0.26427543
0.25585225,0.2686389
0.2549085,0.26128888
0.24516375,0.25416413
0.25989655,0.27632928
0.26670983,0.25960416
0.26956207,0.26878527
0.27867866,0.26637304
0.24883042,0.2531019
0.2636006,0.26595855
0.25537917,0.25363016
0.24286571,0.24785794
0.27198172,0.27968222
0.25084436,0.26403624
0.25460458,0.25981426
0.26579818,0.25167596
0.23770085,0.23705661
0.24994355,0.26365238
0.25556558,0.25576577
0.23157367,0.2467578
0.24280936,0.25467014
0.25321385,0.24652494
0.22305503,0.2316865
0.24545655,0.25466612
0.2521052,0.24783003
0.2262018,0.23478729
0.2102207,0.21600282
0.21442732,0.21912879
0.16116603,0.1498522
0.17467754,0.15692474
0.16759267,0.16348557
0.21885991,0.20941272
0.21017131,0.2278115
0.2316385,0.23879871
0.19824193,0.22744435
0.19752645,0.19362438
0.2808125,0.28691697
0.17490646,0.19580686
0.17466053,0.17902067
0.1932145,0.2421126
0.19281796,0.22898853
0.202117,0.22096997
0.19951096,0.20782457
0.23324293,0.24185911
0.22858487,0.22798172
0.2555935,0.25760397
0.25335115,0.271546
0.24783936,0.25642863
0.25410458,0.25683916
0.24950726,0.25387734
0.25682855,0.25961357
0.22635652,0.23550701
0.2376785,0.24361514
0.23222053,0.2378113
0.24474669,0.24248342
0.3130041,0.31236494
0.29696813,0.3101216
0.30986935,0.3165545
0.31191278,0.31112522
0.29359573,0.31118917
0.3081376,0.31471863
0.23733212,0.24385074
0.25531158,0.23118621
0.22912279,0.22619171
0.23869812,0.22892785
0.25219572,0.25587612
0.23341928,0.234994
0.2652905,0.25680342
0.2577893,0.25351214
0.2562418,0.2572659
0.26100194,0.23747945
0.23344508,0.22992495
0.25115615,0.23958313
0.29436094,0.28561255
0.27903134,0.28591135
0.27677137,0.28297263
0.19709884,0.20867504
0.19811976,0.19189203
0.14173624,0.16567528
0.14757404,0.15642923
0.1535717,0.18715207
0.14832729,0.1641694
0.1931615,0.22549121
0.20494018,0.22345288
0.19592875,0.20905763
0.17358156,0.20210359
0.19615386,0.20416029
0.18405084,0.19327357
0.22902103,0.24068958
0.1889519,0.22710782
0.25737542,0.2695856
0.22806898,0.24337502
0.19795494,0.19990233
0.25851598,0.26743203
0.24614295,0.2687156
0.17833671,0.1648148
0.23385325,0.22971767
0.22093941,0.23046736
0.23579064,0.22421926
0.21984562,0.22303317
0.21523803,0.22225487
0.23105569,0.22411853
0.22859079,0.23535962
0.20639381,0.20319863
0.20814744,0.20818645
0.24958798,0.23363696
0.17096451,0.1875028
0.19493857,0.19634178
0.15822914,0.16645049
0.18515787,0.17736246
0.18326384,0.23065376
0.21159491,0.24235284
0.22198439,0.20606773
0.2182414,0.22635643
0.29186764,0.29130027
0.24387634,0.24412224
0.2868456,0.28870243
0.23456647,0.24025944
0.25526178,0.24208331
0.2505154,0.23359661
0.252396,0.27642676
0.21359777,0.23604837
0.21155271,0.22818774
0.20802733,0.2314086
0.21103327,0.22501849
0.22928897,0.2399309
0.20337388,0.22634977
0.21706009,0.22185679
0.19370958,0.21235313
0.22059685,0.2139979
0.2089387,0.21236467
0.15906607,0.17507428
0.1318098,0.15367672
0.14869356,0.15862408
0.2091549,0.21638624
0.20410116,0.20157333
0.2112462,0.22915651
0.22805148,0.22935629
0.19774373,0.20698759
0.18894129,0.1849592
0.19227315,0.22273394
0.20646971,0.21660785
0.20648094,0.19702798
0.19950013,0.18463874
0.21004896,0.21129738
0.22422136,0.21588464
0.22725296,0.24316308
0.21867992,0.23158586
0.23630562,0.25828034
0.24461511,0.25515038
0.30728197,0.30035627
0.3091262,0.3051255
0.23617029,0.2440202
0.24220636,0.25139725
0.28030318,0.29256302
0.24769914,0.26034263
0.24278241,0.26542807
0.21152563,0.21290216
0.19578682,0.20848694
0.18160228,0.20725553
0.1586957,0.17521106
0.21550244,0.214084
0.20201296,0.21326566
0.2456433,0.25951713
0.24773026,0.28135246
0.23537964,0.27119562
0.23406963,0.23772648
0.20886806,0.2407874
0.24587406,0.26843503
0.25997823,0.2521433
0.2559715,0.24983774
0.23925295,0.23534918
0.23864082,0.26003146
0.29952744,0.2982897
0.2680918,0.27390423
0.26782462,0.27205816
0.24594827,0.23055074
0.26100102,0.24536422
0.2648529,0.26381272
0.2911698,0.29320723
0.2744612,0.27064735
0.29491436,0.28703597
0.28181893,0.27165014
0.19631521,0.17697938
0.16940121,0.16586843
0.2629945,0.24416532
0.23861016,0.23702382
0.20273095,0.21542305
0.21931852,0.22336732
0.23105264,0.254346
0.2006538,0.23663153
0.2171313,0.24202925
0.14491746,0.14336985
0.1729537,0.16320947
0.14322308,0.15386313
0.16614531,0.16691916
0.25630996,0.25786975
0.2736246,0.2579823
0.24966481,0.26644507
0.2655365,0.2634351
0.23829848,0.22603756
0.2560199,0.25818783
0.22797188,0.2264568
0.28489888,0.26885772
0.30204362,0.29242927
0.26174664,0.2551691
0.26986068,0.27295235
0.27845496,0.28161156
0.27323806,0.27785063
0.28387162,0.28740093
0.242998,0.25860366
0.23370671,0.25824016
0.25049934,0.27469984
0.24250539,0.27502692
0.2833156,0.28442097
0.29253882,0.2975331
0.2871424,0.2867931
0.2981163,0.30318102
0.23910408,0.2658472
0.243065,0.2581232
0.24102913,0.25939846
0.24106301,0.25383326
0.22796704,0.24030054
0.2188612,0.23876402
0.22296894,0.22298887
0.2167084,0.2227501
0.23360664,0.24161436
0.20817196,0.22619613
0.21236983,0.22249389
0.23041752,0.24607658
0.28894684,0.2860405
0.25874376,0.26175207
0.2991755,0.2960904
0.257312,0.27942973
0.28016922,0.2787351
0.24032183,0.26045957
0.32185018,0.3205248
0.31057075,0.30717468
0.27043116,0.27571294
0.24985003,0.24326593
0.19522925,0.21154544
0.18700401,0.18403146
0.20564508,0.21858011
0.17060803,0.17192617
0.2118094,0.1945322
0.20060469,0.19998759
0.230965,0.24737681
0.22770697,0.24375145
0.24308969,0.25578943
0.30013987,0.30812275
0.26521888,0.26949006
0.25149366,0.26290447
0.30500227,0.31919333
0.3172257,0.32571542
0.31082824,0.31848514
0.3108419,0.31643027
0.2878499,0.2931458
0.30098397,0.29922444
0.23821796,0.24421978
0.2559539,0.2568766
0.26367447,0.27216303
0.2480207,0.25126022
0.255476,0.2897086
0.20435984,0.21710075
0.23996343,0.27020094
0.21501899,0.26164576
0.17441143,0.19578585
0.17704245,0.19898218
0.20362023,0.22390567
0.18744852,0.18847007
0.20770453,0.20582499
0.21950921,0.24272197
0.23632212,0.25410068
0.18883054,0.2082756
0.2334769,0.2799906
0.1852153,0.19843593
0.21555804,0.24399231
0.21659987,0.2215208
0.24020597,0.24243864
0.18596491,0.20188007
0.23637138,0.2423605
0.27318612,0.27964514
0.26472965,0.28997386
0.27396291,0.27897635
0.25566798,0.25362784
0.25717098,0.27783677
0.28738633,0.2915399
0.2880242,0.30270267
0.26570952,0.26559705
0.25544816,0.2794092
0.21187063,0.21560858
0.21265699,0.22814927
0.2003274,0.23511273
0.20707539,0.23608819
0.20761822,0.24099004
0.23233089,0.2537787
0.21585083,0.23620808
0.24032724,0.2377163
0.24451761,0.26253632
0.23992516,0.2481828
0.23228994,0.23368758
0.17164843,0.17236653
0.17274936,0.19349246
0.16524479,0.19146983
0.19353348,0.21502449
0.2461032,0.26847088
0.2394107,0.25452688
0.23458105,0.23565598
0.18483728,0.20474067
0.19057393,0.18133122
0.2975393,0.30465892
0.25720963,0.24614191
0.27870947,0.26105917
0.27748972,0.28312224
0.29233384,0.3031292
0.23202352,0.24041986
0.23823732,0.25311795
0.24358588,0.24027157
0.2515642,0.2476624
0.30670804,0.31218147
0.2972006,0.29988775
0.32034022,0.33453503
0.25334764,0.26439303
0.25552952,0.25262538
0.26305962,0.2763126
0.22251576,0.25341925
0.26615724,0.28969914
0.19572121,0.18437406
0.22393127,0.23241077
0.2323753,0.23486868
0.22739059,0.23404765
0.24392799,0.2587541
0.23517743,0.23499382
0.23860915,0.24555156
0.27262348,0.27235812
0.26201642,0.27054358
0.23172364,0.23000424
0.2540226,0.24819456
0.28546435,0.2837567
0.2972032,0.29617327
0.19790743,0.1997687
0.21227849,0.21305692
0.21610558,0.22162838
0.21953073,0.21317054
0.20880592,0.21342495
0.21474457,0.21159673
0.26943225,0.2613349
0.23033093,0.26379177
0.24060093,0.25680366
0.2498548,0.2528941
0.17803748,0.2259567
0.18370113,0.20186524
0.17177133,0.18036929
0.17534748,0.1748072
0.25192246,0.26740897
0.2549303,0.25616628
0.2356641,0.2522545
0.23846391,0.24526463
0.21378683,0.2403749
0.2147902,0.23197448
0.18832865,0.24330238
0.19010116,0.23550752
0.2318392,0.2304592
0.25093675,0.2467411
0.23931684,0.23951623
0.26918682,0.26808512
0.18260111,0.22288829
0.25200832,0.28526795
0.19902168,0.25549987
0.22753541,0.27333242
0.22538392,0.26295528
0.21898462,0.22066732
0.2101015,0.22173029
0.2677175,0.2711233
0.23478866,0.23587765
0.28761017,0.29967177
0.243937,0.2407293
0.2880708,0.30350617
0.2380017,0.24725461
0.2868658,0.29113674
0.25190014,0.24018723
0.21725228,0.22655888
0.2475822,0.2582029
0.2542023,0.25009233
0.2348426,0.22661363
0.21367154,0.20620203
0.17927247,0.1863384
0.20745793,0.19453701
0.17012891,0.16576523
0.19739921,0.20419957
0.19194336,0.19821882
0.23839848,0.25388232
0.24566835,0.25736323
0.24982573,0.26466677
0.24367571,0.26251224
0.24000132,0.25443137
0.24257892,0.25986022
0.23985837,0.25680292
0.23675999,0.26047444
0.23408708,0.25220358
0.24584666,0.24195176
0.24920833,0.24913622
0.24255852,0.2514783
0.23857321,0.24063393
0.23698102,0.24596918
0.2343114,0.25044006
0.23201555,0.2505816
0.22622041,0.2416662
0.18180251,0.19473782
0.18891305,0.19478422
0.20652467,0.2026948
0.18226165,0.18140845
0.24660607,0.25347596
0.28066456,0.2642587
0.24663611,0.26124567
0.27787587,0.28642
0.24171078,0.28646052
0.20802534,0.24196802
0.1960879,0.23769158
0.25135505,0.23251148
0.19093361,0.24561782
0.18348476,0.23750013
0.22275907,0.23317046
0.19783944,0.2054327
0.20434318,0.21265233
0.21899381,0.22618908
0.20346199,0.21238153
0.20575565,0.21707669
0.22571738,0.23425204
0.22945905,0.21794017
0.18238503,0.176879
0.25817114,0.2710356
0.24031425,0.22909582
0.1925467,0.18659975
0.2838662,0.2712068
0.27273506,0.2613987
0.20299773,0.28431714
0.23600441,0.27141666
0.21474278,0.2939619
0.23560517,0.30273098
0.22458065,0.2851417
0.21233016,0.2895372
0.24687226,0.27925125
0.2264478,0.3003157
0.24745312,0.31027907
0.20995733,0.2883395
0.224235,0.22775778
0.24000794,0.21443312
0.26220888,0.22612384
0.21405879,0.21991014
0.21435365,0.21935657
0.23013043,0.23990537
0.24511963,0.22199564
0.19327371,0.1834238
0.2129353,0.2029784
0.20483883,0.19788928
0.20721903,0.1934315
0.2196604,0.21177426
0.22087994,0.20936923
0.17993759,0.18333118
0.20708372,0.21258385
0.1945527,0.20085259
0.23444116,0.22988306
0.22781263,0.23115599
0.24389434,0.2382611
0.25172824,0.2500323
0.2514098,0.266828
0.25999653,0.25757208
0.21558979,0.23148015
0.21545877,0.24694401
0.22401299,0.24517597
0.2900071,0.28394124
0.28453827,0.283426
0.29909712,0.2900609
0.29317588,0.30364257
0.28918168,0.30690134
0.2925799,0.30070344
0.29379103,0.30311212
0.28107306,0.30308944
0.30194384,0.30847815
0.20471434,0.2566236
0.1982556,0.23363966
0.19785054,0.24407265
0.18521667,0.21671838
0.22263558,0.27697682
0.22132517,0.24862234
0.23830354,0.23507552
0.2318918,0.23813489
0.2542983,0.2473154
0.18478145,0.20607692
0.17558165,0.16763583
0.24488214,0.23787406
0.14288017,0.14886025
0.14477485,0.17886971
0.20228484,0.19308728
0.18601316,0.17440437
0.20763816,0.20145108
0.17423339,0.18357073
0.16891927,0.18148415
0.13714401,0.12582983
0.15267716,0.15093343
0.14004225,0.13712277
0.1183452,0.118279755
0.115293905,0.12532051
0.24828173,0.2407335
0.22630423,0.20966755
0.2704725,0.25616345
0.26410076,0.26018888
0.26430866,0.25550035
0.25606152,0.2578501
0.27274394,0.28726804
0.27024946,0.29512376
0.17404552,0.17068239
0.19235815,0.18803246
0.1705643,0.16620086
0.18749997,0.18558559
0.21416117,0.22297902
0.2353533,0.24195352
0.18507513,0.18400538
0.17592907,0.17801015
0.20438144,0.21730737
0.15698847,0.16145971
0.15514779,0.16024794
0.15732013,0.15729536
0.15610076,0.15266046
0.17516787,0.19893304
0.17789496,0.20078819
0.27238354,0.28352317
0.28820774,0.26115394
0.26080263,0.277469
0.2758484,0.2593683
0.2838898,0.31963655
0.29250294,0.28899392
0.20610607,0.2215932
0.23416536,0.24225825
0.21144657,0.21197748
0.24155208,0.23512726
0.24134481,0.24954
0.23310567,0.24207768
0.20766528,0.21872757
0.18767509,0.21443768
0.19744253,0.21454151
0.1883857,0.21343885
0.2098614,0.22509849
0.18329212,0.16373166
0.20184681,0.19494313
0.15837651,0.14979143
0.15666978,0.15701537
0.16714847,0.17384526
0.17144622,0.1784178
0.16738231,0.1649315
0.145625,0.15592906
0.21253511,0.21345091
0.19474101,0.20106131
0.17653425,0.18325172
0.1734479,0.18715763
0.177987,0.17811531
0.17110923,0.16687301
0.1782724,0.18856566
0.3167746,0.323219
0.20526074,0.23455247
0.26198077,0.30466127
0.18526445,0.20280828
0.19205555,0.21368805
0.20242228,0.19195363
0.18466933,0.19446382
0.19388695,0.18583328
0.21036206,0.23858538
0.1845327,0.17141452
0.26242027,0.26375264
0.2878481,0.2900072
0.18855554,0.19939797
0.23460001,0.22803044
0.17078239,0.21909663
0.19469386,0.21365544
0.2515713,0.2697684
0.2215671,0.25048316
0.19975612,0.19775167
0.17235236,0.17966917
0.2048546,0.17995569
0.17236261,0.1591276
0.23341717,0.27049184
0.2854468,0.31308395
0.25579938,0.2877035
0.2771479,0.28924847
0.23697181,0.21163547
0.24587697,0.24260291
0.24448726,0.23704232
0.2354294,0.22719023
0.27735704,0.29230785
0.24997419,0.2514476
0.24990088,0.25032422
0.26922208,0.2926141
0.30131745,0.30527437
0.21166664,0.23161446
0.22364199,0.2333962
0.23043613,0.2367417
0.22101921,0.22154973
0.21365449,0.22004591
0.18187019,0.1934055
0.18375933,0.18797171
0.19535546,0.19392167
0.23120852,0.23644829
0.21505608,0.17760888
0.23256761,0.21279325
0.1814681,0.1920004
0.2088178,0.2121153
0.20708223,0.21366724
0.19156183,0.20211495
0.16535148,0.19043274
0.18871048,0.19471733
0.20092557,0.2358609
0.19527611,0.19455276
0.2101044,0.19060704
0.20515297,0.23194075
0.21260521,0.22759569
0.1803298,0.19061787
0.19718468,0.21662734
0.22011174,0.20078905
0.24217628,0.23515506
0.17655295,0.22097911
0.18381733,0.19312681
0.21813704,0.23549707
0.19031097,0.22915474
0.2070451,0.23149617
0.19074135,0.22246222
0.21605457,0.21427645
0.19053619,0.1995634
0.17336743,0.1897207
0.19968191,0.2123938
0.20922583,0.22174641
0.17037278,0.1920168
0.18664461,0.20860374
0.20459174,0.20215853
0.21130869,0.2047362
0.2268777,0.25638375
0.21809483,0.25238073
0.26541036,0.28532028
0.2624917,0.28692073
0.23894244,0.26249328
0.22984636,0.25689477
0.23220709,0.24334812
0.25538623,0.25163895
0.21319562,0.23290536
0.23783344,0.23940566
0.18365717,0.19814192
0.1963593,0.21782933
0.18233529,0.19890128
0.20696749,0.21800971
0.16799407,0.17945197
0.18017493,0.2050646
0.17717093,0.18740666
0.1907885,0.20661889
0.22145455,0.24080437
0.2251611,0.23702966
0.25134796,0.2476762
0.20791107,0.23074192
0.20917514,0.22895384
0.23635226,0.237699
0.28158122,0.2774411
0.27868593,0.27730033
0.27555254,0.26877433
0.29001647,0.27505744
0.28883266,0.29043484
0.2898786,0.29198083
0.28621453,0.28327867
0.30222592,0.28927326
0.27424726,0.2714132
0.2886262,0.27888006
0.27245316,0.27953345
0.28843182,0.2901655
0.29331088,0.28987354
0.30726916,0.3012395
0.29375187,0.27700147
0.19760545,0.21983933
0.24114591,0.27326876
0.2860604,0.29264337
0.28315723,0.29652113
0.28183115,0.29599398
0.26341498,0.29067692
0.23752637,0.259838
0.19886683,0.21441597
0.2015149,0.21397837
0.1936995,0.20596981
0.19547261,0.19540508
0.21488404,0.24259672
0.23785672,0.26143527
0.27565247,0.2734444
0.29876122,0.30238548
0.17108116,0.1980526
0.1838629,0.20254388
0.20483623,0.19408108
0.18537626,0.19076408
0.18367776,0.17155717
0.22935441,0.23103787
0.23427415,0.23800418
0.2138441,0.22262274
0.2211536,0.25646555
0.22697692,0.25507027
0.20342399,0.24318396
0.25256366,0.26420477
0.22784324,0.24177477
0.23249239,0.25697336
0.24908134,0.26417226
0.22938287,0.24630904
0.25467515,0.26201016
0.27463323,0.26936302
0.25292295,0.28110415
0.16886139,0.1678775
0.16162808,0.18847014
0.1823129,0.18150371
0.17747901,0.19800143
0.17053956,0.17992195
0.16667204,0.19205734
0.17503463,0.17322919
0.17189032,0.19173485
0.22037704,0.24640678
0.2162172,0.2489918
0.2228469,0.2528121
0.23783672,0.264063
0.23273557,0.2628209
0.23922007,0.2667042
0.24223739,0.25277865
0.24721125,0.25279802
0.26018015,0.28943104
0.26565737,0.28910565
0.27202687,0.29347965
0.24820857,0.24565846
0.24429628,0.25052205
0.230131,0.23349145
0.24790597,0.23145306
0.20201477,0.24330355
0.2202547,0.24636783
0.22291057,0.24692856
0.23852357,0.25046122
0.24828357,0.26102886
0.26581976,0.29105568
0.25619766,0.2699389
0.2456336,0.26643938
0.2379287,0.26502427
0.23328328,0.22511774
0.19856404,0.21172613
0.2017341,0.19178283
0.15785354,0.2126553
0.14609073,0.17873576
0.2952575,0.29080266
0.18783073,0.21893655
0.17432591,0.2034792
0.18928754,0.21141759
0.18003757,0.19649366
0.2927471,0.29651397
0.2890547,0.29410425
0.2867622,0.2943157
0.19570972,0.20296182
0.19610906,0.2188497
0.21846637,0.21052183
0.23529671,0.23646525
0.22995786,0.23567548
0.27923602,0.29734054
0.29610312,0.30455947
0.26332435,0.2694938
0.20066252,0.18664952
0.2038774,0.19243869
0.19727433,0.19427344
0.20472151,0.18924935
0.20893422,0.19529551
0.20041394,0.19722724
0.25596938,0.2694419
0.18426323,0.22278258
0.27235195,0.29452294
0.21442594,0.22470379
0.23192973,0.24124725
0.19123626,0.19714451
0.2938902,0.29814932
0.26772833,0.2764812
0.23598045,0.23311254
0.22275782,0.21287477
0.23482744,0.21907163
0.2154623,0.20642447
0.21436673,0.25124145
0.21779794,0.2472578
0.2521101,0.2504595
0.22257903,0.23787768
0.19379869,0.24563153
0.2385638,0.25763997
0.24691996,0.26718116
0.27118444,0.27996606
0.2715845,0.2862483
0.25187674,0.23122235
0.24606405,0.22584006
0.24870929,0.22747481
0.23954138,0.22363077
0.24991915,0.22793882
0.28086963,0.2749685
0.28100294,0.2713125
0.27343342,0.2642098
0.26401874,0.25893354
0.28114155,0.2709934
0.25136364,0.2594399
0.26760572,0.26048028
0.20722875,0.21620399
0.20180336,0.20627613
0.20141494,0.20025717
0.19305246,0.19255239
0.22624224,0.23339592
0.24072745,0.23275122
0.20722875,0.21620399
0.20180336,0.20627613
0.20141494,0.20025717
0.19305246,0.19255239
0.21783195,0.27081978
0.24121054,0.26304048
0.22438854,0.2675507
0.24617851,0.26297796
0.23134108,0.2491158
0.25023615,0.2404615
0.208213,0.21503015
0.16528034,0.17069684
0.24707823,0.22203988
0.26174682,0.24283406
0.27046603,0.2661727
0.21907087,0.19048364
0.21595587,0.20869078
0.22109017,0.19287995
0.21657318,0.20973745
0.23226593,0.21673618
0.23466285,0.22281608
0.26193392,0.2429715
0.2720406,0.2732842
0.23669928,0.26729506
0.20994362,0.21790981
0.22640625,0.247621
0.23651233,0.24023147
0.23453113,0.25425097
0.2450566,0.26267797
0.25421858,0.2568378
0.25183967,0.2430845
0.28981826,0.28850555
0.28731436,0.27129623
0.27649045,0.26937348
0.27406797,0.26674786
0.2162114,0.25234544
0.19903524,0.22983362
0.21876869,0.23632573
0.22457221,0.22888744
0.21155265,0.22138631
0.22445789,0.20925376
0.22871953,0.22154033
0.22248319,0.22608489
0.2677951,0.2849382
0.2887425,0.2898998
0.2776746,0.27363667
0.27815706,0.2757837
0.27594313,0.28441566
0.2568521,0.26481977
0.2493203,0.24784108
0.22868147,0.2394568
0.2624039,0.25642592
0.262363,0.2601909
0.24089278,0.25502348
0.23089865,0.2448076
0.21525903,0.21340045
0.2172336,0.21640606
0.27328548,0.26754197
0.20700897,0.19746335
0.23095536,0.21564376
0.21349865,0.23001365
0.25158265,0.25255015
0.25856555,0.2723383
0.29689223,0.29862285
0.2507073,0.2537656
0.24180613,0.25519
0.19752914,0.24673903
0.24139005,0.25492194
0.22293921,0.25505516
0.2183859,0.21889205
0.23746711,0.24263185
0.14030427,0.1656613
0.15167314,0.15850265
0.18344152,0.19240758
0.27023393,0.27273542
0.28029662,0.28650883
0.2688968,0.27262884
0.24747908,0.2607706
0.17358623,0.19321285
0.169361,0.197061
0.20645012,0.22752455
0.19840723,0.23701951
0.21045889,0.23221329
0.19203217,0.17371741
0.20359097,0.20431654
0.22129062,0.21073326
0.21629302,0.23849341
0.23144552,0.23060623
0.22215095,0.221743
0.15699962,0.17995489
0.17765732,0.19099009
0.2469914,0.24434958
0.21555091,0.21529089
0.19596408,0.22169207
0.21429743,0.21197353
0.19861764,0.22039962
0.21871465,0.18263143
0.1987873,0.18325299
0.18420494,0.1930833
0.17944442,0.19145796
0.2138062,0.2110996
0.21725535,0.2178844
0.21747944,0.20359865
0.24546352,0.26270434
0.26036498,0.27880555
0.22039092,0.24883255
0.23203853,0.24003908
0.2070885,0.22474046
0.21931267,0.23396772
0.25279644,0.20915686
0.23209974,0.19936495
0.24254921,0.23718454
0.26427257,0.258478
0.23242602,0.21607709
0.24173322,0.2404581
0.2599847,0.25700414
0.23244387,0.23734494
0.18617512,0.20030496
0.10220426,0.112100214
0.11290739,0.12160626
0.21033731,0.23968476
0.20829411,0.23454183
0.21271926,0.22470641
0.2413964,0.23843388
0.25081566,0.26099226
0.23849559,0.24845353
0.23343259,0.22550264
0.2618164,0.25514874
0.27764454,0.28071818
0.23112711,0.23522413
0.24842574,0.25218216
0.21437311,0.22531204
0.21925971,0.23075473
0.25271252,0.26169863
0.2354992,0.24082085
0.24495085,0.26916945
0.2568047,0.27369162
0.24649471,0.279623
0.16246492,0.17622405
0.20698325,0.21620092
0.27248347,0.26892006
0.269913,0.27505076
0.26685527,0.26674193
0.17847292,0.21412325
0.20890589,0.20828599
0.19100054,0.18616392
0.1915535,0.17495608
0.17658176,0.1713427
0.22623667,0.23501375
0.23508823,0.22762117
0.22926874,0.24163541
0.2370575,0.23810089
0.22250257,0.22552827
0.22421761,0.22720267
0.22199082,0.22133371
0.21350715,0.2178353
0.20723838,0.20980357
0.22750446,0.21792355
0.21555455,0.21849272
0.21714103,0.24473204
0.2071742,0.24304159
0.1920213,0.23171571
0.18385103,0.22947702
0.23677291,0.25503764
0.24256974,0.2483677
0.2079182,0.20917115
0.18343274,0.20194183
0.22228447,0.22141504
0.20915474,0.22659905
0.22660746,0.26103744
0.2456086,0.2572247
0.21253467,0.23968157
0.21418895,0.22271192
0.21628211,0.23509172
0.23258531,0.25136298
0.20006418,0.22736894
0.2105352,0.233418
0.17771165,0.19540124
0.22958744,0.27631038
0.2389149,0.2681094
0.16433135,0.18479432
0.18248203,0.1849471
0.25854844,0.26016364
0.2674808,0.27520183
0.26307997,0.28252402
0.2601841,0.27337512
0.23502088,0.23629354
0.16428418,0.16475007
0.20167422,0.19608352
0.28975537,0.28234696
0.27137125,0.29171324
0.2866103,0.30011034
0.27901152,0.28713137
0.28872097,0.29325995
0.28187963,0.29182848
0.28067583,0.27973622
0.16956809,0.16684705
0.1950533,0.18887037
0.25242803,0.2620172
0.221712,0.22476648
0.25963324,0.24215183
0.26626018,0.25955153
0.18648711,0.1891903
0.15703444,0.15461478
0.2790995,0.288938
0.300676,0.31080967
0.22856723,0.23966701
0.27064836,0.2661041
0.26586807,0.27541003
0.23831697,0.24860463
0.1878114,0.20211904
0.2784015,0.2820838
0.29325375,0.3135159
0.2122517,0.23047197
0.22866878,0.2692122
0.1807249,0.20104724
0.1986366,0.19844386
0.24954692,0.23850955
0.23142526,0.22599727
0.25716,0.24203457
0.2223563,0.22123893
0.3059198,0.3002109
0.3030421,0.295619
0.28175557,0.28239253
0.26987803,0.28781796
0.29688758,0.31470448
0.26749393,0.2571198
0.25161362,0.25571275
0.2895237,0.28593507
0.26761836,0.26547635
0.22739005,0.22556001
0.2857142,0.29097915
0.28651738,0.280181
0.30288303,0.31745756
0.25298846,0.23921402
0.24415407,0.26159066
0.24036852,0.26344845
0.26088065,0.27846748
0.21532588,0.22285932
0.25216144,0.256566
0.22186947,0.22139242
0.25758088,0.25668728
0.22112788,0.21963885
0.25286204,0.25178254
0.2011347,0.19718494
0.24546427,0.23762333
0.18711038,0.2188917
0.18882854,0.21828611
0.14874275,0.17686665
0.1573754,0.168336
0.26674652,0.27328572
0.2696845,0.2774898
0.22487496,0.24781927
0.23528048,0.25504425
0.2237537,0.23362747
0.2320023,0.23999457
0.18614052,0.19942771
0.1979718,0.22490112
0.23220319,0.24885271
0.21307957,0.22732304
0.25997764,0.2845922
0.23538333,0.24822177
0.24808943,0.24697928
0.2209201,0.21714933
0.19632824,0.21747443
0.16064106,0.18288997
0.19087106,0.2450923
0.20116693,0.23764482
0.19867827,0.24053228
0.20720953,0.2346524
0.20785756,0.23237728
0.20766751,0.2598803
0.1992895,0.21783866
0.19982542,0.24181974
0.18749805,0.22736354
0.18471868,0.21780756
0.20543176,0.23355852
0.20858632,0.22986972
0.16020961,0.19432881
0.15766782,0.18243721
0.16002238,0.20068881
0.15847412,0.18168166
0.23472589,0.23074594
0.24315855,0.25590777
0.23710296,0.24111567
0.24209914,0.26748595
0.23835793,0.26449025
0.23058897,0.2639832
0.27036333,0.29996854
0.27111483,0.30560037
0.23930654,0.2548415
0.2340965,0.26554012
0.21436296,0.23756965
0.20830724,0.24605894
0.2101072,0.21246907
0.2160718,0.23054856
0.26539612,0.23619582
0.27031547,0.26090443
0.21633326,0.18498419
0.22178918,0.22140136
0.17842698,0.21567678
0.19364999,0.24180932
0.27163607,0.27694008
0.24080043,0.24839582
0.21047354,0.21160802
0.19898888,0.216386
0.20141001,0.19493786
0.18516368,0.18006137
0.17315663,0.17806984
0.17477883,0.16433504
0.15669617,0.15429294
0.24107152,0.25297666
0.22975078,0.24597403
0.21904743,0.23819214
0.26258388,0.2917132
0.3353265,0.35832554
0.20463209,0.23010951
0.21224363,0.23467608
0.2046549,0.1998194
0.23785089,0.26783168
0.24346022,0.25216636
0.23128778,0.23876365
0.2439861,0.24495152
0.16974759,0.17614265
0.24726093,0.2640288
0.2530631,0.26036057
0.23993523,0.24697074
0.28600824,0.28497177
0.28841686,0.2916007
0.22753364,0.23344103
0.25679448,0.26269293
0.27179256,0.27588063
0.19963008,0.22662503
0.14271773,0.14745334
0.2202028,0.24201193
0.20916173,0.23431093
0.24452588,0.26063246
0.23428658,0.2509098
0.22688414,0.25218493
0.22766353,0.25250837
0.17552128,0.18188126
0.25788555,0.25472933
0.2330157,0.26075748
0.21395618,0.20575525
0.20683259,0.18274342
0.2047825,0.20133169
0.18397745,0.17691337
0.2363631,0.19705647
0.23124316,0.18980645
0.2258906,0.19580068
0.21116458,0.19574748
0.20557074,0.21722417
0.21007244,0.21035989
0.19766869,0.20403194
0.20758449,0.20064695
0.19283853,0.19794169
0.19312634,0.2059232
0.1988118,0.19312516
0.22275986,0.23224783
0.13193715,0.15717442
0.14225078,0.1683296
0.21121584,0.23870037
0.2020305,0.22248432
0.26302883,0.2693088
0.26199463,0.26805124
0.25848657,0.27542573
0.23148179,0.25931573
0.24425185,0.22366941
0.2694876,0.27742237
0.30934757,0.3195022
0.1844455,0.17225677
0.23494732,0.22967657
0.24904369,0.2708846
0.28009444,0.27138203
0.2824406,0.26803428
0.27840218,0.28189266
0.20140119,0.22675402
0.284491,0.28344852
0.2680064,0.2641428
0.2515999,0.25684115
0.20950542,0.20923851
0.22989613,0.23022968
0.23366004,0.2359521
0.23510247,0.2352442
0.23564272,0.27361095
0.17765206,0.21920104
0.19671209,0.228725
0.1927632,0.21865791
0.20849098,0.22986685
0.23941803,0.22521105
0.23579237,0.2244911
0.20387036,0.24931557
0.22273129,0.24488653
0.21487549,0.25182095
0.21596465,0.25654835
0.23613895,0.24724399
0.22540465,0.24985678
0.26908082,0.2685242
0.2622983,0.26045793
0.2449477,0.25484523
0.26192522,0.2676761
0.26145834,0.27923396
0.20086767,0.21296018
0.21139918,0.22514088
0.21811575,0.23661964
0.22658443,0.24475831
0.25051817,0.25794828
0.18889934,0.19844738
0.26190472,0.26581633
0.25121132,0.26838794
0.27887356,0.28332084
0.27162084,0.28178036
0.2591636,0.27400476
0.2762655,0.28291196
0.18098849,0.16467069
0.17548296,0.17706347
0.19960701,0.21761201
0.24307203,0.25147635
0.24467841,0.25347316
0.12776038,0.1324294
0.20515594,0.20812163
0.20864365,0.1996961
0.2263984,0.2362934
0.13946787,0.17469415
0.16016729,0.17328565
0.18401386,0.18859045
0.15805736,0.15936688
0.21076962,0.19979933
0.17981233,0.1714817
0.18700337,0.19625476
0.15532129,0.17029126
0.25110686,0.2560684
0.26541162,0.2825418
0.24408466,0.25727051
0.26815495,0.24245366
0.25322026,0.25529492
0.26170185,0.24672046
0.26368797,0.24078283
0.25790328,0.24904045
0.24225137,0.24895574
0.26522654,0.25411898
0.20182934,0.22356284
0.32207856,0.3157122
0.31580848,0.29961014
0.32207856,0.3157122
0.31580848,0.29961014
0.32207856,0.3157122
0.31580848,0.29961014
0.32207856,0.3157122
0.28661546,0.29789335
0.27959943,0.29383057
0.31580848,0.29961014
0.28088808,0.2793589
0.2638038,0.26676688
0.22430468,0.22849578
0.23295742,0.23400536
0.2072143,0.20513898
0.2404151,0.24358389
0.2502982,0.24707483
0.3057075,0.29044506
0.3116854,0.2989415
0.24891712,0.28425813
0.3004676,0.31010383
0.2664776,0.29176334
0.23745818,0.25518745
0.21842366,0.21454933
0.23050591,0.22425428
0.15554263,0.16687612
0.1908043,0.19177797
0.16588536,0.17227146
0.1755416,0.2514615
0.20030984,0.2316345
0.1934107,0.2408362
0.18644163,0.23180942
0.19018069,0.2200077
0.21947984,0.22292043
0.22080353,0.20177555
0.20168798,0.2415191
0.20839968,0.2204689
0.24756885,0.24418662
0.23560788,0.24089013
0.21541855,0.22491324
0.2188891,0.25252098
0.28615245,0.2807784
0.20737255,0.2171841
0.1927579,0.23046194
0.2564458,0.25086823
0.2666512,0.26897326
0.20451477,0.21473427
0.21211495,0.25114882
0.29389316,0.29033527
0.24490982,0.2501731
0.1776314,0.18639083
0.23972684,0.25610298
0.1833046,0.20532808
0.2285406,0.23598954
0.25452912,0.2593776
0.1511252,0.16218986
0.16048734,0.17352402
0.2508072,0.2572153
0.27228677,0.2766898
0.18991625,0.19382156
0.1904084,0.20277397
0.16963118,0.1643881
0.26303273,0.27186245
0.2005269,0.1951094
0.209913,0.21345201
0.17729816,0.1552907
0.24841395,0.26632458
0.2501825,0.28123575
0.25205985,0.29012835
0.30172482,0.28971323
0.29155052,0.29149005
0.21447332,0.22239637
0.27228737,0.2747796
0.17834593,0.18080984
0.21155202,0.19724157
0.21374482,0.25376707
0.22209346,0.23051593
0.21860181,0.2447268
0.29930556,0.29912317
0.2612123,0.27186656
0.2587169,0.26038772
0.22755973,0.23454943
0.18776526,0.22610497
0.2089243,0.23143212
0.18592504,0.22153388
0.2479715,0.26842836
0.27805915,0.28228056
0.21646336,0.23366441
0.21745694,0.24403714
0.19695738,0.2422749
0.24414161,0.27029818
0.20605007,0.24717352
0.24100912,0.27661085
0.219973,0.23894009
0.28154895,0.27570647
0.1968318,0.2544704
0.1787099,0.22561455
0.21059747,0.2512081
0.26800522,0.26812196
0.24876346,0.24740711
0.28780484,0.27154675
0.2387867,0.28647944
0.22477445,0.25849742
0.23159467,0.25434875
0.21134244,0.22781003
0.26590294,0.2928155
0.24955332,0.26245096
0.25613952,0.31180978
0.2530899,0.2768345
0.27963442,0.31239074
0.31130537,0.31526464
0.30003718,0.3118664
0.25324887,0.2696648
0.20912455,0.21155523
0.21695325,0.20584308
0.25936472,0.26560575
0.18106814,0.2076958
0.17354605,0.1966939
0.15925698,0.16787075
0.26198626,0.262612
0.25110078,0.24092963
0.23511578,0.2363291
0.23666574,0.23485723
0.24056229,0.27152097
0.22186477,0.26046425
0.22515975,0.23447943
0.20676796,0.22038522
0.22570606,0.28321633
0.23050182,0.2837624
0.22601849,0.25076574
0.23108149,0.2508809
0.2805039,0.28094745
0.2842491,0.28238642
0.2754819,0.26993182
0.27938423,0.27365798
0.25903895,0.25157356
0.2085937,0.22426498
0.22322538,0.21864899
0.20791045,0.22395884
0.23034596,0.23524533
0.21963188,0.23156087
0.21091172,0.20359004
0.17074832,0.1817102
0.17538838,0.17938131
0.27074474,0.28972423
0.24208733,0.24894345
0.2395674,0.24632573
0.22434115,0.22442205
0.21023913,0.22431093
0.21537258,0.2223832
0.21974726,0.23143488
0.20742902,0.21265563
0.19716804,0.20474766
0.20148984,0.20855623
0.19598892,0.19385612
0.23610155,0.23116323
0.24623182,0.24096932
0.2337164,0.2227837
0.25572497,0.2678162
0.24504597,0.2552517
0.24233502,0.24259248
0.23370567,0.2308062
0.26011062,0.2681624
0.25546238,0.26392642
0.27440965,0.28964794
0.22352338,0.27871007
0.27112633,0.28759456
0.24233082,0.22769523
0.19297327,0.21470237
0.23743747,0.22424388
0.28460804,0.2975067
0.23706947,0.28780648
0.28220895,0.29746446
0.23782462,0.24953738
0.22474883,0.23008525
0.2368341,0.23481879
0.2336378,0.2534697
0.24940163,0.26090866
0.24846211,0.2493266
0.26254368,0.26634926
0.2215628,0.25675356
0.2721535,0.28707036
0.2618368,0.28190616
0.27077395,0.2852881
0.23972264,0.25661176
0.23739031,0.25076884
0.22531353,0.23759322
0.24327976,0.24998344
0.23062378,0.2350582
0.23612693,0.24532191
0.22155282,0.22926037
0.21245113,0.25050223
0.21346296,0.2410638
0.22704658,0.24408698
0.22598173,0.24585435
0.22737786,0.23711567
0.23583603,0.23948202
0.21286254,0.23855796
0.21628268,0.23239975
0.2238618,0.23379007
0.19010316,0.22264713
0.21077603,0.21999666
0.19560462,0.21683949
0.22723223,0.21860048
0.21395937,0.21467735
0.2834159,0.3023739
0.2756318,0.30715236
0.27151477,0.26955694
0.16221753,0.15722801
0.18524559,0.17563534
0.17500846,0.1619457
0.24820071,0.26912853
0.2592824,0.25037485
0.26753873,0.30501264
0.27366427,0.28943792
0.23478173,0.26183495
0.2501004,0.268712
0.23812547,0.23595384
0.26250556,0.25004494
0.23704511,0.29162836
0.251458,0.29943636
0.24065095,0.29392323
0.24184692,0.2764876
0.24796712,0.28222832
0.24923146,0.27823168
0.15888467,0.18305722
0.15973067,0.19185129
0.15956393,0.19062701
0.16016105,0.20201524
0.22925884,0.2358833
0.2372509,0.24697016
0.2408752,0.23950483
0.24667788,0.24938817
0.22696,0.23843363
0.22791678,0.2464359
0.23173733,0.25295717
0.19341415,0.20749006
0.20728548,0.2164643
0.20098978,0.21858786
0.20510092,0.22282109
0.19986533,0.21328008
0.19680199,0.21440963
0.256251,0.25183442
0.25115645,0.26763737
0.25902122,0.26415896
0.26330906,0.28825107
0.28625053,0.27536497
0.274669,0.26385376
0.26923752,0.26724765
0.2884426,0.30300397
0.27479267,0.2858925
0.27029508,0.29238302
0.24881181,0.22357666
0.23272765,0.21905217
0.22786392,0.21957497
0.24828285,0.25113088
0.24199529,0.24548867
0.2269356,0.24500033
0.22420643,0.26143217
0.23676439,0.23765424
0.23261772,0.24226192
0.11888794,0.118377745
0.1477378,0.16102958
0.23878318,0.23498893
0.19051862,0.19011126
0.17031161,0.1615611
0.20993619,0.22134617
0.14540738,0.15338051
0.24784988,0.25112313
0.14039713,0.16060781
0.27695996,0.299097
0.2101023,0.20863198
0.16592437,0.19576718
0.2519034,0.24775705
0.17736423,0.25019282
0.17919585,0.18637954
0.17370287,0.20256789
0.1939683,0.22046298
0.23941562,0.27538475
0.27590683,0.27186835
0.24986535,0.2705001
0.19424896,0.19090638
0.18828206,0.19229399
0.20615032,0.22236201
0.228822,0.2437927
0.20612884,0.20524614
0.24820128,0.24909055
0.24403322,0.22611016
0.22688617,0.22554755
0.2617859,0.27788132
0.23225245,0.2206984
0.24578327,0.24747306
0.27536875,0.2766475
0.25173208,0.27838063
0.287625,0.30648923
0.26041776,0.2652213
0.29866117,0.3164745
0.27424276,0.27654698
0.25584516,0.2707124
0.2551824,0.2684337
0.25978407,0.25413713
0.24286492,0.23869953
0.23739457,0.22418757
0.24438013,0.23713833
0.18595688,0.21657047
0.17669202,0.2114359
0.25218064,0.25743812
0.24802433,0.25152785
0.17271094,0.195839
0.18215525,0.19257715
0.2396208,0.25134984
0.23624691,0.24922651
0.2511015,0.26399565
0.15412433,0.18228985
0.22568174,0.22219987
0.22499421,0.22039965
0.24061745,0.23998706
0.27010632,0.29555595
0.24269404,0.27252507
0.25223964,0.26848412
0.24522811,0.25517607
0.24440284,0.26817164
0.22033334,0.22869605
0.23876898,0.24698709
0.26758513,0.2761816
0.23053555,0.22966549
0.23856637,0.2513813
0.2508319,0.25620934
0.25048155,0.2743789
0.24045148,0.25377214
0.20705792,0.21740387
0.20743592,0.23252022
0.22658463,0.27802017
0.19657487,0.25110066
0.20140575,0.2652762
0.28419614,0.31081903
0.24480598,0.27441728
0.25143218,0.27748984
0.22817978,0.24021915
0.2709449,0.28416312
0.2524173,0.26782548
0.25397262,0.26324153
0.22485474,0.24848154
0.24503481,0.25277424
0.24430087,0.25464815
0.23646718,0.25432527
0.19787085,0.21461535
0.20360939,0.22256085
0.14430748,0.15138945
0.15966807,0.15630227
0.14120302,0.14275861
0.1539667,0.14602531
0.2857722,0.28937587
0.2595137,0.27509433
0.28587937,0.30022734
0.266203,0.28789604
0.27053544,0.2908803
0.2408818,0.27110976
0.2419483,0.2859499
0.19997042,0.20280038
0.19868946,0.21033335
0.19453228,0.2090537
0.19915226,0.20437847
0.20036237,0.21270895
0.19937561,0.21370193
0.25870374,0.26103848
0.2577185,0.28505743
0.21899465,0.23798159
0.28636187,0.29680622
0.29636168,0.3099845
0.24112335,0.22326937
0.24074414,0.23479167
0.27061808,0.2651633
0.28705233,0.2732277
0.25262102,0.2680394
0.2780036,0.27742746
0.22976293,0.2258975
0.23337604,0.23314643
0.22181308,0.2299685
0.2103853,0.23218934
0.21979861,0.22706956
0.22585833,0.22687721
0.21549578,0.23344074
0.20324862,0.22277816
0.20036805,0.23490821
0.22654313,0.21092236
0.211815,0.21925655
0.282324,0.3045767
0.26622576,0.30545455
0.25393283,0.2838347
0.3323001,0.3281323
0.30747572,0.32737836
0.3132404,0.31471285
0.33614028,0.32946503
0.309358,0.31644195
0.3204788,0.3204371
0.1383769,0.17758262
0.14198305,0.16645946
0.2463145,0.25690985
0.23209117,0.24178934
0.22613043,0.23458616
0.21658745,0.22891858
0.25050107,0.2600716
0.28487208,0.29312804
0.23474692,0.24351095
0.1873517,0.21278973
0.21400258,0.22722372
0.24169803,0.23284219
0.2394134,0.23081246
0.20577826,0.20277101
0.26513967,0.2817325
0.16883881,0.17151484
0.17021242,0.1868482
0.19354996,0.21202266
0.2018225,0.1941335
0.21830013,0.2411652
0.21547084,0.23620793
0.26546362,0.26583177
0.23195238,0.25248575
0.17655666,0.18730766
0.20150119,0.19449256
0.21755762,0.21473598
0.23754127,0.25250953
0.2252049,0.25083864
0.21233043,0.23198542
0.2667924,0.27005577
0.20941879,0.21878356
0.23196788,0.23627
0.24807309,0.227587
0.25079298,0.2803272
0.24825254,0.25713623
0.23053446,0.25899768
0.24485444,0.25339738
0.25143147,0.26583952
0.24712123,0.26624113
0.23954171,0.24802327
0.30699563,0.2992515
0.2851884,0.2832791
0.2776271,0.30019996
0.29283792,0.3040067
0.28597426,0.30192006
0.27872238,0.2983264
0.19343609,0.20369379
0.20801336,0.2073294
0.19822372,0.20296839
0.17294393,0.17503819
0.21788356,0.22739257
0.2177061,0.23617992
0.26066262,0.26379174
0.18177477,0.24949966
0.24011718,0.25965828
0.27005157,0.29509974
0.21331456,0.20806012
0.16960143,0.17244709
0.23617576,0.23334798
0.22923201,0.20831463
0.23145197,0.24028794
0.24513027,0.24027857
0.22831197,0.2297439
0.2598301,0.2565248
0.2075432,0.20397025
0.19203247,0.1854034
0.2238935,0.22505613
0.2243222,0.25936234
0.2489397,0.2512427
0.30673563,0.28775066
0.23665142,0.23841171
0.24856731,0.24020523
0.21443307,0.20889837
0.22013703,0.22015828
0.23040384,0.22039944
0.21212196,0.20924942
0.20674019,0.20243898
0.25733164,0.26494917
0.24632162,0.23303278
0.21605402,0.22869378
0.21639377,0.26107565
0.23587587,0.2319772
0.23574945,0.22008958
0.23573044,0.23762114
0.22179067,0.22716999
0.2540697,0.2604438
0.24681737,0.24956606
0.22819252,0.24013126
0.27021912,0.26774874
0.22938392,0.23470438
0.22267957,0.24147484
0.22259834,0.2259571
0.22789517,0.24231254
0.17318422,0.17699888
0.18731496,0.20135516
0.22071356,0.24416319
0.23463464,0.26991114
0.23102294,0.26519263
0.19335853,0.2064592
0.25937727,0.26907212
0.25215515,0.2520433
0.21392143,0.21868855
0.17148192,0.19811745
0.20652658,0.21464011
0.17747974,0.19617884
0.21409237,0.2122939
0.19841161,0.21999235
0.19955605,0.19799088
0.221209,0.22938932
0.22086175,0.21648161
0.22286125,0.2313109
0.24978998,0.24458206
0.2532467,0.24834378
0.23591167,0.22099474
0.1635125,0.16967043
0.18011135,0.20074947
0.16876115,0.18931098
0.20288202,0.21078987
0.19315869,0.24126981
0.2176394,0.25318715
0.17459348,0.21331145
0.2101756,0.23122643
0.20647939,0.20526138
0.19648409,0.19163215
0.2178015,0.23014078
0.2172026,0.2207529
0.20561884,0.21324827
0.20356373,0.20357361
0.12563893,0.12460143
0.12915258,0.1427156
0.1350005,0.14080298
0.13992336,0.13244107
0.13114169,0.15451005
0.13876651,0.16908526
0.14327821,0.16762921
0.14881498,0.15843064
0.13506617,0.13888733
0.136428,0.15967159
0.1443912,0.15695402
0.14940873,0.14753607
0.19612794,0.20200531
0.20476112,0.21929143
0.20184505,0.21178137
0.2159723,0.23953912
0.21708685,0.24970289
0.22359608,0.24295306
0.22830443,0.24058063
0.206447,0.24312362
0.21089056,0.25456724
0.21331877,0.2476164
0.21774147,0.24199677
0.20120151,0.20563346
0.18390895,0.19522211
0.17639856,0.18165262
0.17021944,0.1965718
0.17413297,0.19163615
0.1665211,0.18752761
0.25422263,0.2407233
0.15660419,0.15420544
0.18305904,0.20527019
0.21686716,0.23937777
0.24072361,0.24822277
0.23105651,0.23644081
0.23917027,0.2443065
0.22779442,0.23510996
0.19057797,0.21377595
0.18013184,0.21044399
0.24047661,0.24988604
0.23231372,0.23992123
0.23674463,0.24297269
0.22564125,0.23449974
0.20489584,0.22604184
0.1966835,0.21721312
0.18425563,0.18960166
0.18472075,0.1779244
0.18773969,0.19454043
0.21487427,0.22776629
0.21005592,0.19890974
0.18437646,0.18363631
0.22631265,0.23240605
0.24725701,0.23508495
0.15937412,0.17858014
0.16342583,0.18025199
0.21779971,0.20032652
0.21391386,0.21090247
0.28996852,0.28475377
0.26742145,0.26722974
0.25838652,0.26091588
0.23693877,0.2398436
0.14575356,0.15753426
0.14396879,0.15856954
0.16126078,0.1635026
0.16356282,0.1688982
0.16941811,0.17000127
0.16601945,0.17151242
0.17277327,0.1854602
0.17902498,0.19228569
0.1995872,0.20744628
0.20335303,0.22784114
0.16134053,0.17676525
0.21232203,0.23793669
0.24193537,0.24760248
0.26255876,0.2635315
0.2730471,0.2716895
0.30457014,0.31476802
0.29367676,0.2964392
0.30429575,0.31062815
0.2916617,0.28590542
0.29684174,0.31791946
0.27766353,0.2985531
0.20607768,0.21974044
0.20477684,0.20576888
0.21500765,0.21962975
0.25854912,0.25630307
0.23444588,0.24089265
0.21975148,0.23235244
0.19930613,0.22164315
0.21350212,0.21852112
0.21900633,0.22251457
0.21078607,0.25245
0.22904402,0.264497
0.2507334,0.26292154
0.27016068,0.29400122
0.23454244,0.22161281
0.24747372,0.24440715
0.18686053,0.21009387
0.19795838,0.23084033
0.2313002,0.24092789
0.22285263,0.24909982
0.14986143,0.18521056
0.20963612,0.19793743
0.1953172,0.19500126
0.16267413,0.16733852
0.14979205,0.15845759
0.17952603,0.18609245
0.16925466,0.18340814
0.15208498,0.15421402
0.154343,0.16750506
0.24885535,0.24377704
0.19201317,0.19650221
0.18191965,0.18669453
0.20981699,0.20531671
0.17447926,0.18699655
0.1365009,0.16712108
0.14078039,0.14560214
0.17211416,0.1857839
0.14811794,0.15433766
0.15491565,0.18766522
0.10965994,0.15005036
0.12847388,0.16182932
0.20359096,0.2265661
0.30256474,0.33001083
0.3137891,0.33894598
0.32061332,0.3341686
0.27011013,0.29136378
0.27887428,0.29811764
0.28344208,0.29319614
0.3128691,0.32999268
0.2877588,0.29415408
0.22683984,0.23702475
0.22725385,0.22590905
0.23429161,0.24092926
0.23178318,0.2262432
0.26567024,0.25711
0.22476819,0.22238639
0.24404284,0.241048
0.23127177,0.23937282
0.26959,0.2629006
0.27787137,0.28370243
0.21069783,0.23840488
0.24772298,0.25757998
0.21874619,0.2462114
0.22989282,0.22559541
0.18777525,0.20620656
0.24402085,0.27769032
0.26616326,0.26976055
0.238026,0.2727296
0.2597245,0.27135667
0.18592378,0.20353302
0.20661743,0.2108232
0.21301001,0.2134466
0.20585999,0.22402745
0.17325896,0.18900886
0.17216434,0.17884305
0.21280847,0.22087446
0.25905555,0.28829217
0.23620316,0.25078183
0.27543452,0.27434307
0.25220925,0.25311273
0.24179265,0.25347477
0.25084049,0.2583135
0.23489138,0.243961
0.24150491,0.24756894
0.24758196,0.25038117
0.22693138,0.23335604
0.23848563,0.2369949
0.22757259,0.23372121
0.23321941,0.24410766
0.2749814,0.2649172
0.2647695,0.254863
0.27542865,0.27754033
0.26583946,0.2691738
0.27132002,0.26444986
0.26313436,0.25876915
0.2643223,0.26749185
0.2569482,0.26151675
0.27669436,0.27706522
0.27868897,0.2770418
0.28590783,0.29106587
0.2893982,0.29070616
0.27155682,0.2719055
0.2730425,0.2717504
0.2694838,0.27369052
0.2758609,0.27449155
0.29278517,0.29187575
0.28736588,0.28924933
0.28331804,0.28572622
0.29450482,0.29334152
0.28434217,0.28654528
0.28296655,0.28628808
0.29237813,0.28336394
0.27960265,0.27320743
0.27743113,0.27251893
0.28465044,0.27694404
0.2792632,0.27222943
0.273852,0.27077645
0.2471357,0.2540612
0.2507347,0.25210398
0.24655291,0.27347493
0.24407572,0.26739126
0.2818874,0.2816409
0.26228204,0.28695926
0.2837687,0.28916973
0.26797587,0.28332123
0.261827,0.2823629
0.27852857,0.2777227
0.26493627,0.27112558
0.26080295,0.27473015
0.2139613,0.23094448
0.2053805,0.22108841
0.18680274,0.22919072
0.26849353,0.2556818
0.32827818,0.30147862
0.24219823,0.23654753
0.20771544,0.20472167
0.29915887,0.28749406
0.28315246,0.28470236
0.24366964,0.23043302
0.23710594,0.23064762
0.2125311,0.23902664
0.21059251,0.23189276
0.16974868,0.1652149
0.22553039,0.25725117
0.2443257,0.2693731
0.2125895,0.2180503
0.20509675,0.19561614
0.2610629,0.2611871
0.25926238,0.24409162
0.25411603,0.26896554
0.28108478,0.27896026
0.2532524,0.2512078
0.2776588,0.25906497
0.22461163,0.23023891
0.24010673,0.23062891
0.20088518,0.19698137
0.22233382,0.20308092
0.20523007,0.21154213
0.23062176,0.23694609
0.23714654,0.23882619
0.20396389,0.19565807
0.22109345,0.21639788
0.22859895,0.22392386
0.22602974,0.22236732
0.19236697,0.20683235
0.22697137,0.22127289
0.2345868,0.24226907
0.22627403,0.23346925
0.19628933,0.20408183
0.2418293,0.24431758
0.23624137,0.238284
0.26108354,0.27292314
0.28496128,0.28625742
0.25750667,0.273812
0.27053216,0.26221976
0.2826018,0.28190035
0.30160487,0.28575665
0.2802724,0.2963196
0.29917067,0.2994939
0.2501733,0.24685858
0.27652326,0.27505913
0.27339873,0.2748776
0.25568536,0.26191053
0.2811373,0.286856
0.27693683,0.28897548
0.22527297,0.22011265
0.26144385,0.25889277
0.25671798,0.25416082
0.2256793,0.22564483
0.25572732,0.2633947
0.25839064,0.2644582
0.2621487,0.24775742
0.25925124,0.2598245
0.20329908,0.26923794
0.2524326,0.269078
0.1499335,0.14918654
0.15287209,0.14586027
0.26327798,0.23153022
0.22156122,0.2201173
0.21741122,0.19993295
0.2097919,0.20416433
0.20528662,0.20109224
0.25603345,0.25853992
0.21562237,0.24297157
0.2581686,0.2503717
0.22161137,0.23172699
0.18361598,0.2033113
0.19770825,0.20891097
0.20125152,0.20717038
0.19129682,0.20348877
0.20245641,0.20307145
0.20079976,0.19984047
0.31817704,0.33138692
0.32495058,0.33229098
0.29767728,0.3308798
0.29797992,0.290975
0.30520266,0.2947128
0.28613806,0.2914267
0.25497836,0.24742001
0.22313336,0.23301205
0.22553732,0.23876667
0.224552,0.22876588
0.15713769,0.18086404
0.14640775,0.16324975
0.16696602,0.21350305
0.15272197,0.19736555
0.23704302,0.25265
0.24752781,0.2686497
0.23772338,0.25458136
0.21395192,0.25278074
0.22231545,0.2101717
0.22511064,0.23211509
0.24950275,0.24415284
0.24085808,0.26543483
0.26115385,0.26364818
0.21361849,0.19019789
0.21431771,0.2212069
0.19093569,0.20977128
0.19484164,0.20557362
0.21802041,0.21922335
0.19864443,0.19571126
0.22628945,0.2391515
0.2083108,0.2175664
0.22793002,0.23911229
0.20276773,0.21434695
0.22788113,0.23200712
0.20977572,0.21120761
0.27704623,0.27280304
0.2630659,0.27327442
0.264514,0.2710327
0.27328208,0.27059704
0.28923136,0.29357588
0.27312827,0.2949102
0.2779028,0.29565397
0.28482258,0.2916473
0.28930327,0.29845375
0.27475393,0.2907682
0.2848178,0.2948543
0.28655967,0.29264754
0.28404903,0.2914202
0.2688437,0.28940973
0.27387968,0.28930163
0.28274965,0.2867934
0.2312373,0.21794902
0.19227561,0.19705608
0.26196533,0.26825875
0.24396831,0.25749564
0.24561642,0.25873345
0.26207048,0.2611497
0.258425,0.26973844
0.24392171,0.26406938
0.26141107,0.26828733
0.16850328,0.16785902
0.24601908,0.24612133
0.21670751,0.26320782
0.21756507,0.2548818
0.22564943,0.23802912
0.30085003,0.30287206
0.28210256,0.27370414
0.30156803,0.3086698
0.29898852,0.30924153
0.253375,0.24803613
0.24813104,0.2491528
0.25092757,0.2406812
0.24474843,0.23846096
0.26240554,0.2590897
0.26028842,0.26353467
0.21631207,0.22799955
0.22521982,0.25237858
0.2321375,0.25249392
0.19692576,0.22483987
0.20389807,0.24804808
0.21012619,0.24768302
0.20567611,0.20043819
0.21212175,0.20908198
0.1986789,0.19212314
0.19988273,0.22308552
0.20193085,0.22566363
0.25255078,0.2534664
0.28760982,0.29071242
0.28797978,0.28453106
0.21097606,0.20913394
0.20578593,0.19991703
0.1582766,0.18261138
0.2759015,0.26311836
0.27119213,0.2676673
0.2826135,0.27554378
0.2867111,0.2795496
0.27592367,0.2807153
0.13650379,0.12461206
0.163195,0.15221274
0.18958306,0.1821959
0.15246922,0.14524163
0.18815897,0.1856165
0.21369603,0.21921074
0.28547508,0.28227732
0.18433255,0.17073815
0.27686095,0.26727733
0.2917543,0.29954123
0.21634266,0.22178946
0.26632708,0.26398733
0.24319883,0.2623533
0.2342766,0.23478127
0.23638211,0.25260493
0.2512501,0.2716732
0.24366453,0.26655614
0.17244342,0.18452196
0.16447511,0.20694607
0.20699748,0.21015638
0.18088849,0.18889616
0.23536053,0.23837054
0.24416699,0.2502693
0.21846668,0.22922882
0.2199563,0.22268775
0.20521389,0.218785
0.21598765,0.21543548
0.21215408,0.20339017
0.20048624,0.19701943
0.21175143,0.22919008
0.19958805,0.20872378
0.22307526,0.24088442
0.2084243,0.23082475
0.20137696,0.22037025
0.2036054,0.2276718
0.19444375,0.2176831
0.18931226,0.20572996
0.18675795,0.20078985
0.19433355,0.20805465
0.23372485,0.23611888
0.22331962,0.21847586
0.22691363,0.23033948
0.22963294,0.2253713
0.2632115,0.28680673
0.27079344,0.30136287
0.27170527,0.29692703
0.24761164,0.22525722
0.30130073,0.29284465
0.32225886,0.32101604
0.24571374,0.24699129
0.2206504,0.22096649
0.22149271,0.22757366
0.22204508,0.23116574
0.23197022,0.2550149
0.19410306,0.16440138
0.17063192,0.16274706
0.23328385,0.23596658
0.23776335,0.26687086
0.26185912,0.2556584
0.24960563,0.26405618
0.262468,0.27399775
0.20521389,0.20961016
0.21349618,0.26032352
0.18650416,0.21424565
0.17099257,0.19091791
0.27783698,0.28313524
0.28781232,0.29186204
0.18296266,0.19900455
0.16114934,0.1839734
0.19113393,0.19204861
0.19010726,0.18588406
0.20910174,0.20759647
0.19942282,0.20125829
0.1958172,0.19684237
0.2162371,0.21341273
0.19569537,0.21054311
0.20448446,0.22627777
0.21648973,0.21595833
0.18018311,0.1916337
0.19229412,0.20155194
0.17477416,0.18668123
0.1837775,0.1913622
0.19886401,0.22876686
0.20060728,0.21968925
0.20599735,0.22403792
0.20641464,0.20764622
0.2129609,0.23372811
0.20729776,0.2161003
0.24859217,0.25643265
0.2641904,0.2864843
0.20222491,0.20100908
0.22528547,0.2124026
0.19942415,0.2045297
0.23190619,0.21710809
0.2695366,0.28128
0.286071,0.2935372
0.19813691,0.19848044
0.20235859,0.18764737
0.19634053,0.19506726
0.23526892,0.23202397
0.26306453,0.25250798
0.18958299,0.20817718
0.21402937,0.20093605
0.23878889,0.23664105
0.20897907,0.20793623
0.24679822,0.25974005
0.25613037,0.25577533
0.28584695,0.27803898
0.2744393,0.28609022
0.296157,0.29425147
0.3243384,0.3123152
0.23266736,0.23632357
0.2568223,0.26705676
0.21934056,0.2169962
0.22879308,0.23148666
0.24314341,0.2697099
0.21959376,0.23233798
0.23747069,0.23542087
0.2287038,0.24225375
0.20948371,0.23852551
0.21565105,0.24210514
0.15492071,0.16005085
0.15005708,0.16303267
0.21875621,0.22849862
0.20764954,0.20474163
0.21020734,0.18447979
0.24028859,0.2516063
0.20380975,0.23756468
0.23755029,0.2526696
0.18427998,0.19066381
0.17118563,0.14545882
0.27641478,0.2820624
0.23632231,0.27417332
0.22413918,0.24411425
0.21023239,0.24192572
0.22128059,0.24084628
0.22443722,0.23865071
0.25816324,0.26798865
0.2616551,0.25505865
0.24998167,0.2621074
0.2532604,0.25117916
0.24285811,0.25406644
0.20649692,0.21687408
0.17275748,0.18993884
0.16488378,0.17969084
0.17208438,0.19621867
0.17137143,0.16934618
0.17734772,0.18268703
0.2874376,0.28154987
0.29730597,0.28537562
0.28221768,0.2824582
0.29310352,0.2858844
0.28634375,0.27537382
0.2977431,0.27987516
0.21657917,0.24603446
0.23596145,0.26692826
0.2100351,0.2305313
0.2306051,0.24614081
0.2152028,0.23996884
0.2355794,0.25914362
0.24200526,0.23805009
0.23469469,0.24889086
0.21068378,0.20311706
0.21695535,0.24024731
0.22821076,0.23555061
0.20204024,0.22007729
0.22333565,0.2342875
0.23631197,0.24728534
0.26600942,0.25229996
0.2748847,0.28252912
0.31395894,0.3089719
0.31852382,0.29271722
0.321924,0.31063566
0.34148815,0.33551687
0.26104045,0.24912609
0.24796365,0.2588109
0.2502605,0.25197968
0.238161,0.23121807
0.22459358,0.21657157
0.22809598,0.22710277
0.26534402,0.2581182
0.21163,0.20174488
0.24360031,0.254928
0.24886182,0.2507217
0.22741103,0.2322229
0.24644172,0.2398773
0.24562731,0.26415896
0.24354285,0.2708252
0.27787095,0.29418808
0.19597623,0.18564586
0.20528749,0.19859575
0.24530096,0.23248748
0.20314011,0.1733883
0.17922357,0.17991717
0.20376016,0.2015396
0.20144935,0.19669728
0.18356167,0.16630068
0.22748703,0.2458633
0.26847726,0.27311975
0.2337369,0.23871581
0.21584307,0.22872762
0.1926457,0.19705817
0.20686153,0.20633233
0.34165344,0.34161848
0.3137769,0.33434105
0.24097575,0.26173127
0.21373463,0.23518212
0.23855028,0.24280721
0.25387263,0.26428562
0.20361915,0.21386266
0.2075605,0.20247653
0.14034419,0.1486037
0.21964179,0.26120624
0.16330734,0.1897772
0.21054012,0.23993957
0.24641225,0.2601421
0.23058148,0.24530722
0.19989297,0.2159714
0.2083604,0.22598451
0.20836174,0.20765053
0.24159136,0.25662103
0.25136364,0.2837877
0.24515504,0.25299537
0.23297086,0.2666639
0.23798019,0.2547852
0.27038813,0.25825322
0.28139728,0.2704286
0.19619384,0.22082688
0.20871201,0.2329529
0.21415983,0.21050407
0.2293267,0.23202643
0.22764382,0.26215506
0.2694171,0.27271578
0.22871165,0.24860844
0.234731,0.2688627
0.23439917,0.26457334
0.25393075,0.24457869
0.20848605,0.2398211
0.23552805,0.25722802
0.27493474,0.30237594
0.27654546,0.27830625
0.23481917,0.2908241
0.24746111,0.27124748
0.25762713,0.28483802
0.28974843,0.30505443
0.23548143,0.21134233
0.2785668,0.2655996
0.22988334,0.22447097
0.2517093,0.2595933
0.25408718,0.25510558
0.26628268,0.30224934
0.17692068,0.19345883
0.22947985,0.22923562
0.21440515,0.22620869
0.20500991,0.22850767
0.17801525,0.16510287
0.18649119,0.17036556
0.17572024,0.16963804
0.15869124,0.17452355
0.16934295,0.15298975
0.25041088,0.24358329
0.2248245,0.24964094
0.21957633,0.2586518
0.18101865,0.1871933
0.1885075,0.20823453
0.18363418,0.17437644
0.24018332,0.25080615
0.2752672,0.2866224
0.27357382,0.27301496
0.23997042,0.2384232
0.22555864,0.2416853
0.19404793,0.18774319
0.20280905,0.19524457
0.17674546,0.17828408
0.19123957,0.18293421
0.19240725,0.18776067
0.20362833,0.19700909
0.17887707,0.18139404
0.18828288,0.18066795
0.24991646,0.24205367
0.23873213,0.23113026
0.24629156,0.2526733
0.23037839,0.23245841
0.21725707,0.21798328
0.20961933,0.21568796
0.20711789,0.21754977
0.23540339,0.23327938
0.2610713,0.26021266
0.26093873,0.25888008
0.30073622,0.30154878
0.27418834,0.2700299
0.29092315,0.3014897
0.263629,0.26514572
0.2935886,0.28549927
0.26173288,0.24564403
0.27886933,0.2994377
0.23975258,0.26402247
0.22453141,0.2576253
0.23016134,0.23534055
0.20301667,0.23182595
0.25142342,0.26937214
0.23393457,0.25254884
0.23444697,0.23667225
0.2588201,0.2566967
0.24262834,0.25177497
0.26822463,0.2792048
0.22984046,0.21341716
0.22197406,0.22597806
0.24501503,0.25956208
0.22466151,0.21002084
0.22712438,0.22029556
0.23697934,0.24244538
0.2577131,0.25284803
0.23174776,0.24348724
0.24739946,0.2520067
0.2501318,0.27776736
0.28545362,0.29813507
0.2682126,0.2856081
0.25498953,0.22847152
0.19802696,0.21961999
0.1824445,0.20629606
0.18566214,0.2066606
0.24225082,0.26730016
0.23137921,0.23868309
0.27069542,0.26349315
0.18847477,0.22818895
0.20469505,0.20539346
0.21767662,0.23586337
0.24542809,0.2572376
0.26410836,0.27330676
0.2523046,0.25441104
0.26746425,0.26738667
0.18168913,0.19064891
0.20033577,0.19100656
0.19482653,0.1934335
0.19708309,0.19253775
0.19014686,0.19670627
0.17710084,0.18227327
0.16536142,0.17031379
0.21692389,0.22138803
0.19624427,0.20119043
0.19696248,0.20723858
0.17136276,0.18872026
0.1328961,0.17369801
0.17660595,0.19469874
0.14248611,0.18558607
0.25257063,0.27821147
0.22311388,0.24086718
0.26406786,0.26973414
0.19450101,0.19594552
0.27050763,0.2644446
0.27089193,0.25940627
0.27240855,0.2605407
0.17984635,0.15776075
0.19084679,0.16978535
0.17863466,0.16021153
0.19116412,0.16948801
0.18766093,0.18433136
0.2533657,0.26395425
0.26280576,0.27285826
0.2504332,0.26781446
0.2513798,0.27698308
0.2672854,0.284365
0.25546366,0.26458287
0.26226044,0.27207223
0.25090656,0.2674631
0.25323585,0.27728477
0.26715302,0.28341073
0.25723734,0.2615823
0.26806605,0.27124214
0.26019397,0.26333934
0.26388046,0.27101856
0.27491605,0.2875018
0.2125107,0.24174218
0.19128102,0.2197582
0.24347827,0.24437365
0.22445571,0.23549774
0.19172253,0.22904623
0.2581546,0.2604121
0.20367111,0.24524702
0.1827789,0.2240786
0.23653291,0.24378955
0.2268332,0.23927686
0.28535336,0.30355126
0.2218096,0.20850286
0.23598611,0.24513468
0.25745296,0.27611977
0.2699871,0.27444434
0.27598795,0.29200044
0.30017877,0.30150765
0.16462807,0.15896791
0.18430297,0.17393592
0.31058407,0.32266623
0.25524724,0.27885255
0.26819393,0.27879232
0.27809367,0.27665627
0.29629457,0.306688
0.28789753,0.30775493
0.2991496,0.30456913
0.24575654,0.23751426
0.24863121,0.23834929
0.25992823,0.26523113
0.25616315,0.25928122
0.20783028,0.2428479
0.26921263,0.28585556
0.20275621,0.21836688
0.25137484,0.251756
0.1597606,0.18329538
0.16651784,0.16864514
0.22944678,0.23494232
0.20574395,0.19248022
0.19958664,0.23099402
0.22489136,0.25864393
0.24240254,0.26225376
0.2655286,0.29185104
0.18963651,0.18516733
0.228737,0.20626548
0.22045335,0.20512195
0.2211166,0.20697291
0.1844078,0.1996108
0.28162673,0.26737973
0.24109663,0.24892998
0.23076224,0.23785914
0.15875793,0.16212314
0.22092994,0.21042386
0.17183925,0.18274553
0.14587568,0.14183226
0.1717193,0.17766495
0.24343522,0.23106815
0.19893329,0.19847333
0.24923068,0.26810145
0.2450694,0.24305357
0.2266795,0.22483033
0.1862438,0.20772634
0.20662956,0.2085259
0.2865556,0.28602895
0.20882343,0.2129099
0.23625281,0.27101862
0.22588053,0.24520896
0.26412565,0.2610767
0.20864739,0.21872717
0.18378682,0.19353393
0.19773027,0.1912511
0.16024975,0.14450638
0.23900077,0.24771784
0.23139688,0.24365622
0.2388239,0.23575646
0.28010103,0.27465904
0.24275643,0.21530996
0.15077004,0.14436916
0.13566272,0.13938788
0.24470948,0.25666067
0.22129235,0.25401694
0.21189003,0.21827012
0.20440398,0.22679393
0.20222312,0.22108188
0.23616134,0.24402699
0.25446233,0.2530411
0.24684185,0.26236394
0.3091206,0.309884
0.2999304,0.31061023
0.29849967,0.3131628
0.28412074,0.2881285
0.2458198,0.24667221
0.22357382,0.21871851
0.25411975,0.2549963
0.25066742,0.2558881
0.26226786,0.25699008
0.2560559,0.26543158
0.23863673,0.24807361
0.25271088,0.26137182
0.24614578,0.25567606
0.2636568,0.2655724
0.23170952,0.24771442
0.21857595,0.20961338
0.23375738,0.23335117
0.22830784,0.22350746
0.22047967,0.24065861
0.22332087,0.21629405
0.2290062,0.23617487
0.24614376,0.23579279
0.27330694,0.2703156
0.28252953,0.28392977
0.23483105,0.23655903
0.17041452,0.20579971
0.1875845,0.19439223
0.19027035,0.21192542
0.21205018,0.22637756
0.20040342,0.23170052
0.2262407,0.21634021
0.2541052,0.27879214
0.25995252,0.29493782
0.2229352,0.24966972
0.20161396,0.21135475
0.19327459,0.214425
0.23332644,0.23649573
0.21454352,0.22957262
0.25732666,0.2559855
0.26898697,0.26414523
0.24495901,0.24483758
0.19930324,0.20646492
0.20373848,0.20721781
0.22715402,0.22807932
0.24127355,0.26417854
0.249556,0.29559577
0.18975358,0.22123975
0.24866304,0.2705152
0.25970018,0.3026739
0.19893621,0.23430754
0.17591162,0.17747721
0.17099874,0.16725214
0.18103106,0.17646238
0.17338419,0.16919635
0.1873536,0.20545767
0.21792534,0.19959655
0.24762227,0.25904503
0.24562645,0.25631517
0.2662253,0.27194214
0.26915646,0.2680416
0.22628999,0.22898352
0.2263128,0.22523317
0.2495184,0.24948405
0.2515214,0.257983
0.23872791,0.23794156
0.20118637,0.17877188
0.19957498,0.1712197
0.1645198,0.1753342
0.18560827,0.16631906
0.20066279,0.23002917
0.19774246,0.21382667
0.19718198,0.23542313
0.19743094,0.22468624
0.19699465,0.22401635
0.19294517,0.21203691
0.20571524,0.22245026
0.22260465,0.2216977
0.21632984,0.2433882
0.21930592,0.24124125
0.23182258,0.23313606
0.20853795,0.2198504
0.19003174,0.21496125
0.20576662,0.19844988
0.22673798,0.20269774
0.19141579,0.22673804
0.20136648,0.20611663
0.22171691,0.2205041
0.26079082,0.24115726
0.2612654,0.2649798
0.22072361,0.22191219
0.21523242,0.21901545
0.22314572,0.23003319
0.22503293,0.24740826
0.22188996,0.23015755
0.22254543,0.2152655
0.1825844,0.19575614
0.20337187,0.21683791
0.18873854,0.19795954
0.17949833,0.17750014
0.17689906,0.16764443
0.25804085,0.27032304
0.20759757,0.24462621
0.17839077,0.21405
0.19234844,0.22035193
0.20377283,0.25464812
0.19713144,0.21542573
0.20586374,0.2416481
0.2131399,0.20814697
0.20056427,0.20432734
0.20052402,0.22929113
0.18038143,0.17184256
0.1752037,0.17414512
0.16791406,0.16409437
0.16974843,0.16115858
0.17470554,0.18998575
0.15966679,0.19834253
0.22619218,0.24189506
0.24037655,0.26067212
0.2301171,0.24456075
0.26424053,0.2410531
0.2311935,0.24581516
0.2471428,0.25713068
0.25400946,0.27311122
0.26795208,0.27943993
0.22778593,0.2566218
0.2044861,0.19918688
0.21014085,0.21495828
0.1883749,0.20496425
0.24659242,0.24493167
0.24260359,0.24018475
0.24524327,0.23577216
0.24233547,0.2651669
0.25875115,0.2825989
0.23514733,0.2514949
0.27607352,0.29718852
0.28495005,0.2824784
0.24581815,0.2693174
0.29935634,0.309248
0.26333478,0.30023664
0.27945495,0.2744517
0.24098141,0.26115954
0.30453506,0.31884497
0.27382222,0.30725795
0.2633015,0.28399897
0.27510408,0.30984914
0.26195735,0.27485606
0.2856728,0.317842
0.27214468,0.28213468
0.27643093,0.27954808
0.2915378,0.3126064
0.2922635,0.31151944
0.2701641,0.27393976
0.27408808,0.2725497
0.30222857,0.32356858
0.30384678,0.32229525
0.22709087,0.21152444
0.22227201,0.21889399
0.28422225,0.26592156
0.28336954,0.28206456
0.28884387,0.28592816
0.28794727,0.2971668
0.2939209,0.2983173
0.29318938,0.29796034
0.2956784,0.30102816
0.2996912,0.30231416
0.28382114,0.29234636
0.2660584,0.25697508
0.18422306,0.24617131
0.24507289,0.24041082
0.1686504,0.17227224
0.15817688,0.1693892
0.17335835,0.18334141
0.17981936,0.1987668
0.14938554,0.14562821
0.17900194,0.2074357
0.15533121,0.16537671
0.18263733,0.19102195
0.14837855,0.13845457
0.19916776,0.2111878
0.15304722,0.15887839
0.28426105,0.26597005
0.23085271,0.22295114
0.25491145,0.25500622
0.31860146,0.34083438
0.28222728,0.28251678
0.20916677,0.23530325
0.24643877,0.24807768
0.22682756,0.22458631
0.24288566,0.23431113
0.22778735,0.21290873
0.21585126,0.23723242
0.21093619,0.24545716
0.2312854,0.25314432
0.23730493,0.2656772
0.20249255,0.22797081
0.23207402,0.25304002
0.24131027,0.25581074
0.23676284,0.25766045
0.28064513,0.29894125
0.25487235,0.25569332
0.22625592,0.22956556
0.2221722,0.23963991
0.22872914,0.22380237
0.2278263,0.23142138
0.23673618,0.2255253
0.24430007,0.21947661
0.2441608,0.24967021
0.29798183,0.29464957
0.2861321,0.3025522
0.36025363,0.35600555
0.35385787,0.37610713
0.27973855,0.28265
0.27210614,0.3053663
0.16378658,0.17584278
0.17090498,0.18382353
0.20758757,0.21970117
0.2104538,0.24542737
0.2153545,0.2514258
0.1981665,0.22334367
0.20960127,0.22477123
0.21106628,0.23257153
0.22345418,0.23345767
0.2653223,0.29270676
0.26964736,0.29437572
0.24612732,0.25109178
0.24138358,0.25333947
0.24540578,0.2460933
0.2832618,0.28442526
0.22415876,0.24330127
0.26442876,0.27960682
0.23186612,0.23048937
0.18292248,0.18580267
0.18959297,0.18346068
0.18083401,0.17354822
0.19644578,0.22031996
0.20418213,0.21801066
0.19533318,0.20861857
0.18631004,0.19999778
0.1969306,0.19990449
0.18505488,0.18989642
0.25905478,0.26440474
0.27026385,0.2698006
0.25637448,0.27496046
0.25740594,0.27048135
0.24963957,0.25208288
0.24195212,0.27013543
0.24401453,0.2686824
0.24873024,0.2632292
0.23925233,0.24509224
0.23412852,0.26350218
0.2371474,0.25999945
0.2426879,0.25467739
0.23600066,0.23347801
0.23040894,0.25601086
0.17162907,0.16507679
0.29118806,0.30004916
0.173708,0.1985184
0.1845202,0.20713966
0.1877079,0.21072172
0.1832462,0.20046201
0.1779176,0.19894248
0.17558779,0.19388981
0.17575718,0.20436755
0.1834824,0.21329053
0.1860348,0.21454284
0.18126708,0.21014768
0.18102676,0.2063693
0.18014912,0.20165837
0.16940527,0.17702031
0.17706782,0.18174629
0.18089825,0.18472582
0.17487332,0.18438046
0.17607115,0.17873225
0.17244558,0.17242
0.2795619,0.2743476
0.25554043,0.2506501
0.2718383,0.26711127
0.24640384,0.25108847
0.26066566,0.26254004
0.2126647,0.22194545
0.21353927,0.22191471
0.22232328,0.25773507
0.24527785,0.2826684
0.15236254,0.15677871
0.15958002,0.15680501
0.20389795,0.19680159
0.1761508,0.16918845
0.27605903,0.27455541
0.25576612,0.25029257
0.22957659,0.21852542
0.16104493,0.18125534
0.24288192,0.22745141
0.16847466,0.18501638
0.29266268,0.293021
0.24896102,0.25444266
0.29261342,0.29649788
0.2586269,0.26774284
0.33416352,0.325709
0.3103094,0.31430587
0.3177238,0.30467835
0.28202975,0.2786454
0.19622797,0.20383221
0.1777088,0.18838203
0.1611187,0.18242477
0.2774967,0.27051252
0.29674798,0.29472756
0.24129486,0.24419777
0.22403976,0.23329753
0.23624519,0.2421113
0.22205779,0.23868863
0.29273784,0.29788452
0.31265634,0.31236058
0.30139297,0.3031689
0.28357482,0.29148352
0.28239048,0.27325487
0.23256245,0.24176028
0.23725262,0.23540933
0.23020972,0.26534778
0.23687813,0.24488004
0.31988847,0.29799008
0.21969609,0.24448471
0.27253172,0.27156413
0.25192678,0.23577785
0.18713129,0.20527716
0.17515217,0.19104221
0.20504893,0.21562822
0.18609725,0.23196714
0.2275616,0.23530628
0.19412504,0.22640489
0.21088281,0.22494267
0.27414238,0.2601604
0.27591684,0.27283964
0.28894365,0.28294295
0.26717627,0.25666344
0.27016723,0.2685562
0.2741048,0.27257946
0.26393843,0.25632277
0.26564866,0.26516348
0.27113324,0.26921114
0.26970312,0.26994735
0.2747547,0.28357655
0.28004217,0.28677264
0.2619635,0.25151294
0.26441723,0.26259175
0.2694218,0.26285708
0.26299143,0.26548958
0.27696168,0.29275063
0.29812363,0.3039403
0.29192328,0.29182008
0.25833982,0.28490993
0.26864207,0.26365897
0.28219616,0.2886097
0.22577891,0.23159039
0.23866175,0.25057718
0.21828207,0.25895384
0.13930053,0.17485948
0.17206427,0.19346091
0.15657349,0.15715954
0.13834688,0.15122385
0.15938993,0.18058212
0.14812373,0.17905551
0.21334893,0.22209212
0.19905083,0.20981064
0.2129627,0.23147245
0.19801727,0.22031479
0.18847716,0.21635881
0.22172683,0.23520459
0.21109009,0.2154042
0.2135044,0.22803456
0.20340344,0.21539362
0.19422829,0.20687136
0.20556855,0.22121687
0.19660567,0.2043432
0.20843068,0.27554333
0.13061784,0.14635539
0.12333523,0.15259215
0.23173717,0.25988674
0.21222517,0.24462694
0.17503017,0.21126917
0.18068649,0.20145544
0.2591021,0.26522547
0.2564903,0.26599723
0.28940946,0.29058874
0.28742233,0.28419673
0.23851515,0.24398908
0.2447621,0.24853553
0.18294926,0.17259674
0.20873639,0.19983113
0.17137484,0.16432442
0.19693138,0.17452896
0.20096074,0.19901505
0.20799063,0.20542695
0.24067806,0.23722179
0.2441473,0.2579385
0.2766901,0.2671299
0.23798878,0.24030755
0.26336327,0.2374423
0.23710895,0.24273632
0.2266058,0.22927275
0.21483833,0.2258285
0.24902645,0.28405014
0.2500353,0.2378907
0.24851228,0.23566785
0.26097727,0.27902013
0.2624012,0.27274215
0.22765252,0.22303726
0.23101194,0.2672391
0.2601012,0.24883321
0.22507705,0.22504169
0.28555897,0.2883341
0.22160943,0.22484893
0.2539125,0.28994924
0.2887796,0.31128386
0.24344236,0.25747624
0.24421158,0.2562225
0.22445437,0.24787536
0.23812167,0.25397477
0.23153962,0.23959161
0.23023765,0.25203115
0.25441098,0.25984463
0.3014132,0.30189186
0.29838836,0.29654288
0.3038782,0.30971926
0.24751936,0.27463493
0.29568246,0.30552712
0.25465718,0.281681
0.2523093,0.26752365
0.19424623,0.20487289
0.31301445,0.31176996
0.306717,0.31264213
0.28768313,0.28390995
0.2263259,0.23080379
0.21351518,0.2162664
0.23519078,0.23968096
0.22436213,0.22808877
0.22557949,0.22641155
0.21476215,0.21704736
0.20570533,0.2392995
0.21378052,0.2508129
0.22048911,0.24540746
0.29151312,0.28888696
0.29070336,0.2965449
0.29262292,0.29409224
0.28977084,0.30110526
0.28390917,0.2817899
0.2823977,0.28388992
0.2528019,0.26721025
0.22779626,0.2684983
0.22041337,0.24057327
0.21668828,0.23793343
0.21209387,0.23439524
0.21384212,0.23671357
0.19781202,0.2257083
0.20545067,0.2311796
0.28843588,0.30743155
0.2767465,0.26768366
0.19494954,0.23837398
0.19084217,0.19538274
0.22783759,0.25220555
0.22858241,0.21722436
0.21579735,0.19975841
0.26099792,0.24883825
0.28107646,0.25785586
0.24775201,0.23885718
0.19746977,0.22007397
0.2583652,0.24359706
0.25635424,0.25382638
0.24343044,0.23564057
0.24690214,0.2405672
0.21263172,0.21600929
0.25915897,0.24437582
0.22133611,0.22650863
0.27475452,0.2756592
0.26430392,0.2795778
0.27798998,0.26895025
0.2736548,0.27316672
0.2261102,0.21392876
0.20439404,0.19673873
0.22125536,0.19932252
0.19393393,0.17495222
0.22376627,0.22649069
0.24539575,0.23390676
0.19572231,0.20424889
0.2102927,0.20932992
0.28109655,0.29351288
0.26828602,0.29801345
0.25873685,0.25521076
0.24653175,0.2590081
0.22084023,0.23998535
0.24511439,0.26111516
0.22756496,0.22504368
0.2198959,0.21577723
0.24530277,0.25442815
0.24921641,0.2582844
0.22806191,0.2509826
0.18829817,0.23241395
0.21846518,0.24057186
0.23878136,0.25013834
0.24125414,0.24061456
0.26838762,0.289369
0.28386754,0.2923491
0.19759041,0.19359602
0.2570575,0.25705823
0.29769152,0.30985802
0.27919796,0.29185665
0.2961286,0.32075334
0.27926892,0.31032652
0.25741956,0.2627263
0.24718255,0.26025403
0.32332024,0.32736003
0.30744663,0.31320038
0.27308038,0.27682674
0.26045027,0.2613058
0.255202,0.2481858
0.23657483,0.2293709
0.27755785,0.26553485
0.291775,0.2856143
0.25751182,0.2577469
0.2776386,0.2523089
0.29119325,0.2844698
0.31009898,0.30812
0.27535483,0.2707368
0.30581838,0.3101123
0.16796707,0.15801509
0.22616729,0.23610869
0.17468923,0.20159711
0.23783115,0.24885471
0.23454402,0.23527774
0.23043671,0.28697526
0.2596103,0.26184464
0.24498147,0.24825135
0.28755865,0.30673733
0.21718366,0.23222156
0.26836213,0.28187114
0.28153938,0.3003572
0.27752104,0.28361988
0.21828265,0.24313281
0.17803918,0.21234448
0.20557973,0.23729998
0.20163852,0.21979976
0.22112635,0.25946125
0.22228947,0.24084279
0.20972127,0.2384035
0.20320004,0.22072482
0.26511803,0.25613192
0.24882393,0.26447037
0.21886659,0.20093739
0.2186628,0.19993123
0.20301731,0.21007909
0.20807977,0.20972367
0.21897851,0.19913442
0.2260314,0.20568877
0.21246777,0.23785178
0.21894264,0.2429054
0.21784396,0.22482313
0.22352149,0.22576402
0.2106926,0.21960177
0.21265373,0.22667938
0.23514028,0.2379744
0.24161234,0.24406561
0.21400219,0.22539246
0.22311398,0.23595
0.22157127,0.22112966
0.22728392,0.22744653
0.2203476,0.23261154
0.22580168,0.23478514
0.19588904,0.21179566
0.20195596,0.2059589
0.20628953,0.21988684
0.21299489,0.21383002
0.24837095,0.24576348
0.25705686,0.25974137
0.27536932,0.28439662
0.19564874,0.2287555
0.22696587,0.2323445
0.15393995,0.18883938
0.19475754,0.22483271
0.17733327,0.21965374
0.24472283,0.23595539
0.24200124,0.23010907
0.25190932,0.2557388
0.24153765,0.24600053
0.21549103,0.22073543
0.20721394,0.21222922
0.2463069,0.2554185
0.23932576,0.24258414
0.30248806,0.31108952
0.26904285,0.29040146
0.2764364,0.3035701
0.2674439,0.301877
0.27056146,0.27696544
0.2741529,0.28425682
0.27151805,0.28796887
0.24642962,0.25292486
0.2710365,0.27170596
0.255489,0.25390422
0.28056479,0.28953493
0.22182183,0.23497154
0.20273322,0.21723904
0.22875479,0.25855076
0.19627781,0.2225042
0.23494887,0.24735981
0.26929453,0.2655667
0.19825274,0.1978983
0.21716818,0.20347929
0.21140382,0.20102023
0.2272331,0.21095626
0.23044607,0.2077671
0.22668687,0.23071122
0.27169096,0.26316094
0.1523135,0.18141711
0.16504909,0.19051513
0.19146554,0.19889067
0.21117732,0.2260469
0.16213304,0.18179299
0.2585919,0.25169507
0.2259021,0.23239727
0.22312623,0.20931636
0.22581814,0.25346422
0.2536297,0.26675537
0.23596391,0.24350171
0.2558868,0.25112075
0.25412053,0.28436098
0.29440898,0.3123104
0.23345041,0.23586793
0.21636009,0.24136508
0.21751846,0.23044544
0.22373942,0.2248611
0.28076774,0.29042757
0.2824865,0.30295748
0.22459652,0.21664032
0.22800896,0.22698164
0.26799208,0.28243986
0.2501908,0.27582327
0.2655874,0.2770058
0.28294536,0.29457548
0.26645687,0.28549096
0.2722369,0.28731406
0.2588285,0.2700225
0.24055049,0.27214754
0.27541515,0.27903247
0.25758004,0.28680533
0.24898681,0.2198476
0.24746546,0.24128829
0.20579833,0.19083942
0.2035317,0.20763886
0.2151036,0.20825061
0.21465224,0.22734265
0.26428458,0.25808573
0.19879791,0.21678726
0.20401806,0.2139744
0.17665929,0.19399019
0.19819306,0.21463737
0.23877111,0.25055903
0.22698294,0.25884604
0.2955326,0.29880345
0.20119584,0.19802886
0.2732417,0.2688592
0.2663419,0.2863439
0.26285625,0.26719975
0.2112928,0.22111599
0.18329372,0.22237542
0.19336243,0.22266616
0.15790634,0.1648935
0.14406022,0.13925715
0.31510624,0.33049515
0.28908166,0.3114977
0.16167416,0.18663034
0.2371073,0.2294497
0.24559224,0.25424725
0.20496355,0.22143239
0.18797287,0.19311509
0.19937313,0.17323028
0.21122363,0.22056213
0.18422602,0.15322757
0.19312897,0.19563784
0.19369426,0.18592633
0.2938054,0.30199403
0.21530034,0.23137331
0.2682174,0.2737736
0.21998331,0.2241363
0.25316858,0.26042283
0.23744594,0.25127998
0.20763172,0.23081957
0.2781551,0.29278898
0.2517634,0.2791877
0.2765502,0.29225814
0.24670744,0.27136344
0.2740546,0.29063305
0.25911653,0.27420747
0.22346093,0.23235135
0.2788427,0.27567452
0.21427047,0.22649828
0.22143379,0.19349135
0.27795705,0.2832865
0.16503972,0.2095599
0.16580959,0.18298858
0.25263202,0.28614652
0.26069105,0.26762983
0.20688522,0.212318
0.22850198,0.23739812
0.22998223,0.2577037
0.22597438,0.26416922
0.22241785,0.22500788
0.21234356,0.24357148
0.20764579,0.2215721
0.1988463,0.25348413
0.20595594,0.25144184
0.22159912,0.24065243
0.21708144,0.24915968
0.20654854,0.1944441
0.192553,0.20063044
0.20261668,0.21493179
0.19395024,0.2289826
0.21577391,0.22030745
0.20381074,0.23206496
0.20920557,0.21623771
0.2497403,0.24569875
0.2548519,0.26474613
0.25044245,0.2561122
0.20605673,0.22342207
0.24210556,0.23584841
0.2557171,0.25004733
0.243777,0.25501508
0.27295232,0.27295095
0.27687034,0.3048392
0.2979162,0.3060643
0.29761356,0.30030614
0.27191508,0.26730698
0.3052359,0.29175723
0.20231588,0.21929708
0.23057458,0.24912894
0.16712466,0.15292266
0.2182201,0.1859912
0.1578835,0.15081593
0.20914473,0.17453945
0.26326185,0.27086043
0.23410536,0.2088465
0.23346859,0.20169584
0.20978421,0.22717594
0.23260473,0.2439088
0.17324512,0.15134005
0.19567424,0.16448073
0.15871304,0.14992437
0.17573825,0.164972
0.27447993,0.2552982
0.28411394,0.27655852
0.14879426,0.13830142
0.19649243,0.16350766
0.16047451,0.18034226
0.2094584,0.20226511
0.18371558,0.20431495
0.19100788,0.19866
0.25149703,0.27278596
0.26566863,0.2682347
0.23075958,0.26706985
0.25028402,0.23404647
0.22857077,0.2480605
0.23036483,0.2500518
0.22214237,0.2088287
0.24483135,0.21797878
0.20926039,0.21804717
0.24049479,0.23023999
0.2077018,0.19723172
0.21640944,0.20562926
0.2064585,0.21429236
0.21845585,0.22029528
0.16683127,0.16679803
0.1571689,0.15087801
0.16225909,0.17216714
0.16662836,0.16706817
0.21134937,0.21129118
0.2087104,0.22559558
0.2683189,0.25712183
0.2797706,0.26728284
0.29645658,0.30355325
0.29258022,0.29497242
0.27256888,0.26473728
0.24515748,0.250324
0.28150436,0.28307846
0.25598124,0.2530918
0.24942803,0.24477799
0.2672201,0.26355624
0.26048073,0.2595488
0.26214492,0.2522298
0.2482581,0.23925132
0.241372,0.26202467
0.23746988,0.24240169
0.24886304,0.2547893
0.2624018,0.2773623
0.22625709,0.23125786
0.20527199,0.22145858
0.22476584,0.21463084
0.20863816,0.20991531
0.21752597,0.21581283
0.20613302,0.2180634
0.20705622,0.20461884
0.18705016,0.19972792
0.21100453,0.26348493
0.2197947,0.25189307
0.18229821,0.25585762
0.18688388,0.24450241
0.19497661,0.18236798
0.21107337,0.2351865
0.16998038,0.18546596
0.1874346,0.23356116
0.1857042,0.19997376
0.17816596,0.19898182
0.22308785,0.2355544
0.22002119,0.23445141
0.21613142,0.22835377
0.20969425,0.230138
0.19733672,0.19610909
0.20018303,0.21465331
0.204478,0.23370925
0.21631613,0.22759824
0.23920706,0.28826982
0.2595267,0.27912816
0.23090057,0.29334706
0.24852537,0.28103137
0.24082293,0.28208092
0.23176348,0.28650236
0.25796974,0.2968765
0.24858212,0.29931736
0.23729101,0.2262708
0.25071552,0.2795911
0.2558217,0.215017
0.2617502,0.2502348
0.22953252,0.2345222
0.25175563,0.25502774
0.22141463,0.22896038
0.22580665,0.2274555
0.2850098,0.3120017
0.26193276,0.26033598
0.27137545,0.2721204
0.25521475,0.2674386
0.2516863,0.25131133
0.256557,0.2649452
0.24394803,0.25902373
0.19552234,0.20203158
0.20875464,0.22611274
0.2136414,0.22297104
0.24989244,0.259342
0.25739712,0.26829872
0.1853847,0.15685017
0.22174062,0.17975836
0.21944158,0.220092
0.21437532,0.22286756
0.2352051,0.23449554
0.23754337,0.2472461
0.24515253,0.24451765
0.24378835,0.25139922
0.25128856,0.25553283
0.25801048,0.27543
0.22787201,0.2246322
0.24117568,0.26735505
0.24606842,0.26494753
0.25324363,0.26584458
0.23076066,0.2318972
0.23091272,0.25286233
0.24930494,0.25321394
0.24153465,0.25162435
0.16342475,0.17091697
0.15920681,0.1707642
0.17739259,0.17915156
0.2521913,0.24384063
0.2683526,0.2592005
0.25400102,0.28016558
0.24342099,0.25089514
0.22103684,0.2280997
0.2068454,0.19570808
0.23314583,0.2514764
0.22504626,0.22569878
0.25073418,0.26533982
0.27297258,0.27414802
0.24873208,0.2634335
0.2715906,0.27306032
0.25040936,0.2637774
0.27111727,0.27201927
0.26385546,0.2766561
0.25224346,0.26839238
0.2706644,0.2766346
0.23467113,0.26724738
0.26285926,0.26674068
0.25096273,0.26546723
0.27231354,0.27183223
0.21111555,0.23885138
0.22436409,0.24436249
0.21353444,0.21690372
0.25387067,0.2771775
0.27234757,0.28818905
0.2596005,0.27191663
0.2373375,0.25519407
0.27013004,0.27489156
0.24642353,0.24777813
0.15508455,0.1662592
0.17468503,0.19849719
0.19100921,0.1997233
0.2462821,0.2639589
0.19803841,0.24315456
0.20364814,0.21858817
0.182566,0.21494965
0.16886136,0.19090474
0.23956677,0.22897862
0.28872725,0.31291264
0.29903907,0.31979918
0.29589912,0.32246676
0.29275963,0.30610344
0.290479,0.32214913
0.2852944,0.2906025
0.29668975,0.29801515
0.29820603,0.30591193
0.28959394,0.28779787
0.28678045,0.30075592
0.275599,0.2747854
0.16175397,0.17323275
0.15616211,0.16693287
0.17304856,0.17686668
0.15287249,0.16108279
0.14813957,0.16061907
0.16747494,0.16831142
0.32215294,0.30666804
0.2985696,0.28523368
0.31774244,0.3239475
0.30977133,0.31756806
0.317904,0.32722712
0.19625917,0.19129267
0.21565467,0.24203393
0.28274053,0.27863076
0.28023818,0.27435723
0.2804789,0.28504336
0.28231415,0.2849565
0.27441564,0.27590156
0.27411973,0.27412555
0.28207546,0.27952722
0.28163552,0.27123863
0.24092896,0.2551017
0.2499628,0.2695033
0.23860212,0.2547151
0.24152827,0.2654292
0.2436109,0.23437032
0.25454858,0.24283177
0.24729735,0.24905664
0.25507164,0.25271666
0.23532246,0.2567984
0.22768964,0.23111174
0.24045609,0.229206
0.26381624,0.2811159
0.20619136,0.2009338
0.20032457,0.20940757
0.26121968,0.26040074
0.25326186,0.25171188
0.27481583,0.26618934
0.32235312,0.32316175
0.2888289,0.33474368
0.25011408,0.24992785
0.23067872,0.23633908
0.24792796,0.25019577
0.25526327,0.25958258
0.24132034,0.24861708
0.25692034,0.26232526
0.2619949,0.26974702
0.24593258,0.25837317
0.26002046,0.27034244
0.26447973,0.26563358
0.24901359,0.25349027
0.26434904,0.26886094
0.25843617,0.26013726
0.24123864,0.24812149
0.25546595,0.26076838
0.2923665,0.30319905
0.27035254,0.28043452
0.2795075,0.29648697
0.29001525,0.2967634
0.28279278,0.29450813
0.26684445,0.28294846
0.2798565,0.28125858
0.2653018,0.2913651
0.24096237,0.24407828
0.20405073,0.21572012
0.21699531,0.22604065
0.2078334,0.20413332
0.22320871,0.22645396
0.2502231,0.25331518
0.27927667,0.2812482
0.21052207,0.20160127
0.2501068,0.23676781
0.21256542,0.21209662
0.2582466,0.2639149
0.2165061,0.23549038
0.19365007,0.19194704
0.2026373,0.20225614
0.2634399,0.2844068
0.2599084,0.2650441
0.25632012,0.26647756
0.26008606,0.27688277
0.23643644,0.2382329
0.28128016,0.2905366
0.25427952,0.25756896
0.2856054,0.28976685
0.21924962,0.21556196
0.2651085,0.27186382
0.23046963,0.22585523
0.2751556,0.27549344
0.22376858,0.2273976
0.27001637,0.27428234
0.23058102,0.24608782
0.23596807,0.256207
0.21711978,0.2184086
0.23235577,0.22777894
0.22051072,0.2286152
0.1930653,0.19630577
0.23508531,0.22867066
0.16764985,0.1658861
0.21553287,0.20443895
0.155007,0.17270067
0.14416228,0.14077842
0.1511429,0.14976126
0.18938556,0.20255668
0.27109396,0.25787732
0.23730652,0.24531347
0.26494598,0.29245275
0.283106,0.3018893
0.25852945,0.2952808
0.27935162,0.30868596
0.25179955,0.26961502
0.25874314,0.26976967
0.1434562,0.1678609
0.15793245,0.19102183
0.2831607,0.2719635
0.3216983,0.32073492
0.23579656,0.2217904
0.23335302,0.21906105
0.25713348,0.27253535
0.21092781,0.23397322
0.21214724,0.22927423
0.20911013,0.2120014
0.2320369,0.25451228
0.20782515,0.2292718
0.17255376,0.18186523
0.27058572,0.2907957
0.24608517,0.26301733
0.21522236,0.25555933
0.2656272,0.2779444
0.2611379,0.28243488
0.2388323,0.27554938
0.27249795,0.28616044
0.20333609,0.22135995
0.21235622,0.2357214
0.26918554,0.27138245
0.2614138,0.25831288
0.2818386,0.28329763
0.21242239,0.25516188
0.1766947,0.21503739
0.17376372,0.23148352
0.19777969,0.2432008
0.24976139,0.2752351
0.26684728,0.288754
0.21999174,0.24787755
0.23546316,0.26037085
0.29012036,0.296191
0.2838537,0.29969382
0.28286597,0.28968284
0.26232404,0.26015884
0.35890424,0.3353322
0.32944638,0.32935756
0.23128484,0.23182352
0.21650374,0.22522038
0.23675734,0.2389379
0.22064558,0.23677438
0.1846867,0.20632656
0.20596318,0.22577213
0.19599777,0.22114421
0.20743093,0.21497777
0.19575474,0.20573369
0.19503953,0.20801657
0.21319489,0.21366906
0.20734099,0.21648933
0.21199831,0.21125129
0.20809628,0.21143371
0.2945645,0.2925397
0.28351438,0.28792885
0.21354672,0.22106257
0.29997158,0.29935932
0.2973713,0.29872593
0.30190244,0.29855004
0.29733276,0.3002709
0.2987932,0.29553726
0.29453033,0.29517263
0.2469481,0.26891494
0.25764585,0.26742125
0.16891056,0.19202968
0.17992342,0.1835452
0.2312621,0.24477574
0.226065,0.2251748
0.18855631,0.21154529
0.19758457,0.20849499
0.15925638,0.18775237
0.17686164,0.18654384
0.20961,0.21850161
0.18824977,0.18847547
0.2122362,0.2206944
0.20299807,0.24281451
0.27600038,0.2936547
0.19020322,0.18428302
0.19794026,0.18150127
0.24575233,0.26459587
0.23518124,0.2139282
0.20190454,0.20939888
0.10645927,0.13327149
0.20260885,0.20588496
0.1699079,0.20238404
0.2179636,0.23498696
0.14043726,0.16061284
0.21349849,0.22803552
0.25152028,0.26366183
0.15722379,0.19657744
0.16247177,0.1813482
0.18075624,0.2065454
0.24921271,0.25753644
0.25800726,0.26331332
0.2667132,0.27626312
0.20131236,0.23460138
0.2229386,0.24825156
0.16768534,0.21495381
0.1985442,0.2213799
0.20652115,0.23134305
0.2538889,0.21839793
0.22045666,0.2132067
0.24689633,0.23583844
0.22555733,0.2148071
0.20366779,0.2019552
0.20307997,0.21437244
0.18339218,0.20574911
0.19184309,0.21016225
0.22042283,0.23252773
0.21636246,0.22486588
0.21576416,0.21192071
0.20939296,0.21632591
0.25573304,0.25401732
0.26409245,0.2736733
0.2587424,0.2529179
0.28010827,0.28181314
0.19849557,0.21418115
0.22158629,0.2039011
0.25080928,0.26894495
0.25498638,0.26776245
0.2297492,0.2540681
0.24321899,0.25060788
0.25341916,0.28031394
0.26474434,0.27891928
0.21131583,0.20251669
0.2624544,0.26515013
0.26031208,0.26775998
0.27365458,0.27055514
0.26397446,0.26274785
0.26203707,0.26150197
0.22892086,0.23789665
0.20260006,0.21267326
0.2452254,0.25722665
0.21903165,0.24311656
0.26179025,0.2625063
0.23634294,0.2617442
0.25793707,0.26202157
0.27142408,0.2601478
0.26469052,0.25440395
0.27066168,0.26475725
0.2671884,0.27096388
0.27378148,0.2551598
0.2108512,0.20276159
0.23542547,0.24307814
0.19390382,0.20029284
0.24465811,0.24872486
0.3116739,0.30468214
0.25196022,0.25893885
0.24097694,0.24729526
0.18970072,0.18684246
0.18072097,0.18439646
0.19596824,0.18646166
0.19239306,0.21377094
0.16004042,0.19302279
0.173276,0.20243622
0.1750693,0.17790748
0.18630233,0.1810034
0.17591959,0.19083564
0.16228357,0.17949028
0.22213092,0.23665462
0.23432074,0.22577749
0.24253961,0.24353424
0.19065389,0.18823451
0.2382547,0.271624
0.25012845,0.23968749
0.19089201,0.21307614
0.1990242,0.24029066
0.16166751,0.16534168
0.25010082,0.27042344
0.25335193,0.24421665
0.2634067,0.27006978
0.25240564,0.25354546
0.2608798,0.26887172
0.29420066,0.30674753
0.23934671,0.2326868
0.25078732,0.24616538
0.2852705,0.287679
0.25092912,0.2433824
0.2611002,0.26077294
0.29430515,0.30069402
0.21874286,0.23515622
0.2460293,0.2488553
0.27091867,0.27318287
0.21910185,0.24969535
0.31905836,0.32381666
0.25786036,0.25296906
0.22825286,0.23551075
0.26156327,0.25973332
0.27041465,0.28584206
0.25140405,0.26589453
0.19670375,0.23317747
0.27604082,0.29221764
0.23923878,0.26708794
0.22443387,0.24248625
0.25931507,0.26670066
0.22802798,0.23125179
0.22848052,0.24062279
0.20143425,0.21256134
0.2258157,0.23191962
0.2308505,0.2334658
0.23206905,0.25153798
0.2420031,0.25233018
0.25514042,0.26411968
0.25906885,0.26951754
0.23433994,0.23762842
0.25311482,0.25191292
0.25305268,0.25573543
0.24466008,0.24855623
0.22904143,0.23904234
0.2542168,0.2505088
0.24876468,0.24492493
0.22966766,0.23671357
0.2304173,0.22215804
0.2271249,0.20732576
0.22099578,0.20249057
0.18705247,0.17611183
0.22722039,0.25163725
0.23213819,0.23415436
0.22883508,0.23384883
0.2361112,0.21649744
0.1579736,0.21422155
0.17978704,0.21030982
0.16756901,0.19918856
0.26861542,0.25317943
0.23804954,0.23996004
0.26168108,0.25230372
0.2522453,0.242241
0.2486099,0.24482489
0.25648278,0.2642978
0.28898513,0.3153246
0.22765417,0.24499358
0.23534206,0.2769829
0.2712029,0.27550417
0.26341167,0.2858476
0.23499598,0.26376358
0.22954239,0.22049782
0.21830873,0.21888798
0.19555965,0.19627148
0.2215997,0.250971
0.21713631,0.22772852
0.23641525,0.24353518
0.16913265,0.20417637
0.17497347,0.19844398
0.18805867,0.22227535
0.25580072,0.25511444
0.18970196,0.19874598
0.19590339,0.17507151
0.20637012,0.20564173
0.23359185,0.24268213
0.27070683,0.27101985
0.21333745,0.25456798
0.23030719,0.24643576
0.22298317,0.26207513
0.21526453,0.23887369
0.21309611,0.21021065
0.22144601,0.24268022
0.21861513,0.24585535
0.2245445,0.22242244
0.22662807,0.2522747
0.20917746,0.21911645
0.20347494,0.21405898
0.21990332,0.24690682
0.24876133,0.24553853
0.21496925,0.22808272
0.14410906,0.13634896
0.15898545,0.15155979
0.13838959,0.14530608
0.12830184,0.13103534
0.24791643,0.25506112
0.27236342,0.26195988
0.24708214,0.25231615
0.1911617,0.19552231
0.18458314,0.19739124
0.18641646,0.20506352
0.19243446,0.20895262
0.16274227,0.19395056
0.26530617,0.27620643
0.27081475,0.28170332
0.24804774,0.26687923
0.21104288,0.22746795
0.21637638,0.24043623
0.21327296,0.24623184
0.20415819,0.23543392
0.20700996,0.22834657
0.2633083,0.2539317
0.23733172,0.2457535
0.26579052,0.26370302
0.23953405,0.2530461
0.25727582,0.25428966
0.23251092,0.24764194
0.1596068,0.1550343
0.13579187,0.14082241
0.16241857,0.17204452
0.1389102,0.15544951
0.15710863,0.16165234
0.13709617,0.1463462
0.14965649,0.13732593
0.130086,0.12524554
0.29228702,0.3110054
0.29280734,0.31990844
0.25390595,0.3048975
0.23374957,0.25495172
0.25797817,0.27171007
0.25365427,0.26789555
0.21654361,0.22434473
0.19526471,0.21247016
0.212544,0.21538273
0.16011876,0.1597708
0.16237962,0.16593055
0.21758407,0.25378183
0.22360042,0.2518695
0.27119642,0.28537366
0.2706775,0.2864224
0.27402538,0.28251797
0.25680032,0.28182334
0.27038288,0.28526282
0.2667072,0.2544483
0.25584286,0.2525314
0.24763773,0.24969432
0.25386345,0.25712562
0.24782148,0.25250345
0.27921566,0.25496498
0.26783702,0.25550532
0.27068448,0.26465788
0.2627155,0.2546336
0.26214576,0.25371554
0.18612938,0.19189356
0.22809649,0.2583598
0.27263904,0.28147614
0.22113687,0.21752378
0.21553679,0.2248742
0.25961396,0.26826382
0.2410383,0.2371047
0.27072904,0.283453
0.2799753,0.276415
0.25476652,0.26912382
0.2616688,0.27731928
0.2253698,0.22433136
0.2346708,0.23314777
0.25335166,0.27335858
0.26570848,0.28042778
0.264202,0.27336884
0.27794152,0.2823005
0.17944798,0.21255025
0.21999452,0.21844622
0.18058087,0.21347645
0.23641622,0.24189651
0.14593726,0.16671862
0.22717704,0.22408272
0.23052646,0.22124782
0.21221039,0.21433727
0.21946034,0.22353049
0.19242576,0.20204476
0.22688068,0.20861113
0.19899453,0.21923648
0.23619762,0.22948097
0.24249515,0.24481072
0.20707908,0.22276282
0.23348755,0.23094818
0.20126607,0.226203
0.2589631,0.24555974
0.22608095,0.21697842
0.18354653,0.17315632
0.24588971,0.25427324
0.24958159,0.26217115
0.24352747,0.25599232
0.24785137,0.26363912
0.25549507,0.2659666
0.25623614,0.2830925
0.25464875,0.26329154
0.21838632,0.24193737
0.2213289,0.24015808
0.2253388,0.25131255
0.21534175,0.23659447
0.19815889,0.19350404
0.18369497,0.17529546
0.1972426,0.19746599
0.17941533,0.17344198
0.2328607,0.27007526
0.25391078,0.26164693
0.25456616,0.26927274
0.22849175,0.24775153
0.23677543,0.25324196
0.25892687,0.27133176
0.25573346,0.27480114
0.22741291,0.21941559
0.22441286,0.23583049
0.23404354,0.22852898
0.27000928,0.28542805
0.16439088,0.11979067
0.16387226,0.13553305
0.1810841,0.17744122
0.17600514,0.17611715
0.18382865,0.19683278
0.29429314,0.29561394
0.19639987,0.21367294
0.18748899,0.20009549
0.23692495,0.24949719
0.28587383,0.2973756
0.29649326,0.3083012
0.267257,0.26595956
0.27063528,0.2787606
0.23665227,0.24804181
0.22813018,0.22952461
0.20728987,0.227782
0.22185113,0.2413041
0.20141818,0.19759697
0.19790961,0.18647137
0.20052773,0.20305474
0.21793291,0.21058446
0.22641797,0.19904149
0.20182166,0.2034471
0.21976593,0.21082729
0.19683936,0.22178021
0.20036922,0.21385863
0.18426093,0.21810877
0.19973558,0.22022568
0.22266263,0.22266668
0.2399627,0.22526231
0.2176019,0.22544602
0.2325933,0.2298058
0.15886611,0.14205234
0.16381145,0.15852049
0.16837373,0.1680183
0.21210706,0.21444397
0.22961514,0.2293678
0.2170188,0.23134689
0.23003949,0.22975704
0.17553712,0.20320079
0.19710384,0.19919285
0.17851853,0.19063987
0.19373444,0.19598956
0.18603069,0.1860697
0.2649014,0.26934043
0.24455549,0.25145286
0.29035658,0.3127124
0.24107563,0.27041665
0.33769274,0.3613183
0.30158374,0.29665872
0.2712292,0.28221306
0.28537068,0.30795795
0.2050573,0.20884266
0.2967692,0.28297797
0.29141667,0.29227558
0.18125387,0.17154361
0.2114216,0.2118739
0.3044046,0.2929659
0.25913474,0.25989932
0.25129384,0.25487366
0.2721466,0.28656256
0.3485433,0.347127
0.2940354,0.32581806
0.2979576,0.33162215
0.25428367,0.2923919
0.26715893,0.30418792
0.20389852,0.21269114
0.220703,0.21652639
0.22083119,0.22537863
0.2047287,0.21512419
0.18502995,0.1824619
0.1984869,0.21776697
0.24100468,0.2467025
0.22846541,0.24796307
0.20620136,0.2431354
0.24002203,0.2354697
0.22223596,0.22939084
0.24910505,0.26177722
0.2368837,0.2597532
0.20857875,0.26420727
0.21834576,0.27318597
0.20763028,0.24165368
0.21512239,0.24277148
0.22995855,0.25514674
0.21385244,0.22104257
0.22269383,0.26746178
0.23952608,0.28495523
0.21898872,0.24690482
0.17357898,0.20307513
0.19230777,0.2072172
0.17258537,0.1792373
0.16886878,0.18772991
0.18872681,0.19345379
0.16545507,0.16220373
0.20879698,0.2255173
0.21279983,0.22320205
0.23961262,0.22815219
0.27613956,0.2967575
0.23868972,0.21227503
0.2249391,0.21738167
0.21151805,0.22448888
0.21551332,0.21476369
0.19531563,0.2016188
0.1865083,0.21283662
0.16409801,0.15192384
0.17127475,0.16564591
0.2906158,0.3206986
0.33618885,0.36322516
0.25274372,0.31539077
0.25771874,0.27104092
0.29600012,0.31186798
0.23373139,0.27304965
0.2899058,0.27562204
0.28526437,0.2785685
0.1733507,0.18728933
0.22205319,0.21785307
0.18899782,0.19333296
0.23050112,0.22113647
0.15300362,0.15448637
0.19088723,0.18985167
0.20800526,0.24275607
0.23667324,0.27806717
0.21997301,0.26438847
0.22565654,0.26526958
0.22970463,0.24618685
0.24179259,0.2600654
0.25445846,0.25046092
0.19728974,0.21009724
0.21858136,0.21469194
0.19226265,0.18948558
0.20159061,0.1969863
0.25018072,0.2698264
0.23735808,0.26276332
0.2522878,0.2714265
0.24521187,0.26029757
0.23284927,0.25636023
0.24557811,0.26018113
0.25818267,0.26351538
0.24136877,0.2582823
0.255521,0.26461977
0.25365472,0.27191186
0.24346761,0.26206863
0.2598082,0.27106366
0.25141564,0.2674466
0.32154262,0.33747604
0.24166475,0.2555411
0.22241473,0.22399071
0.17263609,0.18614483
0.21113709,0.23256983
0.16038808,0.17233172
0.16750295,0.16910963
0.17435619,0.16973525
0.2513213,0.2554459
0.24307191,0.2470805
0.24723025,0.24827972
0.25735292,0.27026027
0.25677648,0.25868636
0.27084363,0.25884193
0.26837426,0.26258117
0.26959354,0.26655924
0.21795076,0.23184857
0.2392945,0.24674952
0.26536125,0.28608418
0.26493075,0.29044828
0.23038441,0.24159126
0.24258071,0.24218525
0.25252217,0.25102597
0.29329497,0.28266987
0.291685,0.279248
0.234285,0.23854269
0.28725955,0.28095555
0.28143963,0.27757624
0.26546746,0.27655312
0.28813514,0.28019917
0.2573557,0.24815184
0.25458112,0.24555367
0.25639793,0.26037812
0.17349525,0.22002551
0.12902333,0.16183461
0.13798122,0.17243634
0.2085565,0.23848084
0.22536556,0.24024971
0.20953481,0.23156625
0.23209393,0.22466841
0.25439152,0.2716452
0.24907738,0.25091046
0.22637695,0.21566135
0.26966196,0.28222623
0.28379017,0.30318215
0.27875966,0.29744542
0.22479823,0.23749639
0.2371763,0.25587687
0.2227572,0.24747783
0.22644365,0.26012728
0.22526988,0.24437776
0.2287282,0.25648594
0.25037175,0.2449521
0.3116473,0.30065602
0.2852902,0.27537382
0.2053497,0.21915808
0.2698424,0.27156806
0.27088127,0.26662397
0.13445252,0.13282634
0.23097064,0.22804841
0.25331834,0.24087055
0.29931566,0.28966784
0.23485327,0.2445251
0.22409156,0.2372309
0.16434178,0.1915035
0.17616566,0.19575489
0.20984086,0.20892566
0.22490665,0.22528215
0.23115474,0.2663019
0.23785257,0.25599694
0.23938686,0.25484255
0.24939242,0.2595367
0.27671772,0.2668505
0.24507563,0.22668357
0.24291933,0.2377448
0.2213674,0.22030964
0.273069,0.29210532
0.2491937,0.24343795
0.25623116,0.25937194
0.25064296,0.26144075
0.22953647,0.23045781
0.20962335,0.21457274
0.22155713,0.2509913
0.18726702,0.20040825
0.19540116,0.19554162
0.2539792,0.2651559
0.2509311,0.2600784
0.20725739,0.21063045
0.24008803,0.22791879
0.22472657,0.24430087
0.15806791,0.18781988
0.24134319,0.27810472
0.25211987,0.2825526
0.21617839,0.22253786
0.21120213,0.21263635
0.23678373,0.23805563
0.26276845,0.2592301
0.20556027,0.23575202
0.25078902,0.26988113
0.21007796,0.24265662
0.2272262,0.25623494
0.22772199,0.27073878
0.28201577,0.28242183
0.24839342,0.25586152
0.28179154,0.2812653
0.28574058,0.2930485
0.31556112,0.3199371
0.28327566,0.3021499
0.28932703,0.3016682
0.2934745,0.3086473
0.29919052,0.30456567
0.2724588,0.2894224
0.29473212,0.30675682
0.29470432,0.31012344
0.15649632,0.14554538
0.20806725,0.20189092
0.2163781,0.19612072
0.21373823,0.21732396
0.20598093,0.20641756
0.23433977,0.23892796
0.24586472,0.266338
0.23685539,0.2530437
0.25196585,0.24738121
0.22711265,0.24660073
0.21523382,0.22166745
0.28774995,0.3044704
0.29376268,0.29021376
0.20559952,0.25112388
0.16768776,0.16395323
0.15787944,0.18966718
0.2263973,0.22241215
0.20755336,0.20177904
0.22327754,0.21641658
0.2331239,0.24875271
0.20423813,0.23667495
0.21630505,0.2412464
0.24611023,0.26368293
0.25756788,0.26663995
0.25669193,0.26958644
0.23116757,0.23982416
0.17886911,0.17525594
0.17691594,0.17303336
0.16670305,0.16390134
0.20536608,0.1981614
0.18452972,0.1863272
0.15848656,0.16421646
0.18259846,0.18206361
0.1634213,0.18057711
0.15204461,0.14503847
0.17708471,0.1653069
0.15986845,0.16612615
0.27171874,0.2770951
0.2768362,0.29200992
0.27408195,0.28138125
0.1818435,0.17065103
0.19505304,0.18263194
0.17821187,0.17842759
0.26793498,0.28316438
0.21267618,0.20871341
0.19709451,0.18263416
0.2103885,0.19339746
0.23289856,0.23738328
0.24884596,0.2624058
0.2623921,0.28001297
0.2119917,0.22214891
0.21910441,0.22856349
0.22197703,0.22413808
0.22892003,0.22366461
0.22223225,0.24805585
0.23213845,0.24961498
0.23186578,0.23724627
0.21526374,0.21155636
0.22436832,0.22969691
0.22874784,0.23580511
0.23642473,0.23348874
0.1912171,0.20859984
0.18919076,0.20406882
0.19305494,0.20941442
0.188255,0.20191048
0.1900128,0.19392768
0.17915267,0.19805193
0.16706917,0.20646113
0.15575787,0.18953705
0.20223372,0.2315099
0.19331115,0.21718164
0.20245956,0.24308673
0.20201771,0.2344315
0.21726504,0.25052726
0.2178628,0.2384674
0.17519969,0.18407582
0.18168956,0.18598238
0.2310789,0.23692411
0.24175106,0.24155504
0.16111052,0.201127
0.19918627,0.20967829
0.17655934,0.17672493
0.23159312,0.26570177
0.1859062,0.19520721
0.25708553,0.27535406
0.23181461,0.2216709
0.25008017,0.22417444
0.21067026,0.22037578
0.2270115,0.24986264
0.22525714,0.24660599
0.17241317,0.20215487
0.23103163,0.24868585
0.13668086,0.17611012
0.13839516,0.14540988
0.14261602,0.18907306
0.17500944,0.17654589
0.1585026,0.16238096
0.17774262,0.21025625
0.14242214,0.14919828
0.14815484,0.19538577
0.13916352,0.16266908
0.2022465,0.20861678
0.20943438,0.22693035
0.19188607,0.20048262
0.21927947,0.22685313
0.22458199,0.2440253
0.20545276,0.21700828
0.26554108,0.27435562
0.25575888,0.2750188
0.28352684,0.3021335
0.27467003,0.2774872
0.26206636,0.2804203
0.2950042,0.30962494
0.2743324,0.28038865
0.26154453,0.27977324
0.29301134,0.31201518
0.28731126,0.3003481
0.2573343,0.3074212
0.2459853,0.29384726
0.2515049,0.27988967
0.25136167,0.28702313
0.19971254,0.2471919
0.22098556,0.25057334
0.20154193,0.23959541
0.21425267,0.23818834
0.244468,0.26094767
0.2529531,0.2626253
0.23136747,0.22341323
0.17594685,0.19629815
0.21159844,0.22389862
0.16146608,0.18300118
0.22743317,0.21236143
0.16150428,0.16674471
0.225978,0.23380661
0.18125795,0.21244775
0.19182684,0.18906619
0.18364131,0.18505909
0.2800702,0.29683867
0.21993536,0.26970842
0.25095367,0.25360233
0.25609994,0.24243106
0.2595755,0.24825555
0.2694008,0.25885352
0.23166743,0.24361885
0.15826239,0.14575028
0.22820091,0.2326389
0.24133962,0.24026689
0.29904157,0.28825232
0.27882496,0.26953295
0.2700728,0.26834968
0.13596353,0.15448745
0.1473932,0.17215988
0.26746255,0.26214153
0.21878079,0.23129046
0.21738929,0.23165444
0.26050326,0.25663728
0.22863369,0.22086585
0.22670826,0.21313356
0.26850343,0.2735952
0.24756032,0.24452594
0.2429756,0.23469907
0.17917731,0.23438603
0.19843476,0.2627769
0.21561119,0.2465695
0.2139804,0.24275425
0.2102442,0.23668396
0.2217935,0.2417642
0.18964559,0.19454
0.21221249,0.22419114
0.20883217,0.2141297
0.21126057,0.20868818
0.20286801,0.20595036
0.2070278,0.21305938
0.16974236,0.19566023
0.19044128,0.22270395
0.2013645,0.21235234
0.19925845,0.21001606
0.19935693,0.20349869
0.1996319,0.20588547
0.20781839,0.22654992
0.22773005,0.24249387
0.17923005,0.20165244
0.1880451,0.20691556
0.20441142,0.21151596
0.21030584,0.21363771
0.26452917,0.27473515
0.27964815,0.2968208
0.28142852,0.2931552
0.30084357,0.31492347
0.25951886,0.26544484
0.2778169,0.2884776
0.2664063,0.28322172
0.2823534,0.3022504
0.2618415,0.27302063
0.27850705,0.2930141
0.27007678,0.27261397
0.2891813,0.29764706
0.18862914,0.20112497
0.17914775,0.20619772
0.18777291,0.20938626
0.14414512,0.15828335
0.14294903,0.15635987
0.19571033,0.2297179
0.1815229,0.21353304
0.19828632,0.23148115
0.24842018,0.25465345
0.26036078,0.25992918
0.22693178,0.26660633
0.21969816,0.25763193
0.24263567,0.28324205
0.2394927,0.28647327
0.25919995,0.26046824
0.23361611,0.26351666
0.23552495,0.24577035
0.23533517,0.2597007
0.24918963,0.26201698
0.19964987,0.25247514
0.19764285,0.25717664
0.19481921,0.2552885
0.20887929,0.22462668
0.17042239,0.17424068
0.19816303,0.19374487
0.1617563,0.16252081
0.18309532,0.18338525
0.16852632,0.1682649
0.19241934,0.18766941
0.18585354,0.20000413
0.19329809,0.19784538
0.19396597,0.1903641
0.19060262,0.19218028
0.18713845,0.19040783
0.19026086,0.19325534
0.24091041,0.24810395
0.2524734,0.25583845
0.24192183,0.23679765
0.2391597,0.23809871
0.24832445,0.25549316
0.25075087,0.23765084
0.23595013,0.21995935
0.23776273,0.2348353
0.23664436,0.2193627
0.22892377,0.22962518
0.22346261,0.2402518
0.22901863,0.23097686
0.25848508,0.25942677
0.2346141,0.25878957
0.25490418,0.24057333
0.22909838,0.23780519
0.25260803,0.24695596
0.22923219,0.24368484
0.1804402,0.19074667
0.23226413,0.24293342
0.23049518,0.24257
0.22461274,0.22415185
0.21624294,0.21858498
0.24607821,0.2382735
0.23892586,0.23424298
0.1754726,0.15818161
0.19075204,0.17224568
0.2637623,0.2641253
0.2736696,0.2608564
0.2876468,0.2626896
0.28736794,0.2617865
0.27677107,0.27597106
0.27564162,0.27141494
0.19922592,0.19732594
0.179484,0.20101696
0.19977066,0.1813193
0.22137225,0.21904072
0.22164609,0.21637419
0.30911922,0.30574238
0.30243856,0.3033994
0.30759612,0.31219548
0.30155236,0.31129998
0.3089082,0.2862811
0.303353,0.2816794
0.22936589,0.23004015
0.22593038,0.24377605
0.26538727,0.2780092
0.23407632,0.23290926
0.21102935,0.21476686
0.2922276,0.30081767
0.31353074,0.3247061
0.15497941,0.15955733
0.14546745,0.14847939
0.15991923,0.16488124
0.14980504,0.14716114
0.21179499,0.22390175
0.19600171,0.20893364
0.16208147,0.18681964
0.20792022,0.24689591
0.18513009,0.22265795
0.20336486,0.24239369
0.2261051,0.23104575
0.22970673,0.22026998
0.23213825,0.22284986
0.23206991,0.23666875
0.14880706,0.13742003
0.22125031,0.2111517
0.21788272,0.18868448
0.20719796,0.20623705
0.23111862,0.2211093
0.18534859,0.19976343
0.2327884,0.22364224
0.18134497,0.1914842
0.23641565,0.24535881
0.24509583,0.26527148
0.2031425,0.22931746
0.17348912,0.20377226
0.20072941,0.21949536
0.25282726,0.25756523
0.19151017,0.19456598
0.20841622,0.22575404
0.24334691,0.23404822
0.21516937,0.22639447
0.23235175,0.24180707
0.22924677,0.2335047
0.27215543,0.26891965
0.166766,0.17880452
0.23447686,0.23430583
0.22253546,0.22365847
0.16267002,0.20070957
0.1637098,0.20204942
0.16968192,0.18371966
0.23876867,0.2616847
0.22483966,0.2512755
0.22995885,0.23595217
0.24244663,0.25455216
0.22120184,0.23155876
0.2519356,0.26528472
0.22554325,0.23640054
0.27172622,0.2834729
0.26448584,0.27816826
0.27270153,0.26422435
0.26085597,0.25267702
0.2699193,0.2711755
0.25485545,0.25886434
0.28228188,0.2694932
0.2698582,0.2626741
0.28239366,0.27498925
0.2823459,0.27408034
0.27856112,0.27178586
0.2654791,0.26303044
0.18788177,0.19281088
0.18532056,0.19461086
0.25707242,0.27172542
0.25146863,0.2677611
0.29230046,0.31576532
0.26932156,0.3144065
0.1962732,0.22454001
0.20688629,0.22432591
0.21778029,0.23339951
0.22931871,0.23207831
0.20293935,0.20186956
0.23603323,0.23288643
0.19210401,0.1727893
0.21250524,0.20012945
0.17668797,0.16315992
0.18164635,0.18875651
0.19531897,0.22441216
0.19410428,0.23047367
0.17182204,0.18983068
0.18891479,0.20710444
0.12774831,0.18681464
0.16166206,0.20041822
0.19251123,0.20263696
0.1743831,0.1695248
0.15820214,0.14699104
0.18153253,0.23003101
0.21132104,0.23200855
0.27031532,0.28640872
0.27684313,0.28200734
0.2760669,0.28940457
0.28234333,0.2855307
0.26474684,0.2544839
0.27447116,0.26463065
0.26760232,0.26891825
0.22899517,0.23757291
0.21796665,0.24648485
0.23157498,0.25148705
0.26396334,0.31427607
0.24024928,0.23800339
0.25037086,0.24111184
0.2895368,0.29782748
0.17639726,0.19294545
0.2436713,0.2525523
0.23679875,0.23131382
0.22376522,0.214104
0.20323387,0.24455528
0.20224075,0.22540668
0.24568845,0.20947316
0.1996366,0.23054612
0.233753,0.24906835
0.22275032,0.24765225
0.2469532,0.25624216
0.24616645,0.2549597
0.2570035,0.24210379
0.24415784,0.2376775
0.23259422,0.23959489
0.2646674,0.29538363
0.23951815,0.25980183
0.21190156,0.24233687
0.2450848,0.2593168
0.22541758,0.24370012
0.22025031,0.23945434
0.22033274,0.22907832
0.22592711,0.21966119
0.22807273,0.2058006
0.16871189,0.21517248
0.24134706,0.25566462
0.26452208,0.26245338
0.22208582,0.23850365
0.24851327,0.24781573
0.26452208,0.26245338
0.29313338,0.30392864
0.3101399,0.3038854
0.29864427,0.30415046
0.3111605,0.3016469
0.30384138,0.3013613
0.3054118,0.30200535
0.2266653,0.24225698
0.23745254,0.2406077
0.23853803,0.24658713
0.19956075,0.21280107
0.20233133,0.21215355
0.2474047,0.24728134
0.26279166,0.2631573
0.22173004,0.21927361
0.23391968,0.23213983
0.14495079,0.1635402
0.12540373,0.13029392
0.17732964,0.17013934
0.16955064,0.15623963
0.27397713,0.29462987
0.27199692,0.3156219
0.29070476,0.30059838
0.2857325,0.32124105
0.19483654,0.19386941
0.19975945,0.20217958
0.19862549,0.22745007
0.23699272,0.25022063
0.20135085,0.23057766
0.2104469,0.2390163
0.24408984,0.25560516
0.21032414,0.23804715
0.17431687,0.20886026
0.18784675,0.21331806
0.22078392,0.23634076
0.23886932,0.24135792
0.2140899,0.235187
0.24634041,0.26881325
0.26443693,0.27045995
0.2416232,0.2682602
0.13555616,0.14420004
0.15439352,0.16360165
0.13227507,0.15221733
0.23225328,0.24236192
0.22049794,0.23512998
0.23094234,0.23543948
0.2421262,0.2649643
0.24555151,0.27268368
0.26056463,0.26541126
0.27025896,0.27520648
0.20372264,0.20895864
0.20743592,0.23076034
0.20880169,0.21451636
0.18491155,0.19106331
0.19419488,0.2151126
0.19055437,0.19467641
0.1783143,0.18249969
0.18917176,0.20493782
0.1963593,0.19188853
0.17782314,0.17964873
0.1860835,0.1648155
0.17867179,0.17146617
0.19539365,0.21223184
0.20698833,0.21792279
0.21056733,0.21462664
0.18006311,0.20144418
0.1783033,0.19970644
0.23232254,0.2391237
0.22695953,0.23098819
0.26331422,0.24786142
0.24764594,0.22225182
0.16925535,0.17767192
0.27916533,0.2803818
0.2784481,0.28421497
0.285968,0.28295627
0.28690165,0.28903043
0.2708505,0.27549344
0.29471827,0.2859873
0.28150272,0.2800151
0.30356282,0.29485884
0.19169803,0.20101553
0.24075717,0.24560426
0.25525004,0.2522021
0.22642684,0.21170521
0.20040917,0.19393474
0.2559138,0.2553232
0.26893434,0.26431477
0.29678345,0.3034124
0.31135923,0.31402218
0.29482114,0.31499788
0.31464767,0.32039702
0.27502897,0.28265098
0.27701664,0.27468613
0.27802655,0.2879676
0.28093934,0.27984437
0.24331239,0.24599135
0.2054732,0.21218236
0.25232306,0.24879879
0.23295903,0.21465375
0.15759148,0.14262687
0.13888793,0.13786097
0.1508617,0.16669148
0.13375214,0.16433421
0.29974365,0.30975655
0.3010297,0.30102378
0.19263832,0.19548519
0.20066606,0.20055516
0.18905179,0.20679703
0.18121216,0.17713949
0.15244378,0.16014618
0.15367663,0.17072497
0.15448144,0.1730264
0.23343697,0.26477122
0.24604133,0.26422584
0.25760868,0.25643748
0.24406546,0.27592307
0.21877024,0.24271704
0.24576972,0.25600785
0.25502098,0.2558429
0.24732766,0.2685396
0.2186753,0.23452042
0.25081253,0.25413916
0.26567575,0.25191435
0.24362853,0.25861764
0.2205219,0.22928402
0.2324368,0.27341318
0.22049542,0.23372304
0.2279858,0.24485517
0.21906546,0.25204995
0.19089867,0.20496318
0.19142246,0.20955017
0.18800637,0.19752643
0.1536627,0.14394239
0.14637765,0.15342587
0.28417796,0.31489202
0.28557152,0.28480524
0.28487375,0.29336643
0.22948426,0.2617971
0.20221207,0.21140409
0.20412251,0.22848849
0.2139502,0.25079894
0.19875202,0.22001892
0.21587016,0.23678334
0.2417689,0.24273668
0.20019735,0.1926692
0.20122105,0.20942196
0.20658536,0.22218218
0.17508158,0.16895188
0.17939737,0.18004301
0.24207233,0.2418966
0.19811025,0.19737092
0.21380684,0.22054094
0.22911476,0.22536822
0.19042596,0.1941194
0.17851794,0.18337817
0.22695512,0.2306633
0.2531984,0.28524795
0.19457969,0.21043336
0.19367725,0.20201036
0.21625994,0.22674152
0.25029588,0.2878363
0.25277606,0.2850045
0.22580591,0.26631853
0.21995953,0.24159266
0.23933451,0.27865976
0.21099979,0.2345012
0.21373199,0.25797915
0.19564132,0.2274555
0.16935842,0.21053708
0.12969986,0.15204634
0.25151637,0.24387221
0.21708772,0.21475862
0.21096751,0.22619358
0.17713344,0.18402144
0.24256694,0.2374012
0.20611025,0.20874928
0.23394927,0.25305814
0.23154078,0.2340923
0.15642166,0.176188
0.23256515,0.24020508
0.20323844,0.21163365
0.18639284,0.21390504
0.17543615,0.19501954
0.24514583,0.27087364
0.21914384,0.2576411
0.15443027,0.1875361
0.22840357,0.233728
0.17796439,0.20058638
0.25575364,0.2596603
0.16778935,0.18058053
0.17162149,0.17423484
0.074265584,0.10271643
0.17318216,0.17138422
0.13955358,0.14696068
0.15477295,0.16747984
0.2302028,0.2403168
0.24089596,0.26036465
0.23393483,0.25168073
0.17797795,0.18438822
0.21751523,0.23998854
0.20275404,0.2008172
0.23384076,0.2679275
0.16735767,0.16665275
0.21050666,0.19229136
0.18426354,0.20297599
0.1871095,0.16566633
0.21636827,0.20840278
0.18479228,0.17909943
0.17479827,0.1818178
0.2610815,0.25102764
0.23627342,0.23277457
0.21256644,0.24028468
0.20169708,0.2292765
0.20940612,0.22230157
0.21796712,0.22735044
0.22421397,0.24256113
0.26367128,0.25062776
0.26839557,0.26644304
0.28087434,0.2644683
0.22348127,0.22559093
0.22260992,0.19467215
0.27881122,0.29584357
0.28563002,0.29958266
0.25436863,0.2691543
0.28717035,0.29893062
0.21850431,0.24176694
0.24351606,0.24731658
0.24921283,0.25268972
0.26255405,0.27042747
0.25949562,0.26680243
0.2401493,0.22514941
0.1949865,0.18727133
0.27030012,0.2725637
0.25840995,0.26530695
0.29562283,0.29775006
0.27283382,0.28238302
0.17202868,0.1863556
0.18552676,0.22594586
0.1847157,0.21729803
0.20443487,0.24174637
0.19656971,0.21948496
0.23675142,0.2584569
0.23761512,0.24840352
0.22887369,0.2452541
0.24846381,0.2552697
0.2233495,0.25351676
0.22111982,0.23958294
0.21371564,0.23845899
0.2397297,0.24600053
0.23094344,0.24872331
0.23010644,0.23580942
0.22391969,0.2385203
0.24378142,0.25224262
0.24127111,0.25581384
0.23319624,0.24619442
0.23776843,0.24449626
0.23887317,0.25546187
0.24610522,0.25149047
0.24153326,0.26252103
0.23846652,0.24254586
0.23728207,0.24813007
0.22919431,0.24058256
0.22631113,0.24644679
0.25531667,0.24035218
0.25987327,0.25759944
0.24271482,0.23921846
0.24610522,0.25149047
0.24153326,0.26252103
0.23442078,0.22788957
0.23846652,0.24254586
0.23728207,0.24813007
0.22363943,0.22683059
0.22919431,0.24058256
0.22631113,0.24644679
0.24776617,0.22401717
0.25531667,0.24035218
0.25987327,0.25759944
0.19618814,0.20790234
0.20503798,0.23539641
0.221591,0.23277622
0.24118926,0.24323925
0.25187117,0.24803105
0.23263492,0.2412419
0.22763929,0.24863757
0.24250925,0.24901238
0.25864702,0.24857607
0.15277573,0.1691081
0.18572982,0.20068157
0.2679374,0.26549295
0.26719892,0.26340994
0.2664417,0.26503363
0.26759005,0.26114994
0.19086197,0.21129431
0.25398672,0.25413242
0.2908162,0.28210044
0.26759276,0.27930865
0.29857725,0.2772511
0.28312203,0.2723446
0.22535105,0.20616762
0.22251837,0.20527215
0.22366707,0.20562151
0.22632615,0.20297462
0.2379053,0.24507752
0.22640264,0.24096993
0.23419316,0.24310344
0.2383082,0.24021915
0.25609303,0.28456533
0.22364695,0.2328588
0.2165339,0.22264783
0.21867855,0.22029078
0.21023734,0.21560968
0.21006691,0.2116813
0.2097078,0.20856485
0.22014193,0.22390863
0.21168536,0.21599588
0.16941634,0.18469298
0.17754355,0.17693502
0.19906929,0.20729049
0.23991758,0.24168147
0.1970316,0.20615871
0.21175943,0.20909789
0.20798379,0.20696665
0.22015458,0.22258422
0.18592863,0.19392458
0.18264848,0.188647
0.25636294,0.25447088
0.2409787,0.26091552
0.22979465,0.2210766
0.22277528,0.2178307
0.19413866,0.17948353
0.1939573,0.1908134
0.17377022,0.18531005
0.242463,0.24208993
0.27928683,0.27149022
0.2039051,0.21209317
0.27353087,0.27816612
0.26371998,0.26069683
0.2960819,0.29411784
0.28345102,0.28538293
0.29149473,0.3163867
0.16746354,0.16532142
0.14306544,0.143251
0.21598975,0.20892368
0.20212834,0.22791594
0.233785,0.23096615
0.22983424,0.22590561
0.23692931,0.24365385
0.19772148,0.19341418
0.27140057,0.27938032
0.19794253,0.20168006
0.20394056,0.20629899
0.19491923,0.21223493
0.20195392,0.21378882
0.25373176,0.26156703
0.24721947,0.26335987
0.13784881,0.16006368
0.17010123,0.16380094
0.2708915,0.2988218
0.2994893,0.30223167
0.3337149,0.31154606
0.23881657,0.23587239
0.23519763,0.23416153
0.22104478,0.21014714
0.23326226,0.2302183
0.24229157,0.24076158
0.24221,0.22874647
0.29293925,0.32389116
0.3189045,0.32404172
0.27409345,0.28586435
0.26141906,0.2884425
0.29289013,0.310224
0.26523298,0.29610702
0.27480328,0.30082065
0.26198202,0.30297542
0.25045693,0.26541686
0.24873918,0.25772637
0.2551795,0.26028728
0.24896371,0.25076598
0.21078224,0.2161174
0.21669632,0.22433946
0.1950925,0.19797763
0.19272384,0.20878637
0.19537883,0.20414309
0.19234233,0.20024042
0.19237712,0.20794973
0.1936192,0.20238192
0.2374434,0.22539848
0.23681319,0.23105022
0.23233265,0.23590046
0.19650705,0.22070403
0.208113,0.21641059
0.2627912,0.27352127
0.23495172,0.26237184
0.25076059,0.26118284
0.19870062,0.20916799
0.21446218,0.22713187
0.2115117,0.21552706
0.22619058,0.22948822
0.20456834,0.23057124
0.24269386,0.26244318
0.26707834,0.25586414
0.28569037,0.28252235
0.2734536,0.26784536
0.25532854,0.27015048
0.2824797,0.30370814
0.2979917,0.2745484
0.28241742,0.277937
0.30880868,0.32287294
0.232922,0.23317072
0.19761449,0.22789997
0.21525884,0.22547816
0.19760527,0.21033487
0.21191895,0.20974761
0.20124668,0.21634561
0.20649114,0.21735561
0.25949526,0.26481098
0.24160396,0.24758123
0.2591108,0.2550965
0.19995631,0.2097499
0.21470171,0.21912059
0.22250062,0.22956435
0.21618833,0.23372123
0.27357447,0.28271306
0.26459485,0.2668045
0.21275127,0.21900743
0.28544977,0.25825542
0.24958298,0.24414906
0.2546751,0.25765228
0.2806363,0.28030324
0.27262896,0.2751928
0.22512324,0.23861952
0.21139863,0.23360309
0.20207009,0.21737094
0.18586954,0.21375242
0.23130201,0.24323054
0.21544719,0.20883584
0.20295951,0.20150505
0.2683041,0.27638784
0.256899,0.2612426
0.24524173,0.23078121
0.230391,0.24181594
0.27231723,0.28156036
0.21713302,0.2192975
0.1283186,0.12725256
0.115949176,0.11937213
0.14891788,0.16832384
0.14618373,0.16640137
0.17528497,0.16926597
0.12920834,0.144583
0.17786425,0.17186932
0.1323229,0.14859504
0.2294197,0.23855358
0.3060915,0.30505785
0.29325455,0.2802079
0.23133968,0.20093203
0.21114533,0.22349276
0.24547276,0.2364892
0.31124368,0.3036024
0.30797517,0.32255518
0.26176754,0.26614144
0.2321651,0.2437274
0.23583578,0.25593778
0.19706103,0.17060953
0.2340905,0.26949683
0.24295336,0.2667611
0.22171986,0.25380284
0.21990366,0.2439664
0.24301285,0.25643632
0.11182682,0.122207515
0.13513088,0.13700491
0.16606496,0.15413652
0.17206234,0.16864434
0.27213246,0.2585001
0.26390824,0.27094075
0.15986931,0.15817153
0.2132586,0.23076
0.20425725,0.22494316
0.24268709,0.2506991
0.25439757,0.26013416
0.2279827,0.25894457
0.27038437,0.26686907
0.13814306,0.17148705
0.17749362,0.2015581
0.25496447,0.24986725
0.2523136,0.26442534
0.13418803,0.15929364
0.20734702,0.2294403
0.21088506,0.23711574
0.19665363,0.23648334
0.20244426,0.23360686
0.23794967,0.26917994
0.2667806,0.26854807
0.28929907,0.29178962
0.28946137,0.29891717
0.28366417,0.27680695
0.29173273,0.28098816
0.26641715,0.25090563
0.27471593,0.2595624
0.28109118,0.2832841
0.28776404,0.28494224
0.2819487,0.27806473
0.29773167,0.28408194
0.21104155,0.24826962
0.22894648,0.24063523
0.21320668,0.2312896
0.20998128,0.22511142
0.25039887,0.26655185
0.24581203,0.25341022
0.2508434,0.2537011
0.20702502,0.19607636
0.20104669,0.20973012
0.19898614,0.1829812
0.23533943,0.20773083
0.23215255,0.22653005
0.21073583,0.1996258
0.21287832,0.21859585
0.21084796,0.21214186
0.19581233,0.20332912
0.22966753,0.2240883
0.19948663,0.24874547
0.20020717,0.2397536
0.19105422,0.24867201
0.19401225,0.22617395
0.21273954,0.26249707
0.29821014,0.32444662
0.32574153,0.32435724
0.3117668,0.31941938
0.27816743,0.30589306
0.30437988,0.3070825
0.2949053,0.3034408
0.29021358,0.2935148
0.27127337,0.28168893
0.25301778,0.24769624
0.23962834,0.22814426
0.23152441,0.2534408
0.25380605,0.2552328
0.24020678,0.23427752
0.23224159,0.25874537
0.28012198,0.26582742
0.26364136,0.24537334
0.26338026,0.26591957
0.2870013,0.28506696
0.2817387,0.267744
0.280607,0.291909
0.27215916,0.27854174
0.2519908,0.25132194
0.2525127,0.27393168
0.25021243,0.25699747
0.24999666,0.24402085
0.24959168,0.2662604
0.21456094,0.21956165
0.20784678,0.19686395
0.277058,0.27676237
0.24632555,0.23899671
0.27091032,0.2738289
0.25031298,0.25648052
0.23600198,0.23811644
0.20488167,0.22689845
0.19609144,0.21347389
0.20098045,0.22011252
0.17516996,0.182557
0.16443427,0.15897812
0.17354298,0.16677585
0.11341902,0.110843316
0.094753124,0.10003792
0.23812728,0.25128996
0.2275011,0.27071804
0.24620472,0.27843946
0.20456374,0.2212005
0.20365846,0.23658256
0.22040929,0.24448094
0.20435032,0.21230893
0.18818858,0.18233892
0.24250822,0.23690291
0.25007504,0.2429367
0.20826903,0.19180232
0.21757492,0.19851023
0.19533366,0.19679463
0.17421204,0.19560634
0.17561543,0.17354502
0.15735424,0.1623373
0.13043693,0.15966421
0.14140989,0.14027047
0.2064604,0.22013596
0.18277436,0.20897502
0.1888051,0.23851886
0.25750285,0.26777792
0.2392073,0.25455368
0.24160755,0.27446726
0.28895992,0.30820838
0.29646495,0.31568956
0.28387797,0.3032384
0.28888693,0.3081439
0.29401577,0.317509
0.29905936,0.322894
0.24486779,0.25677913
0.25601137,0.27000934
0.24236868,0.2585577
0.22431004,0.24331969
0.23848847,0.26155955
0.22132565,0.25711462
0.23673697,0.25493497
0.25083908,0.27028084
0.2337974,0.26440287
0.1635318,0.2055944
0.16421399,0.17271131
0.15738378,0.18055859
0.15791425,0.16413344
0.19819516,0.18682839
0.19488172,0.18913093
0.123970315,0.13586521
0.12588552,0.15155365
0.11841374,0.1262403
0.21874304,0.2641289
0.23571117,0.26569036
0.239384,0.27744496
0.28354737,0.28522235
0.2913125,0.2923817
0.2664509,0.27143317
0.27502048,0.27712226
0.26858586,0.285504
0.2751695,0.29091647
0.24529494,0.2578421
0.25503147,0.26881242
0.23733167,0.25209627
0.22593689,0.24728382
0.2389299,0.2650618
0.21692836,0.25417078
0.24127069,0.26089823
0.2535415,0.27532235
0.23216538,0.26427814
0.21875942,0.22793083
0.22473031,0.2324311
0.1802794,0.19718246
0.15794817,0.19873102
0.17461045,0.17496467
0.2715067,0.29227442
0.27841562,0.29297173
0.2698725,0.2823739
0.27088386,0.29569507
0.2803636,0.29802376
0.27334777,0.28565228
0.24717212,0.24957563
0.26887903,0.2992592
0.2817212,0.29729325
0.2496947,0.26714867
0.25726926,0.26726964
0.22905917,0.2611116
0.24490696,0.2646395
0.26558688,0.28154388
0.18590674,0.21338648
0.19268245,0.2151549
0.14113392,0.13810544
0.13470776,0.14294682
0.21506134,0.24773529
0.2483953,0.2515328
0.23799357,0.24736007
0.17824571,0.1909446
0.15751621,0.20205972
0.24589112,0.22717777
0.19790664,0.19404697
0.2689972,0.2806914
0.23804602,0.28654855
0.13587955,0.16330962
0.14939345,0.16810216
0.14663634,0.16129294
0.19615208,0.2268461
0.1979128,0.19210951
0.19681992,0.21011735
0.20126018,0.17145626
0.24592718,0.22639652
0.2495121,0.23888049
0.24364424,0.20976157
0.24219286,0.23650849
0.2571971,0.2515148
0.2947228,0.2909207
0.26373756,0.2704913
0.2738157,0.2759791
0.28538984,0.29793555
0.23719496,0.23759286
0.20541076,0.21141648
0.19989759,0.20470563
0.22167549,0.23847635
0.13654274,0.14155293
0.2558267,0.24968126
0.24780376,0.26354653
0.23855995,0.25887778
0.26707625,0.2815535
0.2668496,0.2625601
0.26330143,0.27923882
0.1976967,0.19496103
0.2026015,0.20043781
0.19128644,0.20873758
0.19451293,0.19745728
0.2230272,0.22422493
0.20598127,0.20199364
0.18913314,0.1913244
0.2059692,0.20183738
0.18772376,0.19107947
0.22147143,0.22986022
0.20743947,0.21783958
0.275472,0.2659337
0.20128803,0.22724178
0.20362568,0.21675107
0.29633564,0.30525327
0.24627051,0.26164794
0.19249901,0.20141461
0.13050596,0.1591647
0.15525566,0.17222357
0.14447324,0.14694998
0.13338013,0.14364633
0.19223581,0.2155163
0.20088422,0.17479128
0.19242765,0.18464638
0.22804388,0.22968867
0.30263454,0.2975677
0.2000618,0.19325507
0.2808397,0.27927363
0.2985901,0.29941207
0.18319477,0.1886658
0.18968925,0.1723874
0.21588574,0.23630708
0.22922568,0.22491375
0.2164276,0.2363128
0.22821796,0.21557166
0.20617121,0.23551917
0.22238483,0.224716
0.26460767,0.25771397
0.20147057,0.23872843
0.19956158,0.23523398
0.23950228,0.24552213
0.22871509,0.23586291
0.23553903,0.23278293
0.2190839,0.23563719
0.2297796,0.25321406
0.22484446,0.24344653
0.22799705,0.25233582
0.24149196,0.24441853
0.23544493,0.26455098
0.24995662,0.25754902
0.25034237,0.28303695
0.2648111,0.27452084
0.24636254,0.27492058
0.25643542,0.26285058
0.24337268,0.25309908
0.2283705,0.23796722
0.201439,0.20149228
0.29344967,0.2835292
0.24646127,0.23202506
0.22555356,0.2237885
0.26601565,0.27419546
0.26823708,0.25463247
0.23333701,0.24246337
0.17852339,0.19174659
0.2539026,0.24235523
0.254837,0.27323678
0.2817386,0.2840836
0.24783161,0.2561441
0.16759203,0.19761516
0.26093152,0.23706493
0.21440405,0.21426779
0.21761118,0.23265868
0.24698262,0.24189496
0.27475923,0.27741432
0.14831477,0.13886334
0.17937952,0.17668568
0.18686312,0.17369582
0.22152822,0.23330747
0.21601063,0.26765603
0.2610399,0.28967303
0.2303736,0.22696042
0.23240335,0.22456238
0.19946888,0.20028448
0.18626657,0.20124535
0.2227642,0.21697174
0.2461409,0.23826559
0.23559833,0.24001858
0.22007225,0.2305242
0.22326195,0.2270137
0.21578991,0.22275963
0.2337148,0.22758497
0.2480084,0.2516575
0.22854173,0.2122137
0.24325116,0.24020278
0.19435959,0.19866636
0.1725522,0.19018714
0.201456,0.21379958
0.19019964,0.18804534
0.24750891,0.27592957
0.22111209,0.24791837
0.26044276,0.2756303
0.22973114,0.24408726
0.17954303,0.17090464
0.18233815,0.21837395
0.20629305,0.23670624
0.20702983,0.21970151
0.24339522,0.24895594
0.2541039,0.25130215
0.25431943,0.25202703
0.22466387,0.22831863
0.23167774,0.24280399
0.23905168,0.23199072
0.23160939,0.22819658
0.28104132,0.29106215
0.22504283,0.24125053
0.21519476,0.23611213
0.20693386,0.2140233
0.19613287,0.2086716
0.21689716,0.23055044
0.23226069,0.24187069
0.22266659,0.22882137
0.23385476,0.23950884
0.27345148,0.2960566
0.25883406,0.28162307
0.27339017,0.2983315
0.25753647,0.28696617
0.24587098,0.2695458
0.24159583,0.27719963
0.28071448,0.28114533
0.27333415,0.27220443
0.14182235,0.15685445
0.16283198,0.15166855
0.14350405,0.14427678
0.279099,0.2775274
0.27050397,0.27427188
0.2548465,0.2581705
0.23206358,0.24566777
0.28320962,0.26667222
0.27260226,0.26930115
0.2568371,0.24872366
0.23780012,0.2379334
0.27296227,0.27225518
0.26725948,0.27433735
0.24088283,0.24799056
0.21884277,0.23305245
0.2682595,0.25826153
0.2605342,0.2620648
0.24309291,0.23923856
0.20778535,0.2194446
0.20894712,0.20697771
0.24828619,0.24621871
0.27373564,0.27646357
0.25357285,0.25578058
0.28190395,0.2833253
0.19672424,0.20191444
0.19022411,0.19279951
0.19402522,0.19627601
0.18908292,0.19123022
0.18704721,0.18621056
0.19215372,0.18976524
0.29377344,0.2882152
0.26527983,0.27344117
0.28315347,0.2809813
0.30273736,0.30848938
0.2795873,0.2974251
0.29100117,0.30007952
0.18069632,0.16437593
0.17785445,0.17045665
0.24567054,0.2401289
0.22194183,0.23575282
0.22319037,0.21433774
0.24797788,0.2251789
0.21020949,0.21291551
0.2227065,0.23555629
0.24697092,0.2394731
0.20194429,0.21296561
0.16502243,0.1538409
0.2045613,0.19419307
0.18131569,0.17110401
0.20016602,0.22076517
0.28094646,0.28953207
0.275942,0.2826682
0.2690143,0.28119215
0.25892353,0.25892505
0.25727287,0.26896775
0.27508354,0.26733172
0.27587947,0.2782014
0.26649195,0.2658537
0.25895378,0.25915766
0.25042868,0.25725865
0.21901925,0.21252006
0.21954408,0.22742361
0.20784867,0.20843674
0.20357837,0.2247595
0.20142621,0.1992779
0.20218249,0.21701726
0.21818542,0.21695903
0.2194354,0.22403955
0.2165606,0.21445334
0.21549493,0.21917532
0.20256718,0.20453733
0.2028369,0.21577747
0.15600047,0.19177336
0.16594763,0.18335386
0.1580535,0.2003693
0.15817383,0.17647359
0.22152534,0.23017395
0.23339593,0.23326552
0.23253416,0.24699335
0.23508477,0.2263155
0.15256028,0.15588981
0.21323903,0.22960554
0.25716427,0.28776637
0.26872262,0.2998761
0.26653427,0.28855124
0.27500355,0.29785362
0.28720036,0.29550424
0.29435563,0.3052908
0.26365134,0.26850092
0.2728408,0.28210115
0.27421352,0.2881949
0.27791002,0.28417054
0.2878118,0.28563225
0.24159527,0.2291905
0.2437856,0.24481428
0.2530002,0.24623987
0.253362,0.25470006
0.2592401,0.25315338
0.20632128,0.2319763
0.17892055,0.23129702
0.2557593,0.27842057
0.28147942,0.28673998
0.25545177,0.28479078
0.25664958,0.26925585
0.27929097,0.27811542
0.25298455,0.2763699
0.22765689,0.28430745
0.24908864,0.27832478
0.25434262,0.25432652
0.27852255,0.26224816
0.26233494,0.2678609
0.27009463,0.2766567
0.28220603,0.289903
0.2911803,0.29533038
0.2968226,0.27454826
0.23047955,0.23549743
0.21395883,0.22474957
0.22573669,0.23201011
0.24957113,0.2503292
0.24481274,0.24478972
0.23349954,0.26902395
0.22883889,0.25644782
0.18331724,0.19686389
0.2280611,0.23704207
0.20594542,0.23941335
0.24316245,0.2540666
0.2379281,0.23453954
0.16225503,0.16198103
0.21610607,0.21744083
0.23534012,0.23202844
0.22579269,0.23078975
0.20144212,0.20067392
0.27754912,0.29939222
0.27285063,0.30302536
0.26785997,0.26758063
0.2679559,0.27256626
0.21331875,0.19526601
0.21524103,0.2103215
0.24184486,0.25548026
0.21224904,0.2334965
0.2126238,0.2287159
0.20233135,0.25430518
0.18720391,0.24624468
0.17454056,0.19948032
0.18355505,0.19640681
0.23672965,0.23018605
0.24137668,0.24615075
0.2197366,0.22309008
0.19385731,0.20390211
0.20662473,0.22195321
0.21923506,0.2468186
0.16556616,0.20646808
0.15281524,0.14689907
0.16853724,0.19631264
0.16645503,0.1783404
0.26782545,0.27066663
0.3185483,0.33206975
0.22691007,0.2327742
0.2220751,0.27275926
0.22886778,0.26947576
0.17704755,0.18738917
0.17096476,0.1840172
0.18640524,0.17845576
0.19123088,0.21160688
0.2696091,0.2818805
0.20004617,0.20665537
0.20388655,0.21401957
0.18887895,0.17003599
0.16863467,0.15525201
0.22095945,0.23974156
0.23786306,0.23691311
0.31124562,0.32118255
0.32158738,0.31331277
0.20032452,0.21303847
0.24430606,0.22670881
0.21568398,0.22528735
0.21506728,0.22494714
0.21218254,0.22813812
0.2105646,0.1966777
0.20125887,0.19735847
0.20056196,0.21322717
0.20631799,0.20555675
0.24899065,0.23163515
0.26608652,0.28254163
0.20389709,0.22745878
0.18662633,0.21514511
0.20729303,0.2294732
0.19101225,0.1907905
0.16181679,0.17544954
0.15595755,0.15775895
0.15592387,0.15625575
0.30082825,0.29607126
0.29274175,0.28026703
0.18969104,0.18257564
0.21053763,0.2014865
0.29275,0.28977472
0.2909657,0.2934355
0.15097775,0.18674037
0.28177604,0.27785325
0.1707178,0.18429326
0.30616158,0.3200248
0.24361654,0.28393745
0.23664327,0.2654477
0.23451215,0.2663507
0.24671997,0.2792845
0.2513987,0.260658
0.25010747,0.254214
0.30380216,0.30145591
0.34440175,0.33157724
0.29172996,0.28958526
0.25368664,0.26355216
0.29770046,0.28968287
0.25113916,0.25440258
0.23917046,0.2590744
0.3077019,0.29994446
0.24058124,0.25202078
0.24007438,0.24651332
0.2497246,0.25673297
0.26923522,0.27828056
0.2819955,0.29455212
0.27615258,0.29032052
0.27206236,0.3015269
0.22059353,0.22399642
0.23448223,0.22161114
0.22670944,0.21334141
0.26784736,0.2853938
0.23321693,0.23972368
0.2693977,0.2724418
0.25623637,0.25807795
0.28515223,0.26818565
0.26272127,0.26898533
0.27003974,0.262732
0.29104352,0.32103983
0.29825938,0.31976354
0.22150257,0.23686647
0.24409728,0.23509146
0.257149,0.23820047
0.24688497,0.22674714
0.2318517,0.23270515
0.23549673,0.23712085
0.21762379,0.23021089
0.2568406,0.27359292
0.2647339,0.27053165
0.21954112,0.2293219
0.21328166,0.21706413
0.24768904,0.23319237
0.18880698,0.1787677
0.20443967,0.1864716
0.19789666,0.18740372
0.17502496,0.18135986
0.26869226,0.2507569
0.27156225,0.25625938
0.223479,0.23283857
0.22808948,0.23553456
0.2254967,0.22427645
0.26702765,0.2609134
0.2766866,0.2670092
0.2766561,0.2816279
0.28427374,0.28567111
0.26258272,0.26794493
0.26543197,0.24622732
0.26581034,0.2574214
0.13945587,0.16030633
0.14072984,0.15474698
0.15986554,0.17764713
0.1588517,0.17354308
0.21946827,0.22683379
0.24121794,0.25119677
0.22061451,0.24135695
0.2351174,0.26538715
0.1365518,0.1454187
0.1454059,0.16973405
0.1620184,0.1759743
0.13835318,0.14604636
0.16131254,0.1701289
0.16497384,0.17586944
0.21631312,0.23093273
0.21587405,0.2217929
0.16638273,0.19209787
0.15265723,0.18395148
0.22419249,0.24177074
0.24161845,0.2710355
0.24575365,0.2694625
0.21489204,0.23202358
0.21083441,0.26132792
0.21391553,0.26062396
0.2142002,0.23258369
0.12322407,0.13537066
0.142214,0.13379586
0.12303754,0.11944175
0.1450662,0.14962819
0.1400665,0.13719381
0.16043487,0.16062304
0.19067326,0.19557005
0.19008848,0.19062449
0.19079436,0.20029521
0.19551817,0.19684108
0.18039286,0.19500409
0.18208706,0.18808222
0.14343594,0.1465053
0.16710144,0.15683222
0.1366118,0.15101008
0.16254659,0.16987616
0.14167105,0.15841612
0.178309,0.16948825
0.19444317,0.20211752
0.26785195,0.2778183
0.26061368,0.27338633
0.1980429,0.19914958
0.1832593,0.20273776
0.20603448,0.19883937
0.18281373,0.2006027
0.25751215,0.23467271
0.24603033,0.23960048
0.25805685,0.2523542
0.25853187,0.25704616
0.24812937,0.2479091
0.2534452,0.25756586
0.26836267,0.2730433
0.25498682,0.27155697
0.2587918,0.26217037
0.22228445,0.22178327
0.21467929,0.23198156
0.26816678,0.27015537
0.22032052,0.2211261
0.21331221,0.23010266
0.16647652,0.16950433
0.17529875,0.17241232
0.17612466,0.17349267
0.18107595,0.17684582
0.20414776,0.21055105
0.20605594,0.20157604
0.28750527,0.29618007
0.2685188,0.28345543
0.24698249,0.24609178
0.23410001,0.23596899
0.25297356,0.25688896
0.23950058,0.24944194
0.2692916,0.26244074
0.2505078,0.2561295
0.26341474,0.25460017
0.2178466,0.23504025
0.20891097,0.22500882
0.24642177,0.24722558
0.24571529,0.24026605
0.26112622,0.28774318
0.2747696,0.29266775
0.24626787,0.2766775
0.25808156,0.27592087
0.2648999,0.27624977
0.26310566,0.27528557
0.27235883,0.2810567
0.24878919,0.26939416
0.28746632,0.30634046
0.30421573,0.31643683
0.28129008,0.29275703
0.24926856,0.25382087
0.26845983,0.2679853
0.27852222,0.27526772
0.23992209,0.23419055
0.2484068,0.23584118
0.21139236,0.20617764
0.13929418,0.12119101
0.22091833,0.22182214
0.16745307,0.17185736
0.2688107,0.28670317
0.26384276,0.26780415
0.2091513,0.22802854
0.22058691,0.2265697
0.2642055,0.26324183
0.29762125,0.29548824
0.2563397,0.24754791
0.24698769,0.23400992
0.23664492,0.2375161
0.25666723,0.24118474
0.238497,0.24285445
0.2329032,0.23722784
0.26318258,0.26669216
0.23030427,0.2565038
0.22826913,0.22303773
0.26178077,0.27826837
0.23362875,0.23872268
0.24059093,0.24389544
0.27977586,0.27713954
0.23771545,0.2439402
0.21640138,0.2498895
0.14859828,0.18190014
0.18195453,0.1994794
0.26303503,0.2609378
0.29257914,0.29729247
0.25927263,0.2616782
0.22077565,0.21844374
0.21404864,0.21845809
0.23792617,0.2281561
0.23896626,0.25404269
0.277206,0.28160864
0.29121047,0.3171034
0.165086,0.19741163
0.16956542,0.20454079
0.19447741,0.22504579
0.17781763,0.21163347
0.17350484,0.21166287
0.22979416,0.26352358
0.20808017,0.23315454
0.21656263,0.25223708
0.23221079,0.23393117
0.20850994,0.21678387
0.23996569,0.26460794
0.1912086,0.23179765
0.2513693,0.25823742
0.25009823,0.2497577
0.25550842,0.26031226
0.23204467,0.23120436
0.24480692,0.24009795
0.2065419,0.1995041
0.23301636,0.22578323
0.21874045,0.21861604
0.25497997,0.25768834
0.23513484,0.2468029
0.2856091,0.29292345
0.26770565,0.28441602
0.25131774,0.24657023
0.23548883,0.24667974
0.2516663,0.25767574
0.26552588,0.2678418
0.26654577,0.25625712
0.20038061,0.22670376
0.21640855,0.23267108
0.22592951,0.22311255
0.2411629,0.23801497
0.22432238,0.22522534
0.23783198,0.24162233
0.20544358,0.21419771
0.21037775,0.23090813
0.2710279,0.28570044
0.2728688,0.2867298
0.30142468,0.32654047
0.3035604,0.32921243
0.304524,0.33623186
0.30286297,0.3324105
0.24351385,0.2507795
0.24351385,0.2507795
0.24524197,0.25349483
0.23949462,0.25487524
0.15411621,0.1516664
0.16118214,0.16836649
0.14421938,0.15961453
0.15527831,0.15286544
0.15316553,0.1397795
0.14328906,0.15151322
0.13996595,0.17166497
0.15072416,0.16108933
0.15040919,0.15857095
0.14063933,0.16150877
0.25004184,0.2619539
0.24845853,0.2766117
0.24867904,0.26489615
0.24936621,0.26298505
0.25306788,0.25983948
0.24664518,0.25377366
0.25525382,0.28740856
0.28285408,0.3022526
0.30602664,0.28727108
0.24589795,0.24815315
0.23862046,0.25635362
0.2533752,0.23683031
0.25082886,0.24463227
0.26664722,0.25498587
0.2686176,0.25790054
0.26426178,0.2776897
0.26997587,0.27531663
0.26662093,0.26249412
0.27663925,0.26434112
0.20547059,0.24385306
0.25009027,0.26353642
0.18599133,0.17280585
0.18665352,0.17280468
0.30283397,0.31089598
0.27834046,0.31142464
0.24266082,0.25526625
0.24312827,0.24802399
0.24886277,0.24861544
0.253334,0.24475546
0.2648091,0.27784818
0.27159953,0.27774048
0.19163845,0.2064073
0.18397862,0.18359
0.23172577,0.23925914
0.19629946,0.20991853
0.22310069,0.23219174
0.1924869,0.1931015
0.2189374,0.20934716
0.2312943,0.24029717
0.25497943,0.2571181
0.25055566,0.25813305
0.22594322,0.24054159
0.25577644,0.26480034
0.26647455,0.27098513
0.23299761,0.2379109
0.2419955,0.24860016
0.1700418,0.17549613
0.21103847,0.19965906
0.24767743,0.24891733
0.26471537,0.26641288
0.20328675,0.20111708
0.20705749,0.19817354
0.2016939,0.20317124
0.21860674,0.20842299
0.26166612,0.24596663
0.27198935,0.26357457
0.20622073,0.21571334
0.24580428,0.24532492
0.26049304,0.24027926
0.252231,0.27121344
0.276561,0.2923497
0.2884526,0.31172812
0.2862243,0.3024071
0.17468466,0.19418804
0.16491556,0.19880877
0.16991729,0.20592967
0.19511436,0.20013946
0.1966651,0.1952081
0.17360547,0.21616343
0.1785761,0.2051927
0.15793079,0.21297665
0.15620413,0.20579797
0.22280857,0.2489669
0.22996557,0.2531135
0.15981731,0.1595204
0.19550273,0.20000386
0.18296528,0.18602012
0.22080344,0.22461268
0.22355065,0.22873881
0.2212719,0.23372018
0.23172018,0.22657892
0.23404819,0.2287165
0.2341524,0.23548132
0.26738614,0.25591218
0.2512963,0.25055653
0.26779252,0.26079744
0.2503695,0.25202936
0.21358946,0.2298061
0.22374782,0.22393723
0.19456255,0.20988534
0.2095246,0.20828153
0.21105206,0.22459376
0.21730596,0.22275169
0.24273257,0.25706795
0.22322825,0.24302861
0.25403744,0.27194846
0.2678159,0.27530602
0.2210382,0.23712733
0.2289285,0.2451919
0.19665286,0.20144089
0.21274376,0.20837268
0.20748582,0.20935543
0.25462133,0.26144046
0.25088972,0.26618916
0.2572493,0.26244122
0.24012962,0.24806616
0.19948438,0.2110244
0.17074326,0.19914183
0.3227956,0.32601574
0.3101644,0.30745474
0.31994832,0.3231303
0.30872345,0.3086848
0.21843639,0.21702681
0.21064067,0.21785276
0.1922503,0.22350419
0.19144732,0.21852854
0.32155037,0.32185355
0.33285934,0.32740858
0.12236099,0.12031416
0.25591406,0.26729223
0.2579897,0.27501756
0.2901388,0.29391587
0.26284626,0.26407623
0.2667124,0.27366966
0.29158753,0.2897504
0.22339512,0.21902372
0.21137264,0.21672554
0.21756023,0.21510322
0.20588844,0.21807076
0.27627414,0.27065888
0.30808586,0.3069681
0.26896045,0.26599604
0.2707895,0.26902393
0.27179217,0.2680698
0.28162533,0.27445388
0.31542552,0.31224924
0.27593684,0.27204737
0.27733395,0.27301478
0.27625597,0.27167082
0.28051496,0.29754773
0.3256306,0.33988827
0.2764146,0.29004145
0.28004685,0.29530045
0.27411583,0.29405448
0.25369757,0.25098336
0.22757189,0.26601145
0.26132455,0.25958037
0.232304,0.26872307
0.2800673,0.28005114
0.25337395,0.29300043
0.25405213,0.24520782
0.24856988,0.2538041
0.28372306,0.28016776
0.28172237,0.28977174
0.25768605,0.24553883
0.24675433,0.2548698
0.25071114,0.23474538
0.24370018,0.24363148
0.26009047,0.25245106
0.25419608,0.26014906
0.2597497,0.2636299
0.23716137,0.23152812
0.28988552,0.28702378
0.27395928,0.27856117
0.2799941,0.28102398
0.2905081,0.2942441
0.27756995,0.2724164
0.2252023,0.22344263
0.26344955,0.27187708
0.2806255,0.28858116
0.19380574,0.20926642
0.2750745,0.27995574
0.17104214,0.17596585
0.16072088,0.167798
0.18272926,0.1713991
0.15396485,0.16707362
0.15250841,0.14458828
0.114399895,0.13462813
0.13903038,0.17768352
0.1323778,0.17017052
0.141773,0.19175942
0.2328844,0.25402007
0.25426766,0.26905644
0.16093123,0.18463573
0.16948472,0.19227622
0.21129909,0.20527363
0.119483225,0.09747206
0.22825232,0.23432513
0.18745139,0.19257577
0.25346664,0.24327117
0.27927166,0.25752848
0.28851613,0.2856069
0.2206995,0.23712286
0.15837246,0.15520251
0.17094801,0.15273103
0.24348027,0.2553378
0.24119502,0.26357764
0.16533917,0.18043636
0.1696954,0.18935467
0.20564094,0.19208172
0.21799915,0.2088848
0.21031082,0.20904246
0.22437811,0.2194145
0.17480634,0.18302144
0.1738281,0.2032359
0.24086732,0.23928559
0.18848087,0.18066296
0.26328546,0.2641411
0.25473455,0.24548359
0.26889127,0.26988658
0.26557392,0.27145737
0.2927088,0.3130592
0.2804272,0.27872482
0.21424684,0.21505141
0.22891615,0.22303915
0.2231054,0.22569966
0.23050086,0.23369178
0.20893586,0.20893022
0.21135072,0.20762739
0.1287327,0.13595773
0.11747748,0.12216681
0.21063237,0.23179692
0.24370885,0.27124888
0.26831824,0.26554978
0.13354631,0.15223044
0.12566748,0.11823358
0.14695631,0.14485912
0.30416015,0.31185445
0.30155087,0.30354124
0.28384247,0.28811806
0.26993057,0.27167094
0.28223437,0.27966228
0.24017155,0.2608541
0.25920522,0.25682098
0.16746025,0.20358196
0.16193143,0.2221017
0.18627973,0.23670697
0.24510096,0.25398424
0.26908413,0.31179118
0.28632873,0.31553313
0.24133816,0.22832133
0.21072666,0.20740587
0.2307421,0.21881843
0.20624304,0.20729768
0.19713315,0.20255549
0.23653422,0.2264317
0.20749304,0.21606426
0.25626117,0.24973427
0.23447734,0.23944782
0.2541349,0.2527855
0.22327681,0.22047834
0.26839656,0.26922077
0.31948626,0.29472578
0.2773204,0.27858344
0.25359145,0.24046275
0.25686064,0.2452138
0.24980891,0.23420268
0.25035283,0.23755947
0.24489765,0.2540874
0.24261637,0.2512766
0.2473053,0.24368116
0.26118737,0.27721786
0.28038538,0.30384374
0.18702906,0.19243795
0.25994274,0.261194
0.27492547,0.2770652
0.18374877,0.1973454
0.17119028,0.18542632
0.25731516,0.26529834
0.2838729,0.28477943
0.25834474,0.28216434
0.1957213,0.20877351
0.1937577,0.1919306
0.1971762,0.19573918
0.19642538,0.18575186
0.19052652,0.20638858
0.19158924,0.19839568
0.184804,0.19702278
0.19338618,0.18950507
0.1665293,0.16220436
0.16724941,0.16718084
0.21840186,0.23938885
0.24210474,0.24231508
0.22147548,0.23662649
0.21200824,0.2227602
0.21604273,0.2194719
0.26054952,0.26053327
0.24592768,0.24350315
0.25323394,0.24842624
0.24780104,0.23631904
0.26352105,0.26230288
0.30462423,0.3038369
0.2851836,0.32052928
0.27937335,0.2957553
0.19653477,0.23473503
0.22640748,0.23217697
0.21883532,0.22102526
0.22525102,0.2237159
0.29141292,0.28613806
0.29574415,0.2900426
0.2897883,0.28309518
0.30326277,0.31336975
0.30095452,0.30265397
0.30645,0.28823033
0.23231557,0.2273296
0.2268346,0.2222831
0.29353327,0.29962236
0.27386934,0.29498166
0.18915525,0.2106093
0.20384163,0.23903283
0.25389093,0.26822883
0.24013975,0.24779731
0.25377852,0.2572947
0.17626613,0.19504957
0.19083735,0.22113886
0.1508991,0.16125406
0.15270902,0.17298137
0.24632591,0.26377916
0.20464945,0.2648236
0.26749444,0.29207063
0.22712961,0.29064292
0.22837843,0.22692585
0.14797084,0.15882835
0.1430871,0.15065975
0.1629777,0.17190617
0.15639527,0.16565895
0.21925002,0.22400475
0.25148228,0.2594932
0.21770021,0.23160687
0.24611196,0.25760484
0.20213853,0.20631461
0.13866454,0.14735815
0.24361451,0.23663825
0.19081481,0.18463229
0.12643439,0.12042322
0.13815036,0.1258959
0.22893487,0.24100263
0.23767877,0.24101669
0.15099931,0.14806613
0.20855258,0.20544854
0.1453811,0.1421328
0.15110414,0.14615364
0.24534115,0.27242407
0.25284782,0.27330047
0.17177089,0.17476271
0.15175615,0.15917544
0.14879256,0.15054087
0.2540514,0.24198669
0.2526238,0.24814585
0.20541978,0.20428826
0.2470518,0.22679074
0.21781701,0.21398117
0.2426689,0.2454758
0.26279354,0.24915403
0.20671527,0.18172202
0.18211535,0.18685892
0.17474686,0.17722212
0.22368073,0.23525614
0.24744315,0.23534271
0.23698877,0.24348399
0.2538881,0.24696445
0.23179975,0.24615194
0.22061233,0.22977446
0.20824826,0.22491345
0.21636231,0.20707062
0.15386534,0.1438089
0.1875458,0.1884934
0.15107653,0.15730838
0.16292937,0.17505449
0.17852736,0.17747469
0.16109627,0.15946086
0.22156861,0.2112209
0.23635341,0.22920549
0.20570344,0.19936182
0.25342786,0.24462411
0.2540475,0.2542764
0.24554509,0.25808463
0.21110094,0.21856105
0.20242405,0.2328052
0.20520245,0.22980939
0.20593618,0.20518841
0.2754059,0.27675602
0.28613418,0.273793
0.2610627,0.25170073
0.28713727,0.26719072
0.24193233,0.24052164
0.27447078,0.2592065
0.25857443,0.24464755
0.28394753,0.272859
0.25272536,0.25727904
0.21862602,0.21487945
0.2250252,0.22608174
0.21595547,0.22481044
0.20310268,0.21514569
0.23084775,0.23759736
0.2163216,0.22918479
0.21937072,0.23590456
0.20771529,0.21938047
0.23588258,0.24930778
0.220565,0.22870156
0.29826024,0.28678536
0.2892484,0.27954787
0.28509355,0.28408656
0.26875687,0.27133077
0.22357178,0.2210238
0.22178791,0.24008805
0.22395992,0.21649529
0.23960912,0.23174037
0.24576807,0.22700898
0.2279005,0.2402809
0.2491185,0.24416363
0.21200359,0.24758053
0.24584699,0.27436796
0.28065598,0.27545923
0.27336422,0.26968667
0.1321228,0.13147615
0.24873403,0.24525112
0.21593246,0.22964552
0.24931425,0.26065427
0.25090042,0.26184788
0.24321581,0.25351727
0.24044618,0.2574161
0.25772315,0.26035613
0.2588414,0.2631908
0.24692023,0.2504299
0.24552217,0.25679022
0.2644931,0.27470896
0.22211976,0.2495755
0.26000598,0.2817257
0.21529943,0.26073563
0.2467526,0.26158854
0.25270706,0.26126444
0.24210018,0.25037473
0.23726489,0.25374508
0.25896803,0.27030337
0.2649172,0.27118182
0.25168803,0.2580827
0.24749318,0.26386896
0.26670837,0.2768634
0.21879086,0.24681029
0.26694465,0.29076284
0.2163819,0.263513
0.23156407,0.22447084
0.19285119,0.21035667
0.22576031,0.22435907
0.19786637,0.21442002
0.21225566,0.2099582
0.18573375,0.19324741
0.22245887,0.22597113
0.18622358,0.20886084
0.2224883,0.2314725
0.28866348,0.27464795
0.20689376,0.2114011
0.23528868,0.24922526
0.28744468,0.3167769
0.29331812,0.31397647
0.2632466,0.29810134
0.25617602,0.28577965
0.21264915,0.21729144
0.19991966,0.21180771
0.21841678,0.22583143
0.19462897,0.21639355
0.26904133,0.2991829
0.26655126,0.2856825
0.2481394,0.26797503
0.24174094,0.24909681
0.2537948,0.30205742
0.30429426,0.32636797
0.28941745,0.3026939
0.21320678,0.20832844
0.22902119,0.24675725
0.20452747,0.20913316
0.24346158,0.233864
0.23129016,0.23217618
0.23159352,0.22779675
0.17570475,0.1818603
0.18509498,0.18198611
0.19101274,0.20725411
0.20080367,0.2092815
0.17178263,0.16371489
0.18202904,0.16597107
0.22064304,0.2240963
0.2129381,0.22077899
0.20597358,0.21440125
0.20676592,0.23065679
0.17577408,0.17639208
0.17255674,0.191155
0.16431856,0.16471207
0.15471312,0.18038598
0.24550289,0.2443385
0.24733686,0.24801339
0.2011147,0.2091662
0.19681948,0.21400839
0.18778348,0.21074325
0.18358862,0.19251236
0.1908247,0.19823197
0.1906442,0.2056334
0.1896135,0.19786802
0.28272557,0.2863101
0.2906354,0.31210256
0.22360171,0.21982272
0.20690903,0.2285915
0.25055867,0.2522543
0.21471171,0.2042988
0.19621061,0.19881433
0.17606157,0.17662935
0.28112048,0.28200442
0.2327995,0.25848353
0.1877903,0.18943457
0.18183485,0.17899852
0.26620615,0.28357702
0.27450797,0.2814002
0.26900172,0.2889179
0.27051687,0.2765379
0.2493522,0.25151235
0.2677237,0.27185738
0.19649363,0.20626315
0.24971536,0.2746777
0.24515806,0.2552495
0.16817215,0.1872802
0.19260393,0.1837666
0.21810357,0.24409433
0.22750813,0.22559696
0.24977355,0.26029104
0.23273653,0.24376366
0.29838425,0.30167645
0.27468646,0.28139535
0.29346466,0.29357833
0.27287832,0.2753995
0.30138224,0.30244976
0.2880066,0.29401022
0.2572873,0.2695692
0.25686964,0.25753802
0.1417635,0.14162019
0.22736257,0.26214916
0.24726208,0.2574396
0.22486304,0.22407445
0.2359612,0.24490148
0.23835291,0.24185485
0.3144868,0.32644346
0.22165915,0.20158163
0.2259273,0.2089796
0.17274435,0.14197539
0.17829973,0.1637368
0.22141933,0.23100358
0.22560489,0.22678372
0.24440095,0.240925
0.20094305,0.20160404
0.20010346,0.20242003
0.21936107,0.20583533
0.22203204,0.20683306
0.21620134,0.23102993
0.20115845,0.21075696
0.19256435,0.20073415
0.23023015,0.25194246
0.21621808,0.24492773
0.22353607,0.2445108
0.22654538,0.25080743
0.22106038,0.22934756
0.23856634,0.24611512
0.21959063,0.22571638
0.2097761,0.2186205
0.21008879,0.216646
0.21737823,0.22586098
0.21426778,0.20747553
0.22479421,0.22020535
0.25181016,0.2526434
0.23912477,0.2440248
0.24323624,0.24491312
0.24845086,0.252757
0.24454956,0.23414385
0.2549746,0.24894074
0.2379254,0.2240752
0.24781579,0.25108877
0.253563,0.26208824
0.26278108,0.2651584
0.2581902,0.282342
0.28033772,0.29664576
0.20796697,0.21980317
0.21199161,0.23955692
0.22085458,0.25086713
0.28146815,0.29674435
0.29788637,0.3166464
0.24113931,0.2647106
0.24924941,0.2759329
0.24751922,0.25905418
0.20800483,0.21515268
0.23021428,0.23641708
0.2775064,0.27809697
0.28443313,0.27826828
0.21684581,0.21792863
0.18777342,0.22269645
0.22377256,0.22803824
0.1842357,0.20324576
0.2221825,0.22160652
0.25878814,0.2543351
0.22258016,0.23475522
0.22796205,0.2439394
0.22540897,0.2418325
0.22488436,0.24259692
0.20390342,0.24821611
0.20476896,0.21223113
0.24099466,0.24606895
0.24314997,0.24974763
0.25253397,0.25095922
0.24857028,0.24747677
0.25510272,0.276439
0.2411179,0.25344312
0.19988498,0.2080592
0.28700113,0.29429525
0.30770022,0.30719236
0.25507638,0.28832954
0.28817916,0.29495606
0.24973273,0.26144248
0.27766788,0.27731913
0.26565543,0.2844904
0.31746587,0.33260795
0.30136022,0.29694295
0.2527399,0.27300057
0.25673294,0.28239083
0.2318392,0.25849077
0.24731478,0.26878017
0.25033695,0.27753663
0.22501941,0.2559026
0.22792032,0.23149934
0.30908942,0.302859
0.20214267,0.21024168
0.268062,0.26634142
0.17106874,0.18127602
0.25192985,0.21951076
0.27827397,0.28202358
0.26197177,0.2823228
0.2796194,0.27739108
0.26046228,0.274849
0.2601531,0.25592902
0.2438684,0.25542107
0.24228545,0.25234237
0.22558041,0.24351782
0.19641401,0.20327213
0.31817174,0.32067347
0.31880173,0.32297602
0.16731769,0.1843934
0.16880603,0.16890356
0.27369255,0.277584
0.25124612,0.26645133
0.27450114,0.26677153
0.25382712,0.26249403
0.2276882,0.21399334
0.21933226,0.20665462
0.181734,0.17300461
0.23003326,0.21531093
0.17342772,0.17099087
0.20083503,0.20616117
0.2492653,0.248274
0.19219989,0.2039629
0.22033271,0.22771427
0.22312975,0.22333324
0.24936727,0.25781146
0.17759217,0.17748521
0.18075356,0.18311168
0.3043169,0.29739118
0.20922947,0.2369869
0.27387434,0.28405124
0.25189337,0.26995882
0.21117304,0.23825218
0.25661257,0.24272409
0.23942854,0.2531631
0.28476575,0.2931826
0.3152663,0.30674726
0.23429672,0.20103277
0.22739643,0.22204219
0.18242776,0.19552328
0.21204567,0.22238468
0.22591636,0.22693823
0.22580977,0.21914469
0.26225293,0.26868844
0.21189785,0.21021175
0.23294796,0.23010749
0.22611272,0.220201
0.22585563,0.23511767
0.22374633,0.22214292
0.22671798,0.22982015
0.26816982,0.2783339
0.22990924,0.23331517
0.21647076,0.22332343
0.18133365,0.21181427
0.2166466,0.2444824
0.27496183,0.25398344
0.24897347,0.24320868
0.2530848,0.28508586
0.24373722,0.30102235
0.15306556,0.17979059
0.16325714,0.19298783
0.15141977,0.14691986
0.21213599,0.21054935
0.23993205,0.24253058
0.23072791,0.25697502
0.19167495,0.19412538
0.17747335,0.18296751
0.19613712,0.19502342
0.17372046,0.20301151
0.1897096,0.2133271
0.19109571,0.21519749
0.21107422,0.21110815
0.09883826,0.10821894
0.106248155,0.097124234
0.13059962,0.13362741
0.13548999,0.12179376
0.23062882,0.23419525
0.27012214,0.27219385
0.2803102,0.285563
0.26275495,0.2758157
0.25193992,0.2534354
0.24022728,0.25015044
0.26563802,0.27963018
0.25245064,0.26885834
0.21868639,0.23168623
0.21310817,0.2088616
0.29254216,0.32275367
0.17740883,0.17896469
0.26941875,0.3150928
0.20770833,0.23525377
0.19213787,0.19048288
0.21233942,0.21967977
0.22284792,0.21910515
0.24055965,0.25316858
0.2130013,0.2108317
0.22877249,0.22716357
0.21658152,0.21125312
0.22896063,0.22546627
0.2819374,0.27922675
0.2600769,0.27370414
0.2843421,0.2976579
0.25279504,0.28621823
0.22589794,0.22817047
0.22720475,0.23135646
0.2197271,0.2232338
0.2215436,0.22140746
0.19372351,0.2045145
0.2292648,0.23892787
0.2368353,0.2389634
0.27444717,0.2733841
0.245974,0.26668268
0.2713964,0.26431283
0.23984283,0.24934694
0.2738456,0.27548012
0.24613002,0.26709402
0.20796919,0.22602664
0.17879552,0.20081532
0.20719692,0.22228247
0.22797753,0.23246297
0.22629072,0.23540547
0.21270311,0.2072053
0.21398541,0.21199156
0.23149028,0.23315622
0.23078302,0.23630778
0.20598896,0.2164094
0.21072114,0.21917924
0.19291212,0.19382249
0.19960678,0.20632236
0.21055092,0.21006837
0.21480444,0.2134063
0.2929165,0.29271218
0.26782483,0.2812598
0.29099548,0.29817915
0.27276,0.28832805
0.23367754,0.24797706
0.2602174,0.26706558
0.24556844,0.2476478
0.18239251,0.18779844
0.19244054,0.19130427
0.19264792,0.19493032
0.19233282,0.19585477
0.26839405,0.28916448
0.24676111,0.26131907
0.2965178,0.305722
0.29188502,0.30461347
0.2874685,0.2895546
0.28434873,0.28677112
0.30063552,0.30089027
0.28478023,0.29883826
0.2931971,0.2809025
0.27535126,0.28191304
0.19595489,0.2021876
0.20507619,0.20441324
0.20382512,0.21274659
0.21322939,0.22197533
0.19211361,0.20131636
0.19853379,0.20853934
0.21787605,0.22524634
0.257531,0.2657876
0.24645549,0.2782948
0.26729387,0.2778719
0.26801324,0.29447103
0.27599007,0.27408108
0.26045108,0.26489016
0.23257518,0.22882806
0.24266052,0.24128333
0.20907131,0.21226878
0.22786811,0.22605413
0.16964369,0.2080721
0.18106608,0.2171441
0.18234615,0.20884757
0.22285151,0.22313114
0.27214816,0.2659983
0.24077848,0.2605757
0.22249557,0.22384563
0.2212426,0.23996645
0.2165702,0.23126385
0.25373206,0.25548756
0.22917195,0.22195831
0.2427075,0.24154034
0.2650064,0.26347363
0.24105799,0.23421216
0.25159535,0.25023183
0.27293792,0.27579635
0.31249756,0.3337371
0.32069194,0.3235594
0.232189,0.25737256
0.24871312,0.26542667
0.22580042,0.22617486
0.18358077,0.18377918
0.18578497,0.17829117
0.16811928,0.16457842
0.16888987,0.17225523
0.18514097,0.17767182
0.1966317,0.18420517
0.16548772,0.1595268
0.1612097,0.15755144
0.25392127,0.23904872
0.2035147,0.21239303
0.14937346,0.1477293
0.23839968,0.24593705
0.22231512,0.2166547
0.19032507,0.18090183
0.17575957,0.1754644
0.16970275,0.17281874
0.17188857,0.17264813
0.16667531,0.15584937
0.2704927,0.27591652
0.2687017,0.28783542
0.23345003,0.2512732
0.2199114,0.21135351
0.20139246,0.20448732
0.1924257,0.18227555
0.22040609,0.23593993
0.18692322,0.17838314
0.20821461,0.2026496
0.17815298,0.168521
0.161626,0.13962236
0.15934725,0.13952257
0.1603487,0.1486259
0.1604627,0.17244904
0.19997923,0.21918027
0.19456922,0.21281555
0.19573615,0.21486223
0.2444233,0.2517411
0.2122561,0.2401508
0.24067143,0.24491785
0.22759974,0.23279196
0.20461453,0.18831043
0.19082002,0.20288086
0.18285988,0.20062117
0.17545365,0.18858947
0.25657958,0.2762463
0.26875362,0.2761477
0.266697,0.2682543
0.1622689,0.17319593
0.185028,0.18662278
0.15138566,0.16630815
0.17486495,0.19281471
0.15256721,0.15315674
0.18072985,0.17585754
0.22867957,0.24641514
0.20205331,0.2478129
0.17211068,0.17752396
0.15613441,0.16989632
0.21791777,0.20924997
0.19075364,0.19863486
0.20758554,0.19375668
0.26134562,0.2684891
0.25678948,0.26320353
0.23093006,0.22875047
0.27553254,0.2787419
0.24226958,0.25655633
0.21202925,0.23146912
0.222857,0.23505689
0.17917076,0.19259569
0.17739227,0.1970039
0.32848752,0.30362508
0.3022558,0.30622277
0.2918994,0.3156234
0.27413705,0.28590435
0.29043812,0.29459074
0.23523563,0.25910923
0.1934471,0.24221171
0.18748896,0.23745087
0.20650744,0.2595672
0.20291203,0.24303521
0.18731713,0.23917112
0.19778802,0.23908828
0.18703261,0.23060067
0.2175037,0.22820646
0.19904307,0.2182643
0.20442338,0.21376897
0.18867621,0.2012392
0.23125619,0.23615186
0.21380156,0.21815765
0.22080523,0.22614007
0.20237638,0.21352467
0.21614149,0.23244768
0.19725896,0.21880811
0.22232877,0.23495986
0.2041925,0.2246504
0.20607829,0.20436956
0.19017613,0.19441505
0.20609546,0.21389997
0.2059242,0.22801062
0.20996906,0.22877717
0.2284387,0.23381573
0.20344359,0.21958953
0.20842119,0.22252312
0.20250876,0.20642132
0.27926493,0.28473842
0.28533778,0.28121382
0.28044477,0.27292272
0.2837261,0.2843975
0.28159326,0.2893942
0.28970915,0.2943355
0.26275367,0.2541721
0.2615784,0.26879776
0.25941074,0.26103383
0.25901827,0.26047814
0.25060478,0.24497119
0.27358562,0.27231133
0.27034545,0.2700672
0.26454553,0.2726737
0.25199217,0.26003137
0.26724753,0.272069
0.26061717,0.26163468
0.2729309,0.27982786
0.26576927,0.26913032
0.2586493,0.24787502
0.2549851,0.23689544
0.23076884,0.22446948
0.20169003,0.2053225
0.20844428,0.2038897
0.2299718,0.23444021
0.2299718,0.23444021
0.21696128,0.21978855
0.2396875,0.2421218
0.22594635,0.22469357
0.24089813,0.24182126
0.23881927,0.23021406
0.24089813,0.24182126
0.2100777,0.20229688
0.23881927,0.23021406
0.20344982,0.18785994
0.2600453,0.26044494
0.20422634,0.22779502
0.20461465,0.21093978
0.23122609,0.21245328
0.21415088,0.22406629
0.20929281,0.22944626
0.2320408,0.2492767
0.23471388,0.24486464
0.23463926,0.2485491
0.22190422,0.22927374
0.21214837,0.22210583
0.2659015,0.27049622
0.25207412,0.26488566
0.24964923,0.246542
0.2575073,0.26519662
0.25309286,0.27612725
0.24398753,0.2436701
0.23423198,0.22505273
0.16051786,0.15756693
0.30409434,0.29264554
0.25160813,0.24914664
0.22494428,0.24455911
0.1575026,0.17162308
0.15932365,0.1735173
0.16561915,0.15654394
0.19559057,0.20392005
0.19420512,0.17904836
0.17784564,0.18541105
0.2075215,0.2114518
0.21120398,0.21276775
0.2377908,0.24585325
0.13352463,0.14765148
0.1239832,0.13285953
0.19521058,0.20501515
0.20533967,0.20311373
0.19149604,0.19735642
0.19576266,0.21947241
0.2768042,0.2768916
0.2850237,0.29717565
0.2658627,0.27003992
0.27832344,0.29392815
0.19928336,0.18557638
0.15997422,0.15438542
0.18042801,0.15872659
0.17339984,0.16768792
0.2047866,0.18249893
0.2734129,0.29658777
0.22618291,0.21601096
0.22716674,0.24569434
0.21319309,0.2386239
0.11425944,0.10591178
0.1303163,0.11439399
0.12462573,0.102609545
0.19536813,0.1872162
0.1967869,0.1937076
0.21973826,0.19916975
0.11127379,0.11148938
0.12232937,0.12881541
0.20284016,0.19514975
0.21223782,0.20139128
0.23126525,0.22866726
0.21930572,0.21811569
0.22025445,0.21969506
0.21432559,0.2025457
0.21706879,0.20741755
0.25556883,0.24486792
0.27593094,0.26011544
0.3107129,0.31477165
0.31235027,0.31502968
0.27465072,0.27156913
0.27049664,0.2641396
0.25715578,0.2564393
0.22625335,0.22449574
0.24000984,0.24187377
0.3535293,0.3512811
0.34671026,0.34962937
0.2609105,0.29389298
0.2646119,0.2852444
0.25614396,0.26789314
0.31588182,0.32938096
0.295403,0.31202823
0.31612122,0.32294637
0.28766775,0.29238307
0.30742726,0.3127703
0.28163388,0.28451306
0.36953166,0.3742504
0.31131828,0.3151485
0.29639047,0.3118017
0.3682832,0.3676106
0.3597739,0.36952144
0.15933071,0.17427544
0.21127343,0.23357289
0.2022174,0.22411694
0.18308142,0.19062722
0.16357428,0.17055762
0.1877774,0.1926636
0.1737513,0.17721796
0.28706598,0.30191508
0.29211834,0.2947097
0.30332983,0.30023867
0.30913016,0.3013714
0.30994242,0.3126422
0.20942423,0.21407543
0.3010975,0.30167088
0.2553427,0.26905942
0.21801703,0.22043756
0.21836141,0.22979629
0.22937159,0.22659105
0.21573108,0.2190226
0.16078076,0.18834761
0.2172504,0.2502521
0.22911674,0.24220541
0.22651905,0.24744266
0.22760896,0.24749708
0.22749269,0.20155156
0.21704002,0.20482859
0.17135826,0.19088379
0.20800461,0.2039077
0.21188657,0.20583445
0.22416727,0.20587927
0.25402397,0.25502393
0.2173273,0.2203311
0.28272086,0.29587734
0.20325115,0.20196553
0.29720068,0.2762784
0.19905487,0.20667627
0.23204775,0.25652322
0.2330589,0.24985646
0.2581138,0.25892466
0.2027412,0.20339568
0.18461156,0.19523524
0.26937696,0.2617926
0.26979935,0.27152967
0.25299954,0.25183874
0.26982528,0.2878067
0.28785098,0.29247677
0.26293626,0.26504177
0.29019368,0.28669888
0.29319054,0.2983919
0.19008026,0.21387863
0.1739992,0.20756796
0.1914456,0.2214654
0.1789344,0.21600321
0.24370146,0.25811103
0.22678271,0.22689353
0.22117665,0.21895602
0.14729726,0.13093302
0.14686865,0.15204388
0.12199849,0.13672173
0.27336165,0.28688318
0.26883495,0.27099296
0.27200657,0.2842509
0.2781002,0.29001328
0.27083695,0.27020937
0.27347404,0.28870684
0.29145092,0.28990695
0.27788332,0.27040747
0.2834373,0.28765747
0.25233775,0.25938866
0.2451057,0.26186123
0.25730023,0.27109164
0.15271181,0.15290692
0.16837795,0.1628224
0.22285569,0.25204545
0.25622344,0.26659796
0.23498343,0.23177214
0.27168083,0.25031957
0.23713544,0.23874517
0.27422878,0.25871226
0.2154243,0.22612175
0.19542894,0.21804795
0.21931575,0.21518704
0.20920071,0.22424051
0.17694744,0.1959748
0.2034682,0.1979397
0.21013945,0.23116714
0.17809263,0.20407695
0.20336315,0.21020111
0.22884268,0.25199425
0.23778522,0.22527197
0.23035982,0.25732216
0.16423947,0.20457461
0.19103242,0.19367194
0.17013396,0.21038829
0.2401069,0.25151438
0.21337782,0.21365803
0.22581556,0.24007219
0.21135387,0.22014499
0.17903322,0.17241073
0.20541593,0.21976368
0.263545,0.26240146
0.21173206,0.21588987
0.19737217,0.20304552
0.19792052,0.19997096
0.20366985,0.20604035
0.24610963,0.2554689
0.24616474,0.26594353
0.24208486,0.23456326
0.19322753,0.22159454
0.1765324,0.2129678
0.20068553,0.21821602
0.1904755,0.20485553
0.19460686,0.2334579
0.18696012,0.22286339
0.19746368,0.22419432
0.18014237,0.2096186
0.18673664,0.21219899
0.21738254,0.23027232
0.19425866,0.18942636
0.22120742,0.21237305
0.1862093,0.2323437
0.20930032,0.24713913
0.17969844,0.197925
0.20907637,0.22232386
0.2004343,0.19883874
0.2013583,0.22986075
0.20326266,0.23644362
0.21033928,0.18688086
0.19703428,0.21688701
0.20217787,0.22704549
0.21728493,0.20318869
0.21119553,0.23412116
0.21885319,0.23867573
0.21204998,0.19717488
0.20010555,0.23067658
0.20798782,0.2343837
0.14698935,0.16862671
0.19076255,0.18864426
0.15455705,0.1590976
0.18968463,0.17632857
0.16450135,0.19862083
0.15935579,0.22313383
0.18398306,0.18305834
0.19434245,0.18757997
0.20390406,0.19624218
0.17244953,0.20090789
0.17825872,0.21461159
0.18742454,0.22027591
0.21454187,0.23941982
0.21468215,0.2470761
0.21119662,0.23759356
0.15586777,0.18882975
0.29605663,0.32202145
0.29181805,0.28688115
0.28511065,0.27150348
0.2851525,0.2806694
0.28039014,0.2712102
0.25739118,0.2462894
0.20888144,0.21324869
0.24393496,0.25327682
0.18503691,0.18860301
0.22456324,0.23099256
0.23673537,0.25241995
0.2257038,0.22034326
0.21423681,0.21204904
0.19608364,0.20181654
0.17289874,0.1844627
0.22427309,0.21822627
0.22940336,0.23855603
0.21897703,0.22055507
0.22361216,0.2361955
0.22237737,0.2260998
0.24808064,0.23849066
0.21767496,0.2274677
0.24925323,0.24184367
0.2173382,0.21321097
0.21466783,0.23952891
0.21342765,0.21848351
0.21618868,0.213779
0.21091805,0.23614676
0.2117522,0.21895969
0.19453527,0.1947981
0.17676495,0.18914215
0.19396889,0.22022691
0.20738152,0.2021958
0.22347492,0.228757
0.222491,0.20741877
0.20440593,0.2108813
0.22151232,0.23431975
0.2185531,0.21755098
0.2973407,0.28931403
0.30135176,0.28994432
0.23055035,0.22732379
0.21799757,0.23852876
0.23387688,0.23372176
0.23777176,0.2373322
0.22632897,0.24404918
0.2411599,0.24334794
0.2102168,0.20747668
0.21013227,0.23038372
0.18323347,0.20301178
0.18818952,0.23032163
0.18915987,0.21705323
0.26669133,0.25671074
0.23385534,0.25152794
0.2921102,0.28837538
0.22442792,0.23741731
0.24019912,0.23197885
0.26035124,0.24827866
0.24904394,0.25328022
0.22485733,0.22136268
0.24135819,0.23028748
0.24697071,0.23831277
0.23684603,0.23099177
0.21320683,0.20057222
0.22480655,0.19481465
0.20248458,0.20344897
0.23050897,0.22197565
0.2460563,0.24726118
0.25431603,0.2563787
0.25337327,0.2594095
0.25739196,0.25758296
0.26991585,0.2683087
0.20935073,0.21059683
0.21522066,0.21365029
0.20958427,0.2146351
0.2197855,0.22275335
0.20216471,0.20191151
0.19840333,0.18791467
0.2248181,0.22008145
0.2505852,0.26590407
0.23323746,0.25257707
0.2373283,0.2638482
0.2087651,0.2085709
0.20572354,0.21862705
0.22224182,0.23863755
0.2136884,0.2277356
0.21209602,0.2139543
0.1981471,0.20607302
0.19755968,0.18928507
0.22905463,0.22523953
0.21419016,0.21645239
0.24395864,0.24618973
0.22517219,0.23655805
0.2735681,0.2697994
0.20912454,0.22080788
0.20907356,0.22156486
0.20917726,0.21232986
0.20323953,0.20668851
0.18028761,0.19024979
0.16946027,0.17868452
0.22842844,0.23409572
0.22773379,0.2251097
0.22012126,0.2401094
0.22316502,0.23556566
0.21237524,0.2178162
0.21213222,0.21195504
0.23263508,0.24678381
0.23038314,0.26168668
0.23691753,0.23113264
0.20373096,0.21302429
0.2150514,0.23114657
0.2245223,0.22615206
0.1948358,0.22370629
0.26371518,0.25787973
0.2448467,0.27975905
0.26193985,0.28346357
0.23578224,0.2705993
0.28345507,0.30272648
0.25936553,0.26726264
0.20186903,0.19221243
0.16888292,0.18179943
0.2062158,0.23300324
0.24805719,0.2498303
0.24861264,0.2572774
0.17382309,0.18226188
0.17156994,0.17085019
0.2564776,0.25928727
0.25553823,0.25656512
0.2653467,0.27373233
0.26474223,0.27457345
0.19575483,0.22710286
0.21257246,0.2423303
0.26050153,0.261035
0.18061635,0.19827487
0.1943789,0.2378929
0.24122547,0.2776578
0.1902928,0.22456318
0.15683855,0.18666051
0.24082623,0.24055234
0.24802864,0.23910241
0.27421603,0.2618589
0.20242071,0.21347141
0.21025907,0.21053907
0.23849459,0.23286909
0.21352321,0.2510795
0.21403307,0.2196372
0.2126488,0.24810348
0.21004789,0.22779335
0.22656605,0.23732738
0.2427495,0.22270125
0.24539831,0.26343936
0.23047441,0.24764243
0.24156752,0.2639404
0.23386365,0.24089052
0.24621736,0.2573294
0.2287253,0.25376284
0.23528934,0.26048672
0.2723178,0.27049425
0.2528854,0.2720669
0.25939697,0.27909225
0.20708844,0.2383023
0.23147339,0.23915905
0.22066557,0.24170953
0.20542006,0.1959019
0.21769175,0.22765708
0.23495254,0.2424244
0.1930939,0.18191098
0.19104922,0.18427497
0.18691249,0.21393713
0.16708732,0.1859508
0.27457112,0.29381853
0.23055574,0.2454022
0.21696347,0.23327002
0.25295392,0.27348524
0.22398493,0.2382045
0.22545822,0.23277734
0.25596774,0.26949102
0.21502009,0.23685195
0.21797574,0.2267577
0.25415647,0.27190638
0.2554224,0.2560862
0.26017234,0.2769158
0.28314492,0.26903757
0.24218675,0.2573945
0.26522183,0.24403949
0.250161,0.2588717
0.27005026,0.25958824
0.25506848,0.27562988
0.2817859,0.255569
0.26980507,0.26862437
0.26684353,0.25241426
0.2559976,0.26389775
0.25519457,0.2464024
0.25478032,0.25817847
0.2767064,0.26906437
0.25580648,0.24783573
0.23916729,0.20287746
0.2263229,0.20260772
0.24603546,0.22840624
0.24568738,0.21809004
0.22046411,0.24477574
0.20734969,0.23249908
0.25531974,0.283334
0.27432114,0.27204138
0.2710017,0.2727961
0.26643997,0.26900548
0.24686787,0.2330634
0.22786014,0.2297314
0.19241267,0.21840316
0.2018338,0.22160353
0.26707467,0.26329213
0.25958163,0.2658748
0.27042133,0.2789604
0.26326257,0.2768607
0.26574898,0.27541772
0.25561097,0.27366054
0.23024982,0.24021031
0.24088754,0.26241076
0.23863328,0.25774437
0.26202416,0.2599153
0.256317,0.2576332
0.24546817,0.25843206
0.2300431,0.214445
0.23070145,0.21780387
0.2117753,0.22417668
0.24710679,0.23132563
0.2342751,0.25390762
0.25914073,0.25788897
0.238478,0.2448391
0.25757682,0.2474499
0.18369016,0.19405939
0.16645414,0.16658717
0.17968114,0.1925318
0.2067547,0.2178775
0.29690787,0.30188367
0.24314603,0.24419622
0.18886419,0.18423092
0.3255586,0.329354
0.28721595,0.29864958
0.31036016,0.32028913
0.24109513,0.24346703
0.25601277,0.2610545
0.18509635,0.17597449
0.18767256,0.20117955
0.22541136,0.24693854
0.24446326,0.26215175
0.22018325,0.2368734
0.21742547,0.23554625
0.22988266,0.23054107
0.24122098,0.25061905
0.22513485,0.2253984
0.21992153,0.22003093
0.2959191,0.30708638
0.19543022,0.21913598
0.20932104,0.21878332
0.17430238,0.18142168
0.15432824,0.16795304
0.1927526,0.20442013
0.20087768,0.233374
0.20667899,0.20924418
0.24258423,0.2322051
0.24940886,0.25120622
0.2621086,0.2661406
0.22876461,0.24815251
0.28200662,0.29035643
0.21276608,0.2275805
0.21887517,0.23106818
0.23995939,0.2375081
0.17813565,0.183844
0.22599149,0.2225822
0.18192433,0.18635744
0.2567594,0.2460612
0.20660026,0.24725531
0.18872577,0.20471756
0.23236637,0.2503434
0.17964575,0.19606973
0.2603257,0.2527215
0.20175125,0.21097632
0.22384861,0.23452573
0.18965556,0.20645975
0.21945687,0.20907338
0.18811274,0.2101536
0.19788069,0.22256847
0.19823867,0.20157385
0.29588538,0.29586655
0.18844356,0.18446569
0.14997193,0.17032568
0.19473615,0.24944255
0.21377948,0.24181518
0.2139582,0.21769412
0.27566713,0.28050095
0.28060555,0.28452784
0.28092486,0.28549474
0.2793992,0.28705308
0.2427765,0.23288524
0.2541006,0.22730348
0.2557211,0.23842518
0.26352903,0.2690543
0.26573375,0.27047154
0.26357824,0.26954424
0.26961237,0.2745106
0.27761692,0.27863628
0.28133297,0.28387344
0.279515,0.2798403
0.21778893,0.21929464
0.23217924,0.23303126
0.23269573,0.25616065
0.25477177,0.26737988
0.23651904,0.23972955
0.24297711,0.23619229
0.22331905,0.24333334
0.22010392,0.21241641
0.22648604,0.23221453
0.25701338,0.26908115
0.2608919,0.2695359
0.24770582,0.24910074
0.24332477,0.26737696
0.20542459,0.21339402
0.18841913,0.18082206
0.18443003,0.16880298
0.17847641,0.20038892
0.17447771,0.18961993
0.12367553,0.146135
0.23790297,0.26100743
0.23669955,0.23102424
0.18172003,0.18888862
0.18461803,0.20561324
0.20689192,0.20591277
0.26930863,0.3118105
0.25166577,0.28575847
0.2792561,0.2829485
0.23314586,0.23825891
0.24684724,0.26015157
0.24567021,0.25726497
0.2198534,0.23165408
0.215715,0.22424717
0.1581022,0.18054394
0.16915578,0.17852955
0.19939008,0.23874229
0.20587708,0.2284006
0.18181792,0.19037801
0.2360417,0.25253043
0.2678035,0.2626066
0.24905612,0.25384933
0.25960997,0.25331253
0.13989447,0.16673803
0.16076526,0.17755017
0.22158352,0.23298511
0.20069897,0.21009871
0.20348614,0.20944434
0.270559,0.25429648
0.29613763,0.29168496
0.27213854,0.27753827
0.19618872,0.19147868
0.23464304,0.24576233
0.247798,0.2560839
0.2530465,0.25341794
0.24194652,0.2405841
0.15633217,0.18611619
0.28455156,0.30476046
0.25856346,0.2550744
0.263255,0.25434935
0.27755558,0.25744978
0.2124002,0.20974192
0.2543774,0.27162778
0.29864308,0.30234426
0.24468789,0.2674923
0.24469575,0.28960586
0.24116597,0.26355553
0.2697152,0.29020146
0.20985758,0.23466317
0.26231134,0.2611043
0.25488484,0.26739347
0.23936352,0.24491373
0.25306523,0.27213818
0.2580869,0.26943177
0.118049204,0.17217802
0.18840544,0.18669663
0.25412387,0.2577118
0.24193977,0.25780147
0.27313894,0.29683003
0.2405213,0.25376722
0.24371806,0.25656685
0.2365529,0.24663517
0.24615932,0.26211718
0.24292135,0.25623876
0.24688011,0.26609334
0.24603496,0.24756886
0.24880162,0.25085425
0.27719483,0.280264
0.27277085,0.2824917
0.25250626,0.25007093
0.23184198,0.23704919
0.24879566,0.25548276
0.22908998,0.24547487
0.26663578,0.28441268
0.26617,0.27676558
0.2587754,0.2724547
0.26112765,0.27872193
0.25899515,0.2702189
0.2545741,0.26992247
0.25270075,0.25327426
0.2500806,0.24909064
0.2603422,0.25476676
0.24927005,0.25280356
0.24663298,0.249318
0.24913208,0.24714176
0.23842132,0.24456745
0.23588619,0.24311747
0.23649547,0.2389966
0.25003913,0.25490203
0.23121218,0.2466403
0.22591236,0.24048486
0.22492205,0.23127063
0.14926967,0.15634085
0.1442732,0.17560643
0.20689042,0.23001206
0.1757416,0.20756368
0.16813168,0.18122086
0.20548913,0.23963699
0.17592031,0.197107
0.26052704,0.27395856
0.28237304,0.2905977
0.24539322,0.25801864
0.24541332,0.2542159
0.24283034,0.25616336
0.25054345,0.28121755
0.2434204,0.24813299
0.25558025,0.2710408
0.20035234,0.22412218
0.21183878,0.22219485
0.20829646,0.28387135
0.23718295,0.24533224
0.24417236,0.2545719
0.24275623,0.23448981
0.24131264,0.2559201
0.24132103,0.26952714
0.23380646,0.26026815
0.22498173,0.22328714
0.24281996,0.24650557
0.25206748,0.29110035
0.29668146,0.29071093
0.29252824,0.31737643
0.275568,0.29788765
0.3044731,0.32143188
0.25196123,0.29380307
0.19574541,0.21310659
0.2358059,0.22824009
0.21811424,0.23317881
0.21657445,0.21971045
0.1994056,0.2099432
0.26414695,0.25573462
0.2654293,0.25788987
0.27187866,0.26905537
0.2692587,0.26448786
0.2560449,0.25217912
0.25663516,0.24918126
0.2067308,0.21149048
0.18462594,0.18659282
0.22958124,0.21678406
0.22242057,0.23204651
0.2164489,0.22556186
0.21868698,0.22259735
0.21236195,0.22236027
0.21166888,0.2190955
0.20685741,0.21434954
0.19638416,0.18366888
0.17628366,0.17558485
0.21707207,0.1990169
0.23270065,0.2410606
0.25150985,0.2641738
0.24800591,0.23051281
0.23346202,0.23087658
0.2937175,0.3081118
0.27627414,0.30608544
0.16333333,0.17451021
0.14407744,0.15468198
0.16273376,0.19933559
0.25351462,0.28713986
0.2281685,0.21502142
0.23398553,0.24280617
0.2522897,0.23794778
0.24377927,0.26874605
0.22661465,0.20836696
0.24880502,0.24859282
0.21931711,0.21240786
0.2261669,0.21011905
0.252154,0.25416845
0.21998546,0.20958537
0.22815935,0.24164698
0.22787076,0.25252897
0.25017744,0.24246354
0.20390235,0.20306209
0.22482307,0.22134992
0.27659085,0.2715919
0.1792487,0.1978618
0.19036852,0.19959722
0.18786544,0.24348043
0.23351555,0.25699514
0.2000783,0.23585555
0.2436353,0.24769136
0.20941482,0.22475381
0.24221593,0.23287165
0.20558403,0.19440094
0.17907785,0.17722163
0.20549238,0.1995598
0.2153261,0.2072834
0.22606343,0.20278801
0.18397257,0.17948356
0.2862503,0.28808606
0.1577861,0.1803422
0.24335828,0.26695678
0.28157353,0.28927833
0.18801463,0.1985937
0.19746327,0.2007115
0.22766387,0.23728403
0.22487077,0.2279796
0.20440261,0.212306
0.22295657,0.22381158
0.23563288,0.23915285
0.24039754,0.24973294
0.275962,0.29150933
0.2517098,0.25329202
0.240206,0.25341886
0.22022791,0.2102655
0.20457178,0.19369964
0.23665822,0.23558864
0.22248283,0.20658824
0.21594359,0.22950277
0.20097882,0.20636542
0.22227845,0.24660411
0.27344242,0.28103986
0.2238168,0.27380183
0.21128994,0.20620802
0.19869958,0.20349808
0.23136365,0.25535005
0.16194597,0.15027966
0.24379468,0.24013841
0.23356055,0.2507645
0.22090854,0.199888
0.23146881,0.2189329
0.270128,0.26515454
0.2142779,0.25697154
0.224062,0.24560349
0.23881176,0.25576746
0.24870852,0.26444072
0.2573651,0.295936
0.2718634,0.29139256
0.16190654,0.20927092
0.18331179,0.21301527
0.16118065,0.21934353
0.17836148,0.22333173
0.21014316,0.21947086
0.25240508,0.25906727
0.19710428,0.19947657
0.15722013,0.17443576
0.20689696,0.2181327
0.20967218,0.2283729
0.21307147,0.22816765
0.17681563,0.21304482
0.26530498,0.28273863
0.2629737,0.28851113
0.21307147,0.22816765
0.17533745,0.21591401
0.24545881,0.25498933
0.25092095,0.27483177
0.17804582,0.20563155
0.19138348,0.2216541
0.15498209,0.20629501
0.17211157,0.22588691
0.19258007,0.21114
0.23988391,0.25961703
0.17559999,0.21679658
0.19263624,0.2085914
0.24544263,0.26071283
0.1780001,0.21499649
0.23460102,0.23515855
0.23514296,0.2420238
0.22042479,0.22980863
0.22054154,0.22430754
0.24173778,0.25206113
0.18042798,0.21444681
0.18438253,0.20521167
0.19550823,0.20886818
0.17455369,0.19472788
0.120870434,0.1299544
0.11788203,0.13218129
0.16820914,0.17519946
0.14137983,0.15378466
0.15824921,0.17080319
0.13740921,0.15202367
0.14187872,0.14043598
0.13290349,0.14602754
0.22447339,0.23542204
0.22014122,0.23783809
0.26553658,0.25982523
0.25562006,0.25647247
0.19765115,0.17676075
0.2526472,0.24139515
0.24446288,0.24424306
0.2525763,0.24192533
0.24009894,0.24567272
0.24963476,0.25064996
0.23706615,0.24764997
0.2601388,0.25684097
0.24798104,0.24392644
0.23438843,0.23802122
0.255737,0.24972558
0.27748364,0.28394917
0.27355298,0.2869018
0.29038522,0.2880752
0.26987714,0.27395096
0.26712647,0.2783284
0.27641362,0.27732128
0.24274513,0.28370953
0.26751885,0.284346
0.27971524,0.31737912
0.29992056,0.2994266
0.17232344,0.16760588
0.21124253,0.2308849
0.2371628,0.280732
0.23885435,0.22041708
0.21467695,0.19020334
0.21311551,0.25780606
0.24134454,0.24363476
0.25762826,0.25565577
0.1920696,0.18966322
0.19983312,0.1926582
0.18791781,0.1847817
0.2644466,0.30066547
0.28095418,0.2886509
0.2427998,0.28586376
0.284854,0.30506277
0.23396567,0.23933674
0.23098606,0.23093233
0.21203518,0.23454365
0.25289524,0.24811257
0.2409263,0.2493245
0.24103624,0.23841174
0.21574324,0.23902717
0.2554569,0.25981838
0.21838585,0.21329476
0.26053336,0.25851953
0.22546127,0.21893853
0.25862807,0.23930135
0.2486189,0.22962567
0.2668227,0.25403586
0.2534962,0.24109891
0.26276377,0.25252503
0.25975123,0.25553945
0.2672957,0.2530939
0.22313207,0.236371
0.23038492,0.23062785
0.28704056,0.28366458
0.28342187,0.27284062
0.3094454,0.31859964
0.31223136,0.32245493
0.3216493,0.32932788
0.32625997,0.3316598
0.32413572,0.33320206
0.32600462,0.33731437
0.30141735,0.34330744
0.31166145,0.33881435
0.31110698,0.3564946
0.28786054,0.2897028
0.3038168,0.3044854
0.25580096,0.2648009
0.27712837,0.27974185
0.2695498,0.28168723
0.29059157,0.29630178
0.27096874,0.28409705
0.27648222,0.29557273
0.30948746,0.3062947
0.24197215,0.2617653
0.26775235,0.2778685
0.29051268,0.3136235
0.26831922,0.28081357
0.29105467,0.2923689
0.2813276,0.3057543
0.30873832,0.32299095
0.30367494,0.31198108
0.259163,0.25447083
0.2532002,0.26088598
0.27338094,0.2742591
0.25086316,0.26451868
0.24477696,0.27633893
0.2654965,0.28850025
0.2623047,0.26582727
0.26812255,0.26734722
0.22012219,0.24182115
0.24650323,0.26981065
0.28126377,0.27413127
0.2811632,0.2730746
0.2890428,0.2786092
0.26893914,0.27107385
0.2612783,0.2563885
0.25548667,0.24637541
0.31549007,0.30835405
0.2696737,0.26685056
0.28437716,0.29659614
0.28113335,0.2815978
0.3162458,0.2788405
0.28005517,0.25226295
0.28653544,0.2639406
0.2836505,0.2574329
0.24885984,0.24187812
0.23184708,0.2340031
0.23035786,0.2328929
0.24944228,0.23367417
0.2205886,0.20978223
0.23210809,0.23216245
0.19513306,0.20638326
0.22907399,0.24434343
0.23817366,0.23847578
0.21841727,0.23031434
0.18989435,0.19514985
0.19904335,0.20582062
0.21755482,0.2154427
0.20820665,0.19450279
0.21494104,0.20139095
0.23376617,0.21184579
0.19336465,0.20556168
0.22072583,0.23107821
0.20169617,0.20171052
0.22635722,0.22641155
0.17143759,0.18207759
0.1772086,0.18934156
0.19052088,0.18752182
0.17890218,0.19153516
0.18009391,0.19881275
0.19215354,0.2013627
0.20871848,0.22159961
0.22222453,0.22784397
0.18717849,0.20906812
0.19866878,0.20987591
0.28378743,0.28534114
0.27802688,0.27645838
0.26564562,0.28619128
0.26473385,0.28322598
0.20662378,0.21508177
0.21221748,0.23010631
0.26321885,0.27222136
0.28810573,0.28935188
0.2518031,0.2597478
0.2848848,0.28488004
0.27661645,0.284643
0.2739392,0.27337974
0.3033818,0.3133353
0.27660534,0.28448197
0.30452374,0.30178818
0.28674513,0.29976887
0.28924465,0.29132777
0.17786497,0.1694938
0.16735369,0.17162624
0.162707,0.16829686
0.15548457,0.17020355
0.16497287,0.16331555
0.33346948,0.34463993
0.3393935,0.35062444
0.1809404,0.19088279
0.21769588,0.24546097
0.22564745,0.23179099
0.21685278,0.21635853
0.16956362,0.17230389
0.2469049,0.25973478
0.2302698,0.22273187
0.22316878,0.22813347
0.23318693,0.236092
0.17201257,0.18447462
0.27529427,0.2758389
0.23474333,0.25042784
0.19571075,0.22751369
0.28606352,0.29044288
0.3001071,0.29803893
0.27348346,0.2714336
0.25737244,0.257051
0.17864537,0.22869243
0.19806927,0.2032033
0.2550292,0.25104365
0.20474978,0.19971737
0.19863072,0.21307445
0.1542304,0.19072893
0.21105745,0.21906206
0.21019173,0.20626396
0.27849248,0.29032907
0.28189027,0.28719962
0.2513382,0.25420865
0.2888719,0.27867082
0.2790676,0.2745251
0.27621508,0.28941137
0.24421701,0.2658388
0.21050268,0.2003476
0.19783431,0.20901155
0.21018988,0.22423624
0.19538975,0.19792663
0.26954368,0.26568234
0.32895195,0.33012784
0.28337893,0.26533854
0.27595732,0.27255672
0.27501673,0.29372567
0.28119826,0.27195188
0.2549042,0.252929
0.25371802,0.25200427
0.2422972,0.24052474
0.24167661,0.23676227
0.24703059,0.25314745
0.23032568,0.22718556
0.23659301,0.2380136
0.2375302,0.2264117
0.253074,0.23811752
0.23004858,0.23132594
0.23468153,0.22280131
0.20601997,0.18703188
0.21471363,0.20177837
0.21317042,0.20624433
0.20444028,0.20188081
0.22027035,0.20955504
0.2323708,0.22944978
0.2287178,0.22782129
0.21260192,0.21894537
0.21981527,0.22673193
0.22299963,0.23959203
0.21717872,0.21332861
0.23056418,0.21877627
0.24255484,0.23643665
0.23233002,0.2617167
0.25472176,0.27387932
0.17706887,0.18033893
0.19388996,0.20410551
0.23934679,0.25247726
0.24863486,0.24548356
0.25905102,0.25287956
0.17959544,0.1917659
0.2686988,0.27523363
0.20115383,0.24401522
0.19941787,0.21669698
0.26762268,0.27535266
0.30572665,0.30970663
0.28495693,0.29210842
0.2549925,0.2745783
0.23952228,0.24500093
0.24110964,0.23748483
0.21977538,0.25349128
0.23043615,0.25921136
0.2201015,0.24648896
0.23160405,0.26920462
0.24264604,0.26831454
0.22947133,0.26516372
0.20480646,0.19863042
0.21235307,0.20903726
0.22971636,0.21606755
0.22513673,0.22415838
0.1867129,0.20357114
0.22904356,0.2363445
0.2102981,0.20888917
0.19263478,0.20031117
0.22136573,0.22398926
0.20753078,0.2017706
0.25758064,0.29099563
0.2555253,0.27388144
0.26499593,0.27909172
0.17618848,0.21323211
0.2586129,0.27802312
0.14286269,0.14513786
0.24528924,0.22914541
0.279757,0.29155463
0.27903023,0.2767048
0.27103743,0.2773474
0.23655006,0.2264456
0.2307508,0.2281691
0.20791307,0.2244819
0.16490854,0.21132144
0.17125754,0.20821007
0.22521603,0.25501943
0.18268624,0.23884687
0.18866491,0.23491809
0.23974234,0.24410595
0.20357801,0.22800498
0.20661668,0.23119064
0.19079895,0.23174794
0.1490083,0.21799809
0.15200238,0.21570429
0.18222271,0.16733027
0.15043472,0.1482541
0.18983309,0.19135122
0.1634982,0.17420827
0.19634952,0.18115549
0.16708344,0.1635175
0.17073289,0.1787222
0.14685144,0.15792647
0.25274953,0.25325456
0.23197761,0.24672937
0.22815232,0.24342448
0.2059983,0.228542
0.23592673,0.24697497
0.2071712,0.22643872
0.22445667,0.26510674
0.22949985,0.27370602
0.21362558,0.21262124
0.19205746,0.20687522
0.2472842,0.23957412
0.2750729,0.27831894
0.2719525,0.285051
0.26115727,0.2670111
0.23183921,0.26701835
0.21639962,0.24135989
0.2068677,0.25347072
0.2517678,0.29416016
0.22127596,0.2748276
0.23827076,0.27429724
0.22458263,0.24257377
0.15337056,0.19284609
0.25217974,0.24014436
0.23064044,0.2294087
0.23302908,0.2204658
0.2210849,0.22019646
0.3040616,0.29354125
0.29136467,0.28641963
0.3026125,0.30037546
0.29719007,0.28923324
0.24127923,0.2467286
0.21564077,0.21403101
0.23942016,0.2506977
0.24439363,0.23938446
0.19188076,0.19056502
0.25550315,0.22502
0.23491004,0.24067676
0.18750301,0.2425206
0.20969515,0.2297091
0.20450431,0.22318539
0.2158416,0.2693169
0.22393651,0.25116217
0.22723134,0.25254297
0.1536666,0.16423582
0.20739634,0.21945474
0.1997902,0.23057435
0.25449377,0.26111385
0.26996478,0.2904881
0.20544615,0.2184443
0.2435165,0.2591245
0.26886708,0.29358566
0.24623449,0.24574304
0.24727982,0.24599826
0.20585373,0.20696753
0.2375611,0.24764457
0.2694809,0.26893008
0.23752019,0.25655237
0.2257988,0.25962675
0.236114,0.25414062
0.17382002,0.17994978
0.17818359,0.17979746
0.16775288,0.16072379
0.17159545,0.15933993
0.27130866,0.2920119
0.24322683,0.2564031
0.30134806,0.30993342
0.26921958,0.26522893
0.19575717,0.20510718
0.21334761,0.20680457
0.19246139,0.20642895
0.19812518,0.1990361
0.19222611,0.2197563
0.19175248,0.19613063
0.20245874,0.20817861
0.20274395,0.19541095
0.16767779,0.18988986
0.16878492,0.18530713
0.18930805,0.20946157
0.17576526,0.19170901
0.29872206,0.30101785
0.26789784,0.26171285
0.31083488,0.3141147
0.2762629,0.26914272
0.22069886,0.22512631
0.2641362,0.27363354
0.27635118,0.27876952
0.18045595,0.21762875
0.18185611,0.19661278
0.18374214,0.20698172
0.18508828,0.1732209
0.20830756,0.24115866
0.21660553,0.21121264
0.12206617,0.12163139
0.15623054,0.1718526
0.23235139,0.24597074
0.16161837,0.20382313
0.17278197,0.20822993
0.20480804,0.23114792
0.20333128,0.21418624
0.2112544,0.21668236
0.22697726,0.22795883
0.26421258,0.2865196
0.26069266,0.30238092
0.23176779,0.23824279
0.2803818,0.2956305
0.20203018,0.23042965
0.18280363,0.200477
0.3087454,0.30014324
0.30660212,0.29933044
0.3010281,0.29644457
0.31542498,0.32845938
0.24889192,0.25183585
0.2874581,0.27913365
0.2777055,0.2694397
0.2700754,0.25281292
0.25815457,0.26292455
0.30045786,0.3011026
0.2768498,0.28516996
0.28063965,0.27711314
0.2080232,0.18298462
0.23235834,0.2205067
0.20738405,0.20002061
0.21432704,0.21750902
0.25283158,0.26559484
0.22985187,0.2427718
0.2096929,0.22537881
0.1995623,0.20260337
0.18271819,0.18725088
0.2196779,0.2088545
0.20172602,0.19384465
0.21446508,0.21098745
0.21715592,0.22364601
0.2833451,0.289542
0.28200015,0.27535638
0.15714748,0.16179134
0.16215767,0.1757099
0.20683563,0.22228244
0.20538977,0.23669761
0.16214767,0.16246597
0.2854175,0.28353012
0.2720234,0.28479907
0.22846687,0.25907525
0.25941068,0.2915047
0.22066882,0.26593384
0.20264666,0.26896292
0.2362226,0.2644395
0.25182036,0.28824428
0.2593217,0.2743287
0.26407066,0.29269007
0.2632684,0.26643556
0.2600548,0.2586075
0.2485307,0.2527079
0.25021958,0.28862566
0.26979977,0.29836872
0.24808861,0.27838102
0.26782224,0.28545597
0.31217384,0.31533942
0.30037212,0.2965626
0.31667814,0.32166517
0.30883077,0.30361035
0.29828203,0.2903978
0.31231162,0.31190068
0.18592113,0.17107093
0.15301293,0.15037386
0.14798711,0.17250332
0.1684376,0.18384339
0.16047616,0.20358907
0.19752213,0.21089458
0.14402679,0.16221978
0.18359151,0.17403425
0.20694123,0.22469151
0.19224727,0.216778
0.21231875,0.23055586
0.1906001,0.19010055
0.17764099,0.18036325
0.19687787,0.19904648
0.16945367,0.21141046
0.1590651,0.20612119
0.17521358,0.21763252
0.19691119,0.22291528
0.1833805,0.2132253
0.20551479,0.22926772
0.18913049,0.2038766
0.18844289,0.18569149
0.24867392,0.25023833
0.245341,0.2565286
0.24649687,0.26062667
0.25379854,0.24547568
0.2501376,0.24807125
0.23928684,0.2320622
0.26663166,0.2490266
0.19621678,0.21498708
0.23077862,0.23108736
0.20402509,0.20698465
0.22365557,0.24827293
0.23134246,0.27641743
0.232855,0.2400969
0.25657138,0.2791065
0.24720612,0.27413076
0.30645365,0.30481714
0.2177231,0.20319358
0.17013627,0.19623944
0.1625774,0.20035213
0.12434366,0.13247724
0.11970043,0.122817084
0.11755289,0.12584916
0.12488876,0.1325584
0.11867884,0.12630823
0.11243833,0.12849274
0.118810296,0.13550237
0.09105155,0.12096537
0.1256026,0.13748011
0.121944346,0.13612585
0.09855439,0.12697151
0.12862508,0.14056186
0.2440636,0.24910398
0.24017017,0.24621241
0.24591084,0.24876879
0.13736863,0.15151769
0.1295199,0.14181235
0.1427069,0.15969388
0.14479496,0.14549571
0.13370006,0.13226132
0.15172993,0.15148558
0.13603154,0.13782312
0.13014193,0.13128453
0.1389152,0.14166269
0.22379428,0.21656379
0.2218699,0.21433356
0.25008062,0.28038776
0.25396347,0.26898178
0.25020167,0.27777478
0.25279957,0.2617756
0.26096898,0.23833424
0.2408533,0.24489109
0.26202133,0.2830261
0.24038471,0.2619888
0.22534917,0.25817993
0.27281287,0.28106722
0.2635954,0.26889598
0.22265734,0.21953505
0.29390085,0.28407025
0.2897516,0.28115886
0.2922151,0.28480744
0.29068953,0.28442872
0.2732281,0.25616992
0.28778872,0.26256055
0.3061509,0.26764283
0.24210519,0.26505715
0.21757823,0.22516449
0.21973655,0.22862779
0.22911015,0.2552959
0.25867903,0.25611475
0.23019122,0.2517123
0.25839865,0.2518105
0.22955772,0.24261741
0.2330164,0.23897521
0.23650417,0.23915653
0.20179395,0.22380604
0.21467209,0.2233828
0.22082339,0.22520459
0.2136557,0.24790765
0.23266299,0.2306068
0.24180424,0.24496105
0.25503936,0.25474688
0.24863137,0.24651387
0.23079172,0.2265261
0.24358532,0.24470958
0.24893254,0.24937496
0.24544536,0.2418856
0.22186169,0.22116259
0.23275623,0.23589572
0.24522856,0.2461485
0.23574549,0.23463571
0.21959904,0.23686266
0.24795128,0.25498033
0.20489421,0.23281105
0.2264694,0.24608254
0.2185929,0.21871117
0.19930808,0.21642476
0.16214104,0.19858977
0.1675266,0.21526659
0.28560758,0.2998878
0.28752488,0.27768806
0.28349036,0.28743646
0.22851449,0.23999426
0.23043552,0.23233706
0.25087905,0.25741768
0.25354528,0.25435552
0.23809657,0.27890694
0.26118675,0.27197635
0.23631434,0.27707946
0.25903505,0.27249753
0.23667991,0.27704334
0.22724251,0.27634004
0.29662588,0.3161618
0.29579332,0.31378317
0.25761458,0.26186788
0.25663292,0.25529554
0.27074236,0.2745098
0.22476213,0.21331275
0.27251455,0.27557158
0.2776465,0.2785191
0.27319664,0.27487934
0.2564429,0.26528355
0.2646528,0.26576063
0.25742674,0.26283762
0.2804421,0.28149292
0.2763051,0.28096175
0.27724615,0.28388405
0.27681392,0.28322864
0.28267223,0.30222076
0.24476905,0.2665447
0.21456203,0.20081821
0.23986888,0.23788098
0.22773628,0.22002429
0.24080291,0.23840743
0.25152552,0.2619193
0.24568242,0.25521585
0.25273526,0.26584813
0.19547908,0.24686465
0.173932,0.19487941
0.16668987,0.21849401
0.16656417,0.21806389
0.22755308,0.25679582
0.19729397,0.20974371
0.1929879,0.22731641
0.19045815,0.22620241
0.2155899,0.2502488
0.18809767,0.20149717
0.25684285,0.28137577
0.22105724,0.24143858
0.20617336,0.2460415
0.23229018,0.25116798
0.21734707,0.2420044
0.25068665,0.27308077
0.22930889,0.25857386
0.20218705,0.2175048
0.20444906,0.22845143
0.20967837,0.2204068
0.19069356,0.22598149
0.17538603,0.17524609
0.1947158,0.21202223
0.20150521,0.21091807
0.24365143,0.28267747
0.21639633,0.23877272
0.20561624,0.2414985
0.19925426,0.19854794
0.23824643,0.25579017
0.28916705,0.2928295
0.20170493,0.21446279
0.23721953,0.2440737
0.2313092,0.23358151
0.27906442,0.28767136
0.27029273,0.27314618
0.26413634,0.2819366
0.26159394,0.28104365
0.22744738,0.23809789
0.21987458,0.22724776
0.25252113,0.25101998
0.25155032,0.24332087
0.2470673,0.2421795
0.23582458,0.22441575
0.23399183,0.21674123
0.17204608,0.18905248
0.20505984,0.2156762
0.21610683,0.22525847
0.15145394,0.16897267
0.15397224,0.16114575
0.17607287,0.18482096
0.13196233,0.11293478
0.1836778,0.18785569
0.25109023,0.23959124
0.23789793,0.26684266
0.24133204,0.26810223
0.32103127,0.32252258
0.23361188,0.26778623
0.23219478,0.25827977
0.25393006,0.2475495
0.25600255,0.26036632
0.24272348,0.23475218
0.22091039,0.20987387
0.2212444,0.22765206
0.19952086,0.20953545
0.21099222,0.21681441
0.23447344,0.26498654
0.24500701,0.26972923
0.23408487,0.23457152
0.18514873,0.2125511
0.18944573,0.22042014
0.28398335,0.29411098
0.26348904,0.26707423
0.28316802,0.30009323
0.17636365,0.23722836
0.19814567,0.23576379
0.27661878,0.2723058
0.21944955,0.23938042
0.24673465,0.26780814
0.2954176,0.33437383
0.23870547,0.28521907
0.30993605,0.3316535
0.2571952,0.2851759
0.25477123,0.30143845
0.2754623,0.3024464
0.22837538,0.2231992
0.30645412,0.306635
0.22613665,0.23239934
0.25387916,0.2617217
0.32210904,0.33381626
0.239728,0.23118155
0.21919678,0.22483778
0.24937087,0.25242442
0.18612152,0.18439105
0.2425527,0.2554074
0.23651102,0.216708
0.24695186,0.24297535
0.2601906,0.26633808
0.22687162,0.2238992
0.24683525,0.26652664
0.25740612,0.27639976
0.26792407,0.28744072
0.27358767,0.26691496
0.27010557,0.27119264
0.1530984,0.19500084
0.20659563,0.22052981
0.23239256,0.22899464
0.23812646,0.24436654
0.2287744,0.24769472
0.23831178,0.25336257
0.22447453,0.22468379
0.22440538,0.23366858
0.23681962,0.23839319
0.22741604,0.2253638
0.22202429,0.23291568
0.23651055,0.23845626
0.17289867,0.1935664
0.18945172,0.21235177
0.19940585,0.19943336
0.20582072,0.22925487
0.20232448,0.20218748
0.16417421,0.2055262
0.14632566,0.1721528
0.2836628,0.29863864
0.254474,0.2607749
0.27146822,0.2944444
0.23710288,0.26238656
0.2346818,0.23260716
0.21363722,0.21689382
0.22271594,0.24068782
0.1979391,0.22890785
0.31498218,0.31969386
0.3071684,0.31695294
0.28958732,0.28250933
0.2831555,0.27254722
0.24521792,0.24244139
0.23025544,0.2409784
0.23675956,0.22435583
0.2239311,0.22128372
0.23601574,0.23138791
0.22429056,0.22785045
0.22650169,0.21195213
0.21390276,0.2100184
0.2676857,0.26920888
0.25052172,0.2668902
0.25062782,0.2683657
0.25274414,0.25547326
0.23940001,0.25151336
0.2420224,0.25575164
0.29818878,0.28883705
0.3008156,0.29327887
0.29380244,0.2876317
0.2971984,0.28987148
0.19773826,0.19451588
0.24435213,0.18532419
0.22156738,0.2378099
0.24574526,0.23094392
0.21555126,0.23738378
0.22569181,0.22680831
0.23316637,0.21619189
0.2236688,0.2241444
0.23184244,0.21479592
0.24588595,0.25389686
0.26855946,0.257377
0.24328071,0.2453615
0.2511189,0.24851146
0.21841288,0.21406418
0.19181152,0.22604752
0.25465727,0.26258865
0.19461532,0.195058
0.2714385,0.2737636
0.1905975,0.22197355
0.2731002,0.2944637
0.23469722,0.23844256
0.21436122,0.23843989
0.26674688,0.2848938
0.2576573,0.27949876
0.19116941,0.19395953
0.19527945,0.20030636
0.22649951,0.23967628
0.22314104,0.22255185
0.22048542,0.23016231
0.23419128,0.24557886
0.23026085,0.23098785
0.22930016,0.23753169
0.23237243,0.22859609
0.22977836,0.2240597
0.22819844,0.22388884
0.27768356,0.27537757
0.2485504,0.25232553
0.2770608,0.27525485
0.25300375,0.25396144
0.26275873,0.27874646
0.24348027,0.26243615
0.2777766,0.28695536
0.24671693,0.26681635
0.18939745,0.20500115
0.21414855,0.21356001
0.20999691,0.21157448
0.18817183,0.1958757
0.16729987,0.18278338
0.21616882,0.20928994
0.27721155,0.27658382
0.2908397,0.27783436
0.27316976,0.26672584
0.26408166,0.26476482
0.27498823,0.27067143
0.2583277,0.25841692
0.2653917,0.25165588
0.2507649,0.24986419
0.26147366,0.25468817
0.24146669,0.23944812
0.28459376,0.29568592
0.26799697,0.28921905
0.28862783,0.28979614
0.27751648,0.28679472
0.21933676,0.23047893
0.22367075,0.23744975
0.11150572,0.118596196
0.13390873,0.14576405
0.11168506,0.13142471
0.1365318,0.15706003
0.19873035,0.21902399
0.22683066,0.23368251
0.22762421,0.25687167
0.24961147,0.2682251
0.20191818,0.19859613
0.20573251,0.21171574
0.22089945,0.22077067
0.2502662,0.27524358
0.28021604,0.29968005
0.20241226,0.20939583
0.2535086,0.25261134
0.22906202,0.22898883
0.20127039,0.21713564
0.20971075,0.2462714
0.19258386,0.22154197
0.18689024,0.1737392
0.21749276,0.18787079
0.2265394,0.23314704
0.19134635,0.21370837
0.2025758,0.20351346
0.22868592,0.2622345
0.2592007,0.25990418
0.27562162,0.26282606
0.2698393,0.26761672
0.26963654,0.27157903
0.28120643,0.2760802
0.27667928,0.27887353
0.25924426,0.27156955
0.2751081,0.27331445
0.2706583,0.2734912
0.2583886,0.26715565
0.2736907,0.27215493
0.26712367,0.27470517
0.25437605,0.254414
0.2672851,0.26777452
0.258834,0.26101616
0.23998794,0.23316464
0.2476608,0.26110667
0.24078238,0.23583727
0.23090792,0.23584971
0.24070704,0.24918288
0.23458153,0.24758746
0.22826926,0.23790431
0.26217854,0.26405388
0.2611415,0.26432005
0.26052174,0.25905955
0.25559312,0.26375824
0.2195075,0.20737906
0.26052314,0.25580364
0.24680096,0.23942098
0.28868085,0.29694527
0.23242722,0.25043797
0.2354388,0.2635858
0.2213676,0.2541726
0.2677124,0.2934245
0.22163045,0.24981962
0.2164847,0.23859675
0.25385344,0.27753294
0.23849058,0.26227033
0.22952642,0.25522897
0.21864277,0.24466138
0.2592043,0.28283578
0.23765558,0.2729243
0.23842476,0.25886723
0.24382171,0.25596657
0.23608916,0.22996287
0.25547665,0.25480163
0.25409278,0.26322728
0.26205903,0.2707644
0.21094134,0.20235434
0.22912283,0.2657432
0.28157768,0.28435245
0.15356886,0.15205152
0.13024808,0.13135362
0.14173889,0.13580354
0.23548979,0.26043415
0.24665004,0.23659104
0.18655825,0.21470904
0.1646174,0.19790608
0.25040534,0.2427999
0.24316461,0.24595433
0.2855851,0.27514172
0.2513044,0.26238862
0.20116237,0.20383057
0.26224723,0.27882713
0.24792212,0.26769903
0.2096001,0.22296184
0.21267222,0.21602207
0.20092985,0.2403652
0.2006135,0.24301285
0.1369217,0.16255336
0.13273883,0.15054582
0.20446937,0.23246214
0.21120298,0.22905856
0.2318117,0.20859313
0.24219906,0.22371845
0.1945047,0.2215789
0.18835095,0.21102485
0.20228791,0.22532721
0.20521134,0.22675201
0.2678073,0.24430636
0.13301578,0.13244204
0.16205412,0.15963255
0.15411584,0.13627735
0.17621805,0.15284678
0.13849624,0.14346577
0.16003205,0.16510871
0.15798025,0.1670226
0.14969347,0.15225431
0.20209728,0.19330996
0.17124218,0.16982237
0.16367266,0.16054255
0.2069618,0.18425971
0.14973949,0.18117535
0.14410472,0.17123254
0.19280073,0.20232598
0.20966887,0.20592245
0.1886733,0.18898031
0.3332352,0.31808418
0.24031678,0.23600811
0.22153059,0.20387527
0.21168162,0.2041925
0.22750999,0.22331685
0.25108317,0.24766332
0.24501982,0.24642584
0.23747912,0.24219078
0.24206056,0.2473882
0.24388188,0.25596708
0.21381322,0.22564404
0.23873584,0.25950062
0.22768517,0.2535451
0.23047842,0.22835606
0.21832275,0.21356012
0.24268296,0.2609708
0.2529044,0.2609853
0.2591944,0.26484025
0.26310235,0.26599288
0.24456336,0.25363475
0.2448327,0.24595022
0.2537159,0.24564607
0.26068014,0.24815369
0.23828432,0.21749924
0.24464595,0.23577762
0.2511003,0.22615683
0.2310449,0.22964644
0.24068129,0.24471611
0.24613792,0.23750088
0.2621579,0.2361839
0.26702964,0.2434739
0.24075256,0.21757512
0.22250469,0.21350758
0.2913859,0.302808
0.24672838,0.2118293
0.23399934,0.20614918
0.27574417,0.26012045
0.2232164,0.23511864
0.2656293,0.24648917
0.21409224,0.23663323
0.27479842,0.27120346
0.2582876,0.26367
0.2480572,0.24832632
0.24146798,0.2484314
0.2660098,0.26102453
0.25604647,0.25741634
0.28485888,0.2812149
0.25755522,0.26032048
0.27821267,0.2764926
0.26648358,0.2730966
0.23040445,0.22449072
0.22107476,0.22161064
0.22522998,0.22194454
0.22180365,0.2308558
0.25666457,0.26423785
0.27835977,0.27085012
0.26059565,0.27660844
0.27140892,0.2746983
0.27522704,0.27971694
0.28613636,0.27807558
0.27170256,0.27505752
0.28057352,0.27288198
0.2736989,0.27008483
0.25895962,0.24872607
0.26039407,0.25806656
0.26266444,0.26579103
0.27455693,0.26781338
0.26197562,0.26075172
0.26618448,0.2635739
0.24775594,0.24846804
0.28277513,0.28135946
0.2663303,0.2639188
0.2841935,0.28447393
0.26322755,0.266989
0.30087683,0.28586006
0.30790827,0.29938096
0.2958601,0.29041868
0.26443356,0.273054
0.27071398,0.28118634
0.27700502,0.28553984
0.28208393,0.2838397
0.28372306,0.28082037
0.28566667,0.28303638
0.21184054,0.19663982
0.2938876,0.29101872
0.29931855,0.30001095
0.25617337,0.24827494
0.28076932,0.27463588
0.26615307,0.26648366
0.23433325,0.23344754
0.2569255,0.25435805
0.2594198,0.23885809
0.18409537,0.19849461
0.22439489,0.23943831
0.22194715,0.24371675
0.2772941,0.27425408
0.24773844,0.26162183
0.2817394,0.27983758
0.25405252,0.27454108
0.26548922,0.27726653
0.25887996,0.2753439
0.22222158,0.23657234
0.19730914,0.18733926
0.2078681,0.18665542
0.19106846,0.20705481
0.18758811,0.19900374
0.21414939,0.23517735
0.2615206,0.28876168
0.27760887,0.28385603
0.2366124,0.23360063
0.240703,0.25116533
0.25644946,0.26241866
0.21528316,0.21130115
0.21374631,0.21474667
0.23429161,0.23731007
0.15495339,0.13295992
0.19762468,0.21432436
0.22844681,0.23414741
0.21046273,0.21220203
0.24537,0.23482476
0.24246371,0.24922399
0.2598247,0.2832819
0.24957612,0.24084118
0.27101883,0.2763464
0.15674376,0.19636528
0.18536156,0.19087686
0.17160305,0.19557911
0.19356222,0.19269648
0.17411785,0.18236439
0.18706715,0.18436727
0.25099456,0.24975851
0.29281634,0.28693667
0.23336008,0.2243588
0.27019513,0.2535203
0.1929124,0.21491238
0.21141806,0.2115899
0.15602612,0.18671997
0.1805366,0.18335874
0.20467784,0.20254473
0.18492419,0.20318408
0.18625534,0.20992148
0.20580606,0.20098327
0.2003977,0.23972988
0.21893841,0.23232538
0.19997302,0.21683975
0.2381763,0.25960484
0.18361561,0.18988779
0.19227804,0.20303512
0.26810324,0.2930414
0.2686551,0.29871714
0.28829834,0.29403225
0.31413594,0.3266204
0.25194278,0.28232765
0.25159526,0.27323234
0.30006796,0.30285686
0.2986194,0.2905633
0.3167648,0.31990504
0.26626176,0.28115678
0.2346778,0.23744424
0.25257063,0.23731416
0.20576195,0.20227599
0.19626492,0.1920228
0.18423717,0.18168521
0.17807287,0.20406517
0.19553988,0.20660894
0.17631441,0.21962057
0.18272951,0.23958237
0.19494279,0.24238566
0.19102491,0.2193715
0.20561215,0.23528932
0.21833149,0.24402739
0.15866959,0.20135385
0.18265942,0.22722998
0.20383507,0.23037115
0.21277045,0.2313087
0.22795826,0.25771692
0.24337693,0.2585656
0.20057286,0.21251158
0.18601082,0.18557884
0.12644814,0.1497094
0.16183747,0.21793081
0.24957515,0.24074952
0.24476579,0.2436933
0.22151633,0.24874415
0.21168336,0.220209
0.22783585,0.2398635
0.16821313,0.1776327
0.25583702,0.2547211
0.27217126,0.26323894
0.25831106,0.2605111
0.27046418,0.2736913
0.2742603,0.28465474
0.28917333,0.29554245
0.28140342,0.29151762
0.27165344,0.26252547
0.26739812,0.27924466
0.28798056,0.2867163
0.23996225,0.2716303
0.23508656,0.2656721
0.2928559,0.2962978
0.27357265,0.276137
0.26097167,0.27655384
0.2647879,0.2801094
0.25251025,0.27690154
0.29800555,0.29348665
0.2868645,0.28347328
0.27479684,0.27005604
0.23874801,0.22616109
0.3213676,0.3292727
0.28067338,0.30625808
0.31997967,0.3296168
0.34218797,0.3404094
0.26975095,0.2814426
0.26189202,0.27947393
0.2688864,0.29115725
0.19262934,0.19457921
0.20859928,0.19972703
0.16041961,0.16148731
0.16638766,0.16337684
0.1614278,0.15863898
0.1686253,0.15781152
0.22764766,0.23615474
0.23461497,0.2530568
0.23073587,0.24560697
0.21898869,0.2406281
0.20126612,0.23812611
0.21837586,0.23369539
0.19930384,0.22570841
0.16041833,0.16699047
0.22610006,0.22282146
0.14535357,0.16738068
0.20481935,0.21538168
0.14539737,0.16006683
0.20464426,0.21117546
0.20880507,0.19350505
0.200905,0.17952012
0.23811686,0.23583779
0.21987796,0.21698801
0.22039253,0.21146148
0.23767349,0.22830826
0.21656138,0.2113551
0.21564412,0.2026732
0.17571133,0.17050302
0.1926069,0.18190233
0.17027247,0.15454745
0.19372573,0.1781033
0.29861963,0.30818814
0.2715282,0.28564534
0.24431428,0.26763135
0.2570531,0.26108074
0.2941579,0.29805583
0.22876216,0.22210547
0.26613256,0.25950736
0.21626277,0.21579693
0.25395924,0.25448397
0.20871603,0.23615879
0.23322195,0.24067493
0.21379659,0.22208217
0.18961985,0.2038204
0.21194655,0.19754192
0.2120446,0.19257173
0.20786569,0.20334215
0.19843109,0.20881164
0.19328922,0.18857467
0.21058176,0.21513033
0.14353193,0.14873146
0.22343275,0.21116592
0.17328463,0.19037622
0.24049178,0.23419785
0.24656488,0.24309343
0.21732882,0.21185762
0.20722412,0.21089782
0.23728734,0.23700896
0.2749974,0.28733152
0.19116494,0.187706
0.20851806,0.19602005
0.22185633,0.20719036
0.21859524,0.20385951
0.21331625,0.19892119
0.24654232,0.234058
0.22684553,0.22867057
0.23399544,0.23107362
0.25215605,0.25618577
0.21686584,0.2275661
0.22010177,0.22074991
0.23423155,0.24750976
0.24009007,0.24273218
0.23600984,0.23521283
0.23473972,0.23646782
0.24334753,0.24229129
0.23050734,0.23467527
0.2408135,0.24213709
0.22793955,0.23219196
0.25375116,0.25811633
0.26704404,0.25520012
0.23762468,0.24728341
0.2377296,0.24638766
0.25426054,0.25622612
0.25230828,0.25165153
0.20495704,0.2128434
0.22155613,0.20923267
0.27020442,0.26499808
0.24462551,0.25128117
0.24130937,0.25596276
0.23503162,0.24073671
0.24525777,0.24382901
0.24190962,0.24441874
0.20330697,0.19777979
0.23037937,0.257769
0.22932793,0.26811576
0.24800375,0.26090157
0.2427335,0.25085014
0.2655154,0.23555252
0.24978808,0.25886822
0.24754186,0.25120777
0.2483199,0.25065848
0.24710336,0.25592923
0.23745003,0.24195093
0.2381475,0.23545468
0.22600886,0.21225783
0.18772548,0.18507728
0.17899984,0.19291404
0.16482273,0.16090733
0.18238907,0.18321116
0.19180048,0.22653855
0.24551687,0.2777977
0.26340944,0.26482165
0.26408628,0.27504092
0.266351,0.27764264
0.21559761,0.22000292
0.23341754,0.2452129
0.23708366,0.23778382
0.22119333,0.21437293
0.22081774,0.21357003
0.20833492,0.21151778
0.23518306,0.24102703
0.22511253,0.2412384
0.19069737,0.19191964
0.21045423,0.23046546
0.1673738,0.17873156
0.17792942,0.21181563
0.19278559,0.21270217
0.19479449,0.19830346
0.21370238,0.20951165
0.18639055,0.18625404
0.2858966,0.28084016
0.25947472,0.23657787
0.25105536,0.23705195
0.24032298,0.2331154
0.23413743,0.2270596
0.2202614,0.25911123
0.25025088,0.25187483
0.23048876,0.22139621
0.22357768,0.2411295
0.21235669,0.22532189
0.19914766,0.2321746
0.202791,0.21931383
0.23156482,0.23593107
0.21983394,0.2200465
0.20701319,0.22637214
0.21152881,0.2149175
0.2211184,0.21121491
0.2091226,0.19447407
0.20093702,0.19878556
0.20184438,0.18843253
0.27277717,0.28123662
0.27153438,0.2712261
0.24957922,0.2729893
0.24987763,0.25718904
0.1924078,0.19329475
0.1719625,0.19265372
0.23636183,0.23624286
0.21979192,0.21232022
0.23526135,0.23746623
0.23440546,0.23467964
0.1739204,0.19405206
0.21184126,0.21348622
0.20939606,0.2113551
0.231436,0.24526489
0.19945414,0.21246122
0.21685258,0.23328435
0.21247952,0.22026446
0.21994542,0.24498215
0.23090032,0.2510245
0.22685745,0.2270454
0.21729521,0.22743097
0.25808406,0.28156677
0.2722397,0.29581594
0.14827397,0.1639676
0.13385242,0.1706929
0.14574333,0.14495888
0.20475091,0.20083986
0.19812934,0.20224062
0.1988068,0.1990927
0.25177792,0.2487647
0.29486147,0.28920144
0.24425057,0.24189763
0.27976528,0.28904375
0.29517174,0.29993585
0.22178723,0.258231
0.2625921,0.26904166
0.27141997,0.28095642
0.29436418,0.30086255
0.26036084,0.28857452
0.22801068,0.2438563
0.24829584,0.25669
0.24840117,0.275586
0.2327328,0.26211366
0.31534228,0.31043872
0.30821478,0.31098118
0.31412166,0.30482593
0.30582824,0.30122975
0.22947448,0.22927733
0.2324891,0.21490946
0.22457895,0.2411728
0.22885466,0.22874409
0.28197744,0.26527715
0.2731622,0.27236527
0.24627322,0.24023746
0.23719501,0.2475633
0.2032371,0.20353965
0.22748426,0.22673202
0.21807736,0.22064641
0.23776522,0.24355683
0.26777136,0.273591
0.26565957,0.2700409
0.25440168,0.2795755
0.2554692,0.2655756
0.30358958,0.31506145
0.3272593,0.31633747
0.2995083,0.29557812
0.32317573,0.30114165
0.27061424,0.26951736
0.28701475,0.272117
0.2792372,0.27544746
0.27421784,0.2743168
0.28149578,0.28258526
0.27525616,0.27535328
0.2107345,0.22574049
0.21375793,0.23760258
0.25630638,0.25593367
0.25471476,0.24439007
0.26743096,0.26685566
0.2308906,0.24534324
0.26830107,0.27102223
0.23759335,0.25068998
0.22822767,0.23308365
0.26388887,0.25464272
0.234038,0.23816183
0.23106231,0.2402337
0.27019858,0.2696181
0.24023923,0.24749303
0.24692875,0.25338125
0.2792959,0.2695958
0.25187868,0.25340575
0.22102804,0.22669992
0.23485482,0.23729984
0.2280952,0.23262542
0.23132235,0.24163862
0.23427515,0.2481554
0.23247924,0.23882096
0.23267435,0.2570965
0.23267435,0.2570965
0.20573181,0.26940745
0.21820138,0.21037334
0.2382882,0.24515425
0.29046583,0.2875323
0.21115401,0.2408591
0.2442418,0.25985178
0.24741995,0.25742978
0.26193553,0.277529
0.27540898,0.29644626
0.23993331,0.24016312
0.25662035,0.25569558
0.18094876,0.22455612
0.22382459,0.24547979
0.20779356,0.22004268
0.2913228,0.2978217
0.3127761,0.31516343
0.34273124,0.34337673
0.26735222,0.29731098
0.27760366,0.27726614
0.27549776,0.28556418
0.17755109,0.20729688
0.20861697,0.23000482
0.25164157,0.2676273
0.23645902,0.24782556
0.24026094,0.24491787
0.23552226,0.24779956
0.25296205,0.28034887
0.25234294,0.26555637
0.14876755,0.14283599
0.21937813,0.22967291
0.20636383,0.21054316
0.21317124,0.22897539
0.2079369,0.21025167
0.2478488,0.24987671
0.23367414,0.23581707
0.21772048,0.22836402
0.22420856,0.21990356
0.28940177,0.2954093
0.31061107,0.30888867
0.30294597,0.29585388
0.22028619,0.25123426
0.21075974,0.25032067
0.22462708,0.25908872
0.23937638,0.26165524
0.22102278,0.24990183
0.23727465,0.2571267
0.2332071,0.25963223
0.24063319,0.26487717
0.19382662,0.18228683
0.16434884,0.16732886
0.18371722,0.18982626
0.18536095,0.18850088
0.18852067,0.18598936
0.25229135,0.26458403
0.2551023,0.26622397
0.2256883,0.23954082
0.24362105,0.2582757
0.21187069,0.2290565
0.20877412,0.23367509
0.21833074,0.2201067
0.21307954,0.22683108
0.2351249,0.24345338
0.23408832,0.2549082
0.20196149,0.19986957
0.20100498,0.20263657
0.22869818,0.23179787
0.22310677,0.23427647
0.21576491,0.20514053
0.2016302,0.20592465
0.22138357,0.2115057
0.208316,0.21355696
0.21697229,0.22051422
0.19587871,0.21201712
0.19608557,0.20999072
0.1961892,0.20991856
0.19738281,0.20195422
0.19832738,0.20384839
0.20335685,0.19453837
0.20702255,0.19138516
0.24296501,0.23984638
0.2218522,0.23118554
0.2639973,0.27459306
0.23516499,0.24409577
0.25896022,0.24009562
0.26072988,0.24872121
0.27869755,0.26867303
0.24229471,0.24789375
0.27017528,0.25959897
0.26883915,0.25614962
0.30642766,0.2918537
0.2771082,0.26507774
0.25752753,0.26770997
0.25521716,0.26023212
0.28865656,0.29123572
0.2619512,0.2700846
0.22133356,0.22856024
0.2103585,0.24313486
0.2133723,0.23109165
0.21360691,0.23903626
0.23838034,0.2625789
0.2561146,0.28690732
0.20510438,0.22819702
0.1954015,0.2124467
0.20149343,0.21850495
0.20081271,0.22623417
0.23489185,0.24881127
0.23145695,0.22916022
0.24224666,0.25037557
0.22283734,0.24371924
0.1724227,0.22207266
0.18335682,0.17683719
0.17942032,0.16795544
0.19125511,0.18151763
0.19972855,0.20712645
0.18649364,0.18731116
0.20993075,0.22037011
0.2830594,0.29023623
0.27488023,0.29658496
0.25121287,0.25866157
0.22675133,0.24244298
0.23758847,0.24461749
0.2406689,0.24714576
0.212125,0.21694207
0.22421694,0.22083552
0.23582855,0.26456875
0.21470372,0.2315067
0.22144759,0.21464361
0.23697862,0.23336059
0.2999454,0.31112158
0.2796958,0.2886209
0.2822373,0.28076667
0.29204744,0.2887314
0.26674896,0.27729046
0.2655988,0.2724272
0.26742572,0.27251446
0.30970994,0.30518904
0.31121516,0.31026587
0.3110999,0.30132276
0.2896344,0.28982913
0.29104868,0.2914209
0.28517345,0.28606534
0.18527956,0.17573039
0.17519179,0.1737649
0.20193942,0.19050308
0.19284993,0.19212398
0.20745568,0.21250488
0.20576553,0.2156098
0.21257173,0.22176217
0.21595192,0.20868732
0.23763275,0.23958391
0.21010634,0.1984332
0.2496663,0.24366523
0.2339974,0.23960024
0.24624826,0.23616637
0.17650235,0.17234424
0.16651474,0.17851879
0.27544478,0.273969
0.27502748,0.2787477
0.26274315,0.27980936
0.25960186,0.2711223
0.24949169,0.28464696
0.2392328,0.2723142
0.26087686,0.25073856
0.2553094,0.26196608
0.24188489,0.25739214
0.25674126,0.27579772
0.21712986,0.2375243
0.22748518,0.2572899
0.23938602,0.2622505
0.2326417,0.25789163
0.25126123,0.26161307
0.24588488,0.2751808
0.23775339,0.26739997
0.26709464,0.26076278
0.20238057,0.22964796
0.21690144,0.23762946
0.20781788,0.24997601
0.19702445,0.24082842
0.24005914,0.23885153
0.22235467,0.25160784
0.19172275,0.22508195
0.25968227,0.25798678
0.22046793,0.22591771
0.23709048,0.23590153
0.25244758,0.2604442
0.2686738,0.26987946
0.27551055,0.2806049
0.23957482,0.2648988
0.27973098,0.2824487
0.21238394,0.22330935
0.2521106,0.2512101
0.2615981,0.2609974
0.261796,0.26954973
0.24116963,0.25825062
0.26740438,0.2615432
0.22052172,0.2353324
0.2385788,0.24874961
0.23660101,0.25232115
0.21488275,0.24565427
0.2426937,0.25370958
0.22555551,0.2426677
0.24253553,0.25276625
0.24015589,0.2587217
0.22125237,0.24830323
0.2478393,0.25634202
0.22656068,0.2332498
0.21015343,0.21742912
0.21819486,0.23319472
0.2468071,0.26233602
0.24919787,0.25473067
0.25917733,0.2705649
0.25150204,0.265354
0.26941153,0.27947962
0.17104594,0.15883034
0.18093063,0.17970723
0.2223948,0.23070434
0.21871917,0.23901615
0.1933677,0.17709889
0.20419323,0.20778969
0.20128037,0.1958819
0.20926702,0.19822007
0.20542067,0.22041874
0.20591049,0.17489575
0.20839156,0.20205562
0.21951121,0.19234797
0.22134584,0.19684401
0.19626325,0.20747201
0.19707073,0.22996485
0.20957133,0.21706408
0.21029541,0.2226791
0.15585119,0.15976693
0.18068065,0.18818292
0.17328003,0.17061916
0.16715822,0.17293197
0.15649182,0.16200614
0.18864419,0.19580463
0.17830402,0.18233906
0.17371032,0.18350598
0.32629764,0.33855367
0.256629,0.29172358
0.28749517,0.2997567
0.23356664,0.24952826
0.19643563,0.18604678
0.2671113,0.30751777
0.2837376,0.30220628
0.25684634,0.2801078
0.29934496,0.31674865
0.274562,0.289541
0.26814428,0.2737194
0.26618943,0.26366872
0.25808808,0.25704032
0.26682484,0.26820847
0.28093934,0.27371714
0.26207432,0.2545001
0.2548666,0.2641462
0.2647127,0.26592374
0.23568189,0.24049787
0.24374294,0.26318145
0.23984164,0.27139285
0.25934207,0.27320337
0.22453204,0.22655705
0.21710773,0.21819904
0.2460189,0.23811603
0.18467225,0.2005381
0.24159423,0.23288748
0.18289189,0.18686748
0.16770037,0.18315
0.2951452,0.30462834
0.26026982,0.25438294
0.24474981,0.26095355
0.21330333,0.22458924
0.20508973,0.21957634
0.19975665,0.20513102
0.18319692,0.18872654
0.18400064,0.20094551
0.24501343,0.24626249
0.24428153,0.2494458
0.2370501,0.2425634
0.24093646,0.2526656
0.24224825,0.24268317
0.24626529,0.25242418
0.26732343,0.26107264
0.26077002,0.26779655
0.25555855,0.27069768
0.2623272,0.2652601
0.24980584,0.2601898
0.17712796,0.19341817
0.25962755,0.26702422
0.3073946,0.29595667
0.15519413,0.15877487
0.15847339,0.15900396
0.17271955,0.16828555
0.20879912,0.21713656
0.19338354,0.21761921
0.20924172,0.22994968
0.1815228,0.25253317
0.28375825,0.279673
0.28817844,0.2816242
0.28973034,0.28544718
0.2726894,0.26934895
0.2494421,0.27846882
0.25856912,0.274813
0.24467722,0.2810764
0.24603347,0.25662446
0.261196,0.26293254
0.15922259,0.19348595
0.21163431,0.21176687
0.20815948,0.19144236
0.23932981,0.24682356
0.27367184,0.27466148
0.18654084,0.19228919
0.18525025,0.19148818
0.21592356,0.24996036
0.24633813,0.26117533
0.24111399,0.25015157
0.2714146,0.2717922
0.24043453,0.23212811
0.26511455,0.24881312
0.30918646,0.29904932
0.28412557,0.28155306
0.28372023,0.27470765
0.2540006,0.25006098
0.2745998,0.27646315
0.23750496,0.24739847
0.28191537,0.28372353
0.26341358,0.25232354
0.23270307,0.2358083
0.26490974,0.2751782
0.25077677,0.25218
0.20406735,0.21255329
0.21584135,0.22228765
0.17706281,0.18942474
0.22233367,0.23522858
0.2641077,0.25813603
0.2556439,0.19770463
0.23304822,0.23761258
0.23585583,0.23747763
0.25897536,0.257006
0.26241094,0.25648665
0.22580618,0.25481728
0.24141163,0.24675457
0.2322129,0.23497526
0.23209028,0.24121672
0.24096271,0.22990754
0.23177363,0.22918212
0.23197743,0.2262806
0.27526206,0.26275423
0.25357085,0.24489821
0.2695112,0.25359425
0.20166895,0.2331524
0.212064,0.22157408
0.20397747,0.21080737
0.20645857,0.2012127
0.18637656,0.21582776
0.18497705,0.21079478
0.3003781,0.30867466
0.2270769,0.22225253
0.22237962,0.23908964
0.25299215,0.25841022
0.27786762,0.2684825
0.18908629,0.19629928
0.2087307,0.20263593
0.18298212,0.18744265
0.18178467,0.20665771
0.19374478,0.207246
0.19242425,0.20301463
0.20792818,0.20063253
0.1909817,0.1955806
0.19153032,0.20926951
0.19898291,0.21094345
0.26997724,0.28394228
0.27846077,0.28681988
0.22902429,0.24221975
0.24438696,0.2510475
0.22906509,0.23842707
0.2498654,0.252321
0.19632049,0.21156427
0.2120311,0.20711601
0.1868104,0.20019764
0.19443716,0.20545042
0.19409247,0.21248886
0.23483908,0.24376248
0.19483258,0.20518038
0.20834565,0.2108125
0.18266027,0.19263208
0.18431444,0.19342819
0.18429835,0.19152682
0.18780375,0.18875635
0.18145467,0.19206823
0.18613383,0.18820468
0.16575977,0.17857121
0.17313905,0.18207559
0.18607397,0.18132009
0.19268648,0.18229198
0.27341947,0.2896973
0.27819628,0.29426864
0.2959441,0.29471916
0.27718344,0.27809918
0.21922648,0.20893095
0.26576677,0.2711622
0.27082205,0.2815972
0.22103266,0.23251247
0.22653028,0.22151232
0.24351808,0.23314872
0.20296629,0.19923015
0.22288609,0.21910924
0.24034813,0.23110838
0.24224891,0.24074651
0.24338561,0.24600086
0.27573377,0.25708637
0.22512051,0.22078997
0.21476306,0.23558709
0.24689087,0.25439006
0.19600324,0.20299512
0.2584065,0.26688424
0.27526268,0.27973568
0.25163138,0.26443776
0.24184184,0.24649282
0.26102346,0.27267286
0.2649742,0.26176837
0.26763457,0.26053178
0.2626281,0.24972045
0.2447874,0.24965529
0.2649136,0.26239488
0.26308942,0.25175035
0.24024929,0.25553158
0.25758517,0.2526991
0.24574658,0.24052799
0.21638556,0.21957973
0.23189034,0.24779394
0.23700309,0.253131
0.18856518,0.18966116
0.21047944,0.2276236
0.2548079,0.23813269
0.2514522,0.25834194
0.25948048,0.2702514
0.25900754,0.28406993
0.22074851,0.22063813
0.24501091,0.2559723
0.26185986,0.27260506
0.23143238,0.2652995
0.23469828,0.23165122
0.28109187,0.29399
0.19514409,0.2565785
0.20069319,0.21717332
0.23918864,0.27920234
0.27020216,0.27181697
0.19658853,0.17922142
0.18032186,0.19701675
0.17885311,0.20001194
0.20799269,0.2396854
0.203137,0.22344488
0.16971965,0.20053324
0.17419165,0.20785466
0.20244446,0.23060706
0.19418229,0.22088426
0.17981668,0.16722475
0.205906,0.2055767
0.20670375,0.21846728
0.27412206,0.25768957
0.20734224,0.20129168
0.21251774,0.20895721
0.26860526,0.25644782
0.22115922,0.22518575
0.2276659,0.23343253
0.11725393,0.13176963
0.13836882,0.12898317
0.16155861,0.16750422
0.17575014,0.16563271
0.27753228,0.28817147
0.26999283,0.28630015
0.22972132,0.25532162
0.22866713,0.24091351
0.2256608,0.2533265
0.22094436,0.24044865
0.24616157,0.23670821
0.2527046,0.24870212
0.26878643,0.27773702
0.25555253,0.24755323
0.2630788,0.27598876
0.28805324,0.29131472
0.266493,0.26591042
0.28387207,0.30524513
0.17439985,0.18892291
0.21817651,0.23789123
0.22003129,0.21900213
0.20339821,0.22186989
0.25390083,0.2782654
0.2798717,0.2890789
0.26395154,0.27497783
0.1705768,0.17675772
0.31854066,0.3036771
0.23776406,0.23932925
0.22660008,0.23713058
0.22771057,0.23634833
0.16678025,0.15735367
0.16816777,0.18464132
0.2045313,0.23324996
0.21588957,0.21914753
0.21087664,0.24233574
0.14996955,0.14354414
0.35071266,0.3636476
0.27637684,0.27536058
0.21574841,0.21250644
0.29848778,0.2871949
0.30870998,0.3046704
0.2880296,0.30144247
0.2802785,0.2778018
0.21951562,0.22332719
0.20566423,0.20807236
0.24720407,0.2564749
0.24933824,0.25936696
0.2786417,0.26788566
0.25644636,0.24363714
0.21899073,0.20720871
0.21515706,0.20565492
0.24247101,0.24668974
0.20631233,0.19395845
0.21504265,0.19350445
0.24988674,0.24066155
0.26517504,0.2658518
0.26632217,0.26587442
0.23184192,0.23055786
0.25318885,0.26507613
0.21893139,0.2936902
0.2542955,0.26506966
0.24388193,0.26657093
0.20975858,0.23557658
0.20944996,0.21003713
0.24390793,0.24221626
0.24986055,0.26574802
0.2308439,0.19582185
0.29276115,0.28178078
0.25755984,0.27924103
0.2497279,0.26208478
0.26313272,0.28104395
0.26111063,0.27024257
0.23420897,0.25651908
0.23446923,0.24610375
0.25135088,0.2742223
0.23041396,0.24960876
0.22128709,0.25029212
0.129694,0.12387726
0.21729586,0.23196515
0.22752732,0.22487128
0.1811898,0.20859136
0.18433021,0.20142642
0.18553826,0.20463306
0.18602419,0.19294398
0.19216974,0.20986648
0.25979072,0.26025262
0.21815714,0.210771
0.19309875,0.20850351
0.2051019,0.21520516
0.21571936,0.20777787
0.2048111,0.20544773
0.21413915,0.25242773
0.23029043,0.2625453
0.23904842,0.25093633
0.22875111,0.25076738
0.21235323,0.25013402
0.23328543,0.2698719
0.21931091,0.24721837
0.25042987,0.2689429
0.25671577,0.25628367
0.22805142,0.3022496
0.25213772,0.2960089
0.19747946,0.22386919
0.23023209,0.25679857
0.2539394,0.26593536
0.21109743,0.20524263
0.18850686,0.20687234
0.24828842,0.2574883
0.256755,0.27360716
0.17626327,0.174903
0.24805471,0.2690727
0.25042954,0.28629792
0.24626365,0.2701989
0.2473693,0.2850694
0.24679656,0.26360315
0.24483944,0.2784877
0.23163429,0.25623223
0.28171304,0.2983358
0.24767049,0.27593607
0.28872102,0.31781805
0.25767142,0.27946883
0.29355165,0.31675082
0.19094987,0.22246936
0.24124676,0.23735605
0.1825098,0.22895572
0.22490966,0.2404139
0.19685368,0.22647637
0.23592536,0.23924196
0.24276601,0.251194
0.30807763,0.29427606
0.244049,0.25501394
0.30976152,0.300239
0.27371398,0.2825383
0.28736085,0.290151
0.28460193,0.28675878
0.3038151,0.29949078
0.23720458,0.2172234
0.24364617,0.25309014
0.30330548,0.32039058
0.28648004,0.31541458
0.3123242,0.31182158
0.287106,0.31011698
0.29292473,0.32121855
0.30654216,0.3221751
0.30095893,0.29781348
0.2864678,0.29790172
0.30898228,0.29352915
0.2816918,0.29460853
0.2883198,0.30320206
0.30350822,0.30111253
0.30748624,0.31482276
0.29220793,0.3099578
0.316951,0.3067152
0.2899431,0.30510265
0.29492113,0.31762612
0.30840427,0.31902426
0.2937938,0.29935968
0.2768223,0.2968511
0.29980814,0.29377368
0.27524027,0.29308712
0.28168023,0.30236697
0.29513353,0.30208904
0.29388016,0.32500055
0.28852037,0.3225785
0.30703044,0.31852153
0.28809056,0.31926855
0.28984517,0.3278443
0.29794106,0.32810292
0.20861115,0.23824604
0.1959939,0.20760576
0.20924717,0.23651081
0.18746683,0.21215928
0.20261273,0.23425876
0.18392582,0.21349928
0.2006025,0.22792853
0.1825563,0.20397615
0.21510017,0.23611912
0.20804244,0.21077298
0.2516695,0.27947843
0.2315228,0.25087908
0.22818372,0.26052886
0.23439664,0.2582788
0.2563865,0.28079793
0.18313788,0.18254848
0.20201555,0.19651426
0.26654634,0.2766648
0.22391577,0.22975653
0.19620423,0.21051402
0.21102326,0.223755
0.16746014,0.19898964
0.25029692,0.25845385
0.2814859,0.27607697
0.27721706,0.2781413
0.2779783,0.2780499
0.16566306,0.17910263
0.21487007,0.22399567
0.21005777,0.22415183
0.21429414,0.2250328
0.23777498,0.23128161
0.21385488,0.21642905
0.21862414,0.2270363
0.22596493,0.22820072
0.25958768,0.2653519
0.26477638,0.26045114
0.20435515,0.20005885
0.21034473,0.20776552
0.21403345,0.214312
0.24453524,0.24003656
0.25434875,0.24881728
0.2515719,0.25245968
0.19506496,0.2084399
0.20347475,0.20968087
0.21441258,0.21978271
0.19327009,0.18065578
0.17040484,0.19064161
0.22408877,0.20611896
0.24134609,0.26411352
0.25879002,0.26397553
0.2627889,0.26526195
0.2394906,0.24827427
0.2500072,0.250162
0.25526005,0.2589748
0.2017801,0.17194569
0.25876135,0.25281703
0.25910175,0.27162778
0.20462523,0.18890718
0.20659296,0.202353
0.16687219,0.16845888
0.2462624,0.25042704
0.25679404,0.25799018
0.29201847,0.30167913
0.23334575,0.22616145
0.3163458,0.29732385
0.25255683,0.27383387
0.20399623,0.21010259
0.18208916,0.19034776
0.19386175,0.20600638
0.16649218,0.18944375
0.17228979,0.19547056
0.18668514,0.20706695
0.3004052,0.28542873
0.26264757,0.25932708
0.30640605,0.28829193
0.16053034,0.19114983
0.24795297,0.24933282
0.2576388,0.30405134
0.24293673,0.25459257
0.28789374,0.2794216
0.29558292,0.2941875
0.30196667,0.284904
0.25531512,0.24702582
0.25288013,0.2624344
0.26174542,0.2660032
0.25626016,0.2564738
0.26327425,0.2705102
0.26933843,0.2713165
0.2865228,0.2750287
0.23150481,0.24208538
0.2478813,0.2517284
0.24591729,0.23818526
0.22771488,0.23778024
0.25628126,0.2505532
0.24342239,0.22756593
0.16798602,0.19142279
0.17788343,0.20955297
0.1828975,0.19147833
0.18766119,0.21274342
0.16310477,0.20976375
0.19845848,0.20818093
0.20708986,0.21543966
0.21212114,0.23156312
0.16692968,0.18688011
0.23737663,0.23192778
0.23775843,0.2397199
0.18572429,0.19227074
0.20315143,0.22536556
0.23382023,0.25066856
0.2585609,0.25865477
0.26013592,0.25700152
0.2383653,0.23105443
0.2735271,0.27455607
0.27065167,0.2713918
0.25229934,0.24897254
0.20652173,0.27432236
0.23837048,0.28128904
0.2171438,0.24234143
0.19960788,0.19949947
0.20866588,0.20746452
0.20451632,0.2147985
0.19845234,0.19901547
0.20897958,0.2069099
0.2056563,0.21615152
0.18843567,0.1830806
0.19974883,0.19122939
0.1968787,0.20126109
0.3062269,0.30731294
0.25429663,0.25555342
0.3050253,0.30413523
0.2577138,0.25687903
0.2589212,0.2518099
0.29433247,0.29179698
0.2868671,0.29275265
0.26297793,0.26118338
0.29691046,0.297299
0.2896909,0.297257
0.2082001,0.22102472
0.252606,0.25163049
0.21811436,0.22428696
0.26262268,0.28771865
0.21716453,0.2259294
0.25980774,0.30903006
0.28549033,0.30534804
0.27089548,0.26032758
0.25028664,0.25665796
0.22368915,0.23282912
0.24794394,0.24060714
0.25078332,0.27632952
0.19182788,0.20357852
0.21728432,0.21209945
0.22634724,0.23387979
0.24947381,0.24087033
0.2301886,0.25429395
0.23142612,0.26018226
0.2188126,0.22340241
0.2412187,0.23558234
0.19939178,0.22611204
0.19913067,0.22798562
0.26606598,0.29103166
0.16128075,0.19981523
0.20073949,0.25113636
0.2024543,0.24011262
0.21806844,0.21537024
0.21131243,0.20935413
0.20554039,0.21201819
0.21145321,0.20861857
0.2496113,0.26414946
0.24101149,0.25051504
0.2124234,0.2193123
0.21706335,0.21546078
0.23278496,0.2510572
0.18062885,0.1818985
0.17617835,0.20061792
0.1711655,0.17893371
0.16921668,0.17710079
0.19149213,0.21672979
0.20467308,0.2170686
0.18077804,0.20691976
0.17733291,0.213551
0.2410628,0.28924605
0.21962114,0.2424302
0.20057464,0.22534963
0.22048059,0.23687279
0.22397894,0.24645194
0.21034804,0.23693866
0.21720931,0.24225827
0.24038199,0.24979311
0.24571681,0.25996146
0.2227406,0.2778679
0.24005553,0.2814786
0.22902462,0.28909847
0.2305845,0.29276803
0.24442774,0.28331733
0.24902609,0.28099725
0.23965316,0.2642194
0.25239003,0.2690197
0.2334935,0.26771626
0.24010359,0.26872122
0.23207454,0.2545948
0.24136041,0.2568608
0.16525799,0.17088759
0.1644629,0.1731315
0.17305234,0.1694524
0.15090823,0.1583205
0.16148125,0.17840347
0.14960015,0.16120933
0.16177262,0.18161201
0.15768263,0.16198003
0.16699593,0.17542003
0.19168948,0.19959722
0.20341942,0.21937338
0.23067313,0.23993453
0.15522268,0.1599231
0.20055842,0.1898346
0.24182543,0.24032456
0.25892207,0.2548169
0.21168655,0.21996105
0.2019139,0.22029358
0.21093138,0.20552915
0.2730166,0.26914826
0.2267991,0.22877768
0.26430053,0.26025695
0.27391428,0.24862257
0.23557383,0.23238222
0.23005061,0.24407303
0.23666215,0.24508134
0.26224864,0.26348507
0.24899879,0.26065156
0.26708102,0.277216
0.2252255,0.21880573
0.25237027,0.24165705
0.2543195,0.25016737
0.26620245,0.26323044
0.2634675,0.26785186
0.26901713,0.26826656
0.27403924,0.27773643
0.28711554,0.2958495
0.27667,0.28310022
0.28807777,0.29403302
0.2874966,0.3021955
0.18962203,0.19928876
0.19752818,0.20062195
0.20901808,0.21053793
0.19948955,0.20361677
0.25610265,0.2521555
0.22724615,0.24067742
0.24020761,0.23769745
0.21216542,0.22751708
0.27244434,0.26877838
0.24886021,0.2626729
0.27092996,0.25622723
0.2662451,0.26594895
0.2786749,0.26292345
0.20024076,0.1904846
0.20152129,0.19430706
0.24799497,0.24890685
0.23184413,0.25321358
0.26042736,0.27565652
0.22359657,0.21226741
0.25885457,0.237818
0.2775708,0.2840408
0.29318273,0.29330295
0.29140782,0.2997681
0.27495718,0.2650252
0.29491174,0.28013775
0.30225608,0.28359735
0.19838627,0.19025163
0.22762471,0.20620763
0.21889132,0.20366132
0.23600385,0.23253696
0.25868177,0.2430327
0.24947791,0.24206766
0.21639697,0.21365377
0.28609827,0.28569952
0.27114144,0.28740916
0.21327466,0.22470836
0.19938314,0.22284134
0.22698551,0.23231739
0.253296,0.26125234
0.23692794,0.24441516
0.2555496,0.25577828
0.23052491,0.23844892
0.24362685,0.24762611
0.22035967,0.23256588
0.24600998,0.23511302
0.19991955,0.2042382
0.20250666,0.197451
0.1774562,0.20127466
0.1512824,0.1905763
0.15092951,0.19705807
0.21687348,0.21855979
0.18355833,0.20326224
0.18561043,0.20500736
0.15087506,0.1915016
0.26961264,0.2733329
0.22597511,0.26255608
0.25131,0.26634347
0.19952773,0.25517964
0.23006168,0.22017582
0.24308476,0.2514941
0.22753127,0.22911479
0.20706163,0.19401969
0.2212004,0.20971702
0.2664442,0.27847666
0.26915255,0.26861453
0.26900572,0.26498005
0.20419414,0.20357992
0.21183987,0.22445914
0.22640547,0.23646834
0.27029055,0.2729582
0.21587284,0.21661372
0.3457982,0.33949757
0.19362083,0.20855674
0.20793766,0.22002728
0.1387897,0.1425962
0.14155763,0.15151761
0.15958965,0.16375685
0.17071757,0.17070664
0.17428567,0.17244203
0.18479787,0.17816772
0.13292114,0.120323904
0.26870197,0.26662087
0.2626938,0.2698929
0.28932148,0.28071052
0.29350847,0.28875256
0.25474563,0.26391733
0.26941732,0.2584992
0.24921204,0.26271817
0.28526902,0.28222275
0.31439695,0.324565
0.22795226,0.2412432
0.2255901,0.22994907
0.2572067,0.25529802
0.26112792,0.2521617
0.2521919,0.24921381
0.27040723,0.26284948
0.22533824,0.23109223
0.22750509,0.2277534
0.25221446,0.24815977
0.24201496,0.2479278
0.23884057,0.23330602
0.27342224,0.27198523
0.23630518,0.24404104
0.22911118,0.23947376
0.25211263,0.2470529
0.27278796,0.2598078
0.25380588,0.25020033
0.28829545,0.27670664
0.3340238,0.31681412
0.22912678,0.23502372
0.20665067,0.22106335
0.20089546,0.22063543
0.22926079,0.22762129
0.1925572,0.19833413
0.23225144,0.22425959
0.23717389,0.23833698
0.26967692,0.27664533
0.25316998,0.26439354
0.23859099,0.26488674
0.2660045,0.27869332
0.24274546,0.22561768
0.29138416,0.28868905
0.24871267,0.2533427
0.28489566,0.27981043
0.25663814,0.2703895
0.22262307,0.23981227
0.2528298,0.2590399
0.28199297,0.28858888
0.31100488,0.3204407
0.22571912,0.24074048
0.21335015,0.23285803
0.22387238,0.26670632
0.21298628,0.22854418
0.29262248,0.3295315
0.29018927,0.32189035
0.27937233,0.30961373
0.27155697,0.30075094
0.24807905,0.26337537
0.22536957,0.27501136
0.2470025,0.2459801
0.1236609,0.16054007
0.14593989,0.15897039
0.15298705,0.17178623
0.17494698,0.17441443
0.13526078,0.14714293
0.16780168,0.16485167
0.22618389,0.23640344
0.2346197,0.24293724
0.22492947,0.23253511
0.22938731,0.2385966
0.20849317,0.22051677
0.22771221,0.22376545
0.22005221,0.2218726
0.22309566,0.21592012
0.25435746,0.256634
0.2616818,0.26255894
0.2759914,0.28388613
0.2759086,0.2877036
0.20383239,0.20363405
0.19650581,0.18740335
0.20165819,0.20590246
0.1866995,0.18731774
0.21234864,0.22124156
0.20269626,0.20538384
0.23738365,0.25107253
0.26862347,0.2709
0.2336654,0.23671728
0.26077735,0.2594934
0.25216067,0.25652665
0.28274426,0.29128623
0.21552522,0.2193443
0.21397048,0.20969094
0.22892545,0.2067248
0.24974152,0.24431464
0.1739583,0.16461954
0.21545877,0.20119213
0.14698456,0.14257233
0.18594004,0.17540117
0.21177472,0.23597446
0.21101633,0.22033098
0.21937603,0.2276311
0.22478724,0.22174251
0.27303177,0.28498778
0.27208623,0.2876355
0.19251011,0.18420011
0.2206924,0.25193003
0.19861522,0.20856777
0.2439209,0.2444165
0.24315917,0.24176458
0.2564572,0.26180997
0.25335488,0.2564624
0.26711553,0.269561
0.2238772,0.23639354
0.27888298,0.28865582
0.2799265,0.2755407
0.25865892,0.27502435
0.27403784,0.29403922
0.26874816,0.26809415
0.2868749,0.28896123
0.26872376,0.24915954
0.2741706,0.26696983
0.2647662,0.26525077
0.25303128,0.25368187
0.26604745,0.27707076
0.24528392,0.24821119
0.2628147,0.26797843
0.2302617,0.23982282
0.2965604,0.31074822
0.2984376,0.29690796
0.26810464,0.26482522
0.16844058,0.19148064
0.17235571,0.18802801
0.24512483,0.23667017
0.2329832,0.23848605
0.2344038,0.2367652
0.22050317,0.23951629
0.17837338,0.21167523
0.20239076,0.22026752
0.23948544,0.24006626
0.24022637,0.24353926
0.25861436,0.2482952
0.23514684,0.24537498
0.24561429,0.2415901
0.24403714,0.24337715
0.25369188,0.24105036
0.2385635,0.24618763
0.16296843,0.1962143
0.19128321,0.20342812
0.14933786,0.16330743
0.17195454,0.17902611
0.21717335,0.26028693
0.23235476,0.2734905
0.21741997,0.25738645
0.23610765,0.27332377
0.21874422,0.2595406
0.22396588,0.27316704
0.21884573,0.24910155
0.22765273,0.2550727
0.24503875,0.2520651
0.22679052,0.24876168
0.19598258,0.20617913
0.22338365,0.24022382
0.20314349,0.22300556
0.13229637,0.15689501
0.16072233,0.14637302
0.2852294,0.29364306
0.23832826,0.24387631
0.17835326,0.19005322
0.2210193,0.21266088
0.1604348,0.14849484
0.2638554,0.28395936
0.27454484,0.27163887
0.2733498,0.29061162
0.25289705,0.25845826
0.2886756,0.28340673
0.27834105,0.28500152
0.2850902,0.29851413
0.27248108,0.30191597
0.28829977,0.28452712
0.27232754,0.2882911
0.24292827,0.24966455
0.2363422,0.25182796
0.21433611,0.23449938
0.20940611,0.23347281
0.22328328,0.23029415
0.21858309,0.22982094
0.22057766,0.23860392
0.20699161,0.22455505
0.23256846,0.23152575
0.22042234,0.21857451
0.28172246,0.2713143
0.16804916,0.16498211
0.14640164,0.16455527
0.18920851,0.22395317
0.13870366,0.16708529
0.14937495,0.18054987
0.1608575,0.20778233
0.24673904,0.25397992
0.23278077,0.23881055
0.24073333,0.24723393
0.23965214,0.26220047
0.22658202,0.22944987
0.23095787,0.24803683
0.23688975,0.24226566
0.26863015,0.2644433
0.21329828,0.20144874
0.19389057,0.20780505
0.20051838,0.19153315
0.18016404,0.18843125
0.20189227,0.20866515
0.27845153,0.28434953
0.21107492,0.2100559
0.30660233,0.30882967
0.25121167,0.25400043
0.1781583,0.19372809
0.19346951,0.19420221
0.22866583,0.27373552
0.21172075,0.21994469
0.26414365,0.26123866
0.24511376,0.24625608
0.24993671,0.25651988
0.24457525,0.24238427
0.2916181,0.27993095
0.26630163,0.27355608
0.20457983,0.22658373
0.20729874,0.2298677
0.15346988,0.18293299
0.17766143,0.20361665
0.18145923,0.2068914
0.1731591,0.19491145
0.19499636,0.21979639
0.22768497,0.230764
0.25669634,0.25690922
0.23742858,0.263826
0.24813679,0.24561685
0.27061355,0.2641641
0.227683,0.21317813
0.23813418,0.23315138
0.2220561,0.23300876
0.21243042,0.22230367
0.23235023,0.23412491
0.2374794,0.23574385
0.25262517,0.25745046
0.22888416,0.25095877
0.22296828,0.24226788
0.24075052,0.2543557
0.24603465,0.25028723
0.25359845,0.26787692
0.2362102,0.26773292
0.22592594,0.25854617
0.24648851,0.2674363
0.23630777,0.22723626
0.25010663,0.24898344
0.22454275,0.24256656
0.22019935,0.230595
0.23803174,0.24285047
0.24947904,0.24014452
0.26240554,0.25968996
0.24167542,0.25836557
0.23319547,0.24640658
0.25439137,0.25671202
0.23024035,0.22606665
0.2195445,0.23035648
0.24828854,0.2468153
0.23408696,0.24755485
0.23552567,0.25445017
0.22791542,0.25454843
0.23448299,0.23633286
0.22313637,0.24127194
0.2537517,0.25817183
0.23801868,0.26104295
0.23709488,0.23582533
0.15183415,0.15814072
0.16673702,0.17399164
0.15955818,0.16506703
0.15439898,0.16590567
0.18587516,0.17811526
0.26386684,0.270356
0.27341127,0.27514836
0.2312556,0.24696024
0.26362187,0.2633638
0.26912475,0.27092865
0.25722528,0.26016113
0.2625872,0.262846
0.27848774,0.27445394
0.29219216,0.28832233
0.2806654,0.27806786
0.27391058,0.27757615
0.31781888,0.31607062
0.31367898,0.3144468
0.29799485,0.30780572
0.28637993,0.30412537
0.3025592,0.29854107
0.2902768,0.29605138
0.30473387,0.30935448
0.29836357,0.31130305
0.2440194,0.23504236
0.2754702,0.2538282
0.2522391,0.23574212
0.1819076,0.20276913
0.18154131,0.18483667
0.18513916,0.19211368
0.19482102,0.17655043
0.28494653,0.29296255
0.2809663,0.28797197
0.30030847,0.283499
0.2993722,0.27853537
0.31660303,0.30658776
0.3145147,0.30148423
0.29010284,0.28391856
0.2903045,0.2798127
0.264338,0.2723355
0.25119168,0.28078878
0.26943088,0.2573238
0.20910308,0.22884266
0.25941426,0.25542364
0.23582052,0.23964813
0.25556788,0.24072471
0.23282892,0.22672476
0.2786542,0.25150293
0.22868156,0.2397321
0.20374297,0.19587314
0.24355216,0.22073534
0.23793182,0.2468774
0.17971872,0.1981371
0.17436302,0.18803254
0.21433309,0.21727459
0.19478408,0.23351048
0.20323518,0.21334887
0.23859587,0.2405968
0.21212643,0.20193225
0.21120958,0.22162077
0.24744275,0.24803117
0.21980384,0.2131734
0.26001894,0.23755907
0.23432818,0.24268909
0.27759704,0.27159393
0.2513477,0.26173222
0.24604572,0.23095776
0.23041143,0.23316064
0.24362145,0.2612421
0.29243645,0.2859341
0.28494725,0.28123766
0.20921072,0.22306734
0.22231875,0.22619703
0.23361605,0.22519937
0.21651644,0.2067373
0.20899418,0.21364853
0.21896738,0.22853318
0.24038999,0.23254006
0.20935564,0.22875644
0.23035988,0.23958571
0.28960788,0.30610746
0.12115908,0.11293659
0.13991112,0.13901153
0.18559799,0.18493639
0.1373736,0.13529338
0.1973777,0.23385665
0.23767266,0.25367284
0.15584001,0.19031909
0.19342406,0.19234112
0.21388641,0.20546618
0.20406641,0.19984888
0.19469644,0.19761232
0.21279961,0.21021853
0.20980048,0.21665576
0.18200949,0.1807219
0.19425417,0.19946939
0.25418758,0.27973205
0.26708758,0.29204604
0.21724924,0.20726912
0.21940123,0.21836004
0.18294673,0.18788806
0.14670578,0.16598913
0.19545066,0.1767281
0.15934052,0.17382342
0.20106055,0.1815147
0.15656906,0.15953568
0.19860339,0.16650414
0.2817617,0.29369023
0.25543055,0.26861697
0.27071705,0.2985488
0.28881383,0.29524037
0.2732482,0.30337077
0.23580939,0.23368062
0.17909218,0.1897326
0.18056828,0.18871893
0.1885387,0.1947863
0.2131814,0.22908607
0.28541148,0.28772137
0.2789563,0.29124075
0.3019483,0.30683956
0.2872191,0.28992814
0.2646097,0.2674427
0.2533084,0.26967394
0.2699367,0.28382558
0.25884205,0.2687345
0.27332425,0.28492212
0.262673,0.284156
0.27960926,0.2968505
0.2674313,0.28395683
0.2531495,0.27729216
0.2620577,0.26907638
0.26455155,0.27655992
0.27782428,0.28387892
0.23805948,0.25586265
0.25507784,0.24967086
0.25263196,0.25574267
0.26555556,0.25896955
0.2347106,0.26593894
0.2490633,0.2592781
0.24922812,0.26605707
0.25755772,0.26892585
0.28452247,0.27109766
0.26474246,0.2678033
0.27644932,0.2722867
0.2822243,0.27912146
0.28224072,0.2723385
0.2594694,0.26645917
0.27370155,0.2726673
0.2782694,0.27722833
0.28650934,0.2768113
0.26349342,0.272973
0.27637514,0.27600694
0.28100315,0.27953076
0.2784738,0.2591952
0.2589823,0.2534155
0.2710141,0.25945795
0.2759539,0.2644122
0.1869213,0.20287956
0.19789742,0.20326805
0.19811147,0.20857722
0.2652655,0.28917152
0.26531547,0.2777177
0.27470908,0.27960566
0.27609572,0.2918606
0.2738018,0.27548015
0.278287,0.28585503
0.20066488,0.22008699
0.20782363,0.23006178
0.20598406,0.19694844
0.24821699,0.24504566
0.24485153,0.24344385
0.25161603,0.2421413
0.22306451,0.22384194
0.31172383,0.31520894
0.3100186,0.3153522
0.3068301,0.31207353
0.25664884,0.2595841
0.27905235,0.28409475
0.2689165,0.266964
0.27158487,0.28112003
0.20409834,0.18335918
0.20430711,0.19962753
0.2009699,0.20434001
0.17248724,0.16598633
0.16187742,0.16886368
0.21484655,0.2236487
0.21950725,0.21288693
0.2017431,0.2074754
0.18575114,0.17231205
0.26494327,0.28564197
0.25930014,0.28547156
0.24894142,0.2519624
0.23912036,0.24754347
0.24799211,0.2561466
0.29008567,0.2898422
0.22308655,0.23197956
0.23165098,0.23728922
0.2707739,0.2720768
0.28498316,0.2670001
0.28399384,0.28254184
0.30762494,0.29362693
0.28121275,0.27594015
0.3049575,0.29779977
0.26668176,0.28129423
0.23447211,0.25200737
0.27457058,0.2832991
0.30015323,0.29204625
0.27970576,0.2853166
0.258243,0.2762389
0.27550876,0.29731244
0.27730954,0.28197315
0.28262007,0.28291082
0.20392027,0.2047461
0.20947552,0.21161455
0.24073201,0.25560737
0.2245515,0.2302177
0.14047907,0.12435823
0.159271,0.13667011
0.1805488,0.18351771
0.18277492,0.19505732
0.16625687,0.19032484
0.16841866,0.20361778
0.18042842,0.21692716
0.19755225,0.21430583
0.2050909,0.21344988
0.19601461,0.22804163
0.22195116,0.23410863
0.2209905,0.23774263
0.21704358,0.22211075
0.19891135,0.19665992
0.18272327,0.19722028
0.17148429,0.19483253
0.252614,0.23522624
0.2431101,0.23056765
0.24697576,0.23284255
0.2450777,0.23100308
0.22491069,0.21446283
0.2693228,0.26013595
0.18347803,0.13788018
0.2567833,0.26589775
0.18090701,0.22424906
0.19332553,0.20422879
0.2518425,0.24540378
0.26533034,0.26699966
0.3262673,0.3077492
0.32956204,0.33063313
0.3083781,0.29394192
0.27911192,0.28309375
0.29269254,0.26326117
0.26890066,0.29545486
0.28965217,0.28346485
0.27512985,0.29748666
0.2928363,0.28333995
0.23668787,0.23108047
0.20928754,0.21626103
0.23236261,0.24135204
0.20440842,0.22469127
0.23764871,0.25353727
0.20819446,0.2379068
0.24057451,0.2461263
0.21269938,0.22863021
0.22053058,0.21105061
0.20198718,0.20007475
0.21929516,0.21977821
0.19936745,0.21110432
0.23639752,0.23193567
0.21754605,0.22541909
0.2332871,0.21512885
0.21309419,0.21031648
0.20243281,0.19690101
0.19667149,0.18547332
0.23770064,0.2523663
0.24757028,0.26653528
0.28493086,0.31577972
0.2837325,0.27391294
0.2782582,0.2810583
0.31157288,0.3226906
0.28000808,0.28014567
0.26574054,0.28292856
0.30961302,0.32470295
0.28156912,0.27148882
0.2690254,0.2785091
0.30477837,0.3156448
0.27892587,0.2808965
0.2678666,0.2873035
0.30585322,0.32807454
0.28646386,0.27162534
0.27592558,0.28144914
0.31389773,0.31892294
0.22567867,0.22898324
0.22345853,0.2211961
0.21904372,0.22177152
0.22850186,0.22637752
0.23310257,0.23182848
0.288361,0.27437
0.2777944,0.281951
0.31897008,0.33013564
0.1839978,0.17573303
0.23745078,0.24848877
0.21818013,0.21038374
0.21301064,0.21616147
0.21416901,0.207305
0.17136456,0.20128712
0.15735832,0.1738688
0.20780173,0.21988496
0.18113375,0.18189692
0.22822565,0.24526039
0.20220938,0.2234177
0.22373301,0.24790111
0.2253904,0.22230053
0.24384978,0.25944877
0.2329005,0.22781986
0.26149052,0.2486844
0.24666025,0.22330317
0.26683676,0.26864207
0.25248763,0.24735117
0.26786023,0.2787288
0.3045529,0.30978203
0.26345348,0.26852185
0.28712893,0.2898179
0.32259184,0.34346002
0.30423206,0.31074607
0.24502158,0.2490066
0.21183003,0.2199817
0.23654687,0.22486688
0.21261793,0.2169864
0.21873425,0.21683113
0.2397326,0.24792606
0.22799082,0.23479621
0.2065319,0.21334735
0.21493317,0.22263822
0.24050833,0.24660039
0.2644257,0.25350314
0.20816368,0.20996886
0.21594858,0.22275415
0.18806386,0.20834617
0.22193964,0.23486729
0.24735987,0.25509444
0.24204049,0.24592128
0.21584176,0.23308015
0.24264066,0.25867742
0.27359208,0.28281805
0.2537526,0.2750677
0.26317593,0.27782
0.256591,0.2623474
0.22585726,0.2287125
0.24351317,0.25133267
0.2732416,0.2755962
0.24112277,0.24156009
0.2555768,0.25762334
0.26632723,0.2750127
0.22025388,0.23830397
0.26194283,0.26440462
0.24909359,0.2455301
0.25547504,0.25312716
0.24865831,0.24615999
0.25067592,0.24862343
0.24460277,0.25552696
0.25141355,0.2587096
0.24390775,0.25951865
0.24185136,0.2580261
0.24596031,0.26717865
0.2320917,0.26405147
0.27532426,0.29831487
0.2793718,0.29378355
0.20161891,0.23444927
0.20865089,0.2437194
0.22511066,0.2152749
0.21315686,0.21642213
0.2371969,0.23078148
0.22454737,0.22519886
0.29751801,0.29701596
0.28531668,0.29877084
0.20650317,0.23094854
0.22765839,0.21312839
0.23111218,0.2202039
0.25853068,0.2558953
0.2565241,0.26917273
0.22132596,0.2427175
0.21627031,0.21035759
0.22964172,0.26175824
0.2531872,0.25137764
0.2316516,0.25777376
0.27009153,0.28108653
0.21631683,0.2203433
0.25101584,0.2612614
0.20848411,0.23631658
0.22629257,0.24777357
0.24330069,0.22824353
0.23060012,0.22934073
0.19552852,0.20847288
0.16528776,0.17086074
0.30407065,0.2975275
0.26334536,0.25994784
0.31703544,0.29922095
0.27222535,0.26496932
0.30345458,0.27065378
0.25659394,0.23016106
0.24950972,0.26379603
0.25713006,0.26076323
0.25993896,0.267164
0.25196695,0.25321823
0.26006296,0.2592802
0.25101495,0.26578745
0.25558105,0.26462492
0.29388708,0.29048625
0.20451471,0.19511914
0.22446764,0.25817192
0.2241987,0.253599
0.23273107,0.26033694
0.267242,0.2862051
0.25572237,0.2711178
0.24898985,0.26601803
0.25214636,0.26127174
0.28662574,0.29562402
0.17894092,0.1897049
0.21096133,0.24198908
0.20451811,0.24341366
0.21891108,0.2445917
0.21457897,0.26459077
0.2151128,0.21826069
0.17999135,0.1897074
0.22763503,0.23075208
0.19216411,0.20218346
0.23774956,0.2557274
0.28533602,0.3162798
0.27894503,0.29568946
0.277528,0.2728684
0.30773515,0.313447
0.2313014,0.2502073
0.22549862,0.23579022
0.2614686,0.24755956
0.18564743,0.22859932
0.26412818,0.27344126
0.2391333,0.25686443
0.24374129,0.23814437
0.24543682,0.24054998
0.27212778,0.27554557
0.25884318,0.25188115
0.25357628,0.235561
0.24242184,0.23110208
0.24474823,0.2500267
0.27182457,0.26090637
0.23160687,0.23459832
0.264405,0.2562614
0.24508697,0.2541614
0.24156392,0.2409382
0.21570599,0.22590218
0.23940432,0.24299346
0.25598788,0.2630275
0.25009698,0.27310392
0.20695856,0.19954842
0.21010447,0.208015
0.24418178,0.27048764
0.22218311,0.2234652
0.1843282,0.20079437
0.18097842,0.21347052
0.2459125,0.24930836
0.2603393,0.2505191
0.23762082,0.22524974
0.26703876,0.26530427
0.25141734,0.2531762
0.26342237,0.25918707
0.2534037,0.24588574
0.25556284,0.25273484
0.24971119,0.26230478
0.23552892,0.24948893
0.19007981,0.1915109
0.23250985,0.23593178
0.20223604,0.22762957
0.21177293,0.22173943
0.20467183,0.22243597
0.26455253,0.27523625
0.3067578,0.2999772
0.2902086,0.2887234
0.31016588,0.29469535
0.27604032,0.27852798
0.27270186,0.26646227
0.2506279,0.24045105
0.2775903,0.2725808
0.25752512,0.23898268
0.28933418,0.28255484
0.26956943,0.2645413
0.28455687,0.2751837
0.27143714,0.25762898
0.23706491,0.24371743
0.2235435,0.23781946
0.22675598,0.22206712
0.21540664,0.21718204
0.23402762,0.23831677
0.23063439,0.23006564
0.22039746,0.2229259
0.21546885,0.22177917
0.27980894,0.28112292
0.2712414,0.28082135
0.28442645,0.28050077
0.25796893,0.2638315
0.27246597,0.262611
0.17631331,0.1982629
0.24166238,0.2348778
0.23472318,0.21846074
0.22655353,0.24743627
0.22626445,0.23162608
0.27383885,0.2957297
0.23436639,0.24694294
0.30299693,0.3013804
0.30460328,0.30709282
0.22410963,0.2379004
0.22593908,0.23829624
0.19897968,0.20669793
0.25560465,0.25252098
0.2295379,0.23631364
0.25215974,0.26332206
0.2524963,0.26361316
0.25768816,0.2550968
0.26981103,0.26493758
0.26278603,0.25244212
0.20124295,0.22958568
0.18363273,0.22268018
0.20684691,0.22678263
0.1851359,0.21118343
0.2131041,0.2201196
0.2217204,0.21660271
0.15797752,0.17358889
0.17347561,0.17132027
0.19392931,0.23272233
0.20271716,0.22730756
0.20557354,0.20945066
0.19692285,0.19836642
0.20793264,0.21110311
0.18571651,0.1953912
0.22428076,0.23029098
0.21703024,0.2358062
0.22897477,0.24291393
