0,1
0.19948138,0.19853796
0.25422746,0.23909484
0.19299479,0.22898218
0.17983681,0.21052751
0.23602054,0.24650574
0.1795157,0.2209663
0.20496657,0.20059253
0.29129133,0.2946718
0.20246014,0.2025448
0.2130402,0.19929847
0.2883873,0.29120213
0.26327077,0.28651378
0.29879826,0.29567564
0.19510289,0.2183405
0.20170254,0.22348678
0.19043247,0.21131286
0.29486635,0.2934864
0.27229637,0.2777668
0.21125486,0.25047672
0.28258315,0.28342572
0.22460839,0.23419459
0.21576443,0.23463546
0.22651349,0.2128904
0.21449183,0.21688043
0.2576739,0.25718912
0.25783867,0.2596686
0.24299985,0.25415957
0.23740427,0.26535848
0.24093434,0.2677617
0.20280822,0.20543346
0.2565694,0.2539297
0.24093434,0.2677617
0.23919371,0.26026523
0.27993196,0.27758938
0.27131772,0.2770939
0.22366707,0.2171223
0.2570637,0.25141504
0.24956396,0.2590244
0.21057132,0.22364688
0.19341245,0.2050881
0.27586713,0.27784276
0.27400944,0.2649839
0.27114278,0.2699949
0.27867866,0.27771962
0.25727928,0.2620114
0.24879593,0.22721484
0.27982143,0.29663637
0.24000621,0.28076681
0.25697663,0.27162576
0.24306782,0.27893198
0.24735145,0.26594567
0.26690918,0.25172663
0.26879412,0.2515608
0.18243061,0.187333
0.1979303,0.17990121
0.235196,0.2396403
0.2649327,0.25657502
0.22685787,0.22624068
0.22180554,0.23578012
0.26063856,0.26839972
0.28388107,0.29135787
0.22929414,0.22984445
0.20524108,0.21035908
0.29621398,0.29049537
0.23873377,0.2278211
0.26320508,0.2716541
0.20992664,0.20842148
0.2698568,0.2403368
0.23805013,0.22384214
0.22799957,0.22112995
0.27484953,0.24880904
0.22980496,0.22955704
0.26117834,0.273937
0.27610612,0.28998232
0.23417132,0.24023414
0.25539532,0.27195254
0.27290955,0.25541714
0.28417063,0.26666534
0.24687043,0.26636115
0.17089684,0.14750567
0.15165272,0.17301972
0.2980921,0.2948138
0.22063054,0.23010284
0.24625711,0.24011576
0.2346647,0.22427545
0.24080208,0.24693428
0.27520195,0.28445265
0.23949003,0.24546796
0.24095699,0.23986806
0.27448493,0.27144104
0.26157433,0.2463561
0.25381237,0.26443955
0.2616341,0.25545758
0.23628946,0.22484995
0.24587312,0.20907716
0.23295218,0.21312977
0.22386457,0.2291547
0.2788313,0.2742312
0.24026318,0.23434891
0.24399784,0.24160661
0.21975878,0.2814098
0.24550039,0.2966076
0.17905524,0.21144107
0.23526868,0.23627448
0.21843523,0.23201337
0.21918754,0.2281428
0.23880002,0.23706508
0.2530794,0.2531291
0.28135684,0.2739567
0.25141522,0.2693249
0.27497286,0.2786699
0.26105446,0.24732861
0.27873963,0.27607614
0.30776668,0.30425134
0.21037516,0.22977564
0.23394345,0.2670582
0.30425134,0.30776668
0.22324723,0.2815442
0.27445972,0.27763826
0.27559143,0.27246445
0.26034987,0.27512807
0.28374892,0.2712102
0.27246445,0.27559143
0.24208404,0.23644301
0.14975737,0.1344575
0.12885784,0.14030029
0.24012947,0.24508119
0.24904677,0.25763068
0.25266203,0.2452935
0.24879669,0.24501386
0.26917124,0.2663696
0.27423954,0.26430544
0.27706677,0.28018296
0.25637963,0.25796312
0.22043127,0.22132643
0.2282641,0.24103592
0.2348898,0.22620904
0.22316818,0.22506398
0.22230838,0.22298962
0.22382706,0.2433554
0.24219218,0.24764211
0.2320492,0.21523939
0.23661093,0.23643538
0.19973998,0.20122008
0.2695498,0.26457223
0.24018899,0.25005716
0.26948184,0.27463758
0.25243238,0.24819669
0.20867467,0.20389235
0.18210292,0.2024979
0.25893873,0.25994718
0.2745244,0.2750533
0.27567202,0.28156573
0.26413012,0.25528225
0.20622714,0.18653446
0.2630302,0.28923145
0.2914322,0.2715705
0.26709792,0.27716535
0.27716535,0.26709792
0.20702209,0.22882807
0.22713853,0.21177153
0.15276276,0.17367262
0.3330805,0.3242931
0.33553994,0.34727073
0.33370045,0.3312534
0.34804335,0.31420964
0.23840114,0.2554536
0.20198104,0.21167201
0.2507147,0.24160618
0.20467378,0.20347564
0.26049182,0.25561047
0.275948,0.26845512
0.19022766,0.19767834
0.19110554,0.19823626
0.27296197,0.28019783
0.25881565,0.27012074
0.19309552,0.17450912
0.17450912,0.19309552
0.254625,0.25385222
0.25953788,0.2661199
0.23738828,0.22858077
0.23957512,0.22680278
0.22331204,0.24691397
0.22565433,0.2361848
0.25766248,0.27340272
0.26443845,0.26818112
0.29399216,0.28865874
0.27200505,0.27574328
0.27138627,0.26729518
0.2925492,0.2987558
0.28915912,0.29511106
0.26986888,0.26240462
0.26336533,0.2607905
0.27455267,0.2646354
0.2553798,0.26147887
0.28675595,0.2857943
0.30159575,0.28427348
0.26123604,0.24796912
0.25039613,0.2635652
0.29630843,0.3039591
0.1986683,0.19851747
0.24994862,0.25283134
0.21435475,0.2650831
0.26537123,0.24445605
0.19965702,0.20772222
0.22332321,0.27246916
0.26265484,0.2576524
0.22353828,0.26405156
0.26668456,0.2771421
0.2789024,0.3216224
0.2651549,0.33000582
0.21140045,0.21575092
0.22648472,0.23668137
0.27153426,0.2771488
0.23887761,0.22995569
0.20248547,0.22064513
0.2660572,0.26980996
0.2593167,0.25061664
0.2551798,0.26213923
0.20333046,0.20834693
0.18497275,0.18371034
0.2081599,0.20282535
0.18978493,0.1862036
0.26103234,0.25845662
0.24193242,0.23518558
0.25508624,0.27480942
0.2511562,0.26561004
0.28888106,0.25385904
0.25385904,0.28888106
0.24444394,0.28339773
0.24368048,0.2770637
0.219556,0.23407406
0.20691924,0.1909398
0.1959612,0.18920383
0.19143333,0.19515172
0.18277052,0.20369923
0.21128128,0.23279831
0.24266247,0.25538382
0.27975392,0.26651904
0.26651904,0.27975392
0.2650659,0.23415774
0.16732505,0.17464316
0.17434531,0.16841592
0.23222409,0.2176088
0.15584937,0.15187456
0.19870915,0.19611809
0.2080806,0.21659985
0.16462982,0.16835356
0.15486552,0.16254084
0.17075285,0.17040461
0.21479923,0.21679674
0.19659474,0.20437099
0.19885074,0.2209053
0.25299057,0.2671448
0.25128585,0.24206184
0.26598752,0.30095735
0.23593411,0.24863058
0.2439683,0.24402243
0.26502454,0.22739239
0.2850957,0.2676059
0.29223508,0.27829668
0.2574983,0.24862783
0.28295362,0.29485577
0.24512361,0.23416343
0.2719213,0.2830151
0.24005063,0.24164426
0.23665121,0.2391902
0.25583157,0.27655613
0.278619,0.27860102
0.24300066,0.23392779
0.22056556,0.23927456
0.23651452,0.2813385
0.21816853,0.27718118
0.2686232,0.26555026
0.2657205,0.26232696
0.29798913,0.2845953
0.26642832,0.29970127
0.28115964,0.29807216
0.25497884,0.26508227
0.2954887,0.27435622
0.26358882,0.26005337
0.19143385,0.18755212
0.27317193,0.28267217
0.25958827,0.24279293
0.2332785,0.24682051
0.23980016,0.25751403
0.2815616,0.27694666
0.2565617,0.27062446
0.30177438,0.30079648
0.29168153,0.29315338
0.30638057,0.3016195
0.23243564,0.24248081
0.27374396,0.28038913
0.25104445,0.26895148
0.27512753,0.27391002
0.23590547,0.22726089
0.26393533,0.2639602
0.24734506,0.2557265
0.26546308,0.24887991
0.24181478,0.23826638
0.2248269,0.21956527
0.20695946,0.23265898
0.21633871,0.25295076
0.241391,0.23128077
0.24007976,0.23660618
0.2576673,0.25744355
0.22342148,0.23266993
0.2555672,0.25744236
0.2285416,0.23116848
0.22505556,0.22633207
0.24128072,0.24025488
0.2546737,0.2550363
0.23532218,0.2366693
0.2612486,0.26274505
0.22385633,0.22982834
0.2620606,0.26072425
0.25752586,0.250768
0.25841233,0.2718538
0.25115085,0.27407807
0.23865728,0.22827049
0.27095425,0.25938895
0.25209108,0.27275926
0.24770568,0.25301984
0.27472913,0.26067904
0.2532216,0.24325547
0.20766035,0.24128729
0.28545198,0.30205804
0.22416386,0.24589942
0.27936158,0.28977388
0.27761808,0.27711096
0.2895345,0.28431588
0.290505,0.28454775
0.22141704,0.2572863
0.27430534,0.27408347
0.23756872,0.26486608
0.26770088,0.27026552
0.27766958,0.28922707
0.2075711,0.23132885
0.27276295,0.27441004
0.18622631,0.20469081
0.26358658,0.27319473
0.23353013,0.25034323
0.27549744,0.26507404
0.27165672,0.2661216
0.28031176,0.28261206
0.27728605,0.27113834
0.20469081,0.18622631
0.28119662,0.28689015
0.2588224,0.25972745
0.24994901,0.2518592
0.24277914,0.23067127
0.25776207,0.25509328
0.28198102,0.28261542
0.29152566,0.296575
0.26215366,0.26454762
0.2391611,0.25338542
0.2676887,0.2843647
0.22968087,0.24463877
0.30679244,0.3071423
0.27555254,0.27438238
0.26518583,0.26432902
0.27736443,0.25717992
0.24709807,0.24682638
0.27161586,0.27132553
0.27846652,0.27434838
0.2523659,0.25210053
0.25461093,0.25518572
0.24130067,0.2100485
0.30509233,0.292408
0.29114753,0.28125626
0.25602508,0.29591388
0.19551267,0.22924912
0.18538223,0.21359879
0.19770847,0.21238935
0.2699577,0.26890567
0.23344612,0.24990934
0.27888006,0.27246118
0.2654018,0.3044216
0.26890567,0.2699577
0.26995435,0.28654018
0.2720257,0.28810292
0.27246118,0.27888006
0.24336134,0.24944559
0.25072837,0.27026838
0.2519131,0.26554558
0.2542107,0.26341498
0.26401305,0.2635905
0.2368468,0.20652682
0.24703687,0.22986864
0.23686975,0.23969883
0.24016406,0.24000014
0.2351761,0.22617052
0.24135408,0.23590958
0.2592137,0.2464911
0.25138712,0.25414956
0.23601876,0.23539604
0.22082454,0.22950922
0.23149994,0.2427507
0.2975825,0.27724466
0.24071565,0.22931309
0.26628092,0.25780898
0.28002355,0.29176003
0.29723293,0.29734302
0.25997368,0.27259132
0.2518178,0.2701284
0.19789585,0.18615754
0.27157858,0.25892615
0.19537492,0.19806898
0.21664634,0.22414048
0.21893413,0.22395365
0.21300493,0.21356955
0.26153573,0.25937226
0.265435,0.25896364
0.26870513,0.25884122
0.26155,0.2519334
0.26111883,0.25377375
0.25884122,0.26870513
0.24800098,0.266275
0.25001714,0.2607244
0.23706093,0.26593533
0.2674698,0.26025316
0.26662946,0.259452
0.24682814,0.25762588
0.24314433,0.27894628
0.18242809,0.21277188
0.22949377,0.2675641
0.20201613,0.22702989
0.2303116,0.22937626
0.23326312,0.22144416
0.22540477,0.22715095
0.27314925,0.2822749
0.23244435,0.24326378
0.26024836,0.27300563
0.25944102,0.25341403
0.2707882,0.25959843
0.2494097,0.26066187
0.2615908,0.26750383
0.25761083,0.25895438
0.2802981,0.27582178
0.24706966,0.2321172
0.26292422,0.25530767
0.23056173,0.26585048
0.23716624,0.217235
0.29035085,0.26706624
0.24340162,0.22759674
0.26850924,0.28813723
0.22679198,0.24647205
0.2105075,0.2475013
0.2580311,0.274355
0.26865977,0.2630194
0.25631684,0.24241257
0.24008381,0.25697917
0.23150405,0.2778882
0.2206175,0.20523818
0.2346735,0.24142104
0.20557527,0.2125825
0.22171733,0.21301916
0.24666572,0.2582661
0.22282104,0.22613163
0.26363957,0.25488913
0.24193694,0.23840961
0.23309757,0.24168101
0.27571875,0.26580578
0.23882598,0.23870924
0.22084677,0.2035052
0.22154486,0.210405
0.1987918,0.20445237
0.2361787,0.22186963
0.21806468,0.23852393
0.19487827,0.21912524
0.19751287,0.19358362
0.20474409,0.21879739
0.188889,0.17642754
0.21509986,0.19970669
0.17506522,0.18748862
0.19443722,0.21882509
0.29472715,0.2843158
0.24512525,0.24666159
0.2376004,0.23971535
0.28671563,0.29518026
0.22569239,0.2723209
0.2274871,0.24225634
0.2473295,0.21979761
0.26543343,0.266824
0.26990634,0.2673931
0.23667222,0.24789687
0.23291025,0.25136003
0.20544067,0.23013555
0.22449937,0.24334377
0.21979484,0.25005898
0.2492995,0.23422891
0.24753283,0.2517373
0.2260866,0.23035067
0.24921557,0.24815172
0.22027911,0.22451608
0.2267436,0.21721858
0.24315369,0.250152
0.24643116,0.25568205
0.22597888,0.21677679
0.24488395,0.24531943
0.21572511,0.2187865
0.27448484,0.25569874
0.2828486,0.28604746
0.24444237,0.24631566
0.23134223,0.21833192
0.26950872,0.2714002
0.25523168,0.25077233
0.2562977,0.26566166
0.2530431,0.26636723
0.27335,0.25952792
0.2491693,0.2373603
0.2901815,0.27907684
0.27424312,0.27054664
0.19029129,0.1913908
0.18958223,0.19194835
0.2241734,0.2246651
0.22762546,0.24492748
0.22287562,0.24399279
0.22553614,0.23461501
0.24406478,0.26400852
0.20231614,0.21031196
0.22342658,0.22685374
0.18204525,0.2009366
0.2507257,0.2254577
0.2574399,0.21249315
0.22044803,0.19677983
0.23233747,0.24467362
0.21768859,0.24061815
0.2121059,0.23981945
0.24271947,0.23848705
0.24007937,0.23558244
0.22300033,0.2237367
0.22308484,0.22233029
0.19274458,0.18141344
0.24728581,0.24221447
0.22449619,0.21509871
0.26813203,0.25283524
0.24974558,0.26547492
0.23589385,0.25971788
0.2857021,0.26842284
0.2601019,0.23674405
0.23572512,0.21406041
0.26097035,0.28496584
0.25350726,0.28637344
0.21806574,0.23598029
0.21862589,0.25403523
0.27313644,0.31502748
0.2787987,0.23810358
0.24326202,0.26072562
0.222285,0.28856322
0.22627032,0.2356061
0.23528178,0.23249139
0.24988806,0.23847094
0.22980918,0.24756336
0.2636599,0.30006164
0.27227333,0.30837867
0.21632671,0.25540048
0.27945155,0.29535103
0.21971852,0.21352845
0.26554567,0.28281087
0.27603057,0.26824948
0.27159855,0.28796676
0.27001113,0.28713685
0.22806865,0.22614923
0.22555621,0.25926614
0.30394787,0.3234731
0.25022772,0.25154495
0.23901606,0.23655644
0.24700353,0.24591866
0.23743576,0.23374443
0.24666846,0.25804064
0.23673195,0.26547968
0.25869367,0.250651
0.23378265,0.26298222
0.20412455,0.24897157
0.22657818,0.23384304
0.25460115,0.2573916
0.24761097,0.2502383
0.25528568,0.2573204
0.22352934,0.2441815
0.24359447,0.24786744
0.22702861,0.22863182
0.2406768,0.22622402
0.25186265,0.24852705
0.19802152,0.20036347
0.27720046,0.25190407
0.28332025,0.28798953
0.29120922,0.29381388
0.27996948,0.25793388
0.20341673,0.19590627
0.28528115,0.26329234
0.22432438,0.21698037
0.25793388,0.27996948
0.26329234,0.28528115
0.28353465,0.2768885
0.25190407,0.27720046
0.21898893,0.22352254
0.24685144,0.24351838
0.2630135,0.25249976
0.29500127,0.2866759
0.2861138,0.28356457
0.2505769,0.26978454
0.24717613,0.25316888
0.2690178,0.30015278
0.23045819,0.24222164
0.25506973,0.2410628
0.24600713,0.2276614
0.24458572,0.25949544
0.24377318,0.25420657
0.23457246,0.23038362
0.2059638,0.19230378
0.2351518,0.23265223
0.21632183,0.20002547
0.24225578,0.24020317
0.24178393,0.23886412
0.193299,0.19986592
0.20022185,0.20989104
0.23188175,0.27135965
0.21408275,0.25227815
0.2633775,0.2582482
0.2586905,0.26294595
0.23742332,0.25991136
0.25991136,0.23742332
0.29246092,0.3089984
0.27108434,0.28117537
0.2811631,0.28455564
0.25013536,0.2544649
0.2607637,0.25024846
0.27660045,0.27861044
0.2597625,0.26347807
0.27431417,0.27419928
0.2600739,0.25751194
0.2800864,0.27466685
0.26100022,0.28429216
0.25927508,0.29485053
0.26075795,0.28054994
0.22997709,0.22532548
0.24015974,0.23759493
0.2594785,0.2659014
0.28634226,0.27083236
0.26658794,0.2565361
0.22983952,0.2276888
0.23956136,0.23683217
0.22133136,0.25616845
0.21322365,0.23121051
0.22341439,0.24628241
0.2032221,0.19326082
0.20227878,0.23770428
0.22061726,0.21957946
0.22705829,0.23595291
0.19629808,0.17800124
0.2338177,0.22430395
0.24764027,0.24846475
0.18036105,0.19554046
0.25365126,0.27140552
0.24418828,0.25625855
0.29031873,0.28687134
0.22944906,0.21778834
0.26991582,0.2564982
0.21873164,0.23911521
0.29079074,0.29125032
0.2571518,0.26963684
0.25598696,0.24464354
0.20361236,0.20335639
0.24468823,0.2687906
0.20745361,0.19060509
0.16782041,0.1733939
0.17701808,0.16961826
0.19320688,0.19382817
0.20747839,0.24082549
0.21299002,0.20306943
0.2711275,0.26198754
0.27506253,0.26474524
0.2734446,0.25979474
0.25861275,0.28974825
0.24521452,0.26797497
0.2486914,0.26661095
0.25057048,0.26889178
0.2649091,0.29404086
0.24800608,0.28445217
0.25624886,0.2660454
0.2599147,0.25226307
0.2965094,0.28770888
0.2914504,0.3040932
0.25377545,0.24710959
0.26064223,0.26037627
0.26064223,0.26037627
0.24043286,0.24377432
0.2385312,0.23304044
0.23903182,0.24301781
0.17817342,0.22846709
0.19466285,0.24381423
0.25542045,0.27809575
0.23300722,0.30235723
0.27934715,0.313703
0.17947708,0.1896289
0.30788475,0.28189576
0.21020328,0.213961
0.20262724,0.18259361
0.21156462,0.21179745
0.23371774,0.2663809
0.22911,0.26270682
0.20259164,0.2247955
0.22046208,0.23365334
0.22866431,0.26539153
0.23678848,0.2632683
0.22573888,0.22155422
0.26338863,0.26492456
0.25180185,0.26821792
0.26647967,0.26154783
0.26019776,0.26605484
0.22257937,0.21361063
0.23630868,0.24727935
0.25232416,0.23382194
0.2602368,0.24230292
0.22460431,0.20280197
0.2473337,0.23516656
0.20386186,0.22853115
0.21810038,0.22568457
0.23478505,0.2507813
0.24834232,0.26212198
0.2306484,0.26674947
0.2714541,0.28781676
0.2619827,0.28240103
0.2563818,0.25469217
0.23713395,0.23520285
0.23222925,0.23376878
0.2527599,0.25804773
0.24133411,0.27031535
0.21886079,0.22686568
0.2340762,0.23976672
0.24109918,0.2607444
0.21043485,0.23615587
0.2160093,0.25275487
0.24228819,0.24289335
0.23019496,0.22835264
0.20612527,0.23420155
0.21239333,0.24175325
0.2532244,0.24026513
0.22893661,0.20832619
0.22816399,0.2063411
0.25567526,0.25243816
0.25820082,0.25603792
0.23847426,0.27684578
0.24850386,0.28679734
0.22243047,0.2217827
0.23690976,0.23383991
0.22048245,0.22020765
0.2353589,0.23252255
0.25034335,0.2619555
0.2618981,0.25176647
0.28075296,0.3123675
0.2873472,0.30869427
0.30358812,0.2777509
0.22533289,0.26377878
0.28767306,0.2960177
0.27790466,0.2818887
0.29869482,0.2920943
0.2831602,0.3015153
0.259871,0.27252823
0.18714087,0.16563517
0.2385481,0.23841542
0.23529358,0.2539364
0.24006216,0.2432708
0.25589156,0.23919919
0.25741723,0.27611342
0.26364577,0.2721016
0.28689957,0.28966448
0.2646555,0.25382096
0.251951,0.25216198
0.25412253,0.24499264
0.25191766,0.24777964
0.21208425,0.21270269
0.3010945,0.30395034
0.26528358,0.29032978
0.2570111,0.2774206
0.23265055,0.28190365
0.23750909,0.263592
0.26055038,0.28296614
0.26155815,0.2914849
0.1914632,0.21513647
0.27328295,0.25813264
0.25403407,0.25913852
0.23727281,0.23473029
0.28440648,0.28005737
0.2844578,0.26428932
0.22853847,0.22247213
0.30155832,0.2964056
0.2098091,0.2130253
0.24446599,0.24014866
0.22667977,0.22021124
0.27726924,0.26610345
0.28624383,0.25712797
0.22067986,0.22129983
0.26244512,0.2538411
0.25763664,0.25634748
0.23164143,0.22936629
0.21162063,0.2524878
0.16481164,0.16056173
0.15811163,0.16044115
0.23864001,0.22435856
0.15296558,0.15663
0.2160805,0.24325019
0.22284111,0.24182475
0.15172726,0.16049077
0.23572665,0.22743881
0.27718103,0.3225737
0.25831118,0.3217302
0.26120526,0.27887493
0.20000237,0.18546315
0.26943642,0.25391588
0.23114258,0.22932121
0.2747442,0.2635595
0.20816539,0.19954747
0.27805224,0.27571216
0.25530005,0.26717368
0.25841495,0.256467
0.2660758,0.26230958
0.21547155,0.21714853
0.2175803,0.22088988
0.18475157,0.20054384
0.20893125,0.20743126
0.26996878,0.27653375
0.23211484,0.21810174
0.21536618,0.22223322
0.24585222,0.24836406
0.23305304,0.23780772
0.25193024,0.23568645
0.25089213,0.24589193
0.22924165,0.21385702
0.23483194,0.23374756
0.24410309,0.25718847
0.22795543,0.25896475
0.21708322,0.23869936
0.19462094,0.24488026
0.24942245,0.24669476
0.20545189,0.20465134
0.20529136,0.20787065
0.31320757,0.29452088
0.22826937,0.27135998
0.29591456,0.3146069
0.24920797,0.27150795
0.23381087,0.23049283
0.21066932,0.20853333
0.21066932,0.20853333
0.22102518,0.22054896
0.23375648,0.22990996
0.20962736,0.20813487
0.21481454,0.2340207
0.21514326,0.23306029
0.20663427,0.22051333
0.1979494,0.21168986
0.1979494,0.21168986
0.19665039,0.20932142
0.2272667,0.25157088
0.23732945,0.26296207
0.2646616,0.25552303
0.21592236,0.2156145
0.21078306,0.21423511
0.26104677,0.26700512
0.25129914,0.25874215
0.24541731,0.26154408
0.25665292,0.25706264
0.2638324,0.26609123
0.26700968,0.25494134
0.22404422,0.21362147
0.20941554,0.22384143
0.22345644,0.26688233
0.2606471,0.26610017
0.26676303,0.26131815
0.26974985,0.25951
0.25236452,0.2713487
0.25103715,0.27172464
0.25133428,0.27000254
0.26385704,0.26752943
0.2682026,0.26483476
0.24168453,0.2185661
0.24144316,0.22253463
0.2352014,0.22720528
0.2834333,0.27187958
0.24607778,0.24550343
0.24321404,0.25037384
0.21742103,0.2198127
0.22702238,0.23672
0.22796376,0.22160456
0.21560201,0.21203129
0.26782286,0.27937022
0.1977418,0.21297121
0.22078998,0.24404624
0.22521862,0.23121266
0.21999478,0.24964327
0.20491047,0.2400089
0.26933694,0.27997443
0.2598297,0.27078235
0.2782171,0.26939687
0.2706665,0.2659182
0.25017866,0.25728825
0.25210783,0.26023647
0.24114116,0.22409335
0.2611316,0.255189
0.24097803,0.25128567
0.25183445,0.27960187
0.21079358,0.24501425
0.2977938,0.28454095
0.293601,0.3037539
0.287899,0.30003947
0.26983705,0.27635467
0.28314352,0.2734279
0.21686323,0.2623106
0.20428649,0.22514577
0.28368193,0.28016347
0.23681358,0.23196992
0.22474979,0.21323332
0.28040618,0.290491
0.24710253,0.24930444
0.22991851,0.234649
0.2689501,0.26968187
0.2877741,0.2918185
0.27398378,0.2780525
0.27177364,0.2655258
0.23329343,0.23168239
0.28304726,0.28262284
0.25448012,0.260301
0.26915506,0.2669753
0.23112546,0.22090416
0.24526358,0.2397409
0.2610016,0.26619515
0.2476933,0.2346704
0.24065915,0.23939562
0.26036704,0.26574588
0.27478766,0.27294964
0.2663884,0.27748036
0.26303235,0.26828802
0.25992513,0.2522499
0.26214275,0.27384686
0.28019077,0.27990785
0.2296617,0.22513664
0.2468895,0.25260305
0.24026875,0.24283242
0.28230646,0.2783785
0.23584697,0.24859312
0.26899165,0.2643749
0.24407774,0.2433162
0.2658243,0.2605067
0.21767236,0.21413055
0.2716189,0.27208263
0.24375969,0.24003837
0.22675447,0.22484753
0.2719253,0.26396045
0.2333402,0.22704774
0.23068754,0.22420686
0.22282419,0.23105595
0.22992605,0.22961521
0.25542796,0.25231102
0.2556479,0.24849385
0.29340225,0.28630936
0.26439625,0.26300278
0.27349064,0.25934753
0.23580188,0.24665219
0.21068805,0.21750675
0.2508949,0.26502308
0.21878469,0.24704435
0.21502084,0.24805692
0.25059706,0.24107492
0.257456,0.26408803
0.25084493,0.2797197
0.23536208,0.2630406
0.22711726,0.26133242
0.23285282,0.2466554
0.28792277,0.3153414
0.24509963,0.24284762
0.24148108,0.28157037
0.243729,0.26971522
0.2282658,0.25626054
0.20342495,0.22192684
0.22154789,0.21917218
0.20285589,0.20090969
0.20135479,0.20884593
0.24538705,0.23569354
0.22641227,0.22110295
0.21582846,0.2179387
0.23532176,0.24245198
0.23351257,0.21200955
0.19961107,0.2345421
0.19902863,0.23063412
0.23455697,0.24038085
0.24406813,0.23910433
0.26241204,0.25432098
0.26701933,0.2597878
0.27578494,0.316804
0.2621557,0.27901793
0.25647157,0.2652969
0.26554897,0.3008043
0.20626505,0.21873628
0.22600481,0.21411623
0.2668275,0.25711444
0.2249011,0.23162995
0.24605727,0.2762848
0.24919894,0.27316934
0.20359027,0.20294186
0.21272409,0.20660701
0.20100701,0.2568786
0.20777367,0.21737263
0.23871039,0.23455918
0.24120006,0.2578871
0.19291583,0.19619794
0.21785644,0.22211567
0.20523381,0.22119504
0.25436994,0.27037495
0.2850978,0.2835923
0.26833427,0.25560266
0.25131983,0.25523478
0.21858326,0.2527756
0.24600622,0.28559583
0.28737915,0.29119182
0.28219688,0.28428787
0.2521539,0.24759874
0.26068303,0.24167462
0.28055474,0.2770659
0.27860394,0.29228532
0.26423067,0.27056295
0.25238648,0.25711107
0.17943838,0.19683248
0.19345757,0.1873482
0.24810162,0.2593861
0.2578547,0.2388094
0.22429158,0.22575518
0.22067225,0.21895097
0.2473111,0.21511967
0.24424216,0.22890407
0.24599347,0.22445168
0.23181227,0.24802883
0.22282808,0.24510738
0.23106554,0.24646929
0.18471879,0.20859791
0.21292351,0.2379906
0.25769508,0.27942237
0.23148552,0.23184744
0.17883527,0.18373673
0.22236422,0.21939768
0.26788896,0.26042718
0.18049128,0.17546205
0.21601886,0.22816151
0.26559705,0.257815
0.22674578,0.22039443
0.25274286,0.26620907
0.23881455,0.27336985
0.24502863,0.2677045
0.2833801,0.28258812
0.29247698,0.25938827
0.27778795,0.2543186
0.28897616,0.29331675
0.26118222,0.282177
0.2381385,0.2664677
0.30283988,0.28698546
0.28334808,0.3002781
0.25064024,0.21004319
0.21038997,0.24398232
0.22223416,0.2487109
0.24760327,0.2485362
0.24716493,0.2483847
0.24065927,0.25774074
0.24873799,0.26538917
0.26018256,0.27457023
0.27118173,0.2437648
0.27874976,0.28483948
0.19726257,0.18729484
0.2913073,0.30096287
0.18729484,0.19726257
0.28422922,0.2724722
0.29798222,0.28551126
0.28019437,0.2669207
0.22608627,0.19156188
0.2034135,0.17971116
0.27507353,0.26991618
0.26278943,0.27197883
0.19698672,0.22053689
0.18780331,0.19285293
0.27765316,0.2756149
0.2362413,0.227128
0.232384,0.24099433
0.26249316,0.25133514
0.29247826,0.28253528
0.25971562,0.25541556
0.27662268,0.26371676
0.27347815,0.2819661
0.26270282,0.27302498
0.25169295,0.2620061
0.24435751,0.25671372
0.2568984,0.25189847
0.2555304,0.25691217
0.2481791,0.2400111
0.23924077,0.25272694
0.18934071,0.19872534
0.24380827,0.24496007
0.19871765,0.18020982
0.27337784,0.29586345
0.28040266,0.26868182
0.3033308,0.2805018
0.26079577,0.24868803
0.27150643,0.28707832
0.25975692,0.27697873
0.282432,0.3056497
0.26008123,0.26244488
0.26449415,0.2721267
0.23808482,0.24616136
0.23595268,0.24502373
0.24695465,0.2477209
0.24493182,0.2416113
0.2324114,0.24274868
0.24126059,0.2482933
0.24110827,0.23263384
0.26610014,0.2659248
0.26417673,0.26529282
0.26786023,0.26463673
0.26882946,0.26563478
0.25048748,0.24108288
0.2531112,0.25995013
0.2833432,0.30615187
0.29323184,0.31633252
0.20698082,0.19668765
0.22587244,0.22587128
0.19910932,0.20484105
0.21261589,0.20508686
0.22137061,0.22473097
0.2257355,0.21895418
0.21051955,0.21067572
0.20859563,0.24329054
0.22392705,0.2297062
0.19385988,0.19388093
0.30725533,0.30862993
0.23830643,0.24648575
0.24873178,0.24754654
0.2450658,0.2559792
0.2469717,0.25563577
0.25044292,0.25072873
0.24989712,0.24808455
0.23771732,0.24998763
0.21189055,0.2435013
0.26484317,0.2554721
0.19382581,0.18630156
0.2643209,0.25981688
0.2072152,0.19883382
0.271895,0.2563025
0.24477404,0.27260607
0.22677027,0.2222183
0.19249406,0.18144996
0.22030066,0.21937501
0.25631553,0.26504567
0.20267223,0.20535207
0.26042685,0.2638331
0.19000958,0.21248761
0.21522985,0.20953593
0.1891501,0.17772266
0.1761694,0.1876372
0.18608223,0.20052499
0.18437976,0.19400899
0.17591634,0.1909835
0.263936,0.28925067
0.27556077,0.29089764
0.22271514,0.25288388
0.2408601,0.24555412
0.24326143,0.24258289
0.27862626,0.2679007
0.23498638,0.2270771
0.26116535,0.2605353
0.23090428,0.23413713
0.2705539,0.27124542
0.20739664,0.20434546
0.21190481,0.21052285
0.2686628,0.2552284
0.25954962,0.27488232
0.27132118,0.27526397
0.27503467,0.26647714
0.27062944,0.26912642
0.24852097,0.23565169
0.24064073,0.2502869
0.27689335,0.2697127
0.27272254,0.2678507
0.19365147,0.2223989
0.2158737,0.23503968
0.24546754,0.26602006
0.20151614,0.24690907
0.1972461,0.21788576
0.21110089,0.234132
0.18403569,0.18265487
0.18031071,0.18013908
0.18342872,0.19425166
0.21392512,0.21105807
0.22811845,0.21865888
0.23937362,0.19288062
0.24141638,0.21745867
0.21278572,0.23369828
0.20721583,0.20960964
0.22095397,0.23041448
0.22699572,0.19321856
0.24053773,0.21265736
0.30507234,0.30469325
0.30695948,0.32586265
0.19013053,0.20713428
0.20713428,0.19013053
0.32450533,0.31267053
0.20663509,0.22435217
0.25077406,0.28678575
0.21943288,0.22141184
0.24994491,0.25822017
0.25474238,0.2826249
0.261875,0.24650294
0.23916557,0.24355128
0.24567458,0.2445347
0.24540639,0.27982053
0.24487086,0.2627977
0.24453612,0.27242038
0.2780282,0.32480174
0.26817426,0.28695992
0.28963226,0.2800492
0.27818978,0.28907117
0.23294392,0.25042194
0.2387786,0.2416002
0.23252423,0.23392695
0.25117773,0.2414405
0.24207942,0.24420294
0.24385765,0.25383574
0.25250033,0.24384826
0.25556883,0.24641529
0.24559556,0.25660777
0.27880222,0.27114183
0.28202012,0.27957076
0.25630128,0.27367792
0.22859989,0.24574918
0.20649147,0.22801441
0.27367792,0.25630128
0.24400344,0.2317287
0.26296067,0.27971247
0.25764054,0.2781479
0.2747668,0.25234807
0.27055508,0.30758703
0.27439448,0.29742706
0.2704726,0.30131936
0.25093433,0.24512333
0.2361848,0.24313976
0.3087983,0.3027836
0.29807016,0.2932518
0.2507101,0.26481074
0.30822933,0.31459108
0.249008,0.26396626
0.29017806,0.3001145
0.29774067,0.3013012
0.24070726,0.22345948
0.26531366,0.23359485
0.26513302,0.23341788
0.24359322,0.2374486
0.23705322,0.22654366
0.2226372,0.22848095
0.23677112,0.23146182
0.2577804,0.24877505
0.2234991,0.22595142
0.29272097,0.3005172
0.22703852,0.2255538
0.22525424,0.22683942
0.2348094,0.23138237
0.26993304,0.280784
0.30066714,0.29270813
0.25390223,0.25759783
0.23514354,0.23226115
0.19841164,0.21303432
0.21433356,0.20583795
0.20951866,0.2132869
0.19872174,0.21235096
0.2578326,0.27106506
0.22978312,0.25203714
0.28596058,0.2933941
0.24406162,0.23674394
0.24123698,0.24623665
0.2508935,0.2559968
0.25433972,0.28818166
0.2597789,0.26411247
0.24954791,0.24675351
0.28891513,0.28574896
0.24136794,0.24806345
0.24760514,0.2450225
0.2612797,0.2606639
0.21672043,0.25469464
0.209276,0.21603785
0.2742947,0.2654605
0.23976126,0.23650381
0.2595442,0.28823984
0.27221125,0.2781018
0.23923002,0.27788565
0.22104509,0.2190414
0.23092072,0.27232462
0.21200496,0.22361152
0.26865762,0.2745621
0.28087723,0.26388162
0.30180603,0.31598616
0.281992,0.28267017
0.2322477,0.26340228
0.25375408,0.24503204
0.260365,0.2630918
0.25252837,0.25899008
0.2686826,0.271446
0.21360898,0.21460983
0.20920265,0.21761252
0.21565089,0.2545748
0.24952832,0.26682544
0.20492287,0.19632155
0.20471445,0.19649313
0.26475763,0.25313592
0.27741975,0.29082912
0.25075167,0.24567978
0.23923516,0.24303891
0.2713908,0.26835304
0.24749824,0.2706991
0.22760639,0.22294669
0.2486302,0.24807489
0.216961,0.22201845
0.25032234,0.24953604
0.25467688,0.2517292
0.20983832,0.20409328
0.22590242,0.23074567
0.23402086,0.24309663
0.2401608,0.25552464
0.27108297,0.2780689
0.25580114,0.2637833
0.23023364,0.23514377
0.1727177,0.16918206
0.23350886,0.226849
0.26756987,0.23826301
0.2555045,0.24075127
0.23571225,0.22692983
0.238648,0.23721619
0.28150213,0.28599307
0.23240235,0.2344848
0.19219495,0.21138982
0.18268444,0.1990549
0.23578869,0.24397066
0.1690708,0.17418002
0.2575886,0.24111062
0.20188734,0.21168673
0.2111424,0.18163937
0.20328708,0.18016201
0.23838529,0.22693174
0.23350942,0.23953134
0.2965754,0.31143773
0.2247606,0.2324979
0.19768229,0.21755704
0.28589153,0.2986193
0.21331216,0.18909477
0.2979445,0.28050607
0.20651805,0.20870608
0.20773228,0.20943995
0.2655995,0.30587256
0.2607316,0.2773066
0.2607316,0.2773066
0.2499093,0.2720377
0.2986259,0.27214456
0.2702548,0.28788722
0.27123362,0.28908688
0.22308241,0.20620877
0.25762624,0.23240906
0.22039644,0.20929332
0.19297448,0.20873557
0.2165949,0.26236483
0.20445386,0.20692708
0.21481235,0.1813092
0.21895133,0.16718622
0.1995169,0.24374975
0.18360786,0.20870234
0.2653669,0.2564483
0.23071001,0.22080103
0.24843654,0.22667831
0.2599579,0.2620114
0.32264218,0.31791395
0.22113153,0.23439927
0.24903697,0.2603078
0.23133017,0.24832241
0.2642668,0.268642
0.2629255,0.2560368
0.26432228,0.26379552
0.24075592,0.2344332
0.28170085,0.27572018
0.2825807,0.28588328
0.26848084,0.2654304
0.26683065,0.2649733
0.26587704,0.27110225
0.20820414,0.20857087
0.20249818,0.20586637
0.22273137,0.22426492
0.20283103,0.19954938
0.15513313,0.16265485
0.15876035,0.15458253
0.23800492,0.257414
0.25585663,0.24249695
0.19386017,0.1948163
0.1946044,0.19328123
0.3187933,0.2992466
0.28448778,0.32094663
0.19934283,0.21761842
0.18720639,0.17401817
0.2093916,0.20963454
0.25076008,0.2267125
0.21653682,0.23663442
0.25043172,0.2758379
0.22368667,0.22010812
0.22246191,0.2517575
0.2472201,0.26173118
0.21554771,0.20376296
0.20562181,0.22747186
0.16502841,0.20579013
0.21845683,0.2293987
0.2768702,0.25990245
0.25718218,0.2593723
0.2406604,0.2461449
0.2468047,0.24092115
0.27198708,0.31141323
0.29137072,0.31823766
0.26825455,0.30765986
0.267581,0.2849351
0.27834752,0.30990693
0.31835213,0.27900305
0.2787689,0.2729314
0.25299942,0.27981877
0.26449138,0.2589694
0.2589694,0.26449138
0.28093463,0.26185596
0.27771223,0.2576414
0.28053823,0.2661915
0.20370555,0.20260938
0.20760258,0.20600852
0.206478,0.20692235
0.26323292,0.26116592
0.20260938,0.20370555
0.2081573,0.20503138
0.2576414,0.27771223
0.26420113,0.27359307
0.26987308,0.26982862
0.22438921,0.27504537
0.18642056,0.17492177
0.25394195,0.2373687
0.24867697,0.2356318
0.23311462,0.2491282
0.21482977,0.2354926
0.22752075,0.25413465
0.23442405,0.25448975
0.24974307,0.24369591
0.23078626,0.21907818
0.17189597,0.17984273
0.25036988,0.22222419
0.22985998,0.26148772
0.19644414,0.20722494
0.19371276,0.19514295
0.20203704,0.21215867
0.21781585,0.23072784
0.20812926,0.20185222
0.18891574,0.18987848
0.22696714,0.21874814
0.20440179,0.20252135
0.28815943,0.2885748
0.29477736,0.29171976
0.3012504,0.29105085
0.24979018,0.246815
0.23106076,0.24944417
0.25416434,0.29449958
0.2396333,0.24635725
0.2288346,0.24578986
0.24931614,0.23643987
0.24445838,0.24071617
0.22854498,0.23248659
0.234188,0.22716974
0.22530654,0.22764714
0.25276452,0.2443288
0.2287534,0.24314201
0.24357295,0.25194275
0.200808,0.20555425
0.18159904,0.18423742
0.22906232,0.23255977
0.21584758,0.17495248
0.19061203,0.16962305
0.20541753,0.18278414
0.23281416,0.22702718
0.26147944,0.26007885
0.18935119,0.20242578
0.18821692,0.20378308
0.25909215,0.27307013
0.23077434,0.25587678
0.2592327,0.25812805
0.2321187,0.24291496
0.23342231,0.22698963
0.22789018,0.23704673
0.24874908,0.23497064
0.26319236,0.26487702
0.27289018,0.2767552
0.2552694,0.25620338
0.23438935,0.22983004
0.22496355,0.24506801
0.23113191,0.23764658
0.21051416,0.21402946
0.24232462,0.23419821
0.2624283,0.25481158
0.21705908,0.2083658
0.2282961,0.230689
0.25938776,0.2903835
0.25482655,0.26152423
0.18964992,0.19138083
0.18921116,0.18576631
0.24475141,0.2544614
0.24777609,0.25035363
0.23613971,0.23808938
0.28153577,0.2769928
0.23158337,0.2561012
0.2230514,0.24984168
0.21881208,0.25569052
0.27156213,0.28546762
0.25365323,0.2468718
0.23633966,0.23949257
0.24892187,0.25329906
0.3024782,0.30440658
0.3106615,0.3143296
0.28717688,0.27777147
0.2729961,0.27307886
0.26987338,0.27415466
0.27817813,0.2894786
0.26794204,0.28350455
0.28210256,0.26075968
0.26974633,0.27467918
0.22756001,0.2368903
0.23516329,0.27103952
0.22937901,0.2603775
0.25169086,0.23829162
0.26243633,0.24239495
0.23834091,0.2561472
0.18724652,0.20184633
0.19721995,0.19634861
0.20778577,0.21075271
0.26743627,0.28792846
0.20707063,0.2060503
0.18203945,0.189776
0.21292429,0.2007309
0.21958232,0.19813418
0.1648352,0.16553684
0.18885076,0.18087277
0.22704078,0.2529906
0.21149345,0.21879697
0.21877027,0.21735783
0.23930596,0.25783837
0.19385862,0.20959477
0.22444431,0.2585444
0.19475956,0.23104031
0.22011474,0.2198155
0.1985123,0.21605104
0.20098355,0.19146682
0.1674091,0.17136389
0.2043764,0.242544
0.25563946,0.2815594
0.25100735,0.27201885
0.2331217,0.30293566
0.24946249,0.26640218
0.20478907,0.26653177
0.22986174,0.25010568
0.24275088,0.25762263
0.24679941,0.24443972
0.26893607,0.26399407
0.30133313,0.30378884
0.27081528,0.27647996
0.2777167,0.26306772
0.21905072,0.22269535
0.23618457,0.2345786
0.22573294,0.2217196
0.22705624,0.23255011
0.28182843,0.27236894
0.30091548,0.29544047
0.2800824,0.28742415
0.2130065,0.22291522
0.19882768,0.19288325
0.18921086,0.17981516
0.18665957,0.20045277
0.20444138,0.20548385
0.18778487,0.19248942
0.22536023,0.21091762
0.213576,0.19047894
0.20901053,0.19127038
0.202037,0.21149175
0.19067869,0.2129125
0.22206858,0.23870058
0.24324039,0.23302339
0.19235627,0.20125699
0.18098617,0.21507986
0.28289413,0.29242975
0.19325781,0.24486098
0.2213786,0.24101359
0.26152605,0.26706523
0.262384,0.26731056
0.1769703,0.18344116
0.1884863,0.18743981
0.21369803,0.21272123
0.2603794,0.24674106
0.24178633,0.25597245
0.16658874,0.18944304
0.16877176,0.16799676
0.16307342,0.17487901
0.25138324,0.2532431
0.27882543,0.27697864
0.27176273,0.27149385
0.26857305,0.25985232
0.25556284,0.25711083
0.26448762,0.2639929
0.26497006,0.26125205
0.25437185,0.25128546
0.28057283,0.27506232
0.25336128,0.24578726
0.2715478,0.27824488
0.24992137,0.25141296
0.2787296,0.27329224
0.24660075,0.24446547
0.24926966,0.2525397
0.21730044,0.19010665
0.30549794,0.2757116
0.28311273,0.2780947
0.17674056,0.17486666
0.19960961,0.2083323
0.28425443,0.29294345
0.2735134,0.28914303
0.16938463,0.17827368
0.24908143,0.22178075
0.27771702,0.29675257
0.23732412,0.25138783
0.25388187,0.24535456
0.22674775,0.22166437
0.26579928,0.23815215
0.25140727,0.2654665
0.22316451,0.2238724
0.2776318,0.2888701
0.24410231,0.25152394
0.26117522,0.26272514
0.25587893,0.25879276
0.26117522,0.26272514
0.20970789,0.2549343
0.23864576,0.25277802
0.25473776,0.25924292
0.23852424,0.2589492
0.23611438,0.25081795
0.25414705,0.27141318
0.2531015,0.26373953
0.21222089,0.24726436
0.21816224,0.21014243
0.2668722,0.26793307
0.24541935,0.24370712
0.26822066,0.26338387
0.24781299,0.23913214
0.29736155,0.29043645
0.28698054,0.3057117
0.22708963,0.23438272
0.23300695,0.22202332
0.24189296,0.31330264
0.24145381,0.25084513
0.2513852,0.24583001
0.27192843,0.26298982
0.2707202,0.25716296
0.25465736,0.27252328
0.26298982,0.27192843
0.25716296,0.2707202
0.2481167,0.2749849
0.24829146,0.264151
0.27399686,0.25887036
0.26681414,0.23974217
0.21657489,0.24473995
0.24089825,0.22639233
0.22525163,0.21584693
0.23765694,0.26018864
0.22010258,0.22751787
0.263918,0.2908523
0.24059267,0.25331682
0.28969637,0.27722713
0.25312063,0.24191788
0.20962334,0.21666992
0.18385711,0.20460409
0.17729445,0.1884018
0.1814008,0.16958049
0.23708823,0.2325695
0.2353087,0.23825887
0.29490378,0.28245002
0.28929627,0.28573048
0.2767539,0.2838854
0.28426975,0.29229018
0.27932712,0.2940502
0.25054106,0.2678893
0.1767018,0.18294734
0.18629862,0.17881538
0.26364002,0.25064918
0.24595027,0.26202774
0.2591113,0.23670235
0.2928747,0.28086632
0.27098778,0.27218696
0.28720027,0.29188624
0.26682943,0.273314
0.27144876,0.28199795
0.24074933,0.24325368
0.28812662,0.264498
0.24680647,0.24610187
0.25408882,0.24589723
0.25056946,0.25096762
0.21255735,0.27228212
0.1989302,0.23146391
0.3170837,0.31561908
0.30964246,0.31968567
0.23681344,0.19991538
0.24260208,0.20896667
0.2116891,0.23911558
0.19991538,0.23681344
0.24839547,0.25265324
0.2645876,0.30088425
0.18724333,0.22891757
0.25257397,0.25625563
0.24885693,0.2503006
0.26015428,0.26355368
0.22122996,0.2242094
0.21881646,0.22559145
0.23301655,0.22649515
0.2556467,0.2642786
0.21223475,0.20328245
0.23567861,0.21708524
0.22333673,0.22140044
0.23148035,0.2290823
0.20205218,0.19862367
0.20293278,0.2141741
0.22258376,0.2333329
0.26059195,0.27526015
0.19136673,0.21842875
0.15397802,0.17458111
0.17585698,0.15818658
0.21896394,0.20419782
0.25816926,0.25945827
0.26162463,0.2596908
0.23834766,0.25628546
0.25421548,0.24966973
0.26630342,0.27567795
0.24860056,0.25150144
0.25423715,0.22766599
0.29759353,0.30996326
0.26408285,0.2638824
0.22398728,0.24444388
0.24767607,0.24696721
0.24721158,0.24399199
0.24741115,0.24867585
0.27402827,0.2885557
0.2347751,0.23236087
0.29399157,0.28162962
0.20516324,0.19827293
0.21519843,0.21423462
0.22830775,0.22662072
0.19249879,0.19933854
0.21763298,0.20943439
0.19382757,0.20377442
0.28711385,0.29187903
0.2093614,0.21487147
0.19917327,0.19295286
0.22231914,0.20468712
0.22671463,0.22221091
0.22872707,0.23384982
0.2182193,0.21905142
0.28884286,0.30905747
0.21288617,0.20309405
0.2015415,0.21049595
0.23182923,0.23713526
0.23828922,0.23423237
0.22054854,0.23982579
0.21315666,0.23709986
0.22948332,0.21911983
0.2143529,0.22252128
0.2198785,0.21859398
0.23878661,0.21763323
0.21687666,0.22301222
0.22541769,0.21529444
0.20432134,0.23134755
0.28020802,0.2718777
0.27763578,0.28362316
0.2058598,0.22443333
0.25786108,0.24418417
0.17764539,0.23168641
0.24637891,0.2569233
0.21359785,0.24146709
0.22601104,0.2090093
0.22443333,0.2058598
0.20429653,0.19302064
0.18222056,0.19089793
0.20460251,0.18025756
0.20199265,0.15204763
0.19358493,0.22085497
0.22840385,0.22817917
0.23521724,0.2404605
0.18479905,0.19248518
0.16850322,0.18778098
0.22513968,0.23457606
0.19288702,0.19884479
0.22414416,0.22460459
0.24404049,0.23488967
0.21863227,0.21893644
0.20724967,0.18987751
0.24292397,0.22240633
0.19135343,0.17745586
0.21558657,0.21209837
0.21639389,0.24205711
0.2400972,0.24147286
0.24232419,0.24972504
0.19277677,0.22191994
0.2264851,0.24960662
0.1943037,0.18033293
0.18853186,0.18761435
0.1849471,0.19962204
0.1868094,0.18269634
0.27848476,0.270396
0.3050864,0.30830884
0.22879447,0.2502019
0.26726577,0.28875825
0.30657974,0.30780578
0.27728853,0.2787508
0.2445655,0.25057968
0.25128472,0.23992191
0.269814,0.26298594
0.2925551,0.29992586
0.2621992,0.2665695
0.30144823,0.2953501
0.25722414,0.27130392
0.26964146,0.29937208
0.2799455,0.2684014
0.25593805,0.2444101
0.22268999,0.21466282
0.23666278,0.2562529
0.23114455,0.23379399
0.20997356,0.21987513
0.28714988,0.27932888
0.26902595,0.2859876
0.24707934,0.27173898
0.2736133,0.257321
0.28989217,0.29838827
0.26009732,0.2514617
0.25927538,0.26110184
0.29289216,0.29262972
0.19279447,0.19304201
0.23219824,0.22599317
0.2294247,0.22559221
0.23153296,0.22440776
0.22906776,0.21515909
0.22080696,0.22563976
0.22206807,0.23090315
0.22319259,0.23460366
0.22491631,0.2303476
0.25734568,0.2585283
0.25482795,0.24945888
0.19165717,0.19412787
0.28173324,0.2933491
0.28601474,0.28966781
0.27431667,0.26866603
0.2509262,0.24961619
0.29609388,0.28335154
0.24864948,0.24992241
0.27009982,0.27545235
0.2865474,0.27940345
0.2677144,0.2766924
0.28357238,0.2905962
0.28275454,0.27713227
0.2596516,0.26714027
0.2520275,0.24883835
0.23821868,0.2292463
0.2369725,0.23275103
0.24852708,0.2552033
0.23720682,0.24399126
0.22363323,0.23936844
0.24480018,0.24858469
0.28031865,0.28535223
0.23784456,0.25207403
0.24880782,0.24495663
0.2040124,0.21054645
0.2540477,0.24618004
0.28792155,0.27387935
0.25615752,0.23364559
0.23177859,0.22676733
0.22287577,0.22674552
0.20830391,0.20316687
0.2593375,0.3001792
0.2717068,0.26371896
0.29513124,0.28525302
0.26728573,0.27580565
0.23018393,0.24735612
0.26626787,0.29528257
0.24415353,0.2870534
0.2096904,0.23072426
0.24511531,0.2205271
0.2869653,0.25471765
0.18567713,0.1735123
0.1769837,0.1797236
0.21763073,0.2488288
0.24717805,0.23974779
0.2053815,0.21650729
0.2179499,0.21020362
0.28526458,0.2842474
0.28618482,0.29188496
0.24275452,0.24584612
0.23494574,0.26774445
0.22524714,0.2383562
0.24255295,0.23945571
0.21216938,0.21361712
0.18648535,0.18339844
0.21462953,0.21091035
0.18924552,0.18000156
0.19225256,0.22805926
0.19760837,0.23051186
0.21650527,0.2450587
0.26478916,0.25596124
0.26342002,0.25169137
0.25790188,0.25753868
0.25791934,0.26572853
0.2660874,0.27864158
0.30217108,0.30541345
0.23293298,0.23738986
0.3054819,0.29430163
0.22466087,0.23112556
0.22770193,0.22754277
0.23492517,0.23603365
0.27768314,0.27730322
0.21421844,0.22577907
0.24318683,0.26038846
0.26168332,0.26259503
0.26855502,0.26401755
0.21577889,0.23310545
0.21381798,0.21740863
0.17677447,0.18133181
0.20735598,0.19511932
0.22020315,0.21138364
0.21383306,0.20713834
0.19465871,0.18868198
0.19791536,0.21807927
0.20800579,0.19462998
0.20896569,0.2154507
0.21786538,0.20405655
0.19172113,0.19605242
0.21346733,0.18088563
0.18786071,0.17869775
0.18492343,0.2107865
0.20134223,0.20998472
0.2039162,0.21173117
0.21473083,0.21676639
0.1929946,0.19816181
0.21233591,0.20484804
0.25172305,0.25730926
0.29519072,0.29164404
0.24805601,0.24389887
0.29087892,0.2804603
0.27140588,0.28512818
0.26877844,0.27155143
0.21186192,0.2070825
0.20986335,0.23126644
0.19808161,0.19330478
0.20580913,0.21235517
0.225397,0.21839331
0.19092645,0.19481422
0.25996166,0.26723385
0.17112446,0.19378099
0.25639498,0.27215594
0.26467305,0.2601062
0.22407502,0.24225093
0.25769195,0.22661473
0.23717295,0.25658977
0.1964341,0.25735673
0.25613156,0.24620885
0.29950294,0.29990524
0.31421968,0.3075372
0.2537127,0.24631704
0.20119332,0.1778189
0.24002844,0.2544006
0.29889074,0.2982427
0.2715697,0.25920463
0.2992257,0.28951916
0.30073002,0.2944676
0.24134777,0.25275794
0.30794775,0.30517322
0.1680332,0.194601
0.24355884,0.24871904
0.25710982,0.2597843
0.23877326,0.2520253
0.22968018,0.20540968
0.25152516,0.24328434
0.20188133,0.23278612
0.22323847,0.2297877
0.20774138,0.24009918
0.23161466,0.26838642
0.22343498,0.24924684
0.26723582,0.27218387
0.215002,0.21915993
0.18563402,0.19583584
0.25742874,0.27627954
0.25807136,0.2951017
0.27017137,0.3033694
0.19707853,0.1884736
0.2754025,0.25188425
0.22004253,0.21860707
0.30731672,0.29541793
0.2663369,0.26089877
0.30953595,0.295677
0.29651946,0.31128913
0.299934,0.30465245
0.2665018,0.2750902
0.25737917,0.26904368
0.26130676,0.27202925
0.21854383,0.21038193
0.2585219,0.2724495
0.23500022,0.25159582
0.21113433,0.2132288
0.20922406,0.21505448
0.2246285,0.22183771
0.21969734,0.23605782
0.2250756,0.2086675
0.2268083,0.20818931
0.20563108,0.19836536
0.20627892,0.21071348
0.24352139,0.24014898
0.23812217,0.24554627
0.29420704,0.2864062
0.23635115,0.2556029
0.27941632,0.2772321
0.2893065,0.28821146
0.27579582,0.28648883
0.2570411,0.25242808
0.28249717,0.28856823
0.289432,0.30172992
0.25366348,0.2648025
0.26916617,0.2652204
0.23860122,0.24089938
0.24131489,0.2322599
0.25221175,0.25941175
0.2657374,0.25867087
0.27774784,0.28130126
0.23571548,0.23922938
0.23474336,0.230141
0.290404,0.28096297
0.2660144,0.25129548
0.21101347,0.24857086
0.2181067,0.24562621
0.18834366,0.24978144
0.19869801,0.2295118
0.2226107,0.20789306
0.20107946,0.21735547
0.22771506,0.24138153
0.21105228,0.21048623
0.2494106,0.24992079
0.25117785,0.25212583
0.23050019,0.2320281
0.20865646,0.2375004
0.18738171,0.21032168
0.20708457,0.20385034
0.19531795,0.19071096
0.21076453,0.20660599
0.20419437,0.21151128
0.24948022,0.28151825
0.21444575,0.19958374
0.23315457,0.2580874
0.28287613,0.24781872
0.25985253,0.22676797
0.22119176,0.22178352
0.23253137,0.2275674
0.2103785,0.23382732
0.2396611,0.23722862
0.24498405,0.27196264
0.24359594,0.24201027
0.19023634,0.23394951
0.2351017,0.2360398
0.22396879,0.23278674
0.18055166,0.21749896
0.23547247,0.2188433
0.28196228,0.2831162
0.27802852,0.27832395
0.2840436,0.27647614
0.2778799,0.27988863
0.29440284,0.2883519
0.28915757,0.28473973
0.29001418,0.28523442
0.2629697,0.26575917
0.27442932,0.2730943
0.2643403,0.26136777
0.27291858,0.27240407
0.2521006,0.24217752
0.26395243,0.2837274
0.25005117,0.2595751
0.17484488,0.19309291
0.25109515,0.20736232
0.19717427,0.17345616
0.24016055,0.24526593
0.238364,0.23649724
0.23909596,0.23988248
0.27238804,0.2864038
0.2549047,0.26928073
0.27185822,0.26958904
0.19323681,0.18115638
0.2614165,0.25933316
0.26515812,0.27834323
0.17555584,0.19771677
0.19869223,0.18970439
0.2482376,0.2527883
0.24641514,0.2651478
0.2558295,0.2492516
0.28404284,0.28893128
0.2703259,0.24517494
0.29016227,0.28517744
0.2306657,0.2806199
0.24059078,0.23405594
0.24057993,0.24008259
0.22972192,0.23572505
0.23800394,0.23149875
0.24248701,0.23385303
0.23774126,0.23125404
0.24383551,0.2662667
0.24529713,0.26917243
0.2659216,0.27639806
0.24571462,0.26645398
0.24754071,0.26643038
0.2618924,0.25642967
0.3005747,0.29280654
0.25756666,0.251997
0.26572472,0.2695138
0.25502968,0.26178223
0.2558733,0.25854963
0.2889804,0.29971492
0.26888776,0.26436114
0.28029364,0.31446463
0.263245,0.26322463
0.27313775,0.30435827
0.25653028,0.25571418
0.19407007,0.22980347
0.26347047,0.2607596
0.23347053,0.2565479
0.2586983,0.2756747
0.23356485,0.24948588
0.25900567,0.26064587
0.16701764,0.1854781
0.14327112,0.14986393
0.14834838,0.1427252
0.18347639,0.1662181
0.2717309,0.23431095
0.2702922,0.24353847
0.23431095,0.2717309
0.21703085,0.2649616
0.2606831,0.22479361
0.24119401,0.22482729
0.25579125,0.26755273
0.26808685,0.26604253
0.26660755,0.263305
0.22512615,0.24776223
0.26525283,0.27462175
0.26082402,0.2665275
0.28176317,0.282252
0.28948376,0.27708748
0.26971132,0.2905556
0.23580487,0.26798135
0.24507724,0.24511015
0.2525963,0.25083727
0.20391706,0.20656261
0.24995053,0.2512413
0.21448529,0.21981385
0.2070249,0.20443112
0.21763328,0.22531442
0.25852844,0.2434971
0.25308973,0.24815425
0.2548207,0.27445891
0.25363186,0.2620872
0.20003758,0.20204978
0.20204978,0.20003758
0.21883355,0.22174314
0.26910758,0.26624912
0.2208954,0.22551015
0.26254058,0.26494032
0.29442817,0.30144823
0.23459968,0.24429542
0.24171019,0.23237732
0.24373293,0.24258858
0.24083799,0.23989435
0.14059998,0.1477445
0.15348968,0.1408385
0.24302137,0.24106975
0.24012366,0.23816219
0.2620164,0.2793215
0.25182763,0.2752871
0.17120011,0.15066333
0.1481282,0.16687915
0.19437808,0.20038016
0.22115183,0.25564823
0.17530513,0.21600823
0.19077888,0.21851653
0.25506073,0.25133726
0.17886703,0.19617058
0.17637327,0.1921683
0.21861865,0.24720669
0.18453632,0.18129674
0.21151012,0.18038376
0.24828474,0.23062336
0.24521968,0.22382237
0.19319981,0.18691602
0.19214706,0.17741063
0.2502552,0.2621556
0.21777777,0.20048897
0.21882105,0.20996541
0.23232278,0.23572925
0.23051223,0.2238206
0.29851174,0.26455966
0.27491352,0.29587293
0.28542587,0.30783972
0.1976708,0.22273163
0.27044633,0.27614608
0.18840237,0.19126351
0.2310926,0.23116419
0.29700676,0.2951429
0.22211246,0.22587517
0.27500293,0.27230665
0.22026536,0.23583291
0.25725773,0.25111568
0.25241998,0.25403678
0.13857342,0.15463872
0.2604223,0.2620789
0.2665874,0.25907773
0.15196042,0.13339873
0.28013605,0.29515773
0.22669972,0.22726037
0.24061157,0.23906823
0.293153,0.29560143
0.20375177,0.22735608
0.23596093,0.20407975
0.26983473,0.2659606
0.29325825,0.290683
0.20216435,0.22799681
0.19657,0.23611447
0.21735989,0.19668296
0.2705165,0.2680266
0.25218272,0.24180616
0.23960932,0.2354767
0.24235833,0.25212517
0.2538381,0.24182332
0.27914447,0.28522417
0.20767239,0.19885558
0.24963304,0.2705227
0.26803747,0.27956372
0.26724932,0.2782637
0.2918936,0.28209183
0.27996317,0.2957583
0.24592164,0.2508572
0.24957581,0.23707294
0.29281557,0.29388377
0.21869412,0.2374936
0.22147536,0.23449574
0.2284196,0.2536291
0.22660378,0.23089424
0.27640882,0.26295057
0.19348752,0.20085102
0.16981834,0.17015217
0.17923462,0.1728055
0.17118178,0.17233042
0.25410464,0.2255193
0.19588044,0.19994494
0.22787407,0.25644368
0.2547896,0.28432482
0.22448318,0.25613135
0.23931459,0.25754574
0.21439293,0.21426293
0.26451135,0.26355016
0.25967485,0.25893945
0.24787465,0.2575091
0.21079235,0.2114631
0.23315471,0.22553742
0.16545297,0.17356534
0.25648984,0.2625732
0.2625721,0.25508523
0.21915379,0.23810829
0.23282754,0.23180875
0.2586376,0.25460452
0.26841497,0.26651525
0.26805478,0.2630659
0.23314133,0.22094887
0.21945284,0.2377831
0.2569756,0.2574001
0.22546837,0.23222335
0.2681821,0.27040255
0.25460452,0.2586376
0.2614686,0.26256824
0.26988697,0.26455685
0.27378085,0.26436204
0.22481255,0.22736792
0.2178698,0.26974183
0.23210472,0.25607395
0.25433165,0.26989764
0.1921007,0.21621649
0.23651405,0.27659333
0.26930594,0.24038313
0.25482425,0.25834617
0.25749207,0.2570821
0.2119468,0.18331663
0.25067896,0.28138918
0.23822057,0.2656142
0.27183527,0.30567354
0.24002755,0.2554475
0.25063592,0.2598488
0.1865208,0.16796482
0.2216823,0.2146834
0.22674644,0.24210697
0.2554475,0.24002755
0.18658532,0.22436698
0.17085935,0.18797874
0.26116714,0.2409412
0.2231533,0.20785017
0.25359544,0.28226927
0.1990763,0.2266944
0.25722194,0.2617204
0.29207098,0.3058434
0.21466722,0.22045967
0.20145233,0.20834908
0.21623936,0.2105462
0.238682,0.2311363
0.20532644,0.21662806
0.22937441,0.246236
0.21553883,0.20750535
0.20301814,0.204017
0.26856428,0.28418577
0.26221916,0.26400146
0.2715124,0.27275163
0.23008989,0.2475325
0.24986264,0.23878366
0.24238941,0.23030066
0.28760928,0.3009912
0.30404228,0.30619794
0.3076641,0.2976269
0.29087496,0.28867224
0.275368,0.29053998
0.29655838,0.2978123
0.20603526,0.20253183
0.23486912,0.24066032
0.20117858,0.20684978
0.24719398,0.23406364
0.27998435,0.29852527
0.19930676,0.21240774
0.20283397,0.21865058
0.21550557,0.21946283
0.19575596,0.19312245
0.20494254,0.20913711
0.16947238,0.18077493
0.2216749,0.21936777
0.19293368,0.19668813
0.18120292,0.17333005
0.21693388,0.2181224
0.2057176,0.20697728
0.28558978,0.29385948
0.28080317,0.28477693
0.26579162,0.25003374
0.28789097,0.29425713
0.27233014,0.2809223
0.2901392,0.28407457
0.2907694,0.2918796
0.2740059,0.27785206
0.29443368,0.29386598
0.2785207,0.2785782
0.2934297,0.29083604
0.17091246,0.1534059
0.18343939,0.20944001
0.2105692,0.19346528
0.28797072,0.3060952
0.28208134,0.28905743
0.25663477,0.26625344
0.29340523,0.27209252
0.2612473,0.26204056
0.26518464,0.27608615
0.26920867,0.2705678
0.29262024,0.29933235
0.3070517,0.30665573
0.29503536,0.28872257
0.26624194,0.26661405
0.26951605,0.28252706
0.26323548,0.27617493
0.20062476,0.19068564
0.24426118,0.2429068
0.23633677,0.24015328
0.18947804,0.20456177
0.21218547,0.25158203
0.28695443,0.29186743
0.2877385,0.28256458
0.2728483,0.2829828
0.26717466,0.26968655
0.27761972,0.27499115
0.20299055,0.2631877
0.15166876,0.15214798
0.15683863,0.16124482
0.24333161,0.23700382
0.20294268,0.15858169
0.17338818,0.14983642
0.16328654,0.1522255
0.24423352,0.24032125
0.20129475,0.16106953
0.17256156,0.19974832
0.17276089,0.19531335
0.22417459,0.24449769
0.26260194,0.24467355
0.2445956,0.22982305
0.26058233,0.24719791
0.24005657,0.25659642
0.23542896,0.25021294
0.25853065,0.25907588
0.23542896,0.25021294
0.2504356,0.26179078
0.22426179,0.23208642
0.2665497,0.25980136
0.2575338,0.25773287
0.2171154,0.22286254
0.2518201,0.29370943
0.21645498,0.23090544
0.22564737,0.24562986
0.2196897,0.2429921
0.1572517,0.15142429
0.22394755,0.22094952
0.14931244,0.15142077
0.24215046,0.23418692
0.28429386,0.28117108
0.2561387,0.24914536
0.25639516,0.27159902
0.26940233,0.25436494
0.2802384,0.28317398
0.24603811,0.25100875
0.26338798,0.2689218
0.26719627,0.27338874
0.23867255,0.26256412
0.27120665,0.26271778
0.26473486,0.27644074
0.26166856,0.2537955
0.2714288,0.25866988
0.23867255,0.26256412
0.28562105,0.28352746
0.28751338,0.2893189
0.23069724,0.23353755
0.25950772,0.26786906
0.23762888,0.23488794
0.26872778,0.25472715
0.29876113,0.28582528
0.2818023,0.29773784
0.18795103,0.19081071
0.23409736,0.22797613
0.23365209,0.23730238
0.23828763,0.23916493
0.282556,0.24501888
0.23677382,0.24348222
0.24405357,0.25609595
0.23644266,0.27222732
0.24501888,0.282556
0.27222732,0.23644266
0.25609595,0.24405357
0.2547798,0.24205743
0.2519178,0.25681433
0.24847417,0.2509455
0.25340796,0.2513844
0.26342997,0.28856087
0.22675772,0.25535434
0.2527979,0.24994361
0.25508174,0.25885063
0.27107328,0.27427942
0.22144139,0.21819952
0.26950735,0.27436572
0.22475182,0.22023016
0.22441328,0.21403363
0.22398263,0.20299838
0.23867188,0.26068202
0.26330233,0.25202197
0.2556395,0.27100563
0.27468294,0.25764054
0.28747237,0.27480772
0.22372699,0.22626299
0.28353754,0.2960188
0.28264406,0.29319018
0.27005568,0.26197276
0.26719427,0.27224308
0.2894477,0.28490677
0.28325814,0.28011775
0.20471114,0.20909809
0.20125702,0.20350099
0.1622489,0.14705886
0.15214367,0.16783357
0.21586561,0.21332619
0.25993833,0.27274966
0.26748988,0.28022403
0.28370377,0.27758327
0.27722073,0.27928495
0.27850968,0.2787412
0.27396664,0.26856893
0.2144494,0.21188359
0.27297166,0.27652198
0.21875805,0.21303575
0.21694931,0.21402471
0.20833877,0.22268942
0.2834794,0.2810361
0.21314698,0.21034244
0.2853263,0.28548533
0.20993036,0.21259055
0.24996862,0.25368065
0.20940687,0.2122943
0.21881674,0.21188952
0.25021946,0.24640268
0.26638067,0.25041392
0.2261561,0.22045706
0.24633482,0.2516423
0.2590724,0.2718146
0.2579145,0.2665992
0.24914196,0.25450563
0.21985804,0.22422995
0.20977604,0.21931969
0.2502899,0.24907225
0.24308044,0.24639197
0.2784295,0.28803742
0.27616894,0.29118413
0.30065438,0.3104379
0.29273024,0.28412604
0.27446106,0.3155449
0.2593132,0.3127442
0.22037105,0.21759894
0.22069888,0.21594633
0.26653445,0.27478188
0.20364377,0.25145674
0.20234731,0.25180525
0.20850587,0.250507
0.18821615,0.22740331
0.22674532,0.23047152
0.2221843,0.24748209
0.22658437,0.23323783
0.24996437,0.2543931
0.26344493,0.2531638
0.26471782,0.28707817
0.18450876,0.22190258
0.23913708,0.23846914
0.24515945,0.24350376
0.23531948,0.24605754
0.16867769,0.20858003
0.23751852,0.24739042
0.22024126,0.22857478
0.2201622,0.22472058
0.23480697,0.23608202
0.23666209,0.23965228
0.26035783,0.24195862
0.22690855,0.21935529
0.26225752,0.24306281
0.24286972,0.24126145
0.21696682,0.2226229
0.24188337,0.2420611
0.260055,0.23938392
0.2572942,0.23727827
0.23215023,0.2203401
0.23097388,0.21686068
0.23797175,0.26506013
0.22538047,0.27479777
0.20142707,0.22787258
0.28340966,0.25887653
0.27304226,0.2814996
0.21827821,0.22089384
0.21034859,0.23629777
0.2428697,0.25363967
0.22667123,0.23379743
0.22245492,0.22598974
0.26589838,0.2682894
0.25580132,0.27757922
0.26087755,0.26631743
0.22526312,0.21718776
0.22118247,0.22543883
0.21448138,0.24431847
0.25422072,0.28119364
0.26928386,0.29049894
0.18005753,0.20386353
0.27582306,0.25140274
0.19100678,0.18436573
0.19560139,0.19591692
0.28146908,0.2810663
0.24332254,0.25948063
0.277167,0.2734663
0.27324024,0.2767451
0.26532573,0.25828287
0.2555733,0.2677321
0.24520695,0.24097781
0.25938854,0.26025638
0.24603167,0.24766865
0.24431247,0.24564737
0.24455331,0.24463657
0.2191423,0.24070029
0.21958633,0.27232718
0.28170097,0.2897566
0.2179695,0.22566865
0.28332037,0.28219917
0.2668226,0.26104447
0.2558137,0.26443774
0.21546869,0.2150951
0.29370165,0.28626284
0.20850417,0.22283125
0.12959376,0.22263986
0.20200261,0.20240685
0.1976166,0.19833392
0.20004998,0.19976929
0.26477414,0.30862418
0.24550161,0.26522195
0.17424226,0.18013671
0.24339297,0.24293621
0.2644446,0.25116146
0.18239272,0.17261611
0.29952803,0.26982948
0.24625331,0.23778892
0.24854726,0.27375358
0.24996908,0.24642286
0.2690179,0.25640988
0.24369194,0.25306466
0.22341996,0.2105978
0.2105978,0.22341996
0.24059615,0.19934976
0.24862206,0.24199742
0.23605454,0.23839684
0.22400369,0.21077074
0.20206417,0.21204609
0.21703781,0.23866288
0.22321472,0.251193
0.22267407,0.20591862
0.21183117,0.22456908
0.20224574,0.23116913
0.20590831,0.21521696
0.21635741,0.24490331
0.25432178,0.21508884
0.21880487,0.2084534
0.22856417,0.22763202
0.2449142,0.2493503
0.22424898,0.21573576
0.30569825,0.30361855
0.3063382,0.3104111
0.21913913,0.2487629
0.23664303,0.24065602
0.22648726,0.23839152
0.24474248,0.23770313
0.23398347,0.23015022
0.25885692,0.27370322
0.2599749,0.2545603
0.22801611,0.23077725
0.27368334,0.25746375
0.2282476,0.21796334
0.229616,0.21929884
0.23140574,0.2195419
0.19386792,0.23431736
0.22455381,0.23671383
0.22162832,0.23466483
0.22451527,0.2370459
0.2643308,0.25935566
0.20480604,0.21344356
0.19747834,0.18636227
0.22246103,0.22238263
0.20460534,0.20811683
0.22572489,0.226302
0.20716631,0.2066902
0.24734598,0.25351351
0.26417628,0.26536408
0.22038409,0.22540523
0.21443212,0.21741518
0.19238846,0.20039764
0.22454816,0.22707495
0.2159918,0.20913851
0.2286065,0.22854877
0.25138012,0.2466304
0.2396556,0.25049913
0.23935854,0.26364976
0.2373856,0.23178054
0.23582187,0.23695353
0.25886926,0.26629615
0.23444405,0.23263356
0.22804147,0.2705573
0.23773447,0.23326549
0.28709924,0.33223897
0.27080244,0.25649947
0.2758115,0.27589592
0.27660364,0.2698381
0.24539727,0.2509809
0.2808137,0.2792444
0.2855717,0.27884275
0.22220764,0.21381015
0.24782622,0.28365195
0.20937712,0.23452258
0.24823669,0.27105114
0.23967154,0.23973973
0.26513478,0.23278797
0.20987672,0.21976869
0.23146872,0.23382448
0.21465398,0.23971897
0.23190837,0.22163028
0.2325639,0.22096904
0.23834719,0.22574995
0.22596914,0.21728148
0.21538183,0.20913549
0.23745464,0.24006276
0.23192137,0.23233981
0.21083349,0.23465085
0.2053666,0.2281948
0.23603787,0.20817813
0.22021109,0.2379566
0.27544206,0.2680489
0.27487993,0.27952245
0.2517848,0.2642243
0.26210123,0.26255187
0.2648803,0.26418424
0.26633134,0.26152655
0.2299538,0.25126138
0.26267412,0.2645166
0.29349282,0.3018243
0.24915802,0.2837381
0.23601076,0.25576633
0.28533822,0.3136944
0.29445875,0.33209407
0.28072882,0.2915375
0.2724228,0.2746229
0.27147955,0.26809025
0.29395843,0.28515556
0.22999409,0.23642391
0.23245016,0.24471802
0.2083756,0.21615696
0.2764743,0.2883693
0.28467768,0.3006051
0.28701407,0.29738075
0.27716273,0.28369868
0.27946568,0.29460573
0.19236994,0.19193463
0.21336338,0.19034393
0.18709897,0.2092146
0.19244094,0.18631488
0.30499572,0.3005463
0.29901695,0.29929549
0.29897183,0.301315
0.30302453,0.3046965
0.25496727,0.22716624
0.24562539,0.23937663
0.24036568,0.24393749
0.28638205,0.29523104
0.32113245,0.31298432
0.28638205,0.29523104
0.28826207,0.29825485
0.30646983,0.30395356
0.30278835,0.29916963
0.3061284,0.30845392
0.31594124,0.3204241
0.29232335,0.30177817
0.21270174,0.22327627
0.1984054,0.20196481
0.2329014,0.23782821
0.24166301,0.23927715
0.22555289,0.21890566
0.19432077,0.20967239
0.24024174,0.25241312
0.22125961,0.23418823
0.18926218,0.18826845
0.2530343,0.24260856
0.23338078,0.21634522
0.2095164,0.18961027
0.18935308,0.18572858
0.19773151,0.17893331
0.27231395,0.22557653
0.22557653,0.27231395
0.18731928,0.20161192
0.16530283,0.21439886
0.23272142,0.23304933
0.19888361,0.1682762
0.18951164,0.2279383
0.23189571,0.22835945
0.19692002,0.23583987
0.28250122,0.28332186
0.27014023,0.27573228
0.27942568,0.27388322
0.2008968,0.20357685
0.20867254,0.23863284
0.21670085,0.25423282
0.20539787,0.21440546
0.26261896,0.2566515
0.25668204,0.25445002
0.26106015,0.25731754
0.23939654,0.2210021
0.23604912,0.21050325
0.24569273,0.23844045
0.21702491,0.19212264
0.21961012,0.21098395
0.2506705,0.26042572
0.21632741,0.22888836
0.22572255,0.23728369
0.22265705,0.2345277
0.22067834,0.2169045
0.23377983,0.21759576
0.23637149,0.21939239
0.21121475,0.19493672
0.19657795,0.21002059
0.19915383,0.20909671
0.26845658,0.27558878
0.21234466,0.22727114
0.2308047,0.23762608
0.21385081,0.22018696
0.2122342,0.21515784
0.25754517,0.25365892
0.289077,0.30151552
0.20495734,0.26597542
0.20690444,0.26031846
0.23259006,0.25549787
0.22958186,0.22939701
0.24451324,0.24359867
0.25817624,0.27819747
0.27819747,0.25817624
0.25274822,0.24867146
0.21709166,0.22721978
0.24273334,0.2420553
0.2182732,0.2209186
0.2043343,0.2199238
0.23968838,0.24189958
0.2548258,0.26683652
0.25071132,0.2658847
0.25992027,0.25437018
0.26115325,0.26743528
0.27152336,0.25515598
0.24671571,0.26331925
0.2400811,0.26487377
0.2203062,0.2425351
0.2232565,0.25028294
0.18660769,0.25945956
0.2094796,0.2419356
0.21355565,0.21668783
0.27448568,0.3130657
0.27725488,0.2721432
0.27316988,0.27644762
0.22331728,0.22882824
0.2319417,0.24617031
0.24650429,0.24524873
0.23075539,0.22102955
0.2536436,0.24788263
0.25309014,0.23131035
0.19419588,0.18802708
0.2037451,0.20573968
0.17610493,0.2038485
0.19501969,0.22291532
0.21597068,0.23295245
0.20702541,0.21720615
0.19794399,0.20676205
0.239633,0.21224171
0.23701301,0.23062798
0.19732076,0.19578563
0.20964181,0.19959675
0.23606347,0.21288686
0.20506796,0.20852065
0.23297153,0.23022382
0.2012144,0.23481095
0.21420163,0.2497999
0.18978427,0.21032931
0.26303738,0.2565962
0.23539545,0.24051115
0.2610731,0.2632322
0.26110387,0.2643336
0.2633104,0.26710153
0.24118668,0.240966
0.23960114,0.23809591
0.2644593,0.25870222
0.24012044,0.243692
0.268345,0.2616387
0.29179206,0.28749302
0.24296635,0.2542963
0.25000018,0.24503428
0.27993178,0.27532655
0.28078324,0.29647392
0.26925427,0.27946097
0.24800974,0.24369147
0.24559124,0.24774683
0.26627496,0.26634914
0.257066,0.2648499
0.21499482,0.21741116
0.2158401,0.217459
0.17000705,0.1738424
0.26016706,0.2562899
0.20280808,0.21860269
0.25483915,0.2628543
0.249333,0.26519054
0.26376355,0.25806403
0.26689357,0.2713928
0.27231935,0.24890946
0.26517192,0.2644946
0.2539326,0.2643022
0.31927574,0.29969633
0.23987907,0.27687156
0.26246133,0.2639323
0.310257,0.3244371
0.15964185,0.17455453
0.1697166,0.16000701
0.26009208,0.25916848
0.26017115,0.27437416
0.27018943,0.28838953
0.24677825,0.2541225
0.24828517,0.24887317
0.25460494,0.25575748
0.2209377,0.2175147
0.2704929,0.2809041
0.2614463,0.26797706
0.26690203,0.26803643
0.28066003,0.28025544
0.18885492,0.18912041
0.18531553,0.18916638
0.19143741,0.19294259
0.19458836,0.19677185
0.21922511,0.22158198
0.19528517,0.1904815
0.19092385,0.19079885
0.18780966,0.1858016
0.19597399,0.19434142
0.22094457,0.22042221
0.24332611,0.26057878
0.24094798,0.24185441
0.23170044,0.2299641
0.19785236,0.19966114
0.24776173,0.24272075
0.17567141,0.14780487
0.18033624,0.17717299
0.18868859,0.20582579
0.14780487,0.17567141
0.2512274,0.25536782
0.2492543,0.2554906
0.22625202,0.23021482
0.23743488,0.243423
0.2313955,0.22822733
0.23365802,0.2303695
0.25398606,0.25600037
0.16471922,0.19133943
0.24227057,0.2430205
0.2536758,0.25417784
0.26474106,0.2748394
0.21260367,0.21989547
0.26602635,0.25513223
0.21446788,0.20591755
0.2111234,0.25141847
0.22685406,0.22733217
0.1970931,0.1747386
0.2294657,0.20990492
0.18209177,0.16139023
0.18902354,0.17203718
0.17244683,0.18420553
0.1747386,0.1970931
0.2545468,0.24658462
0.29031903,0.29087526
0.2692296,0.27331883
0.19202372,0.20868436
0.24916354,0.25391653
0.16389467,0.1993377
0.2221539,0.22593036
0.23345129,0.22464186
0.29274577,0.28547317
0.19184487,0.19351746
0.18283416,0.18293557
0.2201068,0.21872444
0.1993398,0.22065513
0.15949576,0.1580129
0.19210112,0.18922617
0.19093582,0.18144754
0.1553415,0.16442268
0.2074152,0.21117859
0.22716306,0.228614
0.19484422,0.1945532
0.27775702,0.2604809
0.21300748,0.20619248
0.14306548,0.1490098
0.14103663,0.13798277
0.2672599,0.2659912
0.24031205,0.23763222
0.24035,0.23721756
0.26929745,0.26796132
0.22287902,0.21070343
0.19680113,0.227715
0.2293896,0.21759294
0.20811382,0.21780887
0.22275236,0.24590856
0.23416175,0.21699819
0.22472385,0.25056943
0.20656343,0.22947295
0.21075515,0.23619236
0.24591602,0.23583174
0.2604064,0.3016469
0.2633693,0.2774207
0.2762173,0.26210442
0.23680003,0.23800662
0.27027974,0.23176435
0.23672357,0.2594969
0.32599106,0.30902022
0.31257683,0.28883752
0.30313075,0.32666558
0.2998648,0.31343213
0.26662803,0.2914672
0.23667124,0.23194301
0.24418299,0.27225655
0.26936164,0.26254338
0.2754053,0.29259908
0.26258045,0.26411378
0.288751,0.28295594
0.25558865,0.27319285
0.2820626,0.28777057
0.2498273,0.24139404
0.23616429,0.26300067
0.2505114,0.28372934
0.22837357,0.2142858
0.21271381,0.22643651
0.29519346,0.29348207
0.31044513,0.31077057
0.24921265,0.2581837
0.2620809,0.23648992
0.28711563,0.29193026
0.28634334,0.2958212
0.2775349,0.2849946
0.2480081,0.24980834
0.2518334,0.28538692
0.26151848,0.2600599
0.26191267,0.25592694
0.25848192,0.25730595
0.2502057,0.24838565
0.2729079,0.27413353
0.26401022,0.2861285
0.27650416,0.30351657
0.27828282,0.27932215
0.26407567,0.2510814
0.27358758,0.26956555
0.25682503,0.26868176
0.25022948,0.2558443
0.24924968,0.2626903
0.25059286,0.25233024
0.20594579,0.20656793
0.20375359,0.19968311
0.19172202,0.20321123
0.21183,0.19719665
0.18976407,0.20355241
0.20627883,0.1875574
0.263826,0.26995987
0.21918869,0.22345825
0.26843765,0.25957054
0.22677046,0.21414444
0.21170755,0.20747805
0.20792449,0.21022585
0.25122842,0.27424824
0.24884364,0.26643413
0.24752238,0.26579648
0.24988419,0.2821105
0.264763,0.27766797
0.24768114,0.27874714
0.2821105,0.24988419
0.26443738,0.26377082
0.27246788,0.25585955
0.27874714,0.24768114
0.26521334,0.2658467
0.2314896,0.2787284
0.2652835,0.24777265
0.2332557,0.25646546
0.25949493,0.2624974
0.29310226,0.28298086
0.30657613,0.33892697
0.2984367,0.296274
0.26958677,0.2549047
0.33692545,0.31643927
0.2502958,0.27894586
0.29064775,0.28130138
0.25077853,0.24780706
0.29359937,0.2939731
0.28230253,0.29235327
0.27878776,0.29148597
0.25427797,0.2520285
0.27144504,0.26106024
0.23341405,0.23600882
0.23423713,0.22521114
0.24937622,0.25260922
0.22189969,0.22589816
0.25110778,0.24729496
0.22083184,0.21878296
0.22192827,0.21841572
0.2540936,0.24113524
0.20928699,0.19717811
0.21465182,0.20929985
0.23279276,0.2356741
0.2034658,0.20600449
0.24398714,0.25773627
0.20601568,0.19741496
0.25222367,0.25979584
0.21024123,0.21412022
0.27135113,0.25739542
0.24326324,0.24491087
0.23043445,0.23784557
0.25648862,0.26369596
0.24921608,0.25160563
0.23920852,0.23904277
0.24672788,0.2529576
0.24435921,0.24761222
0.27376205,0.2656625
0.23630635,0.2352228
0.25668022,0.25967586
0.23753631,0.2355922
0.27233976,0.27931845
0.23595092,0.2358249
0.2233138,0.23857856
0.24509253,0.24994253
0.24760675,0.24929227
0.2117723,0.20185503
0.25737077,0.24697037
0.25325626,0.25566858
0.20601557,0.21003546
0.1979914,0.25058526
0.23207715,0.25711927
0.24439533,0.24411288
0.22691657,0.21992765
0.22097024,0.2159889
0.22687031,0.23224005
0.22321722,0.23124598
0.18903576,0.19797507
0.2310179,0.22981766
0.23339966,0.23045492
0.16241993,0.17963883
0.20066059,0.19778278
0.18272467,0.16500346
0.20573378,0.23516618
0.21370527,0.21079385
0.20754701,0.20825924
0.22956115,0.26758954
0.24670538,0.27253327
0.23613696,0.22382146
0.23038921,0.23391056
0.18192355,0.15720206
0.23176134,0.19682947
0.2235339,0.18924016
0.2015307,0.21646798
0.23825021,0.27821437
0.21013789,0.22959867
0.23549533,0.271854
0.16563833,0.17649211
0.1604666,0.18097155
0.22705504,0.2377509
0.2297934,0.2363547
0.18094596,0.19080429
0.2338328,0.23463781
0.2613755,0.25304586
0.1915354,0.1830844
0.22414562,0.21926841
0.18951227,0.19517726
0.1981367,0.19257738
0.23068978,0.24134141
0.23562376,0.23299374
0.285274,0.28507826
0.26677406,0.26648748
0.2766722,0.27252805
0.2576897,0.24132016
0.29309732,0.2956291
0.23993558,0.2533576
0.21561073,0.1932547
0.20659748,0.21385622
0.2238013,0.22202873
0.24928345,0.2512771
0.25376767,0.25097612
0.22550012,0.24234845
0.2577603,0.30381832
0.26145875,0.2941892
0.26087922,0.2920105
0.2906775,0.27371466
0.25758117,0.21932644
0.33712247,0.32151464
0.32109216,0.3351924
0.21844235,0.23923811
0.2533846,0.27353498
0.2143188,0.24658751
0.22471154,0.24164638
0.20316628,0.22312887
0.24069859,0.2468901
0.24755532,0.25386423
0.21267238,0.25639564
0.18300349,0.20870307
0.29861295,0.2973749
0.3125837,0.3144908
0.2767089,0.29763156
0.2582597,0.24871123
0.2531568,0.25999078
0.24743147,0.26365653
0.19282572,0.19964713
0.23693897,0.23617296
0.19574653,0.19256201
0.2613605,0.24056295
0.23545305,0.23941663
0.2494184,0.24204744
0.2053543,0.20326196
0.27760035,0.2685405
0.21519662,0.21684575
0.21530162,0.2137484
0.2035869,0.20965447
0.23996243,0.2500171
0.2659229,0.26591218
0.27017114,0.271476
0.2590024,0.27072453
0.25772485,0.26916024
0.21393022,0.2304625
0.21245572,0.22198996
0.2350809,0.23538052
0.21361196,0.20595707
0.21463521,0.24136627
0.2366734,0.23457874
0.24692221,0.2220871
0.25784063,0.26196933
0.2616403,0.26895425
0.26687622,0.2625788
0.26890805,0.2565794
0.21570069,0.21243517
0.19476336,0.19565232
0.22322015,0.20404953
0.23452663,0.23717542
0.22015922,0.23071936
0.217579,0.2212234
0.20326327,0.23029153
0.23545095,0.23211254
0.22060862,0.24531613
0.22308789,0.21364135
0.22884268,0.2357148
0.23977949,0.21874309
0.24940336,0.21437237
0.19286379,0.1972583
0.27855456,0.2735775
0.27811545,0.27726525
0.28718644,0.287508
0.2765563,0.2768733
0.27467424,0.27366164
0.277547,0.26934937
0.2835905,0.28400654
0.27131432,0.26556545
0.26926208,0.2698368
0.27745566,0.2762968
0.27303642,0.27821583
0.26787812,0.2802901
0.27254084,0.27699944
0.23604353,0.22419369
0.21848723,0.24030478
0.20535637,0.20796412
0.29587853,0.29113418
0.2871424,0.2770499
0.29070845,0.29279786
0.27711278,0.28432715
0.29463816,0.27142593
0.2532149,0.26366967
0.2626621,0.2555783
0.28261456,0.29822075
0.27341235,0.3083208
0.18685679,0.21410044
0.30017355,0.29826158
0.27948663,0.27829522
0.2302453,0.23516569
0.27613893,0.27005827
0.2410236,0.24533355
0.24455555,0.24359947
0.23351078,0.22583161
0.28748196,0.2915399
0.266854,0.27498516
0.28927466,0.29496372
0.2739815,0.2765773
0.22023997,0.21339303
0.2797002,0.30237725
0.2400442,0.23996828
0.21296777,0.21873862
0.24225932,0.23882061
0.21871772,0.20897904
0.20595801,0.22116435
0.24698825,0.24814753
0.295024,0.2749002
0.28217214,0.29918447
0.2246854,0.20366752
0.20024946,0.22279067
0.2787059,0.282798
0.2770225,0.30070338
0.2895159,0.2749388
0.2842217,0.27518672
0.270458,0.28130174
0.26124883,0.29028225
0.26917812,0.28291243
0.2706421,0.28208113
0.21405816,0.24082333
0.22546218,0.26386502
0.19641376,0.22883523
0.19121942,0.22565696
0.20764494,0.2511599
0.2778886,0.26773804
0.2903668,0.28097057
0.2581291,0.2591166
0.19855565,0.22619717
0.27824673,0.28384912
0.260284,0.26669484
0.26645938,0.2601175
0.2735985,0.26204774
0.21252048,0.22598545
0.2170683,0.24081315
0.23960121,0.23223425
0.22059166,0.2180181
0.30169022,0.3096029
0.21031484,0.21624626
0.2401496,0.23816109
0.26203543,0.26050186
0.25166148,0.26279345
0.20869456,0.21052308
0.22567077,0.23799111
0.17031366,0.1827748
0.21426144,0.2187998
0.16989674,0.168029
0.18712449,0.1894724
0.2287547,0.22693259
0.15534447,0.20974655
0.19798541,0.19175602
0.18597361,0.1743014
0.17192192,0.17216769
0.16644351,0.16566494
0.1594815,0.16716197
0.26286933,0.2720216
0.24478835,0.22886418
0.20970184,0.20528162
0.22832711,0.24322759
0.24324591,0.25043866
0.24717969,0.2396591
0.3168098,0.28830302
0.31200796,0.30133447
0.30633622,0.31540757
0.28830302,0.3168098
0.26925153,0.2652933
0.26932102,0.2747971
0.25530803,0.2891923
0.26228902,0.26004153
0.2549767,0.26477647
0.23999745,0.271024
0.23402633,0.27851662
0.21101707,0.256113
0.23999745,0.271024
0.21101707,0.256113
0.1995007,0.20221093
0.19804534,0.19863176
0.289259,0.27114478
0.28643903,0.26745158
0.27084902,0.25451073
0.2680156,0.2917682
0.25454247,0.27570727
0.24116689,0.30608398
0.263566,0.2885329
0.20482564,0.21693651
0.22997999,0.26619998
0.19724819,0.21010135
0.19898278,0.21721452
0.2089024,0.22523828
0.20593022,0.20159727
0.24311088,0.24549301
0.20141493,0.20430422
0.20009026,0.21428795
0.25786534,0.26797968
0.21671249,0.20781144
0.2227629,0.21919973
0.26625702,0.2662109
0.24150985,0.23981051
0.21801554,0.20877182
0.20486915,0.21029961
0.209227,0.20870598
0.2446608,0.25514883
0.25072396,0.24979976
0.2703972,0.28774446
0.23254511,0.2661435
0.23500058,0.27807432
0.19127302,0.18900055
0.20213443,0.23811747
0.18904968,0.19145885
0.25403666,0.29682305
0.24569792,0.28287208
0.21711418,0.22638404
0.25312763,0.2451485
0.25979343,0.26027942
0.22257699,0.2225541
0.2593166,0.2586722
0.22033387,0.22095715
0.2421801,0.23404273
0.20043585,0.19957243
0.20702161,0.20000492
0.2521136,0.29143173
0.28031263,0.2626279
0.27029985,0.26560882
0.19738063,0.20288177
0.23385765,0.2442143
0.26716414,0.27473453
0.19201311,0.21043031
0.24461108,0.24590963
0.24087265,0.2381266
0.25322056,0.25206742
0.26168555,0.26944917
0.26989192,0.29227644
0.25061357,0.25802624
0.26973096,0.26570368
0.26397437,0.2759996
0.26240358,0.26261365
0.24738231,0.25522745
0.27128795,0.27199805
0.28153226,0.27557927
0.26240912,0.26332095
0.27454504,0.2774562
0.25130457,0.2572862
0.2589865,0.2556103
0.30761722,0.28308082
0.24683672,0.2772872
0.22080678,0.27745765
0.2955357,0.31865728
0.28152934,0.27882022
0.28628093,0.32155252
0.2004053,0.2336618
0.19284703,0.23273963
0.2117754,0.2387955
0.21271273,0.25262824
0.2694908,0.2725851
0.2759642,0.27381253
0.2376235,0.25497848
0.20532212,0.21092442
0.26782,0.2740327
0.26787037,0.28880355
0.22143847,0.26105145
0.23490672,0.24181758
0.24382725,0.23433068
0.2650503,0.23455544
0.21878764,0.22689898
0.19265795,0.19826165
0.27734795,0.26471967
0.23424543,0.24094972
0.22439632,0.21592292
0.23680241,0.22375344
0.2123339,0.20306823
0.22417496,0.22619712
0.20823321,0.21505828
0.2226471,0.21732667
0.22016445,0.22677778
0.24555115,0.24052289
0.2406979,0.234065
0.23166823,0.22375855
0.21625985,0.19346076
0.19903456,0.19829641
0.22254172,0.2124128
0.22600736,0.22335026
0.2590435,0.25704545
0.25800937,0.25850475
0.26220128,0.2623585
0.26213852,0.26193637
0.26979935,0.26406455
0.3040364,0.29829103
0.26409012,0.27276385
0.29528183,0.30031192
0.2660165,0.2770886
0.17700644,0.19860911
0.2533787,0.26437557
0.2617621,0.25739956
0.29336938,0.3010615
0.23246774,0.3019914
0.23870331,0.2883771
0.27487162,0.3096661
0.24197754,0.2779444
0.21412691,0.21906473
0.21057306,0.21339491
0.2167435,0.22298531
0.22618484,0.2322351
0.22530901,0.21398427
0.21939667,0.21214792
0.22866324,0.21591389
0.23770314,0.22555175
0.28907228,0.27333146
0.20929535,0.1991357
0.27700815,0.24944045
0.2146527,0.19666183
0.19405054,0.21426943
0.2089975,0.20627724
0.25000829,0.24777529
0.20741548,0.21873252
0.20781961,0.2095112
0.25478306,0.27764857
0.2373848,0.24496682
0.20701084,0.19889413
0.15259214,0.14700289
0.14700289,0.15259214
0.24585871,0.28338236
0.2335707,0.23396142
0.23805097,0.21371548
0.18666813,0.23835677
0.2098366,0.24862999
0.25003186,0.2657896
0.26933,0.24241883
0.22226432,0.22635059
0.2783695,0.2956241
0.21643054,0.22981223
0.21531579,0.23735924
0.20627987,0.22841275
0.2631826,0.2833271
0.23099545,0.21788408
0.22303332,0.22434829
0.19652547,0.17980294
0.20164378,0.18257876
0.18257876,0.20164378
0.23619682,0.20953731
0.22700863,0.22779433
0.21929055,0.21083494
0.21884774,0.22867036
0.22845979,0.22504503
0.23856083,0.2502637
0.24283917,0.25011498
0.2506827,0.23352072
0.25028005,0.23716867
0.22837196,0.25406712
0.24615906,0.23530333
0.23325817,0.2326763
0.26007268,0.27238253
0.1959231,0.20085222
0.22799173,0.2239587
0.19219407,0.19226442
0.21881422,0.23215652
0.19105291,0.1902466
0.21114041,0.19971447
0.20723438,0.21211562
0.24083093,0.20940267
0.20940267,0.24083093
0.23289016,0.27288043
0.20784722,0.19502236
0.24017952,0.232065
0.18655406,0.20234217
0.24002981,0.25743297
0.20217091,0.198019
0.19303708,0.19717252
0.20754997,0.22296274
0.23476541,0.29573947
0.26266786,0.30856794
0.2657998,0.31089744
0.24658576,0.24664524
0.28910613,0.29720947
0.29074603,0.29952228
0.20096147,0.22932765
0.24007978,0.26845127
0.284245,0.31122953
0.29542202,0.2839902
0.29920197,0.28624928
0.24458298,0.27292946
0.2159157,0.20284496
0.26051491,0.25445792
0.2704613,0.26380458
0.20929696,0.2126689
0.24290845,0.25395736
0.2735205,0.28189692
0.25671026,0.24505778
0.25484943,0.2606855
0.23410468,0.23619054
0.20608872,0.2165638
0.23906556,0.242334
0.2283168,0.23990951
0.24397777,0.24312052
0.25644442,0.2855859
0.26332307,0.25683737
0.24950247,0.25316858
0.25773197,0.25022382
0.27062207,0.26522437
0.23689717,0.23431367
0.2651568,0.27981317
0.25404024,0.27287236
0.22893372,0.22325492
0.2281223,0.22354981
0.20927383,0.20025976
0.2188937,0.21071175
0.2065445,0.21239252
0.21660927,0.21987194
0.18817073,0.18909779
0.26018825,0.263141
0.24203728,0.26989827
0.22230317,0.25030532
0.23679875,0.22705242
0.21379644,0.21571323
0.2650714,0.26066604
0.23105694,0.24527371
0.2843871,0.24217671
0.22279704,0.2164219
0.24387792,0.24711512
0.19665,0.19352847
0.18741745,0.19707462
0.23991472,0.24586016
0.26753426,0.27385852
0.2841535,0.27518383
0.30382103,0.29963207
0.29120743,0.2953185
0.2695585,0.31148884
0.2531072,0.2516501
0.24186109,0.2541557
0.19506595,0.21451993
0.19427443,0.20699844
0.24903601,0.28436512
0.2423911,0.283876
0.21713738,0.18721277
0.2335538,0.23798965
0.20677076,0.17870362
0.23770335,0.23427224
0.23661548,0.23891592
0.23570387,0.23925346
0.24217765,0.26366264
0.23344313,0.25802606
0.24813597,0.24970886
0.234766,0.2299369
0.2033577,0.22826552
0.25087556,0.2529993
0.24970886,0.24813597
0.28169602,0.274717
0.23793194,0.23085393
0.28005737,0.28982425
0.25445092,0.25667664
0.21923755,0.2266368
0.22118294,0.22979338
0.28087243,0.2892781
0.2950487,0.28569672
0.2530806,0.26697418
0.24833997,0.25999063
0.25121453,0.24462336
0.21445253,0.2176989
0.19549985,0.18837464
0.22570987,0.218755
0.21802108,0.21674363
0.23499721,0.22262271
0.19250943,0.21911182
0.22590378,0.24963269
0.18951389,0.20516464
0.22378123,0.23566493
0.21234578,0.22431904
0.215303,0.21442412
0.27228191,0.2688043
0.2755637,0.2723455
0.22419152,0.21804976
0.22109413,0.2252067
0.24813022,0.23154217
0.2550291,0.23600198
0.24443209,0.2563179
0.24256605,0.25343728
0.23154217,0.24813022
0.21724296,0.23012397
0.30123216,0.32741836
0.21979715,0.22053732
0.23173583,0.24358086
0.24989438,0.24021988
0.23478055,0.24485272
0.24822006,0.2249613
0.27925065,0.25028327
0.28341636,0.25911766
0.2760483,0.25756082
0.2598007,0.2802558
0.25827333,0.27667886
0.25028327,0.27925065
0.20581123,0.22679994
0.23187028,0.2202828
0.25782555,0.24241461
0.25151128,0.24867244
0.24907899,0.25873962
0.24241461,0.25782555
0.21921259,0.23493375
0.26650488,0.2766211
0.2685119,0.2650668
0.20507057,0.20902075
0.17010482,0.1668902
0.16540398,0.17317921
0.20807323,0.2032331
0.285129,0.2893695
0.29095513,0.27958047
0.3146174,0.32531387
0.2874206,0.29384807
0.32327378,0.3230607
0.26988122,0.28089
0.2790863,0.2735627
0.19885115,0.18847042
0.1930442,0.20107533
0.25028136,0.26855245
0.2658513,0.2522512
0.22275424,0.21887116
0.22097331,0.2285776
0.20755222,0.2032259
0.22953826,0.2271458
0.20535909,0.2040604
0.25409105,0.24419072
0.24040443,0.23807988
0.25399745,0.2561745
0.29760575,0.31117618
0.21170008,0.20634426
0.20528877,0.20338282
0.250347,0.2484013
0.1731302,0.18135975
0.2853509,0.268396
0.20220193,0.19687703
0.18179855,0.17117365
0.2808293,0.27489018
0.20476966,0.1989346
0.20011112,0.20162706
0.20239252,0.20043562
0.23580904,0.28372493
0.26431724,0.28205657
0.2749713,0.284824
0.23965761,0.2508366
0.24337357,0.23815426
0.29750213,0.2676354
0.24250147,0.22875017
0.269423,0.30025247
0.23162346,0.2435331
0.21895558,0.21833347
0.22750665,0.24784692
0.22975755,0.2526916
0.21555598,0.25531137
0.24031371,0.26558453
0.2355583,0.25575432
0.2506167,0.23187551
0.26206672,0.23483074
0.23205453,0.23660877
0.21185152,0.23954788
0.22253874,0.26999
0.20685579,0.23238511
0.22367683,0.2213437
0.24315734,0.21852393
0.22218595,0.24876162
0.24859312,0.27603993
0.2685971,0.25614995
0.31549573,0.32467648
0.22907248,0.27497408
0.32201278,0.31476167
0.23779517,0.22926724
0.24125433,0.23718522
0.23668088,0.21940666
0.23645672,0.24437033
0.22477572,0.24115351
0.21983366,0.23879376
0.24761412,0.24358736
0.24315539,0.24580416
0.21839657,0.23130159
0.24931839,0.23664263
0.23947135,0.24956734
0.23770052,0.22255719
0.24031544,0.26490757
0.23189421,0.2326591
0.18634477,0.20761432
0.23808469,0.2664255
0.22514363,0.23626086
0.23798852,0.21369131
0.24144897,0.21518749
0.2246894,0.23588929
0.23974593,0.22722697
0.20996754,0.24249166
0.22412689,0.23885486
0.19624092,0.21474916
0.21845216,0.20583697
0.2330882,0.23626302
0.23102301,0.22398616
0.26285267,0.27301005
0.2195944,0.22010544
0.22442378,0.24852124
0.24881335,0.2850003
0.20034689,0.1997122
0.19797976,0.19557934
0.19864659,0.20488311
0.24232775,0.23572628
0.2522822,0.2566474
0.21167018,0.19883876
0.2511239,0.22244155
0.22925508,0.23900369
0.2862146,0.32934186
0.22443223,0.25574327
0.26174423,0.25050303
0.29364735,0.26341805
0.27034667,0.289151
0.22690195,0.23954529
0.30896437,0.29643917
0.25155917,0.27098423
0.29480702,0.31471658
0.26750025,0.2897458
0.27098423,0.25155917
0.2532729,0.25967878
0.25178242,0.25373992
0.25928366,0.25358272
0.18014038,0.18341018
0.18233347,0.18192238
0.23577389,0.21669139
0.1999725,0.19777773
0.22244407,0.22538291
0.23455006,0.2243067
0.19546698,0.18912695
0.22186041,0.22278808
0.2217988,0.22879978
0.22414294,0.23219144
0.2871389,0.28661567
0.27622792,0.28215393
0.28455865,0.27344358
0.2484113,0.26534796
0.2528029,0.27481478
0.28449133,0.2873497
0.27008665,0.25668165
0.22906813,0.2373034
0.25781745,0.27070662
0.27171108,0.25588918
0.2340557,0.23325334
0.27051404,0.25510275
0.25847155,0.26387808
0.25781044,0.27049044
0.25163713,0.26260504
0.25156453,0.26663086
0.23762466,0.27512285
0.26801172,0.28392282
0.23320496,0.2658612
0.3061285,0.31943917
0.3076115,0.30872017
0.267004,0.2737387
0.23555328,0.25269246
0.3134709,0.31460273
0.27083007,0.2655504
0.27245656,0.26792753
0.26540136,0.27340752
0.2558133,0.28008747
0.2311342,0.26828986
0.26828986,0.2311342
0.27206135,0.24853799
0.2007102,0.18904853
0.27954105,0.26678866
0.29801103,0.28075427
0.2722685,0.2902413
0.26849544,0.30299062
0.24792883,0.29199374
0.20519055,0.22227935
0.21789567,0.23695566
0.18166563,0.20191617
0.19794138,0.2732988
0.20524006,0.20985258
0.22882752,0.23445863
0.20408413,0.20662571
0.26852223,0.26636177
0.2772045,0.27539766
0.20542291,0.20737672
0.28214774,0.2907219
0.26864165,0.27866825
0.25563964,0.28685185
0.24485919,0.2696466
0.24049997,0.23406246
0.22285569,0.22126368
0.24327011,0.2407919
0.26291245,0.27034095
0.22295609,0.21389584
0.2372118,0.2346967
0.24403101,0.2359612
0.2682573,0.26351842
0.29920754,0.27074283
0.2781096,0.25984284
0.28055087,0.2998773
0.26853436,0.2785342
0.21140906,0.22185907
0.3006643,0.31769723
0.26133022,0.26823223
0.26743457,0.2656054
0.24519198,0.26981774
0.26006007,0.24995261
0.26657104,0.31410348
0.2596644,0.26091692
0.26430163,0.25905383
0.26129392,0.25631073
0.2760171,0.2780053
0.29367286,0.29514825
0.29820383,0.29133266
0.26418823,0.26347375
0.28028128,0.27674532
0.25505003,0.26366413
0.27375546,0.26883474
0.26323235,0.25477695
0.2644501,0.25347245
0.2570481,0.2666353
0.27159896,0.2727892
0.21553695,0.2429885
0.2196091,0.23541248
0.24182586,0.23032242
0.2413091,0.2631709
0.23639733,0.24377243
0.26013017,0.2638632
0.23424967,0.24459684
0.26302096,0.25988823
0.26548514,0.27049628
0.24502772,0.22742404
0.18186183,0.22064346
0.25533578,0.26159182
0.24805278,0.26519406
0.2717007,0.26071444
0.24352382,0.22888139
0.20963813,0.23009437
0.24686402,0.24930194
0.2125806,0.19581652
0.22199446,0.22238508
0.26135024,0.25112414
0.23193407,0.25236055
0.18053868,0.18148398
0.27779663,0.28216642
0.27735344,0.27721888
0.1853785,0.19164199
0.21595758,0.22138439
0.25145996,0.24533905
0.23647341,0.25172997
0.28290027,0.25174725
0.231813,0.26496702
0.2487777,0.28347674
0.2477627,0.2508008
0.2188393,0.23260574
0.23171481,0.21391128
0.23507372,0.23290035
0.24234146,0.24695805
0.26442388,0.26634175
0.24876776,0.24483159
0.25114274,0.25840282
0.26721084,0.26124933
0.25765973,0.25333497
0.25785485,0.2690395
0.2486966,0.26242042
0.25851396,0.28179428
0.26269272,0.25639403
0.28179428,0.25851396
0.27225584,0.275206
0.20301305,0.25444168
0.23679596,0.23494445
0.23067129,0.23892255
0.21844669,0.2192173
0.21381147,0.21640871
0.23112172,0.24595192
0.2679393,0.27436405
0.21240926,0.21986525
0.21084431,0.22222015
0.17688058,0.20398954
0.2279351,0.21924847
0.1994127,0.20210709
0.22376344,0.21293738
0.24627565,0.25568122
0.26226625,0.28295094
0.24468018,0.27424425
0.27404276,0.26129535
0.25716758,0.27952546
0.30894315,0.29316205
0.2942037,0.31022218
0.26211882,0.25399974
0.28840706,0.30010802
0.24377668,0.251347
0.23163275,0.2520093
0.2584883,0.2397735
0.23105362,0.25692198
0.18251996,0.21176901
0.26340795,0.23758972
0.21383214,0.19347973
0.22037846,0.19439648
0.17606653,0.21358722
0.23310505,0.23517151
0.2657402,0.2651645
0.2651645,0.2657402
0.24379265,0.27070346
0.2719577,0.2874421
0.2340305,0.22655332
0.2874158,0.27276644
0.21647699,0.20773573
0.21677423,0.2187328
0.22399966,0.23785661
0.20057604,0.21699785
0.20906614,0.2145587
0.19199449,0.18988915
0.27161503,0.2556749
0.21533005,0.21815975
0.18642046,0.19293953
0.23897207,0.22592062
0.2561519,0.25078642
0.26667708,0.25971705
0.25867814,0.27943254
0.25915828,0.26857656
0.22732209,0.24522373
0.24969412,0.2715098
0.25051966,0.2698208
0.17561738,0.18722223
0.17414221,0.18021616
0.23359802,0.24933355
0.2907902,0.28711006
0.2790472,0.30616766
0.27719155,0.28946042
0.22961693,0.2528963
0.18116961,0.16162704
0.2072583,0.19184063
0.2080063,0.2117868
0.19911262,0.19788992
0.17074598,0.18883573
0.274626,0.2697858
0.16141309,0.18325935
0.16972268,0.17250958
0.19002114,0.16835886
0.20916577,0.18655524
0.2976225,0.32533967
0.19986498,0.20741908
0.19929403,0.20839956
0.31296372,0.29387456
0.19793984,0.20573768
0.20049888,0.1977268
0.24194525,0.25498268
0.23642173,0.2331759
0.21867737,0.20730644
0.21829048,0.21525732
0.20334463,0.21582633
0.20685169,0.21455172
0.23234539,0.2411442
0.22845487,0.21203473
0.22637022,0.22487223
0.23847911,0.25730026
0.3377974,0.331379
0.3431689,0.34020898
0.16599688,0.16117501
0.331379,0.3377974
0.32063127,0.3305717
0.32535025,0.33130735
0.33081302,0.33773193
0.22534323,0.21550022
0.19562814,0.2629407
0.18405636,0.23386143
0.20142515,0.25409335
0.21424748,0.25021967
0.21955784,0.22293545
0.25145417,0.24376914
0.24107705,0.24710509
0.28695875,0.26056254
0.24000785,0.2268934
0.17812718,0.17151856
0.16921069,0.17775045
0.24645817,0.23379537
0.2729062,0.28807655
0.2397921,0.24610169
0.22805335,0.21816054
0.24150984,0.2377877
0.21356486,0.22822736
0.2848605,0.28877386
0.3049984,0.30374035
0.29260236,0.2959698
0.29465276,0.3010629
0.28530973,0.2781209
0.29799604,0.29172695
0.27504453,0.2787373
0.2787476,0.28409022
0.25288117,0.2551371
0.28647777,0.3034224
0.22540826,0.24472639
0.25800604,0.25818193
0.2495369,0.25009918
0.29419994,0.2815959
0.260986,0.260692
0.22203265,0.25699997
0.23431598,0.24309778
0.22437884,0.21206827
0.22283524,0.24793333
0.20309079,0.23155671
0.2152229,0.2143683
0.21667558,0.21832733
0.217816,0.21552765
0.24600688,0.23944852
0.243135,0.22741315
0.22765787,0.22774778
0.23876417,0.2379006
0.22648916,0.20266548
0.23285408,0.24235481
0.22679147,0.22408718
0.25444213,0.25827903
0.2246614,0.22451581
0.22813374,0.23185863
0.24183044,0.24839911
0.26863864,0.2621131
0.23286705,0.24402942
0.21382435,0.22167918
0.17105332,0.17168972
0.17632361,0.16774061
0.23585373,0.2631746
0.25508073,0.27352476
0.19932003,0.21055463
0.15226011,0.14723329
0.15846707,0.16320457
0.17471132,0.17206964
0.28852367,0.28595865
0.26886207,0.2553305
0.28367886,0.282177
0.2458879,0.26671645
0.24725696,0.26183784
0.2640966,0.30231792
0.2606925,0.27212125
0.26344132,0.2525836
0.2554666,0.2914228
0.262614,0.27495623
0.24297579,0.26114497
0.25729322,0.28999782
0.262614,0.27495623
0.2420578,0.2564189
0.24828559,0.2363011
0.2104078,0.2374219
0.22066383,0.2721069
0.2340776,0.25308043
0.22544442,0.26075587
0.24223879,0.23311503
0.23248814,0.23434603
0.25618476,0.2281315
0.26075587,0.22544442
0.2530098,0.24252276
0.20098047,0.21086517
0.24294947,0.24986641
0.20654452,0.23216611
0.18991178,0.223178
0.20737782,0.23769124
0.23804465,0.24171269
0.23436955,0.24398968
0.25412023,0.2567997
0.25412023,0.2567997
0.25899065,0.28581014
0.25043923,0.2542155
0.20641842,0.23049775
0.17832766,0.22242764
0.22880286,0.21718925
0.22070447,0.24276254
0.1794754,0.22911584
0.2351547,0.23347574
0.23591106,0.24429353
0.1611988,0.15963693
0.15284665,0.16002044
0.22694248,0.23021829
0.1591295,0.16245939
0.23302746,0.22172314
0.25202614,0.2720728
0.26455313,0.26907226
0.29489613,0.29333478
0.25159228,0.25948024
0.2817527,0.28478268
0.26353928,0.27408203
0.2877974,0.28420636
0.26275203,0.2794383
0.28298458,0.28421837
0.29641235,0.29526418
0.279625,0.28119367
0.2675425,0.2700367
0.2563497,0.26245856
0.28048474,0.27839172
0.25700584,0.26894575
0.25749633,0.26063144
0.2692222,0.26883623
0.2612245,0.26042128
0.2796443,0.28216043
0.2715501,0.270788
0.25637248,0.261175
0.24844816,0.25494194
0.27582264,0.2917092
0.27997237,0.27037147
0.2916942,0.2975511
0.20506927,0.20215182
0.2467042,0.24339923
0.27354485,0.27299866
0.26247215,0.26282397
0.2701242,0.2743884
0.24177824,0.23073377
0.26716596,0.27025312
0.22172019,0.22588335
0.2118808,0.22575895
0.18253253,0.19643241
0.20975827,0.21051836
0.19932012,0.18714163
0.25623673,0.26544097
0.20940305,0.21113701
0.22216019,0.21897158
0.2304692,0.2241829
0.25029302,0.28321922
0.24231602,0.2685792
0.2659424,0.30452752
0.22599712,0.22640766
0.2340203,0.2327274
0.29151815,0.27358684
0.26303315,0.29128057
0.26762488,0.29381475
0.30254644,0.31226283
0.27299285,0.26716968
0.3190071,0.29656574
0.26781282,0.27205914
0.18186823,0.18001926
0.17794053,0.18817005
0.23698816,0.23406774
0.20991766,0.1936637
0.22057922,0.23850207
0.19175513,0.19864646
0.23879042,0.23367915
0.28216073,0.25582945
0.25582945,0.28216073
0.22470047,0.2372162
0.23221517,0.22652397
0.2572442,0.27552044
0.25280446,0.27858016
0.25683054,0.27442876
0.27558,0.2646174
0.26703867,0.27172363
0.27242458,0.26993734
0.27015308,0.2756215
0.23976612,0.2931033
0.17158334,0.17451835
0.22047006,0.2200646
0.30820996,0.2874186
0.2945724,0.2846741
0.2841569,0.29950622
0.29493517,0.2952805
0.29425952,0.30625296
0.27279434,0.2568268
0.30379382,0.2983927
0.2505129,0.22502615
0.22855917,0.24428573
0.2493731,0.25631055
0.23665808,0.27447534
0.25700146,0.25505984
0.2009131,0.1932622
0.19078596,0.21362454
0.19205603,0.20412545
0.24771605,0.2494692
0.22258613,0.2170527
0.17667472,0.20211193
0.219509,0.19694574
0.16810937,0.15621565
0.1893609,0.17140153
0.1999383,0.18976147
0.15965067,0.16400965
0.1977401,0.20212327
0.21622847,0.21807465
0.187272,0.22624035
0.29012787,0.27439934
0.23544517,0.21879078
0.24247389,0.252154
0.22677767,0.26960227
0.2751169,0.27198675
0.2722709,0.2827911
0.16594337,0.16188923
0.2468679,0.24044375
0.2394068,0.23474365
0.16653755,0.17146651
0.19763073,0.19925083
0.2337008,0.24836797
0.19504665,0.20520733
0.23920771,0.24208382
0.19118196,0.18757822
0.20000485,0.19435416
0.2665855,0.29513717
0.25054854,0.24404994
0.25565597,0.2529978
0.28775558,0.28774098
0.2839739,0.28281963
0.21287093,0.19376378
0.24256277,0.23237664
0.25448707,0.23960158
0.18358715,0.1603981
0.19144934,0.21621841
0.16120528,0.1901588
0.23612614,0.21089838
0.22092213,0.24444842
0.23085035,0.25987694
0.2167562,0.22179526
0.28159773,0.27949566
0.27935094,0.28442556
0.20364428,0.2285559
0.24056464,0.23495439
0.26806012,0.23861298
0.21689792,0.2182356
0.19989529,0.22445497
0.25417244,0.26659137
0.2536553,0.2702306
0.22961238,0.25266695
0.2570965,0.27305967
0.24116494,0.24456038
0.22182077,0.2115555
0.30118033,0.3274661
0.18287097,0.21107034
0.22094892,0.22226673
0.19762719,0.21589027
0.21332769,0.22597948
0.21582569,0.20435883
0.22608805,0.21073198
0.20715912,0.21508832
0.21355286,0.21395318
0.2094169,0.20880753
0.17233491,0.20879474
0.21437353,0.2457169
0.22824326,0.21537964
0.22185001,0.24732995
0.25637484,0.27931452
0.17869905,0.20801008
0.22263494,0.22603185
0.22657816,0.21937402
0.2678176,0.26440147
0.26471236,0.27070493
0.24800888,0.26176643
0.23767361,0.25744414
0.21795875,0.27055007
0.25956702,0.2695363
0.26105046,0.2494368
0.23556139,0.23964894
0.26624343,0.2519862
0.25022447,0.2528054
0.23516925,0.23891355
0.26861054,0.27853057
0.24429761,0.24435854
0.24096052,0.24338685
0.23833804,0.23782364
0.27436545,0.26690906
0.2413492,0.23510668
0.24216476,0.23958868
0.22934787,0.2260521
0.2292815,0.22554834
0.25393754,0.27061743
0.24801083,0.25196573
0.25309366,0.25089785
0.2497173,0.24928345
0.24776569,0.24554834
0.3013152,0.3043996
0.23875195,0.24931443
0.24921599,0.2849353
0.28926063,0.28953317
0.28323072,0.28506708
0.24122229,0.28089055
0.19417989,0.20674896
0.20268229,0.22425444
0.22943671,0.23459062
0.21927875,0.22914556
0.21420616,0.23394403
0.2366173,0.23187101
0.24853495,0.23589545
0.24301384,0.23631114
0.21475643,0.21325338
0.20960687,0.22882941
0.19583964,0.21093914
0.23859787,0.24698181
0.2683217,0.27445138
0.21912697,0.24300793
0.22692114,0.23776028
0.212098,0.2149193
0.21566828,0.19369897
0.23794377,0.2211369
0.22406238,0.21103513
0.21882746,0.20325637
0.23667184,0.21883672
0.21921246,0.21586698
0.21858327,0.21983446
0.22305721,0.22810441
0.24755257,0.24580288
0.23975053,0.24530259
0.22688739,0.2204307
0.2255548,0.21115567
0.23484232,0.26709676
0.21675828,0.23235713
0.25999767,0.2672737
0.19356756,0.17535491
0.22244719,0.21321101
0.17901151,0.1924319
0.18650585,0.21336177
0.20524195,0.2096423
0.21487795,0.22129293
0.23096976,0.24166225
0.26293194,0.25560892
0.20569119,0.19355471
0.2470699,0.2404911
0.27650222,0.25167295
0.20894265,0.18887885
0.24153796,0.27713913
0.27219623,0.2751497
0.28039557,0.26261443
0.3149609,0.33297968
0.25149888,0.29062825
0.22216687,0.25670716
0.2806317,0.2926161
0.25832975,0.26058996
0.27334425,0.2878096
0.28359905,0.27827412
0.26170236,0.2591071
0.24734512,0.25783327
0.23043284,0.23214929
0.27241138,0.2849752
0.21764669,0.26079333
0.2771349,0.2680806
0.26645088,0.26961818
0.2428041,0.2457838
0.2678348,0.26457036
0.26756427,0.27958277
0.2704143,0.2782077
0.20820183,0.19147596
0.2295205,0.24913573
0.25105152,0.2496858
0.24487509,0.24433349
0.24479994,0.24563734
0.22582412,0.23912376
0.19486237,0.20387284
0.21704341,0.2193607
0.24317968,0.24687932
0.22070806,0.2452119
0.24139024,0.22258314
0.20557684,0.19383241
0.219902,0.21191953
0.26724148,0.26272887
0.26958165,0.24782929
0.24053673,0.22330049
0.2037601,0.22571999
0.22382608,0.24891815
0.20887023,0.20913988
0.27125672,0.27093968
0.2107584,0.20114847
0.23616537,0.24737039
0.2209123,0.22933574
0.25601646,0.25700608
0.19725148,0.2098353
0.23421264,0.2275644
0.26335382,0.26388568
0.24811155,0.27272618
0.3021589,0.29831454
0.2962434,0.29270822
0.25247604,0.27708593
0.23160097,0.23025782
0.18456501,0.20018566
0.21920411,0.2394141
0.26205435,0.25934476
0.26136386,0.26260078
0.2618594,0.25070876
0.2268756,0.22835328
0.2547731,0.26492834
0.2531523,0.22961314
0.22958149,0.25693882
0.27536428,0.27345088
0.24406175,0.24210352
0.26376143,0.25648192
0.25287414,0.2494327
0.22924453,0.25225163
0.23687094,0.23783801
0.24601674,0.25642586
0.24605796,0.2352557
0.238976,0.22708288
0.22995041,0.2201347
0.21473362,0.24120282
0.24020451,0.24627551
0.24397431,0.23818141
0.20686662,0.23037118
0.25225547,0.26574856
0.24406116,0.2412927
0.24208982,0.2364855
0.24811286,0.25099844
0.22865155,0.22737929
0.24889866,0.25540262
0.24280462,0.27552918
0.22236024,0.24040365
0.22039703,0.2652676
0.25517255,0.24278131
0.27298427,0.2521309
0.26567262,0.2624244
0.2688825,0.28197187
0.2616691,0.2701851
0.2838685,0.27324477
0.24226433,0.23283839
0.23214121,0.2233729
0.21248996,0.23517291
0.2141602,0.22372724
0.26513705,0.2719362
0.2176232,0.22594316
0.24717334,0.28298667
0.24018568,0.23833247
0.27651832,0.26125526
0.23879494,0.21711709
0.1991218,0.20224893
0.23994423,0.23503157
0.20350567,0.19869228
0.20647523,0.24393949
0.22844712,0.2343373
0.25529858,0.2772087
0.22758336,0.23325156
0.22496025,0.23154458
0.19280158,0.22726957
0.20942338,0.21259212
0.23077148,0.22181635
0.22200745,0.2296318
0.23814505,0.25594983
0.23554695,0.22672136
0.18714075,0.18228534
0.21028817,0.21035664
0.20475797,0.21363914
0.2442221,0.25588286
0.24260898,0.2276363
0.22699675,0.22551268
0.17956173,0.18715385
0.2244106,0.23921745
0.1812371,0.17291349
0.2362781,0.24988393
0.24052876,0.2359933
0.22731836,0.22139291
0.22408575,0.22170405
0.28223974,0.25108996
0.22118418,0.22000222
0.2545697,0.23710081
0.2407367,0.22959651
0.25565314,0.24559087
0.2569534,0.23395143
0.2645678,0.23829082
0.24829873,0.23574395
0.21358322,0.22067687
0.2108818,0.19370121
0.20607013,0.20956959
0.24987628,0.22057423
0.16799428,0.18573537
0.22744837,0.267961
0.21395417,0.23372123
0.1838972,0.21949479
0.20897621,0.23321632
0.30949044,0.2948036
0.31453398,0.299696
0.30293915,0.29290468
0.28499758,0.30370328
0.28814685,0.30852875
0.29371062,0.3137725
0.25636855,0.24660127
0.2743312,0.27289808
0.24824145,0.2568281
0.2700829,0.27190733
0.20696951,0.20686334
0.22171839,0.25345272
0.19785422,0.21354836
0.23530205,0.23108463
0.26730132,0.27159536
0.26383892,0.2452763
0.22181103,0.25083786
0.1816176,0.26061165
0.17957398,0.28417337
0.30664593,0.30525726
0.28763008,0.28422874
0.2599309,0.29978758
0.2912093,0.29150498
0.2659735,0.28576884
0.21515745,0.21460575
0.23501627,0.23728049
0.27885914,0.2884301
0.24652885,0.2492584
0.21285596,0.2341961
0.19724159,0.23684832
0.20438467,0.23480293
0.23062877,0.24516304
0.21538827,0.21227354
0.24317086,0.26923874
0.26397356,0.28795806
0.26220223,0.23897687
0.2804573,0.25503683
0.26033914,0.2649837
0.2746739,0.27603298
0.27788517,0.27326396
0.21806714,0.20592745
0.2142712,0.2168721
0.26802406,0.27789694
0.2660723,0.27357063
0.23093218,0.2453015
0.26118144,0.26744425
0.24889667,0.24418686
0.2566857,0.25027865
0.21770117,0.22527817
0.22079465,0.22917956
0.2759112,0.29323018
0.25009397,0.2623077
0.2784593,0.28926665
0.2964752,0.28169352
0.2945487,0.28185564
0.23243883,0.21968307
0.2335268,0.22380929
0.2428351,0.241196
0.23640423,0.2364475
0.21612892,0.22077109
0.22020227,0.21625337
0.27378985,0.250255
0.26170143,0.27468136
0.24458565,0.25355777
0.24555701,0.2639928
0.20297961,0.20338559
0.19689068,0.21545689
0.20321922,0.19096725
0.24397774,0.23574981
0.1979862,0.20803386
0.20600678,0.20730828
0.21162187,0.19860777
0.20699152,0.20577183
0.1753462,0.18303159
0.18998489,0.21187243
0.20607883,0.23239534
0.24929082,0.2254792
0.2254792,0.24929082
0.23866703,0.2619937
0.30197015,0.29333258
0.27571717,0.30038178
0.23825067,0.26592964
0.25180513,0.2556717
0.23790745,0.24043764
0.24380946,0.24654663
0.23333056,0.24659418
0.24340962,0.2485835
0.27197835,0.3191348
0.24962491,0.24172322
0.2427328,0.25981712
0.23608297,0.24756993
0.26127023,0.25823176
0.2670678,0.24063203
0.25145075,0.23454586
0.24938267,0.2662653
0.23807016,0.2520808
0.22480458,0.2279969
0.24527928,0.24932435
0.24542798,0.24477944
0.26844555,0.25665385
0.2664247,0.26661366
0.22163844,0.22186875
0.22102576,0.2114344
0.24927126,0.23545265
0.22509953,0.22408187
0.24280271,0.24521509
0.22316508,0.23578635
0.23649156,0.22719982
0.19614545,0.20398939
0.20549527,0.19083235
0.20035447,0.19733655
0.23335178,0.23488867
0.21717234,0.1924901
0.23358952,0.23293446
0.2493591,0.23353562
0.28217915,0.25049114
0.22920036,0.22821206
0.24187301,0.24667802
0.25631958,0.26767293
0.19207104,0.20260823
0.2348588,0.22734822
0.18861823,0.22509895
0.20317496,0.23178016
0.24755815,0.2949073
0.19216587,0.22587356
0.21027166,0.21891482
0.21454242,0.21021582
0.2728424,0.28567773
0.26070845,0.268971
0.2856872,0.26510015
0.2731395,0.2661198
0.28411224,0.27206236
0.282708,0.28453755
0.27401608,0.2857545
0.24780965,0.28230554
0.2634987,0.2495116
0.28828144,0.29136944
0.2882381,0.28446433
0.22057259,0.22257385
0.22350724,0.22297108
0.28769982,0.2851985
0.24087313,0.23434769
0.2643102,0.26032528
0.24668464,0.2566151
0.28774628,0.29753995
0.28721118,0.29453197
0.253869,0.26210353
0.26248688,0.26399016
0.279716,0.2828528
0.2347184,0.24007465
0.2347184,0.24007465
0.243272,0.24434188
0.26345637,0.25081307
0.29888207,0.29395953
0.24087313,0.23434769
0.25052613,0.27105993
0.24720383,0.26765677
0.30437195,0.2936498
0.24826355,0.2461896
0.22470038,0.23957133
0.29060203,0.2829035
0.28857973,0.29646355
0.21894675,0.25155032
0.22698368,0.23517857
0.21276896,0.20321879
0.20429507,0.20194551
0.25501922,0.25579476
0.25674766,0.252823
0.27310306,0.25867587
0.18738057,0.20176364
0.20713624,0.21943383
0.19337009,0.19397545
0.25485566,0.25333968
0.18739714,0.18783247
0.19521667,0.18606904
0.20117804,0.20489703
0.25018063,0.2576481
0.21278821,0.20556274
0.25540277,0.2488726
0.20730357,0.23734155
0.26776946,0.29949313
0.26899377,0.269429
0.26759192,0.26854235
0.20547786,0.21095641
0.21103966,0.20197293
0.29695156,0.31915712
0.2461231,0.2954337
0.2632374,0.30706313
0.21894668,0.24188097
0.25716573,0.29803163
0.28645125,0.30833963
0.28975448,0.31287897
0.29977128,0.28413838
0.26425242,0.2495441
0.2510086,0.2575051
0.23815496,0.24131645
0.23880936,0.25142553
0.24838683,0.25140792
0.22909327,0.19430451
0.2083745,0.21864575
0.21252489,0.20116195
0.2232442,0.23737831
0.25767422,0.28957063
0.25452432,0.26089627
0.23740345,0.2433441
0.28017464,0.2764624
0.2990607,0.275102
0.2850767,0.28698024
0.24542612,0.24142678
0.27056202,0.29928267
0.28531137,0.28202292
0.28715026,0.28112218
0.25536275,0.25465658
0.276199,0.24786954
0.24755538,0.27240676
0.26866135,0.28358424
0.26907068,0.2908559
0.26394436,0.29594
0.28365982,0.26623344
0.2908559,0.26907068
0.28386188,0.2956921
0.21744967,0.21410464
0.2279616,0.2585357
0.26060382,0.24414185
0.25933906,0.259465
0.27786416,0.284813
0.26409772,0.2573383
0.2480143,0.2662906
0.2619074,0.26923025
0.26110193,0.2880919
0.28458208,0.27774438
0.25884694,0.25931862
0.26100174,0.2717671
0.26429144,0.2668494
0.26167217,0.25776428
0.2588442,0.26514173
0.18441103,0.2248066
0.18770106,0.2524735
0.26113832,0.29126334
0.1920249,0.22918876
0.25088337,0.25871462
0.26000294,0.2564412
0.22845271,0.24795958
0.24077526,0.25062925
0.25687063,0.24365538
0.21787001,0.22967863
0.27589285,0.29959702
0.21484292,0.22098343
0.22235593,0.21795815
0.23299435,0.24550775
0.26320738,0.27098516
0.22066505,0.22177982
0.24561489,0.23277764
0.21946728,0.2092431
0.22790599,0.20734383
0.19049749,0.20883317
0.26409346,0.30078757
0.272403,0.29673567
0.20637545,0.2060737
0.30030414,0.28054225
0.21152243,0.19756824
0.22018857,0.21443145
0.24044853,0.25750044
0.27446008,0.29899472
0.2503936,0.24421482
0.21464628,0.21328282
0.2590488,0.25628805
0.2574827,0.259983
0.22686745,0.2583088
0.23485705,0.26056835
0.2700124,0.27003124
0.23514363,0.22321306
0.24149783,0.26061484
0.23034856,0.21110603
0.22391064,0.2275266
0.21291256,0.22848691
0.23798613,0.2421292
0.21928783,0.22356583
0.2410982,0.2260906
0.22216919,0.21717179
0.23920646,0.2443876
0.24584559,0.21923265
0.28908896,0.28798753
0.28258017,0.30173662
0.27752376,0.3016436
0.2687622,0.29456693
0.29060033,0.28767523
0.2863798,0.28243658
0.27135715,0.26257417
0.2622549,0.2483232
0.26458648,0.25285527
0.26655367,0.26983517
0.25877073,0.27098763
0.27510947,0.28153133
0.22014059,0.28112984
0.20340759,0.21834536
0.2155443,0.24204575
0.21814896,0.22170421
0.23851728,0.24763544
0.20754966,0.19894806
0.21803522,0.21684577
0.23132215,0.26338196
0.24785614,0.23775655
0.26090026,0.23837528
0.22353381,0.24514335
0.17932342,0.20727524
0.17320663,0.20962715
0.24380183,0.21925642
0.24732423,0.21857972
0.24791199,0.2528458
0.25892872,0.24819094
0.25184637,0.2630149
0.26881874,0.26545823
0.2726952,0.28081825
0.2761471,0.27354768
0.27318594,0.25945434
0.24181527,0.23213655
0.23720074,0.239966
0.2482949,0.24082606
0.2468549,0.25950724
0.24157803,0.23735602
0.26399276,0.2515859
0.17948677,0.1864819
0.29029417,0.26156425
0.19488122,0.20062034
0.23697284,0.22925603
0.25312638,0.2668692
0.27468264,0.27311274
0.20256986,0.2279962
0.2957518,0.28021252
0.27837205,0.26976612
0.26195344,0.27740267
0.3052374,0.29875472
0.27396497,0.30586362
0.19009012,0.19235317
0.17640926,0.17973489
0.22099581,0.2119
0.21669002,0.20674655
0.29198372,0.30937564
0.28269634,0.28847644
0.20984271,0.23122129
0.22976378,0.23977742
0.25922418,0.2634269
0.20886591,0.23123436
0.21460038,0.22517341
0.17615882,0.1701589
0.17352487,0.17434794
0.22466317,0.21721572
0.21661931,0.2174686
0.27245063,0.2856546
0.28620297,0.28084213
0.178652,0.19044581
0.2472012,0.2422717
0.21737,0.21092461
0.18479484,0.17566663
0.21398592,0.22039929
0.2754097,0.26376492
0.26772052,0.2697761
0.24405137,0.2408144
0.24645974,0.27685547
0.2555268,0.25589368
0.26253366,0.25629395
0.24104916,0.26624033
0.26328447,0.2729624
0.2694992,0.24805191
0.24743262,0.24687928
0.20476776,0.21634081
0.24697332,0.29293153
0.2534173,0.28511524
0.21374789,0.20878866
0.21634081,0.20476776
0.22302195,0.24813715
0.20928219,0.2200355
0.26672935,0.24934316
0.2165548,0.21177056
0.24653365,0.26096094
0.20811495,0.22323215
0.20878805,0.2293645
0.21809593,0.21948572
0.21498731,0.21929903
0.2404632,0.2564065
0.2868973,0.29558
0.25876337,0.2710397
0.20773286,0.21558933
0.25447062,0.24629131
0.19002232,0.20497626
0.2757111,0.2688576
0.23515356,0.24508412
0.24383137,0.25244728
0.30044705,0.29088753
0.19740951,0.18902478
0.21325378,0.21517834
0.23410752,0.23858619
0.24506682,0.24243131
0.17736469,0.17668255
0.30104488,0.32302043
0.24914783,0.251593
0.2512451,0.24540195
0.28648412,0.26696897
0.26081634,0.26067698
0.26245815,0.26502305
0.2730714,0.29088813
0.27663997,0.28411436
0.23332052,0.27393705
0.22850963,0.2693171
0.2516017,0.27980697
0.26437292,0.28598678
0.29491943,0.29445523
0.27697462,0.29728383
0.30307725,0.27940506
0.29974052,0.29771516
0.25000334,0.31523323
0.24432278,0.28385246
0.2849677,0.2874967
0.2861975,0.27481937
0.22940937,0.24738745
0.24956162,0.25421584
0.27650675,0.2965399
0.2575024,0.27095237
0.2597258,0.24809606
0.24931182,0.22929537
0.2963968,0.28196934
0.2709211,0.2598976
0.18366045,0.18733676
0.23457134,0.21022306
0.20273381,0.23669353
0.24982812,0.26455736
0.24419664,0.2552414
0.26118106,0.24328348
0.26259893,0.25080705
0.20616804,0.20299724
0.20135842,0.20053701
0.21015763,0.20642364
0.22889131,0.21475653
0.19259852,0.19437218
0.24344291,0.24170732
0.21179752,0.22065426
0.20528889,0.19320732
0.25539914,0.25547975
0.21349633,0.22430846
0.26479584,0.25430498
0.27491105,0.26496434
0.2100708,0.25417164
0.23590416,0.24633
0.24869706,0.26776403
0.2575209,0.26902792
0.2842469,0.2602953
0.26238352,0.24824256
0.21540925,0.21467716
0.2234467,0.22658937
0.21842732,0.24327499
0.24251851,0.22992925
0.22432764,0.22142142
0.24272154,0.26802337
0.2473069,0.2682051
0.19644497,0.19504198
0.20281966,0.18185574
0.26835144,0.23717993
0.19435415,0.1947766
0.18244487,0.19419585
0.25474796,0.2439967
0.23952201,0.25557566
0.2247117,0.24568114
0.22652362,0.22397903
0.28196925,0.26539052
0.28606328,0.2565619
0.22141019,0.20694356
0.22696474,0.22385287
0.26539052,0.28196925
0.2565619,0.28606328
0.20979558,0.22125359
0.16734229,0.1790259
0.22186737,0.20820394
0.21957116,0.20177186
0.20965233,0.22087182
0.2002909,0.21596985
0.27190644,0.2727735
0.27652213,0.27614385
0.26150855,0.25492743
0.2590445,0.2633318
0.2341844,0.26493225
0.2453996,0.28550398
0.23160842,0.26272994
0.2619794,0.2790488
0.2505928,0.2653145
0.29233068,0.27765936
0.27887183,0.26038677
0.28770262,0.2792321
0.26984668,0.2619412
0.30792278,0.29348025
0.23759139,0.22376226
0.25825828,0.2614139
0.2762286,0.28829932
0.30206716,0.31437007
0.23508628,0.23719618
0.25408334,0.26300883
0.23495528,0.23887262
0.24274519,0.24505801
0.2548089,0.2531808
0.23832045,0.23572761
0.23234637,0.22828022
0.22879758,0.23386697
0.25103202,0.25718406
0.24176694,0.23914243
0.27367744,0.2688521
0.2968735,0.29678664
0.2716287,0.26385427
0.30363417,0.30509865
0.18284732,0.22001454
0.22230536,0.25353166
0.22430643,0.22906534
0.24397916,0.23549518
0.20977376,0.22991611
0.25965965,0.26158124
0.24092844,0.22553939
0.2528448,0.23798662
0.2355433,0.26663542
0.22486477,0.22762865
0.26121554,0.25320542
0.21967147,0.21728575
0.19341907,0.19514087
0.23897675,0.23044875
0.2188853,0.205241
0.2318433,0.22112256
0.19443473,0.19897793
0.26797676,0.2544865
0.22896165,0.25385246
0.20018934,0.22950669
0.1430843,0.22187252
0.23035195,0.23224941
0.20964769,0.23662496
0.25051785,0.2672294
0.25847214,0.2637487
0.24842079,0.25341666
0.31348252,0.32260138
0.28356844,0.2506777
0.26069927,0.28292125
0.2573021,0.27471796
0.24936935,0.26924255
0.22834393,0.24939713
0.212231,0.23097081
0.24506809,0.279889
0.23195773,0.24840009
0.18180196,0.19318007
0.17998917,0.18147
0.26093608,0.26779875
0.2683486,0.26350307
0.2750203,0.27338555
0.24586576,0.2536582
0.23558053,0.24412774
0.24038865,0.23917398
0.2690106,0.27541968
0.25435418,0.2805107
0.2565864,0.27836835
0.2679215,0.29980493
0.23704283,0.25655216
0.26292437,0.2427729
0.2212905,0.26326787
0.24081528,0.21575192
0.17290677,0.15123104
0.22084516,0.24571906
0.22597611,0.23985253
0.23226073,0.25243846
0.16249926,0.17459431
0.26095685,0.27592164
0.25000712,0.23989542
0.24431174,0.23222783
0.26256984,0.2747419
0.25925615,0.26597774
0.27971712,0.2751767
0.27153575,0.26394895
0.25629815,0.22071986
0.26271182,0.25557393
0.24640866,0.2522974
0.22488913,0.2501981
0.24511166,0.27199447
0.25546283,0.25646833
0.2599332,0.25012833
0.2323417,0.21783552
0.21984947,0.22968544
0.2359229,0.23699017
0.2182456,0.22822791
0.2886486,0.28707147
0.28697914,0.2802715
0.28707147,0.2886486
0.2802715,0.28697914
0.28090367,0.2757678
0.2820484,0.28849316
0.25986248,0.27596718
0.24055207,0.23349819
0.26931646,0.2570101
0.26473314,0.27543455
0.2334194,0.23922324
0.18653744,0.18857442
0.23903726,0.2676013
0.1970985,0.25999057
0.16367295,0.19399787
0.29718482,0.28688794
0.24599147,0.25204688
0.29602194,0.29395497
0.24696878,0.25719273
0.27155238,0.2788267
0.1301343,0.14669123
0.17039569,0.18320692
0.2781869,0.25406277
0.20703349,0.18104169
0.18799853,0.20776664
0.14334814,0.13905814
0.17839216,0.17677426
0.17185633,0.22609296
0.18651426,0.19095762
0.20153701,0.18431509
0.22479816,0.23063964
0.25084212,0.23484772
0.23544009,0.24496435
0.26496017,0.26349217
0.27010494,0.2728408
0.26310733,0.25945985
0.21894002,0.20233202
0.21444876,0.22001278
0.25316498,0.27109697
0.2322293,0.23492889
0.23209213,0.2630702
0.28810063,0.28532824
0.25580403,0.2438182
0.27980262,0.27502486
0.2722605,0.2694712
0.23221467,0.23781571
0.24335395,0.2576391
0.23567472,0.23087414
0.21409306,0.20696652
0.27800882,0.27742833
0.20985334,0.21403676
0.26664686,0.24511278
0.23158397,0.22746144
0.2506093,0.2428484
0.2765852,0.27203542
0.1766077,0.17548414
0.19426166,0.24495366
0.174413,0.20426059
0.19359912,0.21675175
0.20911165,0.24015698
0.19248152,0.16684225
0.19842479,0.17805566
0.22995815,0.18578272
0.20691511,0.2017179
0.16900781,0.18655251
0.19412552,0.21582597
0.18967205,0.20486008
0.21637897,0.21868537
0.20118234,0.19710319
0.22879441,0.22653168
0.24890694,0.26711035
0.25802568,0.26474494
0.2614841,0.2605107
0.2443667,0.23801099
0.24760565,0.23226291
0.2425154,0.2405921
0.20804104,0.22931163
0.23234533,0.23641875
0.27741024,0.27152085
0.20086992,0.20396653
0.20736459,0.21680716
0.2715549,0.28213352
0.20726484,0.20853454
0.21442378,0.20613907
0.206264,0.20001811
0.26563174,0.24841328
0.24214977,0.24450552
0.2402503,0.25758258
0.24377227,0.2430893
0.2336855,0.2338368
0.20796606,0.21582493
0.20498657,0.2200631
0.22140142,0.22330645
0.19028248,0.20858191
0.18908937,0.2025204
0.19489995,0.19718581
0.20434454,0.2019063
0.20228606,0.2138224
0.20873284,0.1869708
0.21580608,0.20321748
0.22744259,0.22431014
0.22322853,0.20788124
0.22179379,0.22175035
0.21030138,0.20152508
0.20692612,0.22362193
0.23970656,0.23466545
0.24137029,0.2383457
0.23123005,0.23508844
0.19382375,0.18555853
0.21804754,0.21590121
0.19476551,0.19949204
0.2268368,0.24659292
0.24522647,0.26000816
0.25357342,0.2605872
0.24885608,0.27039224
0.19877996,0.2300171
0.2032418,0.20322841
0.22044829,0.23371191
0.25177625,0.30801642
0.23963073,0.26146895
0.22651312,0.25429446
0.19139293,0.22074272
0.22940303,0.22934158
0.21850963,0.2159669
0.19437307,0.21157862
0.29585734,0.2923425
0.29167342,0.28884435
0.28905502,0.2939468
0.29190516,0.29492268
0.23391806,0.23016731
0.25630033,0.23755342
0.23553322,0.23101036
0.18335994,0.21244413
0.19105473,0.21818957
0.22723871,0.23096888
0.22051752,0.2933816
0.23265238,0.23472527
0.24450608,0.24708961
0.24934676,0.26221555
0.22001831,0.22759406
0.24018395,0.2655729
0.23277883,0.20506942
0.27015212,0.22930074
0.29530853,0.31027514
0.22503506,0.21931875
0.31560358,0.29911357
0.22902183,0.21428859
0.2817711,0.26474985
0.27154395,0.25796488
0.25347587,0.26621664
0.23339596,0.25542974
0.2547629,0.22202016
0.2623186,0.26653346
0.26180428,0.2642719
0.1898034,0.20797022
0.18891211,0.18349303
0.27601075,0.27111986
0.26617256,0.2746658
0.2594133,0.27626687
0.27557582,0.2787312
0.2499552,0.28742
0.22162955,0.26825637
0.2740029,0.26825392
0.18773325,0.18898751
0.26072392,0.25475264
0.22770526,0.2248343
0.20210376,0.20823829
0.2868806,0.27123946
0.2917436,0.31214035
0.15916193,0.20322941
0.26451895,0.26104575
0.2883838,0.27583963
0.29812232,0.29880622
0.26288778,0.2672646
0.26316512,0.26783943
0.2964619,0.2895955
0.28658104,0.29108545
0.28666693,0.2892539
0.29157254,0.27689543
0.26501042,0.2612052
0.23420268,0.22936314
0.25469345,0.24596447
0.253886,0.25559786
0.22892965,0.22436343
0.22921538,0.2420488
0.24085075,0.25548685
0.252991,0.25568962
0.22007562,0.22653964
0.25368965,0.2551419
0.21672097,0.22191915
0.27701268,0.2697544
0.22284535,0.22275019
0.2324456,0.24583218
0.25547647,0.2514394
0.24526295,0.23283862
0.29036245,0.27253795
0.23658285,0.22211134
0.22403392,0.21589892
0.22767083,0.22164503
0.22335875,0.23206347
0.2713641,0.26406378
0.20594482,0.21076232
0.23007049,0.24639437
0.22260909,0.22222611
0.25800517,0.26632333
0.22128755,0.23212914
0.22800101,0.24121192
0.2553444,0.2646777
0.2711543,0.28575805
0.25874427,0.25660986
0.2705835,0.29463884
0.20499016,0.20430538
0.25248796,0.2506422
0.256742,0.26558992
0.2621538,0.2756326
0.2722496,0.2472818
0.20852484,0.23925589
0.26081502,0.26674423
0.2632692,0.26487255
0.2648926,0.27102512
0.2816237,0.28690547
0.28854415,0.28708994
0.18276171,0.18947615
0.19267838,0.1844051
0.2642078,0.27181917
0.2836118,0.2780409
0.27181917,0.2642078
0.280218,0.26694518
0.20693131,0.21796921
0.19202338,0.19194129
0.2160073,0.20730299
0.21768202,0.21032768
0.19468427,0.19300061
0.2037255,0.22177121
0.26648477,0.2668769
0.25962934,0.26361626
0.24391407,0.26949525
0.28021932,0.30411893
0.27164102,0.28175357
0.24740198,0.26113603
0.27181637,0.26628965
0.25701958,0.24499144
0.24258788,0.26477224
0.30402058,0.28872544
0.26063246,0.27066946
0.27231467,0.2598229
0.21746565,0.2173105
0.2732288,0.25907734
0.2088409,0.21287312
0.20840324,0.20311938
0.2791731,0.32572472
0.25231814,0.2706938
0.2795951,0.3192246
0.25519168,0.32388455
0.29846793,0.31161055
0.30612203,0.29199895
0.2497385,0.26754227
0.26915798,0.2539398
0.24739875,0.24169461
0.22147891,0.2272871
0.22855373,0.22352688
0.19663405,0.19536826
0.22953986,0.2258013
0.22775805,0.22710922
0.19697957,0.19887678
0.24381542,0.24956803
0.2038303,0.23362018
0.2457966,0.25803587
0.27535987,0.28833014
0.22855061,0.21554586
0.27648178,0.27995175
0.3057469,0.30189592
0.26314083,0.24210271
0.30427477,0.2946717
0.21959054,0.2273808
0.24197586,0.2423369
0.25916687,0.24803174
0.24188933,0.25212678
0.2605112,0.25722912
0.26871783,0.25597745
0.17853594,0.22690228
0.18191642,0.2188192
0.27557236,0.28133845
0.286572,0.28236815
0.2850715,0.27609962
0.29432973,0.27704003
0.21934794,0.23119286
0.277262,0.30200702
0.23565796,0.2132393
0.22511438,0.2081419
0.25061566,0.244942
0.24655408,0.25031936
0.21060379,0.22307247
0.23036288,0.2235117
0.216884,0.22725818
0.22631508,0.2268266
0.2325611,0.24519973
0.20912191,0.20850186
0.2236117,0.21758255
0.24433094,0.22893792
0.2743149,0.24756438
0.21304698,0.21130353
0.20927417,0.21053308
0.2121848,0.21676697
0.2645107,0.28368673
0.18281275,0.23389956
0.2469446,0.28204954
0.16417311,0.17953357
0.2528978,0.26520443
0.27109486,0.2834625
0.17785786,0.16648945
0.27803367,0.267406
0.26527038,0.26029032
0.25620028,0.260023
0.2604113,0.26164702
0.26022866,0.26026547
0.19448964,0.20149064
0.22144854,0.22162327
0.267826,0.279361
0.22703779,0.25301844
0.22989419,0.26313263
0.22251983,0.2212123
0.20350993,0.1953157
0.2774641,0.26558885
0.25508332,0.27045876
0.25336993,0.26502663
0.26531047,0.2609231
0.24557292,0.24832323
0.2514199,0.24950498
0.27310896,0.26292086
0.24150155,0.26279205
0.2648906,0.26987097
0.1926354,0.23868033
0.23160672,0.23886846
0.2355853,0.23186103
0.23208508,0.23234497
0.2321251,0.23526481
0.23950742,0.28637758
0.17612931,0.16511786
0.15936059,0.1656933
0.26461408,0.28968644
0.17544143,0.22122103
0.2161984,0.21623048
0.20698993,0.23672508
0.15960923,0.22169968
0.2324927,0.22332771
0.20287071,0.19720677
0.1698581,0.17296465
0.20106415,0.17336936
0.22541142,0.24194741
0.16070613,0.17692235
0.1971592,0.20582688
0.21579038,0.22154449
0.21916702,0.21314287
0.20559777,0.2300471
0.24131376,0.24016435
0.24290693,0.24430625
0.20959471,0.21295573
0.27453226,0.27319682
0.23750323,0.24933508
0.2825876,0.27331686
0.21266553,0.20560752
0.24758643,0.2269898
0.27650732,0.27175236
0.22088572,0.2442597
0.2690515,0.287413
0.25436002,0.2363534
0.3304002,0.3075923
0.26642442,0.27507907
0.27310666,0.27086008
0.2278598,0.21475023
0.16534981,0.17764454
0.22342178,0.23245408
0.21475023,0.2278598
0.2196795,0.22454338
0.2734814,0.27857903
0.16700862,0.17923616
0.27883616,0.27867332
0.25966573,0.2504507
0.25572115,0.24430801
0.19494025,0.23718427
0.2657013,0.27064058
0.20676999,0.21146217
0.26896665,0.285605
0.2213469,0.20321856
0.21439761,0.19888376
0.20190896,0.22075054
0.21270673,0.24402827
0.25199193,0.25825018
0.21940264,0.2462607
0.23308694,0.21952713
0.21623138,0.2490795
0.25787216,0.2538907
0.24104929,0.24039955
0.24788105,0.24027087
0.23962507,0.2492912
0.2447972,0.24566184
0.19067845,0.20863396
0.23952033,0.23716831
0.24562246,0.2533074
0.28717092,0.28942546
0.27702796,0.27974695
0.28221875,0.27825117
0.26945972,0.24191445
0.28903246,0.28428525
0.2648656,0.23644
0.2495121,0.24926528
0.24843056,0.26226947
0.28819573,0.29059005
0.2536672,0.26806182
0.29090792,0.2876228
0.25704694,0.25971133
0.23959658,0.25336716
0.26958448,0.27129486
0.26206505,0.2479692
0.26393384,0.2639504
0.23016381,0.24908924
0.2551427,0.23859482
0.21866165,0.23384765
0.23956525,0.24800268
0.2672127,0.29141742
0.26322448,0.2704548
0.25529426,0.26115435
0.26333994,0.25612834
0.24781856,0.21696927
0.2780177,0.26438388
0.26273376,0.24396966
0.23345385,0.24671382
0.22591618,0.2674939
0.26120076,0.2544944
0.25208452,0.23956293
0.25115305,0.2527773
0.25123352,0.28656322
0.24150604,0.24057284
0.22178048,0.21969375
0.21074007,0.21727505
0.24639842,0.24769357
0.22727418,0.23818281
0.25444275,0.2574025
0.2134067,0.2237118
0.25510126,0.25582087
0.24643199,0.25541776
0.21453664,0.2237587
0.22107823,0.21905379
0.21050839,0.21066563
0.20401362,0.21688803
0.24577166,0.24074255
0.24034259,0.238979
0.16689631,0.15812987
0.15812987,0.16689631
0.18854783,0.18380718
0.22239396,0.2265996
0.2176598,0.21958846
0.2338331,0.24089047
0.27192712,0.26543579
0.22195286,0.24597353
0.23748805,0.25995263
0.22603239,0.22043483
0.20735033,0.21080863
0.18401612,0.1929795
0.26768118,0.2824981
0.2547577,0.269579
0.23514175,0.22909468
0.26084805,0.25087464
0.2287722,0.23021686
0.21842517,0.22218026
0.22205342,0.2167929
0.23150294,0.23025852
0.26532626,0.25320283
0.24882787,0.27238196
0.25348386,0.2645372
0.19417629,0.19894472
0.2340613,0.25336638
0.25336638,0.2340613
0.26900604,0.28374484
0.26107246,0.28447896
0.2379187,0.22029567
0.21616222,0.2331504
0.2338058,0.2139721
0.23081611,0.22484896
0.22909376,0.21707286
0.28966406,0.30273527
0.2883141,0.31017947
0.20420492,0.23953864
0.2115274,0.23166452
0.2422387,0.27459803
0.25829315,0.2818637
0.2763381,0.25559285
0.27441883,0.25627518
0.2548047,0.2793147
0.25182024,0.27597898
0.28728545,0.27393064
0.27905396,0.29106325
0.23604047,0.2536309
0.28378272,0.2671117
0.27247858,0.28354
0.15844965,0.16859822
0.1691126,0.16322055
0.28046072,0.28346854
0.23193489,0.24942517
0.2868309,0.28253543
0.24787207,0.22523177
0.22275428,0.25579494
0.25574753,0.25572154
0.25233456,0.25738424
0.2713172,0.26844478
0.26863778,0.26059023
0.28702936,0.2825685
0.2824904,0.27746016
0.26013213,0.24562551
0.24392387,0.25652722
0.22972563,0.24680659
0.25268218,0.25497636
0.25422683,0.24535233
0.2069583,0.23202792
0.17522222,0.20111862
0.2041714,0.23806754
0.25268963,0.26777825
0.23767951,0.2454628
0.25476342,0.27801862
0.23989242,0.25547796
0.23708367,0.23851572
0.2292639,0.22532904
0.21835071,0.23931816
0.22704402,0.23615739
0.25649184,0.25523335
0.24578749,0.2514913
0.22498795,0.22986294
0.2225064,0.24201512
0.27581087,0.27281114
0.27562815,0.28114533
0.22986294,0.22498795
0.20824784,0.2332758
0.28200635,0.26522598
0.269316,0.28023657
0.24806163,0.26355633
0.25052333,0.25911042
0.2498748,0.2575911
0.20378277,0.21536796
0.2373563,0.269081
0.23645589,0.26682127
0.27939352,0.2931834
0.23237704,0.28253675
0.24121732,0.22569305
0.23877679,0.22091952
0.30415717,0.2916085
0.21514376,0.24040945
0.290034,0.29855096
0.2863271,0.29991284
0.2501735,0.27086735
0.27721268,0.27212036
0.24149151,0.24123642
0.20911668,0.22780669
0.2507678,0.24787551
0.2250729,0.22470719
0.23606275,0.20286445
0.23021872,0.22074659
0.2473129,0.24740218
0.2505685,0.26230815
0.21858217,0.22864538
0.23228993,0.21532574
0.23884481,0.24040858
0.24665919,0.24254717
0.19299623,0.20280218
0.25991476,0.28767544
0.2174337,0.23014997
0.23135948,0.22838221
0.21859197,0.21827257
0.22842914,0.2225239
0.25112426,0.25836533
0.22519648,0.24601473
0.251451,0.26461524
0.21908216,0.23557709
0.24579127,0.23775113
0.26040766,0.25708762
0.2660999,0.26126793
0.26533017,0.27583683
0.25541273,0.25672668
0.27572507,0.2742781
0.2742781,0.27572507
0.23516044,0.2349458
0.2357591,0.22829741
0.23334694,0.2380881
0.2168039,0.23977353
0.3285092,0.32324797
0.32523882,0.32542086
0.28893465,0.28851914
0.29271644,0.29556257
0.2929554,0.2927304
0.28851914,0.28893465
0.17557281,0.17132166
0.18039402,0.1907223
0.19507152,0.18461603
0.26801857,0.28187108
0.21758002,0.21393253
0.28954628,0.28575367
0.23885319,0.24709417
0.21966699,0.21577074
0.29002315,0.28212965
0.24697936,0.23798808
0.27810776,0.28364682
0.28112364,0.27187687
0.27925617,0.27825102
0.2499434,0.2413652
0.21313572,0.21833394
0.22384714,0.23464929
0.24438825,0.25584117
0.25379115,0.27676836
0.21526787,0.20059744
0.2157059,0.20971324
0.24013796,0.2373446
0.2191121,0.23768228
0.24144861,0.2682986
0.25132635,0.28131965
0.23073493,0.226018
0.20978624,0.21803659
0.25216907,0.24177395
0.26769885,0.25082478
0.23941144,0.24344191
0.21292695,0.2166215
0.27729914,0.2747627
0.2742937,0.27625674
0.25876176,0.26897776
0.27334514,0.262482
0.29115427,0.27816987
0.2741564,0.28408712
0.26061174,0.257754
0.25702068,0.26076075
0.21906647,0.2640343
0.25337216,0.26897222
0.29843098,0.29650912
0.2939059,0.29289785
0.2997355,0.30340105
0.29546237,0.29727724
0.24149223,0.27653754
0.29027706,0.287614
0.28465372,0.28805068
0.320131,0.31301308
0.30721924,0.31445807
0.23315993,0.24502836
0.21371888,0.2311921
0.18919674,0.18180841
0.23373203,0.20923913
0.17681047,0.18527181
0.31620872,0.32384595
0.31079498,0.32850307
0.27388301,0.29062063
0.27582985,0.29171693
0.26956144,0.2865538
0.28818864,0.26293185
0.22909579,0.28919035
0.24090283,0.2325321
0.23537876,0.2333444
0.23404053,0.23980069
0.20210615,0.20402232
0.19363055,0.19887468
0.22138517,0.2351862
0.19098017,0.189195
0.19950488,0.19881126
0.248467,0.26822436
0.2607749,0.24464422
0.2591326,0.27211213
0.25984553,0.27289006
0.23175147,0.2535323
0.19433895,0.20038982
0.2500457,0.24089113
0.19685291,0.19368413
0.2622254,0.26865175
0.25642937,0.2599864
0.23136188,0.2454655
0.25019184,0.23835991
0.26057842,0.2503106
0.26511428,0.257596
0.25632778,0.28297454
0.2598528,0.25635624
0.17771618,0.23288175
0.23822552,0.23938563
0.25323108,0.22964038
0.25146797,0.22732659
0.20734802,0.27600956
0.23219714,0.2493458
0.22114211,0.2533943
0.24475901,0.26492864
0.25614327,0.23466805
0.242346,0.21825108
0.22166987,0.2114831
0.23097774,0.221422
0.20996797,0.23922896
0.22020437,0.21342912
0.1977873,0.22407772
0.22729449,0.2492961
0.23329987,0.24121699
0.21177267,0.22194943
0.2155614,0.24616474
0.28429937,0.25008994
0.22842821,0.23285171
0.23799782,0.2884186
0.26448268,0.28750607
0.20543177,0.2881016
0.18515363,0.19485503
0.22890107,0.22960941
0.19826639,0.18854108
0.2343989,0.23066068
0.27923656,0.28202236
0.22475228,0.23356716
0.23105547,0.25125712
0.2807135,0.28405592
0.24708652,0.2343219
0.2659469,0.25316152
0.21705262,0.22594763
0.25941205,0.252913
0.22042328,0.21743084
0.26222187,0.2683726
0.24359298,0.25429216
0.26471597,0.27169853
0.2499929,0.26310983
0.26787323,0.25800171
0.29589915,0.2878546
0.27574444,0.26841372
0.26701447,0.2565607
0.2909686,0.2933029
0.24052766,0.2390598
0.2469569,0.24403566
0.27929035,0.29547343
0.2754979,0.28740966
0.27410194,0.2665345
0.2751497,0.28118002
0.2994253,0.29665327
0.2584179,0.27157715
0.27100247,0.2702845
0.26983145,0.26718003
0.24379349,0.24806488
0.29181325,0.28253067
0.26503316,0.25368893
0.28928766,0.27431038
0.25194633,0.25729284
0.27003634,0.26261228
0.19003439,0.19755568
0.20190147,0.1751248
0.2570467,0.24934454
0.22636043,0.26981246
0.2657962,0.2675946
0.2674814,0.26402622
0.22431768,0.25910962
0.18241215,0.20595025
0.26427305,0.27477714
0.19811514,0.19634357
0.21034119,0.21168774
0.21893205,0.22430669
0.19030276,0.1947987
0.21447738,0.20477527
0.22583808,0.21306646
0.1907382,0.19444767
0.19658686,0.1954726
0.14677726,0.17950074
0.26953563,0.26587474
0.24038278,0.24658233
0.24601425,0.24728055
0.267525,0.2692727
0.13958478,0.18055724
0.12800276,0.12847829
0.17471105,0.15208097
0.24833152,0.24563223
0.23226444,0.24260761
0.24265862,0.23136757
0.21476717,0.2591203
0.24748242,0.24727112
0.26984918,0.26661617
0.2788422,0.2766583
0.2727679,0.2804795
0.29987988,0.30704892
0.24731298,0.24969015
0.2825381,0.27662793
0.22624822,0.23013754
0.22976597,0.22218043
0.27699488,0.2702067
0.25527656,0.26992983
0.24043855,0.25037745
0.2988066,0.2993592
0.27056274,0.28495473
0.21037212,0.23406334
0.2317375,0.21671966
0.27894595,0.27823928
0.30127567,0.28934833
0.22945386,0.2162723
0.31828344,0.3044542
0.26940814,0.26379904
0.28458303,0.3021078
0.31892926,0.32359457
0.28867176,0.30728987
0.27615985,0.27004105
0.27252978,0.27575868
0.26943997,0.27250814
0.3080293,0.27521253
0.23641881,0.22874881
0.22161373,0.22794113
0.26809672,0.2684665
0.27278605,0.2783479
0.23548253,0.22599852
0.25858754,0.23771977
0.24448547,0.25817704
0.260986,0.2691513
0.26946032,0.26183024
0.2273348,0.2511427
0.24797536,0.26632088
0.2638775,0.2487957
0.26555055,0.25873786
0.25394696,0.25830927
0.20690584,0.2188527
0.22125849,0.21169326
0.25626507,0.25090387
0.26005805,0.2638389
0.2197014,0.2204504
0.22034204,0.2280419
0.27916998,0.24729231
0.28067076,0.24608615
0.19763915,0.20928009
0.2386057,0.27409703
0.23921987,0.27639312
0.20783156,0.2060867
0.21538547,0.20275012
0.20460066,0.21644239
0.17373808,0.19581138
0.19436966,0.1782472
0.24367623,0.22878936
0.29646975,0.31182465
0.22812167,0.23445188
0.23192726,0.22950885
0.24646509,0.21912675
0.23369199,0.21055683
0.25606412,0.26583168
0.22188735,0.23694333
0.23811433,0.25210765
0.2691518,0.24186063
0.24057087,0.24523455
0.2694255,0.26449543
0.2464493,0.24057002
0.22427937,0.2501033
0.27519035,0.28614485
0.29444474,0.28339162
0.2517201,0.26327908
0.26012427,0.25533438
0.28074867,0.28287897
0.2845699,0.28102514
0.2764528,0.2816677
0.2663169,0.29823366
0.24724427,0.25633505
0.24093273,0.2532292
0.20437302,0.2146227
0.20704772,0.20561527
0.19175099,0.19505468
0.30441636,0.29344565
0.27857882,0.2854053
0.19096762,0.18838812
0.29581866,0.28490478
0.19332013,0.19701266
0.1893505,0.19152394
0.25424004,0.25720677
0.21771125,0.21796136
0.21965921,0.22325456
0.26809204,0.2723163
0.26678133,0.26033717
0.24403462,0.26234862
0.25380942,0.2607251
0.21433082,0.20770712
0.29760712,0.28721166
0.28728858,0.29734892
0.23958308,0.27148008
0.34853554,0.346228
0.19899476,0.20653164
0.16311951,0.1974213
0.17893907,0.20155758
0.18902436,0.21067096
0.24983053,0.27656096
0.1773259,0.21528074
0.20575912,0.23394719
0.19956106,0.22882672
0.22647487,0.22403428
0.20678264,0.1922001
0.28751904,0.29952094
0.27246353,0.26608145
0.2603874,0.27442715
0.24668649,0.25957775
0.26105505,0.25927117
0.24390614,0.25342095
0.24644858,0.24732801
0.24575749,0.24660695
0.25214776,0.2487928
0.24869984,0.24727134
0.26601923,0.25773692
0.25501144,0.24267378
0.25456616,0.24284598
0.24231176,0.2504058
0.24613649,0.24645878
0.2742237,0.25454718
0.24553645,0.269702
0.25295204,0.25440574
0.24894491,0.27727097
0.24805787,0.24281612
0.27961782,0.26497254
0.22550108,0.23884603
0.3155005,0.3234457
0.2212151,0.20702867
0.22287466,0.23266637
0.24671358,0.24902473
0.25027916,0.2484185
0.23403579,0.22515474
0.30462602,0.29770005
0.29574513,0.29872692
0.30110368,0.30182782
0.22803259,0.22961581
0.2537045,0.24895452
0.21284062,0.20689256
0.23724496,0.2311287
0.26662695,0.24763483
0.23682037,0.23373309
0.21578589,0.21374613
0.24347188,0.2250442
0.22034404,0.2753831
0.25758132,0.2536525
0.2482146,0.25428504
0.30810854,0.3291423
0.31716985,0.34816247
0.30858204,0.31834674
0.28237677,0.27958015
0.2544518,0.24483083
0.24011639,0.25229228
0.2736755,0.2794394
0.27041015,0.28749797
0.2852197,0.28814626
0.28377414,0.2871441
0.27451685,0.24852644
0.28536406,0.2970403
0.27370405,0.28761402
0.21291056,0.24362272
0.22139496,0.20825817
0.26485416,0.24133542
0.21287009,0.21314986
0.2162163,0.21331659
0.21037447,0.2077776
0.23885652,0.2535293
0.17598264,0.18603227
0.2492246,0.2753796
0.17815539,0.19984652
0.26944202,0.2710172
0.26911694,0.2713524
0.24151242,0.21491735
0.2197053,0.23378289
0.2184168,0.22060418
0.2663172,0.2835596
0.22768453,0.22316907
0.23976213,0.24155776
0.27263376,0.25764522
0.2612601,0.27600336
0.19271968,0.19966744
0.30181733,0.2928779
0.29336733,0.27708128
0.19287513,0.18938422
0.28577176,0.30003554
0.28284413,0.30100527
0.22608213,0.2474397
0.2689118,0.26574266
0.26917747,0.27019656
0.23354048,0.23326984
0.23077688,0.23055235
0.22068796,0.21831052
0.30893648,0.29180512
0.28195533,0.27760994
0.24385718,0.24717069
0.22352345,0.21608926
0.24816799,0.24255009
0.27972516,0.27480257
0.25808835,0.2522716
0.23211542,0.24687481
0.26955464,0.26563984
0.26723108,0.26814964
0.26350984,0.2630879
0.26488143,0.25669795
0.25669795,0.26488143
0.2624697,0.2600516
0.19884828,0.2063208
0.23830424,0.26952392
0.25439402,0.26505157
0.22752836,0.2504537
0.26413912,0.29318142
0.21356548,0.20658463
0.22180107,0.22094798
0.2239815,0.22191587
0.2593363,0.2628557
0.22975764,0.20149708
0.248837,0.25986725
0.22944716,0.25835833
0.25793484,0.25402868
0.25344622,0.2501222
0.2646705,0.2631784
0.3114531,0.30027658
0.32369006,0.31064674
0.2968725,0.3268184
0.2543602,0.2537563
0.21217155,0.21490651
0.25074068,0.25196224
0.21480381,0.21657974
0.22446324,0.21802965
0.20740551,0.22121577
0.26058066,0.2721158
0.2546207,0.26343414
0.2591573,0.24955735
0.22162491,0.22658636
0.24677312,0.23391461
0.23863767,0.23936574
0.22366261,0.21810736
0.22120704,0.21085894
0.21903205,0.20391294
0.18646556,0.18568914
0.19232547,0.22364113
0.20076826,0.22099617
0.20493829,0.23281781
0.2718928,0.28707945
0.29239413,0.27527598
0.28707945,0.2718928
0.26761335,0.25060388
0.22355649,0.21477775
0.21587932,0.22237721
0.2891351,0.31423315
0.25484917,0.2659563
0.27104437,0.25282326
0.25610837,0.2805504
0.26005626,0.2781837
0.23485948,0.23812112
0.24471706,0.24181505
0.26683393,0.2740381
0.27627772,0.28434423
0.28266287,0.2935359
0.22272782,0.2242337
0.23007166,0.26163137
0.24806663,0.27870044
0.22809331,0.23870374
0.24004266,0.2461547
0.25033605,0.24303527
0.30560312,0.28269506
0.27014923,0.2939158
0.3114789,0.2916064
0.3027321,0.29025608
0.2829423,0.3013157
0.28269506,0.30560312
0.29546127,0.29729447
0.21224086,0.26880777
0.2721811,0.2810577
0.2872556,0.27978802
0.2769391,0.26688138
0.2798231,0.27338535
0.26679188,0.27835116
0.28582948,0.2955416
0.27125895,0.26972228
0.26972228,0.27125895
0.2063524,0.21638379
0.19149387,0.1971965
0.19060506,0.19966069
0.19802448,0.18494548
0.20921376,0.20251459
0.17464074,0.15704414
0.19119003,0.1939698
0.18320423,0.18090725
0.19727883,0.19238591
0.18590859,0.21023557
0.19505191,0.20814334
0.17688088,0.18953833
0.16014901,0.18336815
0.2680102,0.26788875
0.24423912,0.2731834
0.1976025,0.22216108
0.21467231,0.21105886
0.21986869,0.2063866
0.211256,0.22219309
0.25407434,0.23756444
0.20450735,0.21143688
0.22820532,0.228015
0.20296668,0.22039141
0.23736496,0.2589591
0.20621854,0.23234561
0.21207811,0.20522583
0.15689206,0.18415555
0.23720148,0.24581662
0.20518263,0.20099047
0.25882745,0.25057566
0.24346177,0.2600417
0.24016146,0.22554597
0.25858507,0.2636336
0.2136889,0.21060203
0.21416871,0.20269316
0.21073358,0.21096233
0.28931296,0.27186492
0.21261601,0.21273535
0.2720423,0.2854954
0.23356871,0.23155607
0.20269316,0.21416871
0.20372264,0.21076745
0.21060203,0.2136889
0.2214927,0.25058353
0.25308964,0.25927112
0.20409042,0.2137249
0.20932911,0.20635125
0.25433925,0.25704595
0.21846953,0.21082431
0.21348964,0.21961291
0.22598031,0.22255135
0.2136509,0.22923392
0.24268964,0.2384324
0.2384324,0.24268964
0.24636692,0.25673783
0.21792787,0.20817064
0.22749348,0.23293385
0.22395056,0.22795866
0.20435622,0.2167162
0.22073765,0.21902847
0.2619535,0.2599851
0.24033673,0.24471487
0.24325985,0.23448211
0.25708964,0.25605375
0.2997051,0.2910456
0.29766294,0.305892
0.23193018,0.24175662
0.2434673,0.25538158
0.2585998,0.24629262
0.24837172,0.24250188
0.23156385,0.27891505
0.26603505,0.2571665
0.26390442,0.25360402
0.24572545,0.26154363
0.2468406,0.2674741
0.18347129,0.17611545
0.17933746,0.17808393
0.26308566,0.27813712
0.26985633,0.27990794
0.27813712,0.26308566
0.24342543,0.25790823
0.25881654,0.25312135
0.22148564,0.21891508
0.22467443,0.23477855
0.21717793,0.24828994
0.22719157,0.20684467
0.2277726,0.24665956
0.21947503,0.23173194
0.25644958,0.25606304
0.24819979,0.2574371
0.2672951,0.23936653
0.24576974,0.25570983
0.2435295,0.28399664
0.25210834,0.25348812
0.25625503,0.24662696
0.24635814,0.2439388
0.2755425,0.24890462
0.27508944,0.2529022
0.2491862,0.2837975
0.25527367,0.24176955
0.24576974,0.25570983
0.24812475,0.24324366
0.24650535,0.24997377
0.22839655,0.24097174
0.2540667,0.27001962
0.26947775,0.24978177
0.23942497,0.2274393
0.23748362,0.23439935
0.24361883,0.24827032
0.26344693,0.24318564
0.24868734,0.2470396
0.24749613,0.26192698
0.23575322,0.23392911
0.25673276,0.29875413
0.22291626,0.2151207
0.21885043,0.2321338
0.25192717,0.2670896
0.25381592,0.25583765
0.23657133,0.24781804
0.24329057,0.23525894
0.24755678,0.24692091
0.24031392,0.24724849
0.23889318,0.23847322
0.26491678,0.23944114
0.28308952,0.26563114
0.24875559,0.2776596
0.26563114,0.28308952
0.2586843,0.28926295
0.22977395,0.2558952
0.26062852,0.2568445
0.21839666,0.20949923
0.24297027,0.27205986
0.25062558,0.26024607
0.25663018,0.27454162
0.27749708,0.29615545
0.28651866,0.28650856
0.25573754,0.26246673
0.27578253,0.2805593
0.26949453,0.28458264
0.25747296,0.26087934
0.28117687,0.27465215
0.26907808,0.26695466
0.26810044,0.26129314
0.21653008,0.19250882
0.2579564,0.26841688
0.21588373,0.22257362
0.22347882,0.21155626
0.21611458,0.20865205
0.20972094,0.20939632
0.25115478,0.26702064
0.2457098,0.27131748
0.26843673,0.25333783
0.22198097,0.21353583
0.28214818,0.27569622
0.22269551,0.21575062
0.25929624,0.26483223
0.25698516,0.25761297
0.26145846,0.2526835
0.21983327,0.22162274
0.2670303,0.26359987
0.22344014,0.22852385
0.24353798,0.25032791
0.23562571,0.22697645
0.27632868,0.28779078
0.2580106,0.24318424
0.25086772,0.2549384
0.25175187,0.24862798
0.2705828,0.2871876
0.27267352,0.28153646
0.2837417,0.27603474
0.21231346,0.22259444
0.20926023,0.22950938
0.25769454,0.28902268
0.2158607,0.19807039
0.24209706,0.24199991
0.2708779,0.2761472
0.28084424,0.27387342
0.265874,0.262281
0.25599113,0.24889849
0.25802785,0.26548406
0.24624678,0.25308177
0.2389257,0.23706818
0.23412271,0.23804767
0.24916235,0.25098267
0.2453336,0.27337295
0.24117433,0.25122464
0.2503476,0.25165528
0.25375515,0.25004798
0.23597139,0.27497053
0.31190002,0.30388728
0.25797254,0.25792497
0.25366467,0.25054026
0.2572112,0.24590641
0.26429498,0.25641605
0.2999434,0.2891412
0.2696551,0.2663169
0.25425404,0.27763444
0.28169465,0.2852761
0.31291205,0.30612558
0.26934326,0.26517215
0.2728569,0.260756
0.29322177,0.29710537
0.29557493,0.29391193
0.25463384,0.25038257
0.25020584,0.24803239
0.25038257,0.25463384
0.29192752,0.29468092
0.21085167,0.21627486
0.26480025,0.29333767
0.20024759,0.22321656
0.20664498,0.21434829
0.22004265,0.22532558
0.25023863,0.24527058
0.21297128,0.223599
0.20553127,0.19731319
0.1879593,0.19744505
0.25102752,0.24698505
0.19843395,0.19692932
0.27436614,0.287885
0.20816225,0.2344035
0.1998058,0.2117237
0.25385043,0.2567609
0.23541549,0.2241658
0.19666138,0.20124814
0.22265099,0.2127715
0.22798944,0.24458307
0.23195076,0.24311575
0.22028537,0.22558734
0.24149945,0.2692857
0.25908297,0.28022724
0.22012825,0.21659754
0.1935288,0.19295111
0.26882973,0.27622455
0.2761536,0.25466117
0.2669357,0.24498436
0.250408,0.24857335
0.2491,0.27132985
0.23187092,0.26236415
0.2501776,0.27333188
0.21392293,0.23382913
0.20366777,0.2133437
0.20239097,0.20597278
0.2088453,0.20581606
0.31119847,0.29044223
0.25555667,0.25650105
0.2935551,0.31096134
0.250941,0.24474008
0.25037158,0.252444
0.26350182,0.24832992
0.26665896,0.25185975
0.27195507,0.25670797
0.2665202,0.27431622
0.28149652,0.2917064
0.287519,0.29511172
0.29541203,0.28843603
0.29999635,0.29429245
0.2463914,0.25999552
0.20017561,0.21264358
0.2463914,0.25999552
0.2463914,0.25999552
0.21008535,0.21183285
0.21248415,0.20786087
0.23515967,0.21967793
0.22321075,0.23967983
0.21351944,0.21515745
0.19637224,0.21002898
0.23947701,0.27267045
0.24274088,0.24205232
0.2402511,0.24954787
0.31650287,0.3093838
0.3201911,0.3120505
0.20684561,0.20897189
0.27526373,0.26476637
0.21367149,0.21519996
0.26080883,0.27332628
0.19555223,0.19680572
0.2367802,0.2493986
0.30321395,0.3172327
0.29842585,0.31224537
0.26063073,0.2532899
0.29587555,0.291086
0.25481844,0.28795162
0.22620076,0.29348287
0.2529115,0.2477895
0.22856863,0.26755744
0.20585772,0.20275642
0.20021453,0.20092073
0.25362915,0.27256906
0.2313556,0.24431905
0.26002413,0.27793294
0.28088766,0.2664926
0.2443964,0.26726717
0.1769408,0.18623859
0.19030328,0.17136833
0.22627792,0.23664671
0.26989537,0.26831043
0.25031376,0.2916344
0.2593032,0.2924338
0.24584165,0.27367252
0.20973036,0.2130074
0.20216912,0.20059378
0.25481224,0.25108334
0.22858755,0.22474882
0.24386062,0.22350389
0.21420641,0.24254139
0.23825993,0.22911265
0.2269239,0.24258272
0.23324539,0.2432102
0.26226914,0.2665509
0.26138428,0.2639856
0.27861512,0.27904052
0.2290029,0.24683721
0.24128048,0.2324033
0.280504,0.2805476
0.21640052,0.20855999
0.20472635,0.21632549
0.2773135,0.26464894
0.26564777,0.27352524
0.2091804,0.20875141
0.2146925,0.21607932
0.30014706,0.27121016
0.24499603,0.23973936
0.23543447,0.2449885
0.26731512,0.29792446
0.2506907,0.28175378
0.2506907,0.28175378
0.29523093,0.2818984
0.30812705,0.3352632
0.29621527,0.29856607
0.2548746,0.24309483
0.24381053,0.24058992
0.19108658,0.18161176
0.23592734,0.19952203
0.18812132,0.17793764
0.20969377,0.22548619
0.25115445,0.2502804
0.20590274,0.22994533
0.24511306,0.25852934
0.25241765,0.2461381
0.18334207,0.18449014
0.24401632,0.24099901
0.23627327,0.22590002
0.18230408,0.18358979
0.25879332,0.2423659
0.23287404,0.2366552
0.23073263,0.19880322
0.21738622,0.21999735
0.21202408,0.20903635
0.24911968,0.24460195
0.2660598,0.26365596
0.24146716,0.24830765
0.22574863,0.22167969
0.26383942,0.26510066
0.21406849,0.23560195
0.23315,0.26927927
0.31466293,0.29883084
0.26269513,0.3260774
0.29883084,0.31466293
0.22828537,0.25558805
0.27185166,0.26606277
0.25322545,0.27364016
0.24570182,0.2753027
0.22573547,0.2077358
0.23866093,0.22136022
0.20947309,0.22630486
0.21777727,0.23240316
0.21044433,0.22638118
0.23225139,0.24864435
0.17266876,0.19355358
0.19440405,0.18124647
0.21317881,0.21393374
0.2304057,0.22646734
0.22826898,0.2640173
0.24013072,0.25991172
0.26982936,0.28171593
0.28843254,0.2824598
0.2062309,0.21322612
0.21525304,0.19396576
0.26078182,0.22511582
0.21939464,0.21231246
0.16630234,0.20443682
0.2758568,0.254663
0.25871074,0.27787125
0.25394076,0.28156257
0.254663,0.2758568
0.24370286,0.27515823
0.24869415,0.27291453
0.27515823,0.24370286
0.2521678,0.25021148
0.2476565,0.2489111
0.30624962,0.28799212
0.29420793,0.31739378
0.2126766,0.22350593
0.18256809,0.19192019
0.21354538,0.20618996
0.21892795,0.20793897
0.18834677,0.1723479
0.17687386,0.17363444
0.23896179,0.20323701
0.21309489,0.23088707
0.2140597,0.21620749
0.24452965,0.19791889
0.21200025,0.22969157
0.19899409,0.2614789
0.19427827,0.26261115
0.2190509,0.2270737
0.2645794,0.2539219
0.23303118,0.22233987
0.25382948,0.25586122
0.28746256,0.29695976
0.31266713,0.31867862
0.2552483,0.25817698
0.31178945,0.30332646
0.30370358,0.2947513
0.26448172,0.25921953
0.26397526,0.2679117
0.27043587,0.26942316
0.26817945,0.29676586
0.24339296,0.2771427
0.21153557,0.2596898
0.2547266,0.29611087
0.25718132,0.24328372
0.24427435,0.26461768
0.26842815,0.26300287
0.26574263,0.2664216
0.21330982,0.22267789
0.26296717,0.25478423
0.22012064,0.20558564
0.25566834,0.269136
0.20348226,0.19969353
0.20112622,0.20240131
0.20450515,0.20265715
0.21512075,0.19786029
0.19695267,0.20352419
0.23142338,0.22858804
0.21334372,0.19034359
0.2105079,0.2088928
0.23184508,0.22577149
0.19723395,0.21627612
0.22285822,0.22784677
0.2035131,0.22420815
0.2524873,0.268
0.25064245,0.2675007
0.2729579,0.27872032
0.29462898,0.27975228
0.24688119,0.27410755
0.2811266,0.29244292
0.2878642,0.30735695
0.28116012,0.2813989
0.27979553,0.28409964
0.2338553,0.22793444
0.26778287,0.2720988
0.26834673,0.26619893
0.2730973,0.2955492
0.2802279,0.2991097
0.27425218,0.2635844
0.27310866,0.27847645
0.2615295,0.26848155
0.27987203,0.2758082
0.24734616,0.25201243
0.2203438,0.2287739
0.24802682,0.24224111
0.22891913,0.22588369
0.25171608,0.2550998
0.24714273,0.24967024
0.24157695,0.24451351
0.25473586,0.26029617
0.27265033,0.2634825
0.26125604,0.2606588
0.2270581,0.24208577
0.27185228,0.2643357
0.25813892,0.25572917
0.24824117,0.2676631
0.24608386,0.27054238
0.2583002,0.26364556
0.25879064,0.2645512
0.27793378,0.25023642
0.2535688,0.25329688
0.23504476,0.25064522
0.24939606,0.23885417
0.26907194,0.28387287
0.22494645,0.22129418
0.2623413,0.24633314
0.25789535,0.2834772
0.2422204,0.2970201
0.25915226,0.2836891
0.23659672,0.26789853
0.22859718,0.31170377
0.22317974,0.22623064
0.2642321,0.24013826
0.2619575,0.25038162
0.23739293,0.2667283
0.2390899,0.263888
0.25116727,0.28684676
0.24462867,0.24637765
0.25551754,0.261507
0.25083232,0.2435319
0.26617652,0.25798264
0.2654963,0.24199829
0.26549923,0.2507223
0.23181227,0.23282
0.22892925,0.22610332
0.23698528,0.23192556
0.26220608,0.2525935
0.23719525,0.25973168
0.23334531,0.26656476
0.2774658,0.3027858
0.27248,0.28282487
0.26966077,0.28361428
0.25208145,0.25586525
0.3038939,0.2928335
0.2828888,0.26069963
0.2242542,0.22759147
0.20176643,0.19063579
0.18419072,0.21766816
0.2056568,0.2065949
0.23839061,0.25480026
0.24164833,0.21968663
0.22132786,0.24311939
0.22442418,0.2180646
0.2178454,0.224952
0.17447051,0.17493916
0.25841847,0.24711752
0.25393197,0.23767477
0.24892546,0.25290465
0.1697268,0.17604601
0.24087231,0.2527801
0.24661714,0.2479307
0.24395563,0.24123351
0.23836651,0.24633558
0.24269676,0.24105452
0.24301785,0.23007704
0.23924343,0.2367881
0.26690006,0.28564674
0.2796884,0.26156878
0.2178114,0.24502937
0.2619307,0.28211766
0.3045757,0.30243433
0.31824797,0.30533212
0.31061003,0.3045345
0.29869986,0.30494308
0.29211393,0.29234695
0.30758166,0.32687593
0.30167305,0.30039024
0.29943207,0.30374104
0.3051609,0.30905092
0.29483,0.30425042
0.30432594,0.29888374
0.30494308,0.29869986
0.30466324,0.31353724
0.30656368,0.32094347
0.26804993,0.26889932
0.31071234,0.3118261
0.26355147,0.2726895
0.1905074,0.20861676
0.20465934,0.19609545
0.26742202,0.26542753
0.17744201,0.17394328
0.25396413,0.3057673
0.25676018,0.29905087
0.24130704,0.23632742
0.20878796,0.20827526
0.25340116,0.26379266
0.19726281,0.20592667
0.23725116,0.23379567
0.13157605,0.13613836
0.2390266,0.22847477
0.17716384,0.19010259
0.24799329,0.28085196
0.2262108,0.25111425
0.27103192,0.31240883
0.20606221,0.24797656
0.18762946,0.1749363
0.19555448,0.19178809
0.19838785,0.19920956
0.2187626,0.22071618
0.21716765,0.24442738
0.1856331,0.21022375
0.25853983,0.26132998
0.20042905,0.19452077
0.26577604,0.24895644
0.21150671,0.1867894
0.23068202,0.23292543
0.23913592,0.22734301
0.23535283,0.22937292
0.22767489,0.22205952
0.24239896,0.24989967
0.2430839,0.28571546
0.21489146,0.23393185
0.23657078,0.248006
0.22745335,0.23578283
0.25005466,0.23778656
0.22080751,0.19949402
0.22512245,0.23564701
0.240937,0.2273916
0.25580722,0.23193604
0.1656405,0.16286941
0.20002621,0.19699033
0.19079185,0.20127301
0.19988593,0.21965364
0.22395545,0.27190912
0.23502333,0.25504994
0.18872902,0.18313543
0.16515274,0.16474591
0.19270556,0.18602192
0.18448225,0.1911802
0.1908837,0.17692952
0.21459791,0.2011151
0.25021556,0.22757545
0.2358429,0.23003463
0.24039172,0.24665737
0.23591311,0.23764485
0.23206507,0.22403602
0.2349262,0.23751798
0.16070035,0.16593912
0.25213978,0.2213539
0.21475732,0.23759027
0.22913143,0.25932062
0.22695144,0.23444848
0.23342744,0.23242112
0.23172075,0.22998193
0.26772568,0.24775875
0.21829967,0.24955761
0.2128069,0.24867454
0.2624539,0.27234823
0.24562256,0.28665966
0.24943694,0.23306696
0.2779798,0.27975023
0.2823575,0.27976167
0.26098186,0.25705922
0.28305858,0.28381187
0.23030171,0.22536309
0.27648613,0.27455387
0.25218615,0.2492592
0.18458001,0.17593746
0.23621689,0.22126468
0.19546162,0.18994607
0.25713456,0.24765229
0.22711094,0.21119079
0.19623299,0.19370344
0.28285754,0.27631456
0.21371154,0.20778522
0.23358577,0.23516428
0.23007956,0.2292998
0.24777612,0.23581374
0.25618613,0.25828475
0.2757674,0.26120284
0.21068656,0.21252744
0.18402794,0.18380621
0.19807255,0.18827172
0.23748313,0.22793013
0.23483351,0.23700231
0.24348131,0.24779716
0.18919092,0.19188745
0.22283933,0.22590698
0.26122653,0.27388382
0.27339283,0.26840022
0.24585386,0.27927086
0.20555826,0.22617428
0.26188657,0.26683283
0.25229454,0.26891983
0.2137961,0.22060592
0.22302698,0.21346419
0.2667972,0.26098043
0.22073764,0.20973319
0.20287575,0.1936786
0.23016907,0.25720534
0.18414715,0.19463553
0.22756465,0.25574994
0.25147036,0.263365
0.25744575,0.25828642
0.2697224,0.26931962
0.27855662,0.27202955
0.25849658,0.2648809
0.26891178,0.251266
0.32748118,0.32110077
0.31899583,0.32424694
0.27781138,0.2617064
0.26966298,0.2777909
0.29235184,0.28342032
0.2574364,0.24241774
0.26120552,0.26939115
0.28039807,0.28981453
0.22946578,0.19674201
0.27581817,0.26003867
0.26202038,0.2639526
0.19530472,0.21107917
0.23946711,0.24630883
0.22877504,0.23388356
0.24395686,0.22291902
0.19464195,0.19939701
0.2803023,0.28749105
0.28500748,0.28198045
0.27394933,0.2563175
0.26024193,0.27765563
0.22562096,0.28241226
0.20614517,0.23439386
0.26039928,0.26541147
0.27748078,0.2821589
0.28504583,0.27974322
0.2525063,0.2535823
0.25815177,0.25625768
0.2524162,0.2495071
0.2535321,0.25516844
0.28899074,0.28817034
0.2695433,0.26262924
0.2584469,0.27169192
0.25641993,0.27192914
0.2614905,0.25920045
0.22998053,0.22153728
0.25112447,0.24760151
0.2443047,0.2328512
0.23887059,0.24023803
0.22841316,0.21818127
0.26624814,0.28573233
0.23496087,0.25488037
0.21524996,0.22458214
0.25392252,0.2650002
0.29224664,0.28103083
0.26044863,0.25018007
0.23539764,0.21538311
0.22501597,0.23054692
0.27618814,0.25390166
0.22623461,0.21557203
0.26395482,0.27079928
0.25275022,0.27854946
0.23896755,0.2592792
0.24394342,0.27316132
0.2621996,0.24826577
0.3131823,0.31551915
0.27359027,0.29574576
0.31629282,0.31523308
0.33160838,0.33579484
0.33037627,0.3310534
0.28486598,0.28592533
0.2233471,0.21740715
0.21722253,0.21160972
0.21897829,0.2210984
0.19338101,0.22039273
0.19752736,0.19837815
0.23401073,0.28506535
0.22507998,0.20834285
0.18473701,0.18132815
0.20597576,0.1810729
0.2843196,0.27743796
0.18985622,0.17742719
0.18983757,0.18958244
0.24443263,0.2378645
0.22129573,0.24197122
0.22873524,0.23734462
0.27233407,0.29313642
0.28665882,0.27817774
0.21000448,0.21056654
0.28393257,0.28983065
0.22873524,0.23734462
0.26022977,0.28458053
0.23444605,0.24136071
0.21792549,0.20527618
0.2836525,0.26809624
0.20517987,0.21724884
0.24159047,0.24300355
0.24384125,0.23961501
0.26710632,0.2603498
0.18280064,0.18675545
0.23881191,0.2322202
0.22624275,0.22518238
0.2803117,0.26832017
0.18722776,0.18851867
0.21264058,0.21276078
0.2248147,0.20751056
0.18980384,0.18623294
0.17420709,0.21080784
0.26079953,0.2515016
0.20050526,0.19300759
0.24983245,0.2516195
0.26008067,0.2692076
0.2652972,0.26794928
0.25278267,0.25871167
0.22621061,0.25052652
0.22050263,0.22188556
0.2114951,0.21885356
0.25070596,0.25112164
0.19123517,0.1957994
0.19118248,0.19227819
0.20429131,0.20400655
0.20472236,0.1956283
0.2748236,0.28026754
0.27903983,0.27399683
0.25157842,0.25854483
0.25222266,0.25143173
0.269476,0.2660871
0.25500733,0.27267805
0.24926397,0.26675823
0.22910282,0.22268924
0.18814537,0.19071314
0.23441689,0.24556021
0.20829651,0.19903095
0.19292063,0.1862263
0.19255243,0.20358485
0.23508954,0.23070055
0.21922581,0.22567262
0.28931767,0.30694863
0.29692128,0.28924108
0.26101097,0.2848043
0.28924108,0.29692128
0.2808738,0.27244586
0.22062919,0.2461531
0.24401224,0.25533515
0.24574324,0.2262036
0.2553292,0.2446031
0.2415136,0.23996195
0.22279118,0.23850769
0.24513072,0.24071722
0.2452488,0.24236217
0.23924577,0.24060223
0.24544576,0.24973746
0.28723088,0.3002966
0.22805293,0.23130485
0.21274619,0.22634539
0.25707996,0.2394447
0.20908883,0.24088389
0.2318962,0.2806689
0.21613386,0.22435363
0.22957088,0.27768
0.2347318,0.2536949
0.2296622,0.20556374
0.2215602,0.20195103
0.18932372,0.22155297
0.18700129,0.2130514
0.2492953,0.3035673
0.22886597,0.25088063
0.2348065,0.26638833
0.18474302,0.20881763
0.18639705,0.18798465
0.2840928,0.28626433
0.24982692,0.23796251
0.20397744,0.19485742
0.23936518,0.23392709
0.22376794,0.22778806
0.272204,0.28178063
0.21884988,0.24937466
0.2115131,0.21541919
0.2150292,0.22028868
0.2763235,0.2647318
0.25634405,0.27330798
0.2555427,0.27396974
0.27517506,0.2910413
0.23787647,0.26171088
0.2641362,0.24902269
0.22729784,0.25425738
0.24785931,0.22704166
0.28392318,0.2605955
0.266748,0.29014942
0.22748446,0.23167977
0.23083484,0.22168672
0.21237832,0.20654988
0.20786017,0.21599343
0.22999664,0.20889427
0.22284168,0.23428813
0.26747704,0.25227702
0.19945355,0.19490018
0.24255686,0.26851067
0.2790793,0.26588374
0.19699952,0.20502433
0.19014552,0.1890185
0.18506786,0.18611607
0.25770754,0.2537864
0.257241,0.25984597
0.25382623,0.26092312
0.25564918,0.25506797
0.27016285,0.28024197
0.277604,0.26939318
0.28903553,0.34347802
0.23641369,0.24807608
0.24698968,0.2242366
0.25969124,0.2592756
0.29707313,0.29125795
0.24404775,0.25351313
0.27878365,0.31450754
0.27875257,0.29496223
0.2876832,0.31335455
0.30655807,0.29671168
0.19355093,0.23026907
0.1930364,0.2318375
0.26262918,0.25229636
0.2494451,0.24166131
0.24763809,0.23800732
0.23268774,0.22013639
0.21756345,0.20657574
0.20386566,0.19647811
0.23330055,0.24344568
0.23221175,0.23675
0.21609822,0.24775784
0.22908066,0.2508968
0.21940483,0.24915229
0.21897681,0.22449236
0.23248537,0.25007638
0.24369591,0.23904048
0.19398616,0.21773018
0.21560995,0.23552892
0.21081358,0.20744173
0.23174655,0.23061082
0.19002749,0.20259883
0.22156861,0.21752562
0.22373721,0.2212183
0.20440198,0.20329535
0.24193561,0.24548434
0.24731557,0.2438353
0.20788887,0.19684288
0.24306256,0.2469853
0.19306615,0.20361048
0.21213739,0.21040036
0.21522078,0.24083291
0.27434218,0.2796926
0.26597607,0.23623382
0.28316444,0.2762076
0.25923944,0.3111836
0.2432466,0.29008508
0.19492574,0.2200996
0.21719296,0.20546079
0.25287783,0.2594727
0.2277551,0.2371061
0.1822584,0.18808156
0.2776135,0.2765479
0.24474403,0.2321803
0.19365013,0.19079936
0.22137104,0.2354941
0.25538304,0.28145847
0.22824988,0.22274889
0.23017955,0.2175226
0.18941483,0.18644772
0.2189002,0.21643664
0.24317077,0.2508676
0.25117585,0.25882342
0.24055663,0.24973676
0.17982985,0.2093888
0.21912186,0.25698918
0.21299773,0.23168193
0.22557053,0.2266917
0.2278062,0.2127619
0.24905851,0.2408616
0.25980723,0.2538898
0.22763085,0.23149209
0.24293509,0.2469855
0.23008563,0.25499386
0.24685715,0.24677666
0.19240253,0.19888648
0.26917115,0.2528278
0.291022,0.27693993
0.27693993,0.291022
0.25521854,0.2785477
0.27110198,0.28680938
0.2774078,0.29104435
0.28680938,0.27110198
0.2007656,0.18718469
0.2909436,0.28222203
0.25304934,0.2511792
0.28291374,0.2878474
0.24575174,0.2556106
0.28424814,0.27969968
0.24855582,0.27257136
0.27575633,0.28974804
0.28979123,0.30181354
0.25427377,0.250593
0.21728148,0.22455247
0.22306967,0.21246405
0.2451621,0.2516593
0.23877122,0.24751812
0.2568008,0.27192548
0.22746007,0.23258437
0.22608687,0.21524373
0.21282205,0.2212834
0.2138973,0.23804377
0.25275284,0.25370508
0.24175134,0.25047523
0.21061096,0.1976201
0.19285458,0.2133796
0.15057828,0.13700342
0.20813559,0.21340492
0.22201313,0.2394161
0.2528217,0.25944448
0.22403759,0.20651048
0.24415845,0.21701768
0.22675829,0.23400615
0.21631142,0.24954984
0.22690478,0.21591473
0.1783345,0.21054862
0.21017922,0.21205793
0.20864317,0.21161394
0.2238136,0.24010344
0.236267,0.22742133
0.22030954,0.20645013
0.19587184,0.22482754
0.26043588,0.27193388
0.21829039,0.24435851
0.2691848,0.25723517
0.24679074,0.23028511
0.20296314,0.22832191
0.18731788,0.16945219
0.17999978,0.18424939
0.21510649,0.20689693
0.20473649,0.21419059
0.24584863,0.25908414
0.25998327,0.25305948
0.23681061,0.23462126
0.22917603,0.23031381
0.2813201,0.25665677
0.22398387,0.22347504
0.23283283,0.23107053
0.27580437,0.29209054
0.2755549,0.28336015
0.2964477,0.28164834
0.26716322,0.29084662
0.22083741,0.22663923
0.22675157,0.21951497
0.22266121,0.20660174
0.22855702,0.22284643
0.20647828,0.20524696
0.20554543,0.2232435
0.20524696,0.20647828
0.24068499,0.21141993
0.28788763,0.27820963
0.23915568,0.2625678
0.2992231,0.3127423
0.26883888,0.26971436
0.22280511,0.23143263
0.22947334,0.24629317
0.19848458,0.23053266
0.23617418,0.23189665
0.23591934,0.23748168
0.23567301,0.23496382
0.27687627,0.28822368
0.28897753,0.28400135
0.19407661,0.20111892
0.21974558,0.2124174
0.20684156,0.22521886
0.21870962,0.19902223
0.22345519,0.2114761
0.23345979,0.23996462
0.19441073,0.19155884
0.18748833,0.1853154
0.23931924,0.22860509
0.24713235,0.2806215
0.21838236,0.22545317
0.22938247,0.22018266
0.28870293,0.28833315
0.25791204,0.26591143
0.28082007,0.28101748
0.22129604,0.2128135
0.20126481,0.22269721
0.28160247,0.2705079
0.26837158,0.22194721
0.28320763,0.2819637
0.2889324,0.2817282
0.237393,0.26785913
0.21049155,0.25246146
0.18706699,0.20272885
0.2221621,0.22417931
0.25983843,0.2859054
0.22291124,0.23283873
0.23952524,0.274225
0.21728158,0.20389093
0.19387516,0.18592831
0.22794425,0.22114371
0.26877835,0.23879841
0.24318154,0.21130913
0.22128716,0.21996693
0.19792216,0.21038231
0.19647108,0.25847414
0.27421203,0.2686824
0.27220035,0.2818918
0.2552272,0.25568873
0.25006956,0.2534789
0.2933445,0.29850858
0.25335974,0.28699407
0.2776938,0.30805856
0.30135694,0.30354732
0.2570731,0.27613086
0.28268602,0.28987575
0.19087577,0.20581082
0.2534789,0.25006956
0.2583952,0.25151533
0.28345907,0.2842218
0.27109104,0.26320457
0.2597638,0.25799665
0.20700017,0.19547287
0.25825125,0.2594095
0.21858265,0.26583016
0.23683873,0.26559305
0.26343334,0.2632385
0.23831218,0.26062256
0.23258948,0.23599458
0.2632053,0.27058706
0.22894387,0.23538283
0.27103466,0.2568859
0.2517589,0.28375113
0.19030683,0.24377573
0.19357392,0.24366426
0.28226602,0.3025561
0.23535734,0.23004188
0.2338859,0.23724467
0.23379391,0.23387654
0.22908449,0.25765777
0.26887035,0.27792177
0.2617454,0.26562816
0.2292054,0.27368602
0.25534934,0.26334947
0.26421764,0.30735102
0.24402636,0.2784776
0.21586452,0.20373213
0.19315751,0.19899917
0.19938754,0.22074702
0.24594015,0.28085402
0.19313845,0.19739
0.26352546,0.26813567
0.26415244,0.26655918
0.24748147,0.25257954
0.2744468,0.26914805
0.23565774,0.23978904
0.27800283,0.26771063
0.25244945,0.24898085
0.23895429,0.23429182
0.24922594,0.25298792
0.20413548,0.23660448
0.24565649,0.26586863
0.25820383,0.2748546
0.26290768,0.25916058
0.25693542,0.25177625
0.22684827,0.21505752
0.20908073,0.19554126
0.2561527,0.25673667
0.23726395,0.27291137
0.25857964,0.26798463
0.20731103,0.21344902
0.21819855,0.22732097
0.24978396,0.25000834
0.25000834,0.24978396
0.24447945,0.24183258
0.23681219,0.24545306
0.24447945,0.24183258
0.249905,0.24530551
0.257188,0.2518692
0.24726468,0.25229362
0.25434747,0.26065364
0.22426988,0.23729742
0.23903213,0.22482947
0.19488403,0.18007143
0.24179329,0.23510852
0.17703965,0.18981169
0.23840031,0.24085459
0.22357604,0.22376603
0.23537682,0.2583026
0.25154158,0.24930824
0.2677687,0.27398315
0.27077502,0.275124
0.2350956,0.24772167
0.26579428,0.27197906
0.23954612,0.24601007
0.27359623,0.2661813
0.24810117,0.2376019
0.26098356,0.2720551
0.27037942,0.2673802
0.27402395,0.27378798
0.20298435,0.22312629
0.26033822,0.2585538
0.20886482,0.22805528
0.25760013,0.26488668
0.17442918,0.20672028
0.19678196,0.21138994
0.22797665,0.2109823
0.21669321,0.19103467
0.22081648,0.20236218
0.20140882,0.18253161
0.20484357,0.2589402
0.24764135,0.26687866
0.2485906,0.27379292
0.22451068,0.25137103
0.2877106,0.27301672
0.2719293,0.25521442
0.27943116,0.28951937
0.30374643,0.28216556
0.29360467,0.2876879
0.27994794,0.3000452
0.27520254,0.30879405
0.24448106,0.24632037
0.28416437,0.28524616
0.26123866,0.27831614
0.25662613,0.2984025
0.28524616,0.28416437
0.18301418,0.21693133
0.20893216,0.2542019
0.28808033,0.31534126
0.2631306,0.26363233
0.2686601,0.26970083
0.25687587,0.25131962
0.24981618,0.2505151
0.24130136,0.24917474
0.25007758,0.24007091
0.25799766,0.2477863
0.24623898,0.26542297
0.25060964,0.25897774
0.21830875,0.22486722
0.22911523,0.2621718
0.22896457,0.25219983
0.2390011,0.24769461
0.2505543,0.22802882
0.25367182,0.23929563
0.25347677,0.2893581
0.23878923,0.24048266
0.24858145,0.26293838
0.19369783,0.20008418
0.26500753,0.2566213
0.18139362,0.17813447
0.24453866,0.24308473
0.17641962,0.17849839
0.1959211,0.19075415
0.21939635,0.22138974
0.2502817,0.25698853
0.19728474,0.21463217
0.22003692,0.21984917
0.18188998,0.21714112
0.19371924,0.22012866
0.24675548,0.29602262
0.22514492,0.27021742
0.23176979,0.2805245
0.21746305,0.28424722
0.21695146,0.194663
0.25182873,0.25367686
0.2203703,0.22474109
0.22159177,0.21770409
0.25612608,0.26384807
0.28299034,0.3025636
0.25976884,0.25921747
0.23299836,0.24243239
0.26437598,0.25762802
0.25856015,0.2661113
0.24329323,0.23418966
0.20606357,0.24077095
0.21830171,0.2340802
0.22427244,0.24794358
0.2379521,0.23257299
0.22845569,0.21189293
0.23369277,0.23248444
0.2177893,0.22505943
0.21631049,0.21098936
0.23405346,0.22495374
0.28086004,0.28350502
0.2765919,0.27973858
0.2661421,0.27499864
0.25302026,0.27717608
0.24748816,0.26282483
0.2552412,0.2694727
0.2686527,0.2566766
0.2603069,0.25386253
0.28305665,0.28538355
0.28395602,0.2779277
0.34739763,0.3218449
0.2834177,0.26853144
0.3003381,0.29780903
0.3040466,0.30220783
0.28373498,0.2825103
0.25277415,0.27215183
0.22264948,0.22395834
0.26638347,0.2506681
0.21024132,0.19516106
0.2709617,0.29252428
0.2651568,0.2525892
0.2062788,0.21947365
0.17883703,0.21052776
0.18344402,0.2207168
0.2554871,0.2666804
0.21214096,0.20594233
0.25327823,0.2673902
0.19191054,0.20552945
0.20851943,0.18403228
0.22635858,0.22666366
0.20747803,0.20607206
0.20343341,0.21746716
0.21321775,0.26383248
0.21181795,0.23699799
0.2030214,0.21552756
0.23212038,0.24400991
0.23621045,0.21852264
0.20487092,0.19672121
0.21070284,0.20534717
0.19977863,0.21219122
0.20261961,0.18689674
0.21150148,0.21572316
0.19386475,0.20453833
0.21476647,0.19978333
0.2581166,0.2688293
0.25475964,0.25424647
0.2606955,0.25544736
0.26913962,0.2564513
0.24984162,0.25942713
0.24901325,0.2591703
0.22772089,0.26007247
0.20003809,0.21286424
0.25391206,0.25898808
0.26243857,0.24609992
0.23851106,0.24436973
0.24491888,0.23633528
0.24199799,0.2631368
0.2577139,0.24797134
0.2500133,0.24993384
0.2458199,0.24540374
0.27508602,0.27836856
0.2770532,0.27814433
0.25789303,0.27913865
0.27988476,0.26459968
0.2742679,0.2749632
0.27655137,0.27528965
0.2551041,0.26701948
0.26301762,0.25251812
0.24792287,0.24092166
0.24037935,0.24073619
0.2270291,0.23104008
0.23014939,0.22287217
0.1956337,0.19852626
0.18125077,0.20151378
0.21920201,0.24538784
0.2070941,0.22358333
0.19134596,0.20046443
0.20291474,0.17737956
0.23455669,0.20856337
0.25415134,0.28624243
0.25288263,0.2782756
0.15253821,0.12731168
0.12963353,0.1491427
0.23713125,0.25119698
0.24924688,0.24417247
0.2552805,0.2885419
0.24269132,0.24735954
0.24633846,0.25155285
0.2304259,0.22796428
0.22008179,0.2226302
0.24434249,0.22884953
0.22229573,0.22033371
0.2416774,0.24059458
0.2614711,0.2500145
0.21601203,0.22385699
0.24287467,0.27593625
0.24130444,0.28504375
0.2298783,0.23472002
0.22876668,0.25208974
0.22065665,0.21784298
0.23377761,0.21372029
0.2712587,0.27133167
0.2758519,0.27536467
0.26837894,0.27176535
0.2713039,0.27185506
0.22633764,0.24096255
0.22952095,0.24722546
0.24166504,0.24695818
0.22517286,0.23282285
0.2944683,0.28324193
0.27306336,0.29235154
0.23142639,0.2595104
0.21234402,0.23761888
0.2336401,0.22807124
0.23761888,0.21234402
0.19442472,0.18495606
0.2402834,0.23618941
0.23444237,0.24356924
0.29798043,0.28142428
0.28954613,0.31568372
0.27086052,0.27019614
0.26922703,0.2722633
0.27019614,0.27086052
0.22090223,0.21824965
0.22903769,0.2316107
0.22821909,0.22229984
0.30204096,0.29799435
0.2893903,0.2932672
0.30745876,0.3087849
0.2257895,0.22169301
0.28277755,0.29560494
0.2942626,0.29227185
0.28894472,0.2987654
0.30691403,0.30390665
0.276626,0.2823797
0.25380164,0.28681538
0.26041332,0.29858178
0.22989336,0.22397837
0.23152417,0.23265138
0.23751578,0.24602032
0.24861766,0.2770341
0.23284367,0.26254135
0.2367921,0.26869813
0.25048733,0.23022151
0.27758774,0.30857444
0.27670392,0.28097337
0.27562502,0.28174382
0.25843853,0.2656049
0.29991996,0.29955113
0.2940941,0.29558307
0.24279578,0.26492935
0.2521382,0.2541708
0.2496877,0.25406763
0.25169006,0.25378674
0.24953836,0.2537786
0.2511964,0.25255883
0.25306514,0.25302565
0.25213382,0.2551605
0.24877973,0.25482666
0.20112969,0.21012016
0.25781423,0.2536087
0.2273161,0.2404648
0.23312882,0.23672973
0.24986437,0.25331816
0.23704386,0.2360509
0.2533412,0.25288627
0.23479913,0.22709921
0.275937,0.30120033
0.19190124,0.19603325
0.20553888,0.21031646
0.21184734,0.20893393
0.2393808,0.2721594
0.2721594,0.2393808
0.20587595,0.2084215
0.16420263,0.17011298
0.17518847,0.16120204
0.24700536,0.2908838
0.22192356,0.26279765
0.2381939,0.28114578
0.23679343,0.23029113
0.23380707,0.23725381
0.2682891,0.27139515
0.26980573,0.26794565
0.26835275,0.25937247
0.27187982,0.27940518
0.23923546,0.26204112
0.27102086,0.2724212
0.21311533,0.20528385
0.18565163,0.17432787
0.21606581,0.20076095
0.21225692,0.20587593
0.18780729,0.1991416
0.16409557,0.16819192
0.19718723,0.18672974
0.1799193,0.1860482
0.16951531,0.1699989
0.20875624,0.2160042
0.1973276,0.19501826
0.20912169,0.2008841
0.20814317,0.23117161
0.17265373,0.21228246
0.20967685,0.23373783
0.25147173,0.25129664
0.18682721,0.23497316
0.16874325,0.21045136
0.19685452,0.20385233
0.18191268,0.18451245
0.24848062,0.2486907
0.18180528,0.23308715
0.19198292,0.19914062
0.1832337,0.19937254
0.19706579,0.18215826
0.22184254,0.21541782
0.1927842,0.1953443
0.26832798,0.29832834
0.27402687,0.29422534
0.21871178,0.22815667
0.27052942,0.27067062
0.2619881,0.26337412
0.26337412,0.2619881
0.23718448,0.24456
0.2538352,0.2777598
0.274419,0.25950587
0.27870926,0.27318308
0.28020915,0.2833306
0.2773372,0.27986622
0.18428017,0.19396184
0.19396184,0.18428017
0.309824,0.3067795
0.25140354,0.2909118
0.21799977,0.2081854
0.21116379,0.22470117
0.23679131,0.21427009
0.22349721,0.23523249
0.21802236,0.2311653
0.13218386,0.20113626
0.23869628,0.22539572
0.27170372,0.25921923
0.22270446,0.2183297
0.2242628,0.22276747
0.26622117,0.27375567
0.26440063,0.2742646
0.23194449,0.2246008
0.23011874,0.22573978
0.21612597,0.24474676
0.2596366,0.2530742
0.23807706,0.23315512
0.24644023,0.24987516
0.20844196,0.2236023
0.24508591,0.24367332
0.21565595,0.2055983
0.23057406,0.21171598
0.2073476,0.19954754
0.24418736,0.22883992
0.22498627,0.20926693
0.20209299,0.21619534
0.23004064,0.23455773
0.20148115,0.2141801
0.21234284,0.23197915
0.18091853,0.21092205
0.18791877,0.19744185
0.17968312,0.18989015
0.2142233,0.18628006
0.19995409,0.17962542
0.1923835,0.17198637
0.24646813,0.24690703
0.29869446,0.28714955
0.22238573,0.22539574
0.25234026,0.24412185
0.29451054,0.28949076
0.25308102,0.267023
0.29904807,0.26612896
0.3077842,0.28286755
0.29055786,0.31808
0.26612896,0.29904807
0.2393529,0.22875494
0.23971564,0.24031329
0.20321807,0.2325823
0.25127238,0.2667027
0.25247574,0.24440248
0.25717968,0.2524691
0.2667027,0.25127238
0.25375265,0.24671361
0.23474401,0.24767269
0.17990585,0.20092848
0.23488759,0.25172877
0.26109278,0.27145582
0.28247833,0.2804849
0.2739395,0.2914608
0.29402062,0.2817635
0.2537555,0.2599095
0.22413185,0.21354178
0.19672759,0.20181781
0.21268514,0.23060624
0.25212395,0.2673355
0.2654131,0.26944044
0.27261907,0.2753436
0.27480137,0.25504303
0.27877617,0.26111385
0.24379645,0.24172355
0.23807526,0.24712008
0.3066043,0.31980622
0.30834654,0.29666623
0.29936132,0.29635552
0.295308,0.2879514
0.22580285,0.2641966
0.22026737,0.18731056
0.18507327,0.23054674
0.28047636,0.2768252
0.26967347,0.26085395
0.27017292,0.27097055
0.25381362,0.25477853
0.2771097,0.2923619
0.2748492,0.29656416
0.29656416,0.2748492
0.2958961,0.30659974
0.23181961,0.22044742
0.2367018,0.24489275
0.2294247,0.22761911
0.2751814,0.27562648
0.30224437,0.2946764
0.24505693,0.275391
0.24673992,0.25004494
0.24044034,0.24480759
0.25151092,0.26632708
0.26487023,0.25646755
0.27565607,0.27053702
0.27157813,0.28136754
0.17945287,0.18332669
0.23799106,0.2537108
0.17501727,0.17430127
0.25875527,0.29972816
0.2641421,0.3048242
0.25180206,0.28779942
0.19308946,0.19029625
0.26520273,0.2674759
0.27223915,0.2672391
0.2332027,0.26416934
0.18686527,0.19678552
0.19645008,0.19647348
0.23816332,0.26842132
0.27637833,0.26627105
0.26012352,0.28180557
0.23136774,0.21714337
0.22484662,0.2330435
0.23550697,0.24602458
0.21290392,0.21953109
0.23608615,0.23099685
0.2182757,0.21090509
0.24844249,0.25468394
0.29318607,0.33555442
0.23186426,0.27184123
0.2840165,0.32652974
0.23995464,0.23258698
0.29972178,0.33289155
0.2892261,0.27006254
0.2884677,0.2730223
0.23598461,0.23163235
0.23827101,0.23468922
0.2762649,0.2823733
0.23550552,0.23815046
0.23770973,0.2332221
0.23615338,0.24178386
0.27498913,0.28634086
0.2365904,0.24008182
0.24879551,0.23431945
0.24634859,0.2663699
0.2270512,0.23377126
0.26993805,0.27556106
0.27908027,0.28713304
0.28263763,0.27558175
0.23238273,0.22440729
0.26527017,0.29051924
0.27697217,0.2946915
0.204486,0.20543621
0.20661214,0.20789585
0.27671552,0.26244578
0.25762814,0.27953914
0.255109,0.2846474
0.28418705,0.26438665
0.23122802,0.24625146
0.23703405,0.25767842
0.2883505,0.29775178
0.2356736,0.25422177
0.2255586,0.21003808
0.24774243,0.23967847
0.29990706,0.2920306
0.29642504,0.28873163
0.29122993,0.2929044
0.23737752,0.22557399
0.20402722,0.23279257
0.15004861,0.15646099
0.19576167,0.1998917
0.20216314,0.17873801
0.21681811,0.20764856
0.20807731,0.25206974
0.17093177,0.20033938
0.236864,0.2605613
0.23052397,0.23054007
0.21270956,0.20343953
0.26048976,0.24641764
0.21587539,0.22430229
0.26207784,0.24264887
0.23497379,0.22407916
0.24364252,0.24182922
0.23130102,0.26265183
0.21940024,0.26653668
0.22588645,0.25436437
0.22348972,0.2401625
0.23836428,0.2503965
0.2378942,0.23604745
0.28378817,0.2575528
0.25033644,0.2781312
0.20122246,0.21129477
0.2046896,0.20775768
0.2679891,0.25147927
0.23993668,0.24179548
0.2344468,0.23014656
0.2739292,0.28026608
0.24391344,0.23675916
0.25005755,0.25627816
0.2590676,0.26813656
0.2499736,0.24928498
0.24105382,0.24520907
0.2527312,0.24879436
0.22990693,0.23531672
0.24886557,0.25240135
0.23924813,0.23342158
0.28693956,0.2799359
0.24574277,0.24367559
0.18484263,0.19879504
0.19974834,0.18805686
0.275194,0.27412933
0.2160865,0.21493201
0.27085304,0.27348816
0.21641493,0.21480355
0.19500828,0.1892836
0.18940382,0.18864812
0.19564992,0.1917129
0.29411912,0.2714918
0.18286991,0.19192733
0.2785194,0.26011744
0.18513553,0.19203024
0.26993376,0.28003663
0.28113246,0.29389432
0.19934182,0.1957938
0.25328094,0.24119332
0.23466164,0.25732014
0.23220517,0.27067623
0.23208734,0.25173068
0.21522237,0.20787267
0.27159885,0.27381688
0.24127454,0.24578825
0.26030934,0.2601984
0.20641045,0.19252113
0.22896068,0.26051491
0.19013453,0.23199943
0.27087742,0.2724587
0.25990036,0.27054638
0.20945066,0.21298404
0.20271778,0.19949841
0.21509472,0.21398543
0.2284207,0.24300414
0.20564121,0.22355875
0.20925231,0.22049929
0.2235424,0.2138869
0.17453437,0.1811538
0.18425633,0.17678422
0.25218412,0.23330413
0.24862778,0.24795836
0.20182854,0.19975422
0.19243608,0.20835374
0.2543459,0.24258707
0.16991112,0.19542097
0.17573641,0.20773435
0.18676735,0.2184434
0.21345559,0.19222417
0.22518447,0.19235654
0.2697875,0.282435
0.279161,0.2736252
0.26912916,0.24790356
0.22144277,0.22923115
0.28508192,0.26329637
0.25125575,0.2707012
0.2473702,0.2572312
0.17857201,0.18504216
0.21743143,0.24645962
0.2579096,0.25567928
0.1830568,0.17160591
0.19867882,0.20235024
0.20593897,0.21368322
0.19818099,0.21490549
0.20897526,0.19373855
0.2269288,0.23340477
0.24113113,0.22233455
0.23140298,0.22923896
0.21244667,0.2389671
0.215182,0.24225426
0.24730763,0.2632273
0.2080207,0.1919663
0.1926688,0.20842206
0.24374497,0.25452197
0.19812644,0.20215014
0.24847962,0.2311953
0.2696855,0.27500504
0.27472144,0.2705202
0.25726807,0.26624435
0.21217981,0.23571922
0.2665819,0.25872734
0.27371874,0.27874655
0.2811949,0.2785536
0.22497532,0.21962532
0.2141881,0.22114842
0.22350258,0.21854588
0.24055946,0.22762837
0.24112746,0.264134
0.2308675,0.24616718
0.21355309,0.22554734
0.23749341,0.24017893
0.20020095,0.19209836
0.20230167,0.211649
0.20320386,0.23662473
0.23357253,0.24271722
0.19632378,0.21690804
0.19437414,0.22197485
0.22458634,0.20612109
0.22354001,0.21921937
0.1951072,0.17333952
0.22421758,0.20682362
0.18944007,0.19931
0.22133613,0.21702862
0.21868281,0.2519797
0.21414626,0.21545906
0.21009603,0.21392503
0.23000951,0.21618637
0.21258736,0.1957541
0.23668467,0.26211792
0.20258257,0.23116693
0.16867828,0.20444109
0.20159763,0.25226685
0.22506192,0.2463085
0.23463698,0.20306592
0.19209656,0.18476683
0.23956256,0.21995817
0.22440514,0.27357072
0.23074403,0.24146514
0.2445637,0.272495
0.19564617,0.23331018
0.23598936,0.26950192
0.20361789,0.25981164
0.20185827,0.20517838
0.22747445,0.24115466
0.2308383,0.23894438
0.2451432,0.24599801
0.24240446,0.24377361
0.21578108,0.22212505
0.2097624,0.25173917
0.20899644,0.20139945
0.18924744,0.22965302
0.23234783,0.23258042
0.21793827,0.22889793
0.24008842,0.23501764
0.21016571,0.24638763
0.23559071,0.24080206
0.23336554,0.24345025
0.30012655,0.2934495
0.25162584,0.24842799
0.22529124,0.22137125
0.26179945,0.27063143
0.31115144,0.31680226
0.31443125,0.30724752
0.24629009,0.25325724
0.24875242,0.2436288
0.21365362,0.2500228
0.23469892,0.22050822
0.25768152,0.24198584
0.21632357,0.23435928
0.23979515,0.25853035
0.2277493,0.26237747
0.2134168,0.25271392
0.22054477,0.23201597
0.28929132,0.26997662
0.23339963,0.2252902
0.27861136,0.28724942
0.291474,0.2933731
0.2889489,0.2881207
0.27276558,0.2883145
0.29123166,0.28966555
0.25501266,0.23500456
0.30700475,0.27570987
0.23949313,0.25203484
0.28160852,0.31183994
0.24966606,0.26478642
0.26525855,0.2441658
0.2285495,0.23022074
0.22298938,0.2202377
0.21909492,0.22662646
0.21078056,0.22376755
0.2280041,0.22730716
0.19914863,0.22052023
0.29223862,0.28072876
0.28885254,0.27389097
0.27849734,0.29155815
0.27385387,0.29986548
0.26021796,0.2638033
0.25316876,0.2731613
0.25323078,0.25756314
0.21811023,0.24923345
0.15953618,0.1684687
0.26264966,0.25772393
0.24050711,0.29188865
0.21315311,0.22249524
0.2208288,0.21441604
0.27112812,0.291734
0.26037937,0.29293746
0.2499147,0.25808194
0.24397677,0.2621264
0.2570765,0.24610944
0.259649,0.24625053
0.2594993,0.255475
0.23266761,0.2221198
0.2768484,0.26164195
0.22005823,0.23536617
0.26752862,0.27432504
0.2598517,0.2572909
0.21836932,0.21644883
0.20852156,0.22318211
0.25730193,0.26159817
0.28959662,0.29395714
0.21786258,0.22399066
0.25639176,0.252608
0.22191283,0.21612008
0.29723793,0.28100747
0.24861547,0.2389038
0.2015578,0.25464237
0.22999954,0.26355496
0.22634971,0.26354542
0.22874942,0.2731551
0.24919099,0.27906597
0.26228744,0.28646973
0.22874942,0.2731551
0.23542461,0.28233927
0.24059826,0.26970035
0.21569946,0.2125893
0.24676026,0.23612863
0.23854537,0.24624072
0.19126637,0.22406213
0.29199144,0.30395636
0.22919348,0.23876576
0.29947984,0.29491794
0.30702314,0.30088186
0.24615534,0.25868
0.19078344,0.20810896
0.25776058,0.2446368
0.18638733,0.19339933
0.22435221,0.19795075
0.16112125,0.17074206
0.24008024,0.21137276
0.19407652,0.1876081
0.19081189,0.18691143
0.20006485,0.19725654
0.16783904,0.1605051
0.18799025,0.19906099
0.1728224,0.22238179
0.19846563,0.24341546
0.20162652,0.20821719
0.23020416,0.23095
0.20896745,0.20920011
0.22910988,0.22523183
0.27633515,0.27605397
0.21045573,0.2073224
0.2612397,0.243836
0.24706468,0.23155428
0.26321518,0.25267413
0.2719639,0.26906624
0.267443,0.25363436
0.29484713,0.29375857
0.2652683,0.27280632
0.27923998,0.28030524
0.29535368,0.29136926
0.24711289,0.24768698
0.28883603,0.29294837
0.24187917,0.23606372
0.21311858,0.2080073
0.24801144,0.2510348
0.22439323,0.21818897
0.22770318,0.22220038
0.22722201,0.22835413
0.24899906,0.2657688
0.23241968,0.2597887
0.2373864,0.23383816
0.22210337,0.22361186
0.24753895,0.26043558
0.21855225,0.24649704
0.29130155,0.29338223
0.26581234,0.26158684
0.2646556,0.26830158
0.28004226,0.2809534
0.27830285,0.278983
0.2916694,0.28910905
0.275328,0.27579263
0.2859597,0.29449207
0.28073478,0.28927603
0.28746712,0.2966569
0.3055406,0.30953217
0.30371866,0.3093767
0.2843964,0.29826483
0.29140544,0.29178157
0.2712399,0.28133518
0.2742207,0.28556135
0.28926986,0.29194102
0.27650964,0.28714842
0.28508562,0.28536013
0.18000357,0.18979777
0.23071872,0.22999498
0.23142238,0.23487636
0.22271581,0.26740235
0.21429113,0.23297995
0.23351508,0.23424648
0.22103329,0.2259486
0.22199617,0.23610145
0.23035207,0.232515
0.24371813,0.2367783
0.2293839,0.21580504
0.22742918,0.22586186
0.21598682,0.20299685
0.22315982,0.22882387
0.2821314,0.25216827
0.25216827,0.2821314
0.2555528,0.28879735
0.19859427,0.21795705
0.23611069,0.23874575
0.24798146,0.24188554
0.27533916,0.26553673
0.17144474,0.17760149
0.2602092,0.26876864
0.25217646,0.25306928
0.22602451,0.23083743
0.2573798,0.2583459
0.20810495,0.2056711
0.23603977,0.22275321
0.27932698,0.2558844
0.21894418,0.20877498
0.2694814,0.24991128
0.25678134,0.27075008
0.2467558,0.26129362
0.2539792,0.2590562
0.21169977,0.2248298
0.22996381,0.24220324
0.2252638,0.24417406
0.20349623,0.21487263
0.21597503,0.21039505
0.22526532,0.21218193
0.29196012,0.28838533
0.2743809,0.24961428
0.2575004,0.2649963
0.19862916,0.25395676
0.2956177,0.291611
0.22477376,0.2532554
0.29745317,0.31621993
0.14752357,0.13630861
0.16827548,0.1631274
0.1462133,0.1477209
0.24265453,0.25044107
0.15677828,0.15066761
0.20206386,0.20069687
0.14605272,0.1492805
0.29293528,0.30364054
0.20583703,0.20162675
0.16987285,0.16830024
0.27892768,0.28285283
0.28597403,0.28318286
0.24689926,0.23659512
0.29993024,0.29740098
0.23331104,0.22442046
0.21519245,0.21827039
0.24829637,0.26112035
0.2894806,0.30807978
0.27522933,0.29423147
0.27760857,0.29277617
0.22406116,0.23024589
0.2394475,0.24879056
0.22522527,0.21308483
0.250746,0.24232793
0.24938789,0.24016078
0.23677954,0.2501437
0.25880077,0.28051946
0.28548878,0.27446675
0.29232627,0.27785265
0.27757627,0.262569
0.2555107,0.24871933
0.30443275,0.2530579
0.26019457,0.2915429
0.2314229,0.2524078
0.21665758,0.23284447
0.27017367,0.2732249
0.27819943,0.27567214
0.2548155,0.2588169
0.2559693,0.2572009
0.26689142,0.26509497
0.26744175,0.26832813
0.22173381,0.22388045
0.25222558,0.29173324
0.26171523,0.28485006
0.25579882,0.27525365
0.24668598,0.28384516
0.2546432,0.27228796
0.24468298,0.2796954
0.28992918,0.29382968
0.24687901,0.2059598
0.20755248,0.2282546
0.2044279,0.22968327
0.21978751,0.21878295
0.25365707,0.27535245
0.2737192,0.27570313
0.32585323,0.34223318
0.27334702,0.2869575
0.2732794,0.2537398
0.28792787,0.26951727
0.33491042,0.3223056
0.28513008,0.268738
0.28566948,0.26839492
0.268738,0.28513008
0.271388,0.26384676
0.27782983,0.26290008
0.26290008,0.27782983
0.24276197,0.27671328
0.24876781,0.28580967
0.22827816,0.22481148
0.22830798,0.26450807
0.24942264,0.24705552
0.22508532,0.22236589
0.22595705,0.22536351
0.22540905,0.23125432
0.22209357,0.24474749
0.20153762,0.23877382
0.21810351,0.24971406
0.24271089,0.24630176
0.25104278,0.2176193
0.24907412,0.26333246
0.26333246,0.24907412
0.25133836,0.25334683
0.25241742,0.2560731
0.18915677,0.22653346
0.2464073,0.29001674
0.25355467,0.2674343
0.23477083,0.2377676
0.2336278,0.24120373
0.2184196,0.2196405
0.2050988,0.19292665
0.26247054,0.22591443
0.26982284,0.28844437
0.2631446,0.28040585
0.2738195,0.2956595
0.23831974,0.26159185
0.24780035,0.26714984
0.23770688,0.22777234
0.26057926,0.2343046
0.27696714,0.25974196
0.23756464,0.25032848
0.2861222,0.26453143
0.2235268,0.22077756
0.2961222,0.2719649
0.19570865,0.19971852
0.27668574,0.2741995
0.22179306,0.21546373
0.21504873,0.22112882
0.2741381,0.27399915
0.22140822,0.21715926
0.2505048,0.27607253
0.26383257,0.25625724
0.18188928,0.19488263
0.21374859,0.20374605
0.23689221,0.2274463
0.18913668,0.18334503
0.1867459,0.17796737
0.21515676,0.23486802
0.21461537,0.24500677
0.22342886,0.22814225
0.18450272,0.19833796
0.20222467,0.22407065
0.23414841,0.27572447
0.22481321,0.2562435
0.20584188,0.2334545
0.21403813,0.25176206
0.22752164,0.2694891
0.23182361,0.22341236
0.2467568,0.23456395
0.232479,0.23535755
0.2607612,0.26742834
0.20938702,0.214293
0.21593907,0.21769848
0.28159234,0.27944493
0.27112156,0.29248285
0.27063793,0.28661332
0.279485,0.27546743
0.27350497,0.2831117
0.30150974,0.3064476
0.3062278,0.30111802
0.25455338,0.2848593
0.2665261,0.29626536
0.27883175,0.27572143
0.30301422,0.3150912
0.30222446,0.3084353
0.3112137,0.30353767
0.21347192,0.21659037
0.24031428,0.24218147
0.24293676,0.24266268
0.21391346,0.21075714
0.26860416,0.25975782
0.25721622,0.27354062
0.20551924,0.20592535
0.29654863,0.27273637
0.20551924,0.20592535
0.2653039,0.30080977
0.24090979,0.24463908
0.24370454,0.23816618
0.28269908,0.2661126
0.29367474,0.25662065
0.25373948,0.23353656
0.2736842,0.29328558
0.27291742,0.28330725
0.24268088,0.25488025
0.24626252,0.2479214
0.2192657,0.29591691
0.28856438,0.2754615
0.28400812,0.2869546
0.23320425,0.21932654
0.2628331,0.24467863
0.22922024,0.23245825
0.22980726,0.25606272
0.26936412,0.26940897
0.2741263,0.27423283
0.23616225,0.2702807
0.27520818,0.2750879
0.27623454,0.2752849
0.18193899,0.1957541
0.22963327,0.24200001
0.2519123,0.26006603
0.24991992,0.24654835
0.2372725,0.23079495
0.23844284,0.26206502
0.2974151,0.31507996
0.26895532,0.28904423
0.26132354,0.25417167
0.25511694,0.27104914
0.25450528,0.26622093
0.2599076,0.26941597
0.26340422,0.2654558
0.2651703,0.26569128
0.2241024,0.24241859
0.24663752,0.23341064
0.22525033,0.21167214
0.23023167,0.24506515
0.23102652,0.28761634
0.26561958,0.2867883
0.20808953,0.22941294
0.23239355,0.24184032
0.27654898,0.27034172
0.2679447,0.2686687
0.31196928,0.30864707
0.28825948,0.28526422
0.28548667,0.28993154
0.27166647,0.3003292
0.26659188,0.2559718
0.22444828,0.22370331
0.2373294,0.24590145
0.25993663,0.2591651
0.2525571,0.2892665
0.24612735,0.24260023
0.2567505,0.27239203
0.2632277,0.2840299
0.21588263,0.2267702
0.2627175,0.26395455
0.26423144,0.27097657
0.24496166,0.25173345
0.2817328,0.26875192
0.26007047,0.24618167
0.3065503,0.30899978
0.2863578,0.29858372
0.24320449,0.25545743
0.2575316,0.24837881
0.20965229,0.21316917
0.24263644,0.26735646
0.30087626,0.3048024
0.26838297,0.278862
0.23414612,0.24241737
0.23653358,0.24896081
0.29800624,0.29288018
0.26623914,0.26870012
0.2787379,0.29046553
0.1993462,0.2574912
0.25879094,0.28846353
0.19836834,0.20701489
0.17240366,0.21124594
0.21512032,0.22431058
0.21835479,0.23983432
0.24242198,0.24698792
0.20466849,0.23748656
0.20160773,0.20246378
0.24987485,0.24038847
0.24536121,0.23044091
0.1909879,0.19489013
0.24263704,0.2754807
0.22708295,0.21856448
0.20961927,0.21379597
0.25144935,0.27592683
0.24666075,0.2789535
0.20913388,0.22154142
0.21624467,0.20368382
0.28120747,0.28493235
0.279257,0.28768307
0.28077582,0.28801832
0.28339744,0.28891155
0.28760388,0.26722813
0.26722813,0.28760388
0.23676297,0.24687076
0.26700097,0.28167573
0.21792018,0.2038058
0.2091927,0.2195565
0.21011342,0.20737942
0.2433018,0.26322144
0.21211766,0.21953756
0.20643732,0.21107426
0.19860296,0.20574695
0.23274954,0.2272081
0.26980576,0.2674764
0.233488,0.23654523
0.2741856,0.28235987
0.25282615,0.27526945
0.2038742,0.2725508
0.21845452,0.27595174
0.21092801,0.29811972
0.20037064,0.2585003
0.2625292,0.25881934
0.21530715,0.24426019
0.26436764,0.2782389
0.263573,0.26462418
0.27032125,0.2523275
0.26238063,0.2706594
0.22694564,0.24185027
0.18774657,0.19434252
0.24732894,0.23934944
0.23845923,0.23266645
0.22908367,0.22671834
0.22273214,0.21253972
0.21623176,0.2306377
0.2803825,0.28275946
0.2764691,0.27838737
0.26313105,0.262327
0.2084323,0.2138747
0.26091626,0.269448
0.21675925,0.20350315
0.24993157,0.25099623
0.23187485,0.22569628
0.2321662,0.23325631
0.25370917,0.25325024
0.24754903,0.24815072
0.22519387,0.21398348
0.23427466,0.22955874
0.25386155,0.25195432
0.21437,0.21676801
0.22199503,0.24307883
0.1622882,0.18225339
0.1396578,0.19128338
0.17698008,0.16796666
0.24269187,0.22812304
0.2254473,0.25815123
0.2599691,0.2677149
0.19525062,0.20223483
0.26811725,0.27723712
0.25544286,0.25280493
0.21743345,0.1977342
0.20504485,0.20149015
0.25869933,0.25598478
0.23728272,0.26213694
0.3054818,0.29317075
0.29793432,0.2924147
0.28361312,0.30395684
0.27376398,0.28054562
0.30281895,0.2995191
0.29163504,0.29321903
0.27418035,0.2629479
0.29964316,0.28555077
0.2924147,0.29793432
0.29168883,0.30457687
0.30764917,0.3071865
0.30114615,0.30392268
0.28243026,0.29456204
0.27903605,0.27092245
0.2926681,0.27387208
0.29595423,0.28585932
0.27220795,0.2873219
0.27847183,0.26898986
0.27924746,0.2943635
0.25942215,0.26145658
0.25523973,0.2781566
0.22372827,0.23759001
0.25972927,0.26472068
0.27428332,0.28257546
0.23199241,0.25168192
0.24897812,0.26688367
0.24561957,0.24709399
0.26783744,0.24959834
0.2558996,0.22601512
0.23368748,0.2714764
0.2560363,0.26136398
0.26607087,0.2711646
0.26903817,0.26363096
0.22590838,0.25911626
0.16060348,0.21753533
0.25518757,0.24887463
0.25115135,0.26092663
0.2489779,0.26263517
0.20751213,0.21379156
0.25767708,0.24811381
0.26092663,0.25115135
0.21665582,0.21845533
0.22734177,0.21081725
0.22059138,0.22060005
0.14641246,0.18214765
0.17887601,0.21544728
0.25794023,0.2628752
0.16514508,0.19366145
0.20264415,0.22493713
0.16862623,0.22427504
0.20509267,0.21191186
0.18382628,0.19447422
0.19711944,0.20277868
0.19661067,0.2135535
0.20033196,0.20918775
0.2144701,0.19983871
0.20802978,0.19703767
0.20123602,0.19302243
0.20713139,0.19828156
0.22944827,0.22522473
0.21594575,0.23083806
0.22622547,0.2400277
0.22846109,0.2362228
0.2248272,0.20816877
0.18693405,0.17508063
0.19544327,0.19298391
0.24238053,0.27098897
0.20814675,0.23210904
0.17992553,0.19363558
0.26324582,0.2954864
0.18735197,0.2031545
0.27087632,0.26495326
0.25684157,0.26592138
0.27106792,0.25547183
0.26086545,0.26776466
0.28311312,0.2772201
0.27902788,0.28461593
0.20150605,0.19036931
0.20433117,0.21254493
0.20835936,0.25119275
0.19322585,0.2219547
0.18260387,0.1897531
0.2219547,0.19322585
0.2200706,0.20064063
0.23586029,0.23473199
0.23369263,0.2349904
0.24603929,0.2436616
0.2424308,0.24293599
0.25218555,0.2723065
0.26690742,0.2787296
0.21218142,0.21483925
0.23760985,0.26383734
0.2072624,0.22523865
0.26351196,0.24526998
0.21307488,0.21826927
0.21843274,0.2231712
0.22273608,0.22460833
0.21505594,0.21891211
0.2145818,0.2190504
0.27192637,0.2734996
0.2583191,0.25717765
0.2592168,0.26724982
0.2518333,0.25481445
0.26007128,0.2694335
0.27504006,0.26599666
0.277808,0.2777088
0.27062154,0.2681751
0.25341755,0.25608218
0.25679165,0.2537389
0.25245818,0.26793203
0.22874123,0.25145802
0.2445178,0.24828292
0.20276858,0.2263593
0.26103136,0.2517119
0.26736724,0.2595009
0.25048602,0.23434052
0.2656836,0.25987583
0.2415635,0.24288972
0.27547798,0.2605645
0.27702653,0.27006695
0.27313426,0.2676049
0.24656935,0.24582642
0.25219443,0.24958602
0.27144828,0.27993032
0.2634601,0.2785495
0.27046192,0.28520226
0.26059395,0.27544305
0.24941345,0.2829343
0.24425787,0.2576421
0.24431764,0.24927989
0.23326175,0.23325345
0.24500945,0.25226378
0.23779696,0.26580188
0.24030091,0.25813562
0.18538235,0.18979655
0.23416889,0.28795728
0.2661496,0.29762453
0.2040257,0.2299203
0.285754,0.29438132
0.23990414,0.2557077
0.21007031,0.2140109
0.19181892,0.1918298
0.19548649,0.1965813
0.2522685,0.26624906
0.27749655,0.2873143
0.25844675,0.2552856
0.21429399,0.21482988
0.28070602,0.28763917
0.2834019,0.27991477
0.27314013,0.26790783
0.25037712,0.2419868
0.23970653,0.25247875
0.26940745,0.2769863
0.2815099,0.28755862
0.20623411,0.22258517
0.21619987,0.20766631
0.22661781,0.24203591
0.24901575,0.25764677
0.2283445,0.20966426
0.25996795,0.27323872
0.226221,0.27944082
0.18420812,0.17610605
0.18601945,0.1920667
0.30884856,0.3015585
0.29297653,0.30288276
0.20979998,0.20189719
0.23033641,0.22920403
0.22621137,0.21848197
0.21421716,0.21197754
0.21488154,0.20312229
0.19027182,0.21277934
0.26078016,0.2840677
0.21329539,0.21842489
0.19270092,0.20371588
0.20390801,0.19723049
0.22080274,0.21739826
0.22705457,0.22461209
0.19869626,0.22447851
0.21698302,0.2219424
0.20498516,0.21041487
0.20340869,0.23592803
0.22059214,0.22172871
0.20629431,0.21447453
0.24226096,0.26523948
0.26353842,0.21991637
0.25431466,0.24627072
0.19571002,0.18953918
0.19569674,0.19081093
0.28041086,0.26679814
0.25849,0.24640648
0.26052332,0.27859378
0.25469017,0.26187617
0.25113702,0.25861302
0.19081093,0.19569674
0.2632356,0.25863838
0.26179498,0.25612834
0.22899324,0.23151566
0.25612834,0.26179498
0.23910138,0.22516595
0.22970647,0.23421262
0.2285478,0.2176597
0.23638293,0.23262891
0.22386181,0.23135282
0.24199226,0.27916145
0.26340216,0.27214766
0.26998746,0.25791487
0.2489896,0.24775296
0.19671977,0.23501086
0.27996922,0.27521625
0.265495,0.27801943
0.24579044,0.28355357
0.25309086,0.23737463
0.2653045,0.25569952
0.24783692,0.2661634
0.22763085,0.23997025
0.28852934,0.26571748
0.30243948,0.31089264
0.27220255,0.28574508
0.24692875,0.26159406
0.26340365,0.26582992
0.27500135,0.2660056
0.24405524,0.2786608
0.25671852,0.2724485
0.2675666,0.27120197
0.18671894,0.1929085
0.20804642,0.22031082
0.24095736,0.25442588
0.24033758,0.23834738
0.24848238,0.27936217
0.2400628,0.235746
0.24721222,0.27544555
0.19526467,0.22160345
0.2909092,0.30773708
0.22831923,0.23376936
0.22747952,0.26130944
0.274425,0.28986478
0.22398122,0.22451997
0.22558337,0.22667985
0.19163936,0.19344637
0.24557379,0.23002708
0.1859165,0.18814534
0.2593857,0.25421095
0.18668315,0.19239607
0.21162267,0.2492312
0.22866307,0.23751321
0.2041315,0.21065347
0.22254366,0.20891243
0.26324332,0.26863474
0.26943403,0.26085654
0.19042474,0.18160948
0.24340726,0.2595426
0.22684146,0.22336517
0.22039358,0.24653703
0.21983795,0.17754914
0.2573296,0.23090102
0.16323325,0.19824475
0.19309488,0.2386347
0.2213633,0.22610568
0.18775524,0.2036704
0.14644319,0.1669523
0.22618732,0.23014706
0.22439533,0.20781285
0.21514441,0.22777341
0.22638047,0.2239755
0.25409585,0.28844365
0.2113351,0.21373537
0.25579664,0.26049298
0.2711271,0.2911287
0.29081953,0.30090925
0.2576369,0.24972796
0.24463588,0.25697908
0.2897099,0.28638196
0.28902382,0.27638176
0.28290084,0.29228938
0.2864268,0.30537033
0.2364575,0.2527326
0.24242485,0.25506425
0.24150275,0.26286298
0.24756096,0.23139496
0.25653714,0.23553568
0.25126243,0.22518228
0.2432186,0.2687508
0.25884083,0.27681375
0.27339017,0.26896614
0.27014282,0.2732529
0.2857707,0.26909906
0.2713536,0.2601968
0.2660299,0.26712486
0.27174842,0.28259888
0.19890416,0.20214348
0.2577378,0.25546905
0.21797848,0.2081435
0.26110974,0.26373893
0.25195265,0.2724672
0.18059227,0.16931596
0.1716678,0.17555602
0.23951621,0.24552453
0.21594568,0.2411904
0.2538867,0.23925212
0.21378662,0.20686187
0.22849977,0.26490802
0.21537893,0.21379334
0.22234152,0.2158001
0.23542276,0.22880055
0.21126959,0.23732887
0.22527562,0.23408003
0.23273042,0.2565884
0.26368502,0.24344887
0.26013505,0.2607147
0.23888181,0.26542345
0.25055912,0.266305
0.26208365,0.26098698
0.2623687,0.25355637
0.21448655,0.25414044
0.2633735,0.30318418
0.24919544,0.25531864
0.22433707,0.23795006
0.21955143,0.22704571
0.22354893,0.2210528
0.26954708,0.26158705
0.22035012,0.22680628
0.2560386,0.2851154
0.2365736,0.23008528
0.2339165,0.2223871
0.215615,0.23674455
0.23061776,0.2361594
0.22554022,0.22420688
0.22384399,0.23684788
0.23509747,0.20785637
0.24569637,0.22313526
0.22087681,0.21061039
0.21395183,0.21216273
0.20888399,0.2290808
0.24008307,0.2678478
0.21785101,0.24073273
0.2787062,0.28120753
0.26888683,0.2766594
0.26491904,0.260067
0.2168277,0.209099
0.27450407,0.27923995
0.2654336,0.26822224
0.2837207,0.27041858
0.21697435,0.2214959
0.25826266,0.26079863
0.26507753,0.26111943
0.24197,0.24557063
0.23739599,0.24136393
0.25982612,0.27165687
0.24226433,0.24124515
0.26365438,0.2655794
0.25730288,0.26573405
0.23847637,0.23417208
0.2570006,0.2881904
0.26207998,0.28156838
0.19076072,0.23032811
0.19360791,0.23893082
0.23333165,0.26623806
0.23893082,0.19360791
0.23467268,0.21040864
0.28172615,0.30242068
0.28092927,0.27020115
0.2400171,0.25664926
0.30012542,0.306681
0.24359375,0.2644341
0.3175949,0.30159456
0.25424236,0.25015405
0.22772813,0.2327359
0.24409685,0.25345755
0.25064957,0.24354163
0.2396769,0.25334737
0.28195655,0.27399898
0.23975709,0.22666886
0.28863883,0.2692588
0.27469674,0.27471483
0.25926426,0.24050617
0.2468333,0.25076973
0.27220017,0.2780674
0.22659953,0.23267204
0.27547213,0.27565378
0.27356562,0.27199638
0.23340861,0.23879017
0.20456482,0.19449335
0.2029666,0.21193613
0.23244011,0.2656885
0.2598631,0.2504613
0.22809155,0.23810641
0.2301008,0.24924745
0.2247833,0.24152452
0.19572358,0.22110723
0.24844338,0.24736494
0.17968334,0.19018652
0.21718486,0.2068489
0.24661785,0.2300739
0.23573299,0.22045165
0.23285982,0.21948974
0.26308528,0.22896126
0.26258653,0.23004174
0.25775704,0.23167092
0.23783462,0.19077626
0.18844914,0.17896105
0.2620344,0.27145216
0.24970457,0.25208694
0.19299541,0.24202877
0.21984023,0.24768406
0.22389412,0.2502988
0.23594996,0.265998
0.23210558,0.26223385
0.26976237,0.30481383
0.20769382,0.1882759
0.18803899,0.19555123
0.23853844,0.23474
0.19074856,0.21073651
0.22107165,0.1968478
0.2225087,0.20605227
0.22059794,0.22717676
0.23946656,0.24433191
0.20936128,0.23415956
0.23519558,0.22956008
0.25398594,0.24746183
0.2438643,0.2586546
0.21772446,0.23657355
0.22837931,0.23010486
0.24681129,0.22425118
0.25900203,0.26653475
0.31366083,0.3121987
0.26220438,0.26708308
0.27042332,0.26514322
0.23015149,0.28777492
0.24688363,0.2675343
0.26912543,0.27072588
0.2233183,0.233557
0.23551048,0.23913231
0.21204913,0.2150674
0.25275683,0.2432377
0.27454713,0.2702363
0.20765805,0.23429003
0.25181928,0.2695897
0.22251593,0.21700482
0.22903675,0.21017534
0.20789362,0.21234816
0.23696399,0.25179344
0.25123832,0.24473071
0.25177532,0.24224468
0.24119426,0.2515406
0.23870431,0.20694576
0.21000835,0.22767067
0.25884557,0.25516644
0.25038618,0.2606077
0.21149714,0.21160209
0.27245185,0.2816965
0.28885254,0.31403956
0.26677933,0.2571107
0.27745965,0.26533762
0.20714961,0.20218337
0.21701995,0.21469504
0.20594235,0.21436939
0.25212744,0.24404974
0.2416093,0.2547567
0.26522762,0.27379584
0.26677024,0.27242097
0.26052326,0.25416845
0.27333945,0.26718125
0.2741385,0.26479262
0.27345216,0.2646178
0.25456923,0.26153883
0.26660988,0.2737475
0.21675049,0.21098284
0.19853859,0.19898687
0.17424057,0.1753473
0.24482527,0.24331662
0.24425216,0.24240762
0.19884309,0.19987442
0.21748981,0.20642123
0.177594,0.1802282
0.24142915,0.2392186
0.23609355,0.24577975
0.23930152,0.24573629
0.23558474,0.24301358
0.1946584,0.22314933
0.25814497,0.25732356
0.26937652,0.28529254
0.26078415,0.26409388
0.21582977,0.21592152
0.25415564,0.25390583
0.24244092,0.24294189
0.24860229,0.24910934
0.26012838,0.27944824
0.1996584,0.24556145
0.28662395,0.25861633
0.2618308,0.25911453
0.2065027,0.21184233
0.19847247,0.20577142
0.20577142,0.19847247
0.21791004,0.22038732
0.2316649,0.23068956
0.22700341,0.22651637
0.21958487,0.227741
0.21440817,0.2111741
0.19028376,0.19443545
0.2183435,0.2280693
0.24716517,0.2507555
0.23644426,0.22659394
0.22012071,0.21965492
0.2038212,0.19854745
0.26149824,0.2537256
0.22321597,0.21197735
0.2172787,0.22474965
0.23541488,0.22852316
0.25117886,0.25191033
0.22563788,0.24103972
0.23847368,0.28098837
0.26749703,0.28853226
0.24310571,0.2672968
0.24960484,0.2241474
0.2609239,0.24702668
0.23353937,0.23238318
0.24881002,0.25106436
0.27877015,0.27354446
0.23165314,0.23179184
0.20160638,0.19145025
0.25291896,0.23460682
0.22547549,0.25590053
0.16939038,0.19580737
0.18959688,0.22974968
0.24034584,0.24382283
0.20294294,0.21230751
0.24353194,0.24320304
0.20900886,0.2234565
0.1959454,0.23696135
0.24109426,0.23030636
0.21412167,0.20564425
0.2073562,0.20295164
0.20723367,0.21198474
0.2198999,0.20726812
0.2808797,0.26386064
0.26109803,0.26374042
0.27298415,0.27001804
0.27505288,0.26854798
0.27091143,0.26948744
0.24206212,0.24643108
0.26584494,0.2859479
0.27801523,0.27843726
0.27445543,0.27511707
0.23966593,0.22366537
0.25315124,0.2719541
0.21837163,0.23991603
0.24835154,0.2630995
0.26336053,0.25508285
0.2673074,0.25085887
0.28416663,0.2973619
0.2789585,0.2924009
0.2901317,0.2688125
0.2935054,0.27523917
0.281631,0.27587855
0.27603835,0.280716
0.23253334,0.23608103
0.24405563,0.23761837
0.22820792,0.20946337
0.2502908,0.24739215
0.24722882,0.27402478
0.23884736,0.26614523
0.20010175,0.23809785
0.22544822,0.2217876
0.26475203,0.27158445
0.26789945,0.2727847
0.24264285,0.24956241
0.24683177,0.25453553
0.21857981,0.22162732
0.23523027,0.23283535
0.2364876,0.2480394
0.23015143,0.2330128
0.22496694,0.23508574
0.18156905,0.19408116
0.23443665,0.25238845
0.24414,0.24887645
0.22488536,0.22015128
0.23418471,0.23827137
0.23546223,0.23774832
0.23905021,0.23290929
0.24063267,0.2633106
0.25924554,0.2623507
0.30096668,0.28516704
0.24357264,0.26024273
0.21573073,0.25270504
0.29179275,0.3004137
0.2607196,0.26151785
0.24988605,0.26653153
0.23034497,0.22804378
0.22132583,0.22164841
0.20255436,0.2342813
0.2204083,0.22676826
0.20894152,0.22552359
0.2342813,0.20255436
0.22482868,0.21929057
0.26653153,0.24988605
0.29397497,0.29028693
0.2991228,0.26439008
0.2929238,0.2991974
0.26439008,0.2991228
0.19168583,0.19774951
0.24054587,0.2428024
0.26809257,0.26239958
0.26221448,0.26754642
0.2554862,0.2520206
0.2436642,0.27197272
0.20819147,0.26741803
0.20560293,0.20448256
0.20028582,0.20357439
0.17883521,0.22482026
0.22152619,0.22875407
0.24494708,0.24537867
0.23188996,0.21307531
0.26818705,0.2718609
0.23139071,0.2534128
0.24337083,0.23892987
0.25704503,0.24657789
0.17438705,0.18767977
0.17851803,0.18275695
0.18142633,0.17379257
0.23241282,0.229738
0.21966344,0.2486343
0.21312909,0.2502833
0.19404271,0.20496508
0.2019274,0.19397834
0.26825446,0.26353586
0.26060766,0.27192426
0.2867589,0.2886175
0.28496283,0.28174925
0.21830344,0.24675052
0.28530893,0.301822
0.27418423,0.278578
0.27669436,0.26980835
0.28868806,0.28288907
0.23924604,0.23640068
0.27792108,0.27970427
0.23453626,0.2372483
0.28866526,0.30116707
0.30422294,0.29739892
0.30443087,0.29604417
0.2631936,0.2600575
0.24898466,0.25355166
0.303547,0.28511292
0.25542527,0.2500084
0.25925684,0.25947317
0.30231404,0.29769355
0.29609776,0.30393776
0.23124146,0.22889867
0.24985917,0.2433044
0.22884879,0.22904408
0.22667903,0.22928238
0.22535834,0.20858392
0.23755953,0.23174837
0.23053345,0.23033431
0.25950193,0.25487682
0.25504166,0.2564164
0.24491051,0.2509439
0.23312432,0.23447312
0.284629,0.28273627
0.2824047,0.28557342
0.24146815,0.27118367
0.2077504,0.22525972
0.24799497,0.23765078
0.2234619,0.23219225
0.20798826,0.24164493
0.20739809,0.24022208
0.24285182,0.24600354
0.23490298,0.21953793
0.26577485,0.25758597
0.27157176,0.27702004
0.26383924,0.2682398
0.17145969,0.18730868
0.25880113,0.30407465
0.26730797,0.27898568
0.20905262,0.21069813
0.22810626,0.2256305
0.18965703,0.19286585
0.2194469,0.23071182
0.1887436,0.18479517
0.20065577,0.2017399
0.224421,0.2168124
0.27379075,0.26873133
0.23225614,0.24041408
0.20308407,0.20410724
0.2700119,0.26590642
0.24666005,0.24438581
0.26163217,0.26562554
0.254168,0.24855071
0.26021567,0.27000308
0.21487306,0.22661178
0.19486779,0.19660518
0.21697971,0.2032401
0.2551077,0.2621601
0.25710058,0.2669487
0.2644848,0.27005905
0.26129854,0.26021978
0.2130009,0.20466216
0.18922248,0.19573377
0.25730926,0.23085013
0.23825634,0.22430526
0.2825383,0.2705084
0.25919765,0.25561818
0.21307938,0.22082123
0.23008446,0.24353719
0.19724253,0.20270872
0.19847423,0.2132966
0.22618583,0.22489554
0.22215101,0.22029343
0.26537907,0.27260605
0.2708403,0.28085828
0.2690095,0.2669634
0.22186558,0.21871692
0.26776874,0.2701445
0.25590754,0.26394936
0.21980062,0.22696522
0.23314337,0.22458777
0.253238,0.2494839
0.22595546,0.2148754
0.21221587,0.21040797
0.20749387,0.21106201
0.26045105,0.26135227
0.2543293,0.27466086
0.26469207,0.2712903
0.24656595,0.20934267
0.26643792,0.2306368
0.20637877,0.21863006
0.27603364,0.29698166
0.25239074,0.28927
0.19572803,0.22744493
0.22163351,0.25051248
0.29230884,0.2752702
0.2666511,0.2784185
0.24093463,0.23567434
0.24766938,0.26600313
0.2488419,0.2663879
0.2511021,0.26792648
0.23990795,0.25576183
0.27981657,0.26853985
0.25692073,0.24344346
0.26543808,0.26789582
0.28351173,0.30734223
0.23751877,0.2544031
0.27382612,0.29489017
0.2656339,0.27916667
0.23035108,0.21435775
0.21903668,0.20551345
0.22618644,0.22017677
0.1990123,0.1963118
0.22522815,0.22588335
0.2137519,0.21059246
0.19757758,0.19822127
0.2605527,0.2553438
0.2230396,0.22394887
0.23427354,0.2293725
0.18867537,0.20428735
0.22040607,0.23984343
0.2267129,0.22435758
0.21943162,0.22340477
0.22680023,0.22950123
0.2685079,0.280725
0.2788173,0.2636265
0.22662708,0.22984235
0.19180751,0.19249989
0.1822469,0.19053991
0.19860637,0.23065531
0.1953443,0.1925765
0.1992512,0.19402699
0.2015385,0.19510147
0.22900695,0.21667017
0.20965092,0.20597476
0.19157512,0.20984705
0.20363359,0.20522784
0.216805,0.22120354
0.22279479,0.22302724
0.2140853,0.24037358
0.21157509,0.24946131
0.18024834,0.20244692
0.23692912,0.25418985
0.24721855,0.26140943
0.19383799,0.19437192
0.2767091,0.3022875
0.1955316,0.19228011
0.2714092,0.2601909
0.19939777,0.18630895
0.24841477,0.2344947
0.20244692,0.18024834
0.24277104,0.24438947
0.27621058,0.2802989
0.26144418,0.2905968
0.27231026,0.26947945
0.25421154,0.28939077
0.275413,0.27675414
0.21330863,0.22029538
0.2718097,0.29375243
0.20827207,0.25245973
0.24464336,0.22820638
0.22154135,0.20857379
0.24474728,0.22823034
0.2002766,0.22857472
0.21310607,0.25274894
0.21069077,0.24893272
0.20852983,0.1909736
0.2054552,0.23770791
0.22473426,0.21741095
0.19763279,0.24373041
0.21828288,0.22092496
0.17710371,0.19540642
0.18640268,0.16804197
0.17011927,0.19485535
0.22546254,0.22276217
0.19479191,0.20336658
0.20985712,0.25269133
0.22224545,0.24646151
0.22724451,0.22643627
0.21206252,0.24763694
0.24743108,0.22024506
0.23284775,0.22963119
0.24661016,0.24682052
0.24418078,0.2389042
0.23964638,0.23669828
0.2410268,0.24758685
0.25843608,0.2534207
0.19680913,0.19919111
0.20506373,0.19705012
0.21556751,0.2269477
0.19491918,0.20353138
0.22754197,0.22050127
0.21691114,0.22054513
0.22736669,0.20967261
0.22187641,0.20619853
0.30150557,0.31402478
0.27695084,0.30060816
0.2676835,0.30081707
0.22005463,0.22331263
0.29866347,0.28653473
0.22774251,0.21550286
0.2261511,0.25750566
0.26140895,0.2697553
0.2780389,0.2711708
0.27226788,0.27599433
0.25724858,0.27420205
0.1836416,0.23444498
0.23224425,0.27571404
0.24425371,0.24871412
0.27097383,0.2732693
0.25185063,0.24899687
0.287585,0.28954253
0.27683127,0.27067262
0.29107177,0.28314948
0.19039348,0.20858411
0.14791556,0.14851189
0.17607726,0.16959606
0.22887795,0.21930976
0.21622305,0.23176672
0.24796596,0.25094256
0.19695622,0.20315067
0.21260202,0.25571668
0.20458491,0.24654086
0.20230158,0.24999255
0.22507864,0.19490916
0.15949333,0.14291307
0.18790492,0.17299424
0.22085714,0.19210213
0.2101573,0.20226382
0.24004571,0.2176404
0.24375874,0.22801045
0.19533786,0.18700176
0.2250846,0.21369387
0.24759562,0.22208782
0.19925967,0.18798414
0.2149934,0.25247216
0.19826151,0.21694376
0.2263737,0.24556641
0.2200672,0.2529529
0.25133002,0.25048447
0.20932087,0.2022516
0.18643615,0.20072377
0.21295789,0.21901965
0.2223888,0.21799839
0.28416872,0.26671
0.26854208,0.28654295
0.25352848,0.28864095
0.26427165,0.27182496
0.3011347,0.3047827
0.2622791,0.26123372
0.29604334,0.29696494
0.25130534,0.264003
0.24502233,0.2544058
0.25686628,0.25922227
0.23306422,0.24295643
0.23798391,0.24588406
0.24095362,0.23731056
0.32301825,0.32316196
0.28194717,0.28756127
0.28131577,0.28262794
0.27733016,0.27320132
0.24316506,0.24368489
0.24395983,0.24575558
0.27232954,0.2762661
0.27508134,0.27210236
0.21563482,0.23024964
0.2390498,0.21607733
0.22571753,0.24250133
0.27148625,0.27573478
0.22219187,0.25237626
0.1969847,0.23486
0.19508383,0.23181997
0.19895685,0.18302661
0.23535857,0.21198083
0.22322331,0.22583303
0.18462461,0.1994839
0.22309145,0.22658587
0.23119149,0.20751314
0.2790785,0.29849008
0.2187998,0.2563942
0.27570647,0.26565892
0.2841869,0.2924738
0.27916437,0.28825128
0.21583144,0.21262191
0.26005912,0.2633834
0.25865144,0.25603557
0.2128507,0.21346055
0.22491688,0.1958241
0.21069156,0.2141619
0.22506788,0.2532237
0.21014348,0.2041808
0.19485016,0.20807886
0.2704904,0.27341062
0.30955034,0.32039356
0.22811893,0.21796513
0.21382076,0.19430332
0.2643997,0.25648883
0.27915242,0.2719317
0.2019887,0.19956438
0.2537858,0.2633263
0.21931833,0.22959337
0.19747382,0.23164797
0.18730956,0.21895501
0.2884597,0.29057634
0.29575443,0.288982
0.2764753,0.2717735
0.2792917,0.2753183
0.22893798,0.25696126
0.20872375,0.21757849
0.2194001,0.2100337
0.23201405,0.19442445
0.2144458,0.22294514
0.2222194,0.22795941
0.21306007,0.19148457
0.2200184,0.20389639
0.23274177,0.2099875
0.23074201,0.2078463
0.2088325,0.21419443
0.2240317,0.22635198
0.20540847,0.21814233
0.19609058,0.20752846
0.20960887,0.21817493
0.24043506,0.23955488
0.23898804,0.23776712
0.29779837,0.27489218
0.29243484,0.2658356
0.29263866,0.28169423
0.29808137,0.27013883
0.2658356,0.29243484
0.2712316,0.2957398
0.28187653,0.3250359
0.24587825,0.25255385
0.21618623,0.22030179
0.20227014,0.20575449
0.21012127,0.21503034
0.20500991,0.20193823
0.2760117,0.30509984
0.29587203,0.3062458
0.26435775,0.29721302
0.29911196,0.26472554
0.30041426,0.25954682
0.3062458,0.29587203
0.194911,0.18008205
0.18932882,0.19266616
0.2470049,0.24206223
0.23912235,0.25370204
0.23182143,0.26371127
0.25940225,0.27280283
0.27597296,0.2617709
0.24818248,0.27342665
0.244133,0.2748072
0.25238597,0.276675
0.2455239,0.26875517
0.27074578,0.25168192
0.2748072,0.244133
0.27065796,0.2542914
0.22667626,0.2467714
0.25117612,0.24020657
0.26921737,0.26527628
0.260832,0.26585644
0.22848853,0.2497691
0.29479125,0.28379965
0.26219946,0.29344943
0.30317912,0.31308848
0.23889945,0.24289663
0.2853746,0.28820187
0.23944621,0.23832795
0.2903332,0.30434465
0.23490034,0.23765583
0.23551232,0.24244972
0.24717508,0.24063665
0.2957738,0.28906813
0.31128418,0.30426955
0.29104024,0.29660648
0.30758277,0.31341428
0.19165084,0.20134522
0.1982353,0.19003414
0.24470031,0.2617792
0.26489747,0.28463888
0.27118412,0.2881073
0.28130698,0.27888542
0.2593152,0.25428826
0.29013735,0.27063075
0.2832924,0.27364683
0.268057,0.2535641
0.25066334,0.2675544
0.22495349,0.23571214
0.2726092,0.27442178
0.24825838,0.2601416
0.2550193,0.24764895
0.24691164,0.27833182
0.21211484,0.1931944
0.26814002,0.25037667
0.27998498,0.26144344
0.25897366,0.27133012
0.22537316,0.20921402
0.21791609,0.22542152
0.28468072,0.2939415
0.28622982,0.29093647
0.28009108,0.28913918
0.19151261,0.19198872
0.19471109,0.18772234
0.2106877,0.23601711
0.19401799,0.1827989
0.19303441,0.17012002
0.23429477,0.21999794
0.24204622,0.24614051
0.18840848,0.1890365
0.20276722,0.21560061
0.18256319,0.18080622
0.22423683,0.23249365
0.22755729,0.1986304
0.24855804,0.23461604
0.24096113,0.26201564
0.23833361,0.23609306
0.23883334,0.24208605
0.2901948,0.28241265
0.29156655,0.28218755
0.26714924,0.27109647
0.23432072,0.2295452
0.25821352,0.2632019
0.2743479,0.28233933
0.22189999,0.24044849
0.21418838,0.2445778
0.21974966,0.22838031
0.1920575,0.22624034
0.2478267,0.25314814
0.28376317,0.302638
0.31127733,0.2904808
0.24406964,0.23774898
0.2879179,0.2855152
0.2531569,0.24656239
0.27558964,0.2985343
0.22624004,0.2608027
0.30467045,0.31094086
0.24302608,0.28625104
0.23260586,0.21389763
0.23843491,0.2213085
0.28808904,0.29185057
0.23602447,0.23975803
0.2203356,0.23327552
0.22640508,0.24960016
0.24136968,0.2249266
0.20583661,0.23834097
0.21844807,0.24929552
0.27313742,0.27698153
0.27719885,0.26821122
0.29712284,0.29714772
0.28796506,0.29512945
0.25055665,0.25588703
0.23565952,0.23337153
0.25026673,0.25785792
0.27577627,0.2907902
0.237961,0.23696467
0.25660872,0.25663185
0.27500007,0.2803932
0.26580378,0.26462942
0.27600977,0.27632463
0.25399575,0.25685775
0.26477876,0.27333093
0.19702114,0.21041204
0.203263,0.20596969
0.17752346,0.20250316
0.23376906,0.23897581
0.21713343,0.24044064
0.23947066,0.20151827
0.2138049,0.19642109
0.20842549,0.17524844
0.22033243,0.19967872
0.2152188,0.19639036
0.2278325,0.22230448
0.2030409,0.19965899
0.20769294,0.22296038
0.1876658,0.21721746
0.18733141,0.22411588
0.22442976,0.21838099
0.28735557,0.27708843
0.25861478,0.25501746
0.24569558,0.23692828
0.23726821,0.24288787
0.27329916,0.26424202
0.27086914,0.28548366
0.26497003,0.27374655
0.2604893,0.2786356
0.22023702,0.22820723
0.27507055,0.2626944
0.2560013,0.26031816
0.26538032,0.27613044
0.23944412,0.27846998
0.2523316,0.25842604
0.27461645,0.2783395
0.27861524,0.29157153
0.2765488,0.27640164
0.2892567,0.28055742
0.24736223,0.2476376
0.247978,0.23406571
0.23084795,0.2484797
0.20859267,0.20536041
0.18708767,0.18588026
0.20156357,0.20586146
0.2510483,0.25416148
0.20688963,0.20843823
0.22204727,0.22652806
0.25695714,0.25605685
0.22937462,0.2179684
0.19412574,0.19027129
0.20942421,0.20192212
0.20969202,0.21124862
0.2201868,0.21211882
0.2608617,0.28391093
0.21090852,0.21093391
0.20851666,0.20894623
0.25668317,0.25904953
0.27034628,0.2716816
0.27264622,0.26835614
0.2585582,0.26182163
0.24168214,0.23665038
0.24220653,0.2448933
0.24473901,0.23450336
0.23606919,0.2428769
0.24961534,0.25679556
0.2699268,0.3044275
0.24580933,0.25082648
0.21475007,0.29322222
0.2313253,0.2546084
0.291072,0.29337507
0.29049224,0.28931177
0.2327972,0.2695762
0.24287568,0.23096374
0.23899277,0.22594903
0.2411966,0.23841819
0.22199255,0.22255415
0.2963425,0.29736573
0.28151432,0.28195584
0.30432427,0.30633944
0.2932395,0.2889229
0.21756902,0.21848984
0.22130123,0.23262586
0.27647194,0.2734922
0.22831677,0.23884778
0.2321879,0.23850173
0.24996144,0.25931048
0.2500807,0.26480752
0.2576239,0.26134393
0.23445597,0.24125275
0.21527953,0.21248099
0.23520307,0.23606566
0.2451585,0.25350416
0.2648969,0.2609421
0.21508397,0.20472196
0.25446835,0.25061196
0.20902821,0.21421504
0.20080155,0.2137356
0.24194272,0.2617624
0.25955954,0.24424767
0.23519783,0.23779722
0.22255945,0.21435007
0.24060957,0.23730308
0.21952173,0.22271034
0.2613709,0.28018942
0.2792519,0.26446244
0.27529994,0.26749912
0.2251528,0.23038672
0.25310767,0.25578034
0.22633213,0.22866054
0.22386281,0.25269955
0.27388057,0.28182453
0.2465864,0.22212361
0.25702143,0.256871
0.18249275,0.18133081
0.18171617,0.18664712
0.26153064,0.24443504
0.24143267,0.2385679
0.20089553,0.23008958
0.2448335,0.24853422
0.23023498,0.26346105
0.28190708,0.2923287
0.29819986,0.28618488
0.29856372,0.29426867
0.29574502,0.2958355
0.2374545,0.25101525
0.22639781,0.23289284
0.19442637,0.20236844
0.23756151,0.25100288
0.23507972,0.23017442
0.28284732,0.2872016
0.29433954,0.28681934
0.30470964,0.29428738
0.2510874,0.24951807
0.24112782,0.24598604
0.25987303,0.28128546
0.2547504,0.24879615
0.22353277,0.21783924
0.25139228,0.25378862
0.22222278,0.22364408
0.2643001,0.25681132
0.25371835,0.26795042
0.25395393,0.25600198
0.25518563,0.2593966
0.23775738,0.26620647
0.198228,0.1893556
0.18774289,0.19741519
0.25429127,0.24794313
0.27470687,0.28108817
0.28120154,0.29232687
0.22637506,0.2511729
0.2948215,0.27734366
0.1791265,0.18047604
0.20039149,0.19876732
0.18420525,0.18143506
0.1987102,0.19581199
0.19613065,0.19236207
0.28069192,0.29260558
0.22921172,0.24139014
0.26284942,0.2669598
0.19539489,0.1856783
0.25148606,0.23709342
0.2649822,0.27065754
0.24245846,0.2486713
0.26996195,0.25879142
0.2468634,0.23326194
0.2469249,0.24716352
0.24378642,0.23180443
0.22930747,0.24306838
0.23780918,0.25205582
0.23326194,0.2468634
0.24015012,0.24759686
0.2209335,0.28501558
0.28811878,0.2901259
0.27418405,0.27547008
0.2908082,0.2892754
0.2719071,0.27699798
0.26609433,0.27024227
0.2701828,0.2692016
0.29317418,0.29616654
0.259534,0.26517087
0.271876,0.2729256
0.24852344,0.26164994
0.26118922,0.2603662
0.3050241,0.30005807
0.26545143,0.26440948
0.2870024,0.28375602
0.2639757,0.26427364
0.28157005,0.28139758
0.27470788,0.3021602
0.2660707,0.25515527
0.2833753,0.2898469
0.26841417,0.2719374
0.2699955,0.2811243
0.21574692,0.25236106
0.18780708,0.18861654
0.18288174,0.18058103
0.27636582,0.27212113
0.22197285,0.22192916
0.2253888,0.22414473
0.21298987,0.21747562
0.22930488,0.23208642
0.21019933,0.20492011
0.2073462,0.20986426
0.23529479,0.2326293
0.24404775,0.23680077
0.23410757,0.24772313
0.2363374,0.26953265
0.25394937,0.26231033
0.27871013,0.26532516
0.26264432,0.2589921
0.27100784,0.3168829
0.21349849,0.22185734
0.22221859,0.21230724
0.21581748,0.22280878
0.22421534,0.2272915
0.22260833,0.19555953
0.22757658,0.21483245
0.20984541,0.18578708
0.21830386,0.2078062
0.19414203,0.1755526
0.17881836,0.18757975
0.1829172,0.20813471
0.2278972,0.29289946
0.16946648,0.20029536
0.23314033,0.2689523
0.2085766,0.21538615
0.23324639,0.2167148
0.24068865,0.23615302
0.17729667,0.206257
0.22683558,0.23931797
0.2354787,0.237624
0.19092435,0.20001076
0.22729258,0.26581287
0.20853655,0.19249412
0.2521451,0.24234912
0.2505862,0.23949464
0.22763169,0.230412
0.2882362,0.27689338
0.28089604,0.28353578
0.23949464,0.2505862
0.2406349,0.27327883
0.24387605,0.26869127
0.26869127,0.24387605
0.29733646,0.28019628
0.29507548,0.26930618
0.26930618,0.29507548
0.28160948,0.29302996
0.1900255,0.21580912
0.22833881,0.26093587
0.26113576,0.2927614
0.2319755,0.21695024
0.18943578,0.16938797
0.20122957,0.22995168
0.16432478,0.18899257
0.27861673,0.28114086
0.23252296,0.23344342
0.2692833,0.26562554
0.27795285,0.28169566
0.28076482,0.2731814
0.2336956,0.22816178
0.21244648,0.21847631
0.20876516,0.21452865
0.21897045,0.23756073
0.2746171,0.25494418
0.22380087,0.22593607
0.22505368,0.22807002
0.25676948,0.2757346
0.23687121,0.25252664
0.24578117,0.2376097
0.2541007,0.24999309
0.22507827,0.21721461
0.2425589,0.2561801
0.2509316,0.253067
0.21314122,0.22413692
0.2579509,0.26120207
0.24973133,0.25466335
0.24912593,0.25904846
0.2660783,0.2667839
0.19377021,0.21540384
0.21413726,0.20527625
0.15251692,0.16036114
0.28246814,0.28411093
0.24814571,0.2576485
0.2607382,0.2526476
0.28218168,0.28076825
0.25024658,0.24871185
0.2520991,0.2582075
0.1829746,0.19249447
0.21568131,0.21549393
0.19175343,0.185343
0.26675096,0.27160951
0.2314681,0.23366635
0.24983898,0.24843645
0.2693913,0.2710627
0.25275475,0.2527581
0.24868152,0.24933276
0.2700193,0.27006152
0.23925027,0.23252097
0.27097195,0.27095985
0.25301975,0.25207737
0.17583853,0.21137439
0.20096269,0.21158996
0.2807544,0.27982697
0.21826884,0.21786033
0.21140112,0.2139124
0.24961966,0.25510007
0.26859355,0.26732254
0.2498079,0.24284863
0.17600308,0.18176351
0.2337421,0.22271135
0.27500984,0.280227
0.2789161,0.27908358
0.22342904,0.22869399
0.23715517,0.26357323
0.26950508,0.26546094
0.21185005,0.24045382
0.20677479,0.22723597
0.2141778,0.23085022
0.22635049,0.23824975
0.24380456,0.21045387
0.24076194,0.2101274
0.24446367,0.26299414
0.25940046,0.27398118
0.26339236,0.25207385
0.27327338,0.2512135
0.17754005,0.18373594
0.22228548,0.22854997
0.23096004,0.25043336
0.21371621,0.20536478
0.24153657,0.24033624
0.20915711,0.23175044
0.22558278,0.23229483
0.19921681,0.18872859
0.2247687,0.22102839
0.23004022,0.22388962
0.22815192,0.22544831
0.22757424,0.22193755
0.22595322,0.23040769
0.21738335,0.19108436
0.18588322,0.1845189
0.18865629,0.21588632
0.20064138,0.20494016
0.25665843,0.2401954
0.22376616,0.26001754
0.23430878,0.25736946
0.24385452,0.24119991
0.28206414,0.2915651
0.25275582,0.2957208
0.28478712,0.27443883
0.28528386,0.29292643
0.28611422,0.29628554
0.2817767,0.292526
0.2930854,0.28051734
0.29215974,0.28184068
0.30439648,0.2952988
0.2996801,0.30426818
0.23476759,0.20377007
0.21637286,0.22908226
0.23225585,0.22416708
0.26582682,0.30078155
0.17430407,0.20640075
0.25241798,0.26881728
0.24965972,0.24831787
0.2507878,0.2520234
0.23986295,0.24050015
0.21612059,0.21813793
0.2118549,0.21788783
0.20764644,0.20300668
0.18968892,0.17769913
0.26432782,0.26691478
0.17763595,0.19261332
0.26784444,0.25580248
0.2524783,0.2679126
0.25954616,0.27092904
0.27498448,0.26688087
0.2493769,0.25289965
0.2611467,0.25466937
0.2316716,0.24898835
0.24971694,0.24543743
0.26236147,0.27704692
0.22498073,0.22839051
0.26091963,0.2667264
0.22790729,0.23314323
0.24561003,0.2676815
0.26068693,0.25821984
0.26643,0.26353762
0.29635972,0.3147921
0.28595093,0.29079217
0.28628218,0.29360583
0.25167125,0.2505612
0.24000064,0.25464794
0.24303345,0.24826051
0.25313473,0.23673886
0.23568812,0.23975974
0.22086403,0.23564634
0.2533796,0.22096016
0.2727129,0.2438166
0.2508492,0.24764471
0.24677977,0.26305422
0.19306546,0.19740275
0.2648334,0.24533346
0.2535123,0.26246676
0.25431824,0.25731176
0.26945686,0.27815717
0.19665152,0.19071999
0.25474197,0.26454246
0.26233017,0.24544632
0.27489263,0.26018655
0.19003394,0.18238224
0.18949863,0.19601539
0.18539944,0.19391029
0.26135555,0.26093405
0.24927227,0.24411732
0.24703062,0.24969214
0.2201485,0.23915511
0.23806727,0.24475059
0.24475102,0.24447843
0.23628846,0.2235267
0.24152614,0.23895144
0.23101008,0.24103644
0.29432452,0.27698457
0.29875037,0.28210992
0.23387945,0.28287637
0.28286096,0.29887325
0.28210992,0.29875037
0.24314801,0.28268284
0.25148818,0.26087415
0.21537846,0.21986008
0.21733427,0.21336617
0.20138112,0.20184247
0.19516917,0.19833705
0.17511787,0.16749203
0.16947553,0.17379157
0.23695469,0.22143364
0.22529279,0.23175892
0.25315645,0.25099722
0.26589093,0.2633658
0.24600935,0.26359972
0.22435148,0.23717283
0.23142967,0.22676708
0.21865429,0.21782157
0.2146555,0.20970424
0.27032608,0.2641348
0.20717888,0.22770478
0.20737669,0.2176694
0.24653006,0.26912928
0.2619838,0.25372577
0.21990728,0.22411895
0.25056672,0.24934787
0.2352358,0.24382308
0.26511294,0.2635193
0.26787663,0.27019107
0.251973,0.26371503
0.25971287,0.26643777
0.25277466,0.26051885
0.24261266,0.2602504
0.2385099,0.2406883
0.21403882,0.23916906
0.25766557,0.2474754
0.25164524,0.26525745
0.21035913,0.22470017
0.25129697,0.25659442
0.22470017,0.21035913
0.2427193,0.24572337
0.23407799,0.22574098
0.2598513,0.26929712
0.23864304,0.24680263
0.2682575,0.27416965
0.25869295,0.25824785
0.25103635,0.2531236
0.2615282,0.26567462
0.22298476,0.24700883
0.18049102,0.22065972
0.19239019,0.20406039
0.2458239,0.2956572
0.18452685,0.18569057
0.23206878,0.24398252
0.20588134,0.21965416
0.20916922,0.18847947
0.25501758,0.2571697
0.18560243,0.19144411
0.18479607,0.22486795
0.26457152,0.24002409
0.24126261,0.23725808
0.25497705,0.24753106
0.23178223,0.2519186
0.1524803,0.18224324
0.21832064,0.19786367
0.26727977,0.2701516
0.20419228,0.20549138
0.24721767,0.2588601
0.24882972,0.23065439
0.26866773,0.24855666
0.23730886,0.23934956
0.2616165,0.21617013
0.22533005,0.25649017
0.26488453,0.28854126
0.21617013,0.2616165
0.28307974,0.29977593
0.2814631,0.26161444
0.25649017,0.22533005
0.19097397,0.18073076
0.1802594,0.17894219
0.20679586,0.18792982
0.1668151,0.18050565
0.18510048,0.21480243
0.19351637,0.21922788
0.20630094,0.19256163
0.1766121,0.18539977
0.2800337,0.2774483
0.23656961,0.25232133
0.27889562,0.2726097
0.2490153,0.2395195
0.18767348,0.22000036
0.22667794,0.20092328
0.20798603,0.21197261
0.20207736,0.20644851
0.21384072,0.22277929
0.20644851,0.20207736
0.28460678,0.27910447
0.27150446,0.2909788
0.2651669,0.26707563
0.2686423,0.2990356
0.2617621,0.29983854
0.23448493,0.22256781
0.2587121,0.26934606
0.22303498,0.23588979
0.23875628,0.25636286
0.24504244,0.27310902
0.22185701,0.24303897
0.22547369,0.23396865
0.24523865,0.2588685
0.2423931,0.23455364
0.18924344,0.19078702
0.22896077,0.22539033
0.1932562,0.19153062
0.21636593,0.2227353
0.1994884,0.20070598
0.20101218,0.20308533
0.22228308,0.21780232
0.22421707,0.23150973
0.2305941,0.2252115
0.23157904,0.2370562
0.21848622,0.23160434
0.25206766,0.25395748
0.21702531,0.23548052
0.24880446,0.25301522
0.19751236,0.18003137
0.19147459,0.20008516
0.22921288,0.23133354
0.2280885,0.23226465
0.18013151,0.20370553
0.21334308,0.19520831
0.24447674,0.25211605
0.18529807,0.1957711
0.2483745,0.23754676
0.19621627,0.18449071
0.2365191,0.24444936
0.28922245,0.2764311
0.2777138,0.29425585
0.25702107,0.22430745
0.21004781,0.25974244
0.22309984,0.24874908
0.25475758,0.23603602
0.28314498,0.28469414
0.2692579,0.25214094
0.25719744,0.2675596
0.24307379,0.25602192
0.25592393,0.25167587
0.23506644,0.239119
0.23914877,0.23655576
0.23665181,0.23079659
0.23355997,0.23389246
0.2550702,0.2481698
0.24491727,0.25277877
0.2070949,0.22493492
0.2301713,0.21348542
0.24823684,0.22836027
0.24652062,0.24748361
0.2470834,0.24007437
0.29132256,0.30571458
0.22626647,0.22701496
0.22340062,0.2268278
0.30073908,0.2843343
0.23975544,0.23736013
0.21944001,0.22774705
0.27956396,0.2729033
0.28989,0.30054674
0.27686247,0.28498656
0.24267013,0.25198486
0.22993413,0.22689953
0.3094856,0.29014695
0.24879389,0.23759007
0.21347736,0.23855111
0.1953261,0.20932195
0.23075564,0.25142124
0.2476139,0.27702603
0.22709179,0.25550282
0.2511489,0.24808107
0.25039458,0.22725044
0.24240728,0.22588985
0.24206448,0.22572976
0.22588985,0.24240728
0.22217748,0.23975435
0.23740321,0.24014851
0.2820959,0.28773293
0.2707939,0.26259464
0.24505296,0.23864561
0.28485683,0.26450816
0.2914818,0.2847651
0.26435947,0.2739415
0.26835495,0.27600905
0.16836771,0.19023384
0.20311111,0.21950175
0.22183399,0.22219265
0.16836771,0.19023384
0.252037,0.2586584
0.23043977,0.2520821
0.26714268,0.2505024
0.20965056,0.25497258
0.23730166,0.25365636
0.26130494,0.28647822
0.26229206,0.26471373
0.27295327,0.25282377
0.26007205,0.26478302
0.2529133,0.25773528
0.2261317,0.24913466
0.258465,0.25338653
0.2643401,0.25991642
0.19697618,0.19104193
0.19507205,0.20199233
0.2785977,0.28823546
0.24966413,0.26318344
0.26549202,0.28269163
0.27726048,0.2840527
0.20499328,0.20596243
0.27555734,0.30507421
0.2851838,0.29678845
0.28905413,0.27868116
0.2928213,0.27768606
0.28269163,0.26549202
0.28328007,0.27430043
0.20519531,0.2009095
0.31132036,0.2886545
0.28731862,0.27797255
0.28526908,0.2938108
0.20664616,0.24804142
0.22595532,0.22349182
0.17036882,0.1541053
0.2234618,0.22744298
0.15565106,0.17217652
0.18182142,0.1644227
0.21637659,0.18993284
0.26742247,0.29386422
0.19337365,0.20380808
0.1747198,0.17407802
0.25165072,0.27808118
0.26445365,0.26433176
0.18315399,0.18587326
0.26056474,0.27039042
0.1861887,0.18187466
0.21809034,0.24216092
0.20028223,0.23099348
0.23274656,0.24968994
0.2399777,0.24168321
0.23186791,0.23582685
0.2116823,0.2024958
0.23597506,0.23124877
0.23867399,0.24414337
0.24738917,0.22953174
0.20578757,0.21616048
0.2749713,0.27958646
0.27006945,0.28144124
0.265016,0.2659403
0.18074208,0.1746094
0.26314652,0.25882152
0.2811193,0.2671059
0.17586446,0.18160598
0.22830798,0.22641273
0.24354053,0.24812584
0.24654433,0.24368465
0.25674233,0.24292043
0.24387181,0.23821966
0.23786269,0.2402898
0.24215463,0.25098366
0.24902768,0.2511523
0.22196852,0.22591576
0.20235091,0.21796897
0.24017599,0.2484039
0.24738605,0.22996312
0.26035917,0.27505043
0.2730428,0.26021373
0.26956642,0.25705606
0.2514136,0.23859777
0.24537832,0.24296507
0.23859777,0.2514136
0.23636831,0.24359779
0.25298867,0.26896873
0.23546515,0.23183694
0.24962437,0.2359968
0.23628695,0.24192083
0.25273937,0.2581308
0.2552942,0.25101492
0.2857853,0.31458122
0.25773323,0.3229205
0.20062527,0.21628901
0.21728948,0.21241172
0.22987852,0.24148162
0.23941015,0.22799295
0.23246619,0.24160303
0.24114843,0.230545
0.23461214,0.23919307
0.23251918,0.24293892
0.21162197,0.21757995
0.26881075,0.27525777
0.26354015,0.254672
0.27368277,0.27670693
0.22758263,0.23274033
0.24599227,0.25983655
0.26817667,0.26356488
0.24058291,0.23812225
0.25979203,0.2411614
0.19707267,0.19690055
0.25941786,0.24769367
0.2021009,0.21122493
0.20241195,0.20983543
0.23124702,0.24582338
0.20592798,0.23578247
0.2411614,0.25979203
0.213894,0.23732379
0.21122493,0.2021009
0.20062806,0.18705963
0.28653076,0.32614756
0.24422874,0.25612086
0.25940752,0.24584362
0.2243783,0.25366607
0.17451394,0.18136938
0.20634796,0.20297782
0.24177587,0.2349477
0.19756511,0.20482181
0.20760809,0.21405357
0.20682934,0.20715626
0.22042994,0.21852233
0.21933365,0.21570505
0.26770246,0.25611714
0.22202632,0.21935475
0.25305107,0.26736507
0.24686062,0.29267985
0.24326478,0.24314876
0.19154936,0.20022678
0.23949032,0.23253518
0.21298674,0.2146788
0.24265715,0.24270967
0.21821365,0.22517994
0.20720193,0.20867893
0.21466072,0.20124003
0.21186388,0.19544262
0.18232408,0.17340857
0.2750762,0.31284207
0.28185478,0.31987947
0.32149065,0.33943534
0.26547217,0.25896254
0.31284207,0.2750762
0.25613734,0.26530924
0.34100547,0.3371114
0.28943658,0.32005566
0.27939162,0.3155409
0.22968206,0.24219505
0.3034072,0.31333846
0.27220285,0.2772264
0.24406417,0.2388032
0.23763525,0.24620035
0.25096396,0.25562716
0.25586703,0.2683699
0.2185593,0.22875178
0.20463468,0.21087356
0.24356097,0.23646383
0.22472307,0.21534427
0.20696145,0.1990408
0.22703145,0.23837289
0.2606552,0.26722696
0.26631102,0.26184556
0.24976891,0.24172074
0.28645623,0.26923993
0.24598466,0.24286416
0.2893064,0.2574043
0.27485996,0.2549284
0.27555993,0.281824
0.26271492,0.2685872
0.26843926,0.28523266
0.26192376,0.2600505
0.25599712,0.26080292
0.28045583,0.28047186
0.2800033,0.28080085
0.28283182,0.2805364
0.2800033,0.28080085
0.28045583,0.28047186
0.28283182,0.2805364
0.19763231,0.23854256
0.24970739,0.21125035
0.27396256,0.2830341
0.28253025,0.27832007
0.29630035,0.2785778
0.32794917,0.30155903
0.31909695,0.29548746
0.3004099,0.31857714
0.30280444,0.3303598
0.2658679,0.2959317
0.24282426,0.23654816
0.2685039,0.2636941
0.23307829,0.24598522
0.2598361,0.26067623
0.26189017,0.25527364
0.26658002,0.2543056
0.27038878,0.27453172
0.24369411,0.2522168
0.2412233,0.2510885
0.257909,0.27377215
0.26053458,0.2593193
0.2666341,0.27740088
0.2937909,0.26756874
0.26319635,0.32302967
0.27970803,0.30057544
0.22645998,0.27200338
0.20266142,0.22715394
0.22003336,0.22306721
0.22708964,0.21996321
0.23247807,0.24100694
0.24166715,0.22887503
0.23241031,0.24433893
0.2612062,0.27069545
0.2833016,0.27542877
0.26429912,0.26455402
0.2718747,0.28269333
0.27545992,0.27295578
0.2765968,0.2682192
0.19275858,0.21129093
0.18562686,0.20720671
0.2840215,0.27811432
0.2757774,0.27827787
0.22518666,0.2220548
0.22760327,0.23256305
0.22038318,0.23119842
0.27584055,0.30685952
0.2828036,0.28832683
0.2990257,0.2911354
0.28624022,0.28189492
0.29866233,0.30076802
0.18907431,0.25026187
0.21087551,0.20998737
0.24232516,0.22630812
0.25386974,0.28626156
0.230646,0.2428585
0.27985522,0.28838086
0.24194992,0.2478914
0.27457875,0.29411545
0.21087065,0.21208192
0.20629652,0.20352717
0.24390769,0.23823151
0.20240195,0.20505121
0.23566528,0.24798077
0.24680491,0.2409486
0.21625713,0.22033145
0.24852206,0.24316207
0.21952233,0.22184563
0.25169635,0.23989718
0.19500425,0.19768712
0.29726392,0.30354077
0.28901553,0.29942554
0.21305902,0.21152133
0.2876134,0.3177396
0.24907319,0.24162893
0.24527384,0.24539007
0.21768789,0.20518209
0.2502974,0.24852537
0.26951793,0.26758856
0.3023124,0.28004527
0.24043803,0.24767822
0.30345973,0.29170433
0.20533025,0.22228646
0.3021972,0.30970126
0.29499674,0.2929596
0.24441956,0.25923848
0.3091613,0.2995971
0.26744318,0.26142538
0.2929596,0.29499674
0.28423622,0.2821796
0.28554174,0.28430074
0.26027074,0.26707038
0.22243959,0.2205449
0.2340931,0.2257789
0.25345483,0.2630984
0.2266627,0.23545839
0.22224212,0.23320216
0.26106927,0.25869
0.2255889,0.22772755
0.20192698,0.20830965
0.26553595,0.25256264
0.2692088,0.23481098
0.20428056,0.19344892
0.18728496,0.20129316
0.20462361,0.20450781
0.22882576,0.23011726
0.23743664,0.26747352
0.27215263,0.2806903
0.25373828,0.26837397
0.23809,0.27728155
0.27691227,0.2679038
0.22051528,0.23273669
0.23396158,0.24527368
0.23827562,0.24402958
0.26482186,0.26071748
0.2031854,0.20390008
0.22480096,0.23216155
0.20629463,0.21259068
0.22480446,0.22820917
0.28727278,0.27295902
0.17116213,0.19973752
0.2721998,0.28764486
0.2511168,0.24832818
0.29676023,0.2769919
0.23873903,0.27253085
0.27446368,0.2919467
0.25046417,0.26779285
0.20767723,0.22572926
0.21096879,0.22694558
0.21644445,0.23122324
0.27058956,0.26877937
0.19863434,0.19575167
0.28469673,0.29725438
0.2639448,0.27596372
0.22541502,0.22406593
0.19828272,0.1966582
0.26894075,0.26091138
0.31404328,0.3158946
0.27225536,0.24536401
0.26915205,0.236723
0.22890256,0.2993818
0.23298383,0.29482478
0.23547475,0.26617238
0.26552823,0.26827347
0.2830935,0.29256257
0.27541655,0.27556968
0.27304667,0.2842062
0.27668315,0.28004768
0.29782143,0.28720367
0.2858687,0.27884972
0.21544625,0.22921227
0.23439772,0.22523706
0.2981789,0.31390938
0.27714086,0.2840249
0.29752463,0.2826416
0.2776398,0.28735706
0.20763414,0.20747238
0.21003553,0.21017548
0.29499808,0.29078558
0.2726762,0.26985428
0.25605097,0.25423178
0.30537134,0.3016764
0.30752796,0.30800927
0.22409627,0.23883818
0.32358223,0.3326285
0.26263392,0.27876276
0.23582149,0.25115132
0.3314681,0.32736343
0.25116676,0.2565556
0.3067076,0.3039007
0.30510497,0.30556685
0.19901678,0.23187862
0.20560026,0.27431703
0.25150475,0.27738082
0.26665083,0.2802734
0.2482441,0.27037364
0.24981426,0.26890823
0.26853722,0.25766447
0.28385186,0.2759701
0.25635707,0.25398812
0.25013658,0.25952476
0.21493693,0.25382718
0.18162651,0.2424464
0.32038555,0.3289439
0.3152337,0.32526624
0.24589072,0.2800671
0.30639338,0.31702313
0.2829525,0.25472707
0.24856341,0.22665755
0.27674764,0.2559569
0.26896045,0.2831095
0.25812113,0.2813929
0.31702313,0.30639338
0.32526624,0.3152337
0.26063535,0.26782584
0.24969628,0.26526356
0.2617545,0.26691508
0.2668423,0.26044545
0.21039094,0.23009092
0.20153439,0.20584548
0.22528926,0.21924305
0.22807139,0.22195913
0.2667872,0.275334
0.19590123,0.2028315
0.26330066,0.24630879
0.20818649,0.22652262
0.2656507,0.26051986
0.24462159,0.22934857
0.23504615,0.24470071
0.2576543,0.25524595
0.2548502,0.2546546
0.2479946,0.2506547
0.26807296,0.2632947
0.2773098,0.28364736
0.25441557,0.2593723
0.25572354,0.26968947
0.2075749,0.20116712
0.20396939,0.20655277
0.26025873,0.24561937
0.25022084,0.23740408
0.21800281,0.22685066
0.2050646,0.22497645
0.22060445,0.21204251
0.23313698,0.22519338
0.2290133,0.24235757
0.21386948,0.21492425
0.21526332,0.21618848
0.233083,0.22195058
0.2523536,0.25322974
0.25799546,0.2614517
0.2547813,0.25736082
0.18182541,0.18834382
0.18898991,0.18192625
0.2640908,0.2630368
0.25994053,0.25611836
0.2303909,0.2185931
0.21744277,0.22256373
0.1705504,0.16688663
0.17619514,0.1976451
0.20077653,0.22540347
0.17636402,0.17314638
0.26573762,0.25638676
0.26091522,0.25443107
0.24894586,0.24484393
0.24719357,0.26083133
0.23346981,0.24651575
0.23168078,0.2459611
0.23451161,0.23833779
0.22664553,0.22776054
0.24613002,0.23837264
0.237594,0.23592374
0.24056849,0.23961173
0.22399133,0.22438927
0.23461983,0.23310171
0.23391145,0.25255927
0.23635396,0.2542206
0.26368842,0.26954657
0.21097417,0.2176642
0.18371028,0.20749763
0.22847575,0.259287
0.21731271,0.22761618
0.17662281,0.18143451
0.2419592,0.2340176
0.22706598,0.21416953
0.22263776,0.22624615
0.22688285,0.22594585
0.23303734,0.24143787
0.22971934,0.2243162
0.18776886,0.17434534
0.22613212,0.23258258
0.18495457,0.1900414
0.2659086,0.28147897
0.24839967,0.25296053
0.27462813,0.26214442
0.19644517,0.1893422
0.28848112,0.28578937
0.29270956,0.2900935
0.22682934,0.26046187
0.23176792,0.26908317
0.17161663,0.18444632
0.18566407,0.17119417
0.23576392,0.24607831
0.24753046,0.22932476
0.28800556,0.27711794
0.21790825,0.21251124
0.29282132,0.29301518
0.20969078,0.20456092
0.2882384,0.29696456
0.27884257,0.29610178
0.30140075,0.30805084
0.28437808,0.28473455
0.30585474,0.2927848
0.20227247,0.21166083
0.2132881,0.21765353
0.26610896,0.25567535
0.2601351,0.27678567
0.2906841,0.2955881
0.2901245,0.2849838
0.26953954,0.29656285
0.25562042,0.29337525
0.28768256,0.28149974
0.27545398,0.28138742
0.28047758,0.29917347
0.2797352,0.2963782
0.25816065,0.25878876
0.3128375,0.32204568
0.31550795,0.307991
0.2486385,0.23836768
0.235762,0.22907107
0.2352533,0.22861657
0.2406743,0.24865077
0.24166878,0.23602188
0.23592407,0.23400153
0.2794521,0.29101232
0.28374842,0.27688056
0.25734067,0.23954226
0.24993311,0.25179812
0.26139474,0.24991003
0.20181735,0.20664255
0.2045052,0.1921752
0.24649614,0.26161927
0.20024754,0.19628991
0.24289554,0.25571755
0.20102564,0.21948275
0.22120027,0.19910821
0.24714842,0.25147265
0.25027564,0.24869803
0.28340447,0.28235683
0.2792071,0.2780557
0.22048408,0.21788372
0.2771361,0.27751037
0.24241266,0.2426463
0.24905112,0.23742986
0.24314506,0.2396012
0.2337307,0.24907658
0.25540006,0.2712152
0.19222562,0.1909346
0.19307119,0.18688968
0.2514455,0.25500777
0.2571844,0.25070155
0.20734115,0.22224174
0.25226012,0.27513602
0.23825404,0.25945902
0.25504994,0.27457297
0.22873983,0.24758923
0.23158269,0.22465955
0.2761402,0.2551431
0.28338727,0.24690448
0.22956537,0.22431916
0.2195527,0.23232095
0.22013332,0.20380539
0.20905331,0.22235553
0.22985129,0.25091365
0.28719196,0.28805003
0.29113638,0.28886706
0.21288556,0.23814887
0.21014099,0.22940286
0.22453019,0.238024
0.26937926,0.27704442
0.18851554,0.20682207
0.23287666,0.23151416
0.25619864,0.2644683
0.26582676,0.27217823
0.28246608,0.27259934
0.27389318,0.2683
0.27782148,0.27663022
0.2465356,0.28590986
0.19967353,0.23436457
0.24418831,0.26660332
0.23958483,0.26800284
0.21859042,0.23877239
0.2337035,0.24975133
0.24931833,0.22582631
0.2332729,0.22442748
0.22393456,0.23655209
0.27010188,0.31334382
0.23213075,0.24963284
0.2102083,0.2553827
0.2590038,0.24483567
0.24827448,0.2444441
0.26243383,0.26463196
0.2136655,0.22603661
0.26097706,0.2557138
0.21766731,0.22860539
0.26643342,0.26383635
0.25237516,0.24901058
0.2447795,0.29394618
0.23450013,0.27077097
0.2422477,0.26271343
0.22719814,0.23644136
0.24543296,0.24578372
0.23250744,0.21923012
0.23727988,0.2656444
0.23322544,0.22332579
0.24684986,0.25046104
0.21631822,0.21969683
0.21932651,0.22716928
0.19366497,0.19435292
0.22143468,0.22480962
0.2074531,0.21480386
0.17445286,0.17642091
0.17411347,0.18178354
0.19751325,0.20701803
0.22151598,0.21776916
0.21715845,0.21166682
0.22461925,0.2185203
0.22349966,0.22322106
0.201944,0.20978731
0.21306355,0.20400387
0.21768537,0.21833554
0.19224215,0.19008134
0.2150279,0.21446875
0.27026823,0.28718498
0.19868472,0.22664443
0.23321089,0.22358073
0.22288921,0.21408953
0.28213215,0.27393964
0.27596158,0.28275427
0.29195556,0.29718444
0.29873288,0.29519096
0.25631368,0.254332
0.2159592,0.22142553
0.25004894,0.2583215
0.21797858,0.21132758
0.23817976,0.23055941
0.18687354,0.1721744
0.24866098,0.24160561
0.20893809,0.21626674
0.23405856,0.24520199
0.16892517,0.18304479
0.22147374,0.23747396
0.22804965,0.27869847
0.23333083,0.26487568
0.25906092,0.26991022
0.23503087,0.20524096
0.20659925,0.22805236
0.22596574,0.25842896
0.22176746,0.25625002
0.24883865,0.22797716
0.24251592,0.22350341
0.2116191,0.1937735
0.21160129,0.20532273
0.18802047,0.19520572
0.1883474,0.22840936
0.2221261,0.25235254
0.19527185,0.19699639
0.21671288,0.23634936
0.2030393,0.20180829
0.21199632,0.20466922
0.22075814,0.21556312
0.20815678,0.23094022
0.22506171,0.26265404
0.18882611,0.21624586
0.18331432,0.21055222
0.2124609,0.18616483
0.26920414,0.25577587
0.26754367,0.26297998
0.25139976,0.26026234
0.26593506,0.28246254
0.2645807,0.25459588
0.2840844,0.276373
0.20932311,0.19445828
0.23732257,0.23610207
0.25670293,0.27506006
0.26741585,0.2590042
0.2602188,0.25509778
0.24219483,0.23191208
0.23175342,0.24009843
0.2342996,0.23769024
0.25804242,0.27592444
0.23051034,0.23732217
0.26881146,0.25201148
0.22501814,0.22113088
0.21558793,0.23800044
0.22890553,0.25347883
0.23856026,0.24044725
0.24409136,0.27755186
0.20758407,0.22338705
0.23713276,0.27121598
0.22207256,0.21946879
0.2591799,0.24352597
0.21331432,0.21049598
0.22063607,0.22886427
0.22326428,0.1950127
0.22629096,0.19679122
0.24919426,0.23759884
0.2527454,0.23534153
0.20748615,0.21576609
0.24021834,0.2452169
0.20022762,0.22754544
0.24645592,0.24727246
0.21899658,0.21885788
0.2184189,0.2136744
0.22951475,0.21612729
0.23120408,0.22156757
0.19941196,0.1985877
0.2645447,0.2358929
0.19584355,0.19911538
0.24886392,0.26571155
0.26522753,0.2817399
0.26202455,0.25483605
0.25954834,0.275966
0.26266927,0.28232974
0.25955766,0.2702942
0.22961122,0.22617719
0.24631114,0.26570648
0.2611495,0.25301725
0.25698927,0.30074063
0.22425213,0.24357396
0.25164825,0.28262883
0.24306992,0.22735377
0.24425988,0.27176747
0.19262166,0.20080645
0.2024164,0.19299418
0.26729745,0.2658616
0.25162622,0.26190808
0.25095975,0.25174916
0.2252427,0.22439069
0.25941667,0.25802025
0.21717364,0.22269724
0.17530225,0.17620562
0.18450734,0.17666192
0.22776568,0.2596444
0.2515292,0.2672029
0.20678414,0.229136
0.26472142,0.25660226
0.27889737,0.2924978
0.2665242,0.29089913
0.27075225,0.27361336
0.28497452,0.27697432
0.24598226,0.25559017
0.26089227,0.25792402
0.25932798,0.25940058
0.2829342,0.2842132
0.2885089,0.28426492
0.23579064,0.23612398
0.24526055,0.25802332
0.27569404,0.27906334
0.25691202,0.2834077
0.27821565,0.2779693
0.28110066,0.2819079
0.22471343,0.26251465
0.2837848,0.27947557
0.24035954,0.23858869
0.22924787,0.22743076
0.22009669,0.21752164
0.25689596,0.2549256
0.2566566,0.25993705
0.19061774,0.18451566
0.18423907,0.18871424
0.3338443,0.33431828
0.32920417,0.32688183
0.21693091,0.22220801
0.24378243,0.24835022
0.21600683,0.21481192
0.24685964,0.24702701
0.24041753,0.24990547
0.2534704,0.24378535
0.19804895,0.19513932
0.24699661,0.25155744
0.19313455,0.19948651
0.22407156,0.24825913
0.25154388,0.24969761
0.2860093,0.27414304
0.27715674,0.25747263
0.19674999,0.19855759
0.2784423,0.26210067
0.24293211,0.27745774
0.23806538,0.28982025
0.2626272,0.2804051
0.26246697,0.28094697
0.25161016,0.2767997
0.27045035,0.2849254
0.24827157,0.24235106
0.28398013,0.25202915
0.19795561,0.19734369
0.2863496,0.26000333
0.24226803,0.24734493
0.2386946,0.24269196
0.24630697,0.25539082
0.26781926,0.2421557
0.24726692,0.2517564
0.24732506,0.26151234
0.23816295,0.24911258
0.24283423,0.24978875
0.28467572,0.29568127
0.26458168,0.26135582
0.27774665,0.26825258
0.26458168,0.26135582
0.24911258,0.23816295
0.19308308,0.22327065
0.25155288,0.2609981
0.2497785,0.24802595
0.2531207,0.22314231
0.25892234,0.2378838
0.21973844,0.2017142
0.23121606,0.21852729
0.2224567,0.21541406
0.24480632,0.20936003
0.22886261,0.24667305
0.23811658,0.2729719
0.22134048,0.2363527
0.2406452,0.25004202
0.22573952,0.22427277
0.24139795,0.22139806
0.2594463,0.21875605
0.24549314,0.2528347
0.21696007,0.2159154
0.2556129,0.25254315
0.22454216,0.21771172
0.22206652,0.22242458
0.25244153,0.25261408
0.22581123,0.22839522
0.24540061,0.25550747
0.27883354,0.27793273
0.27257842,0.27147472
0.27440363,0.26948735
0.28063887,0.2778671
0.2524195,0.2669416
0.2623391,0.25231358
0.23101768,0.22193831
0.19479683,0.18799622
0.21819527,0.23680232
0.2527304,0.24934588
0.22727503,0.22813341
0.22874598,0.22696717
0.19532648,0.19661169
0.24846402,0.2523758
0.17952843,0.18864334
0.18566474,0.19355221
0.19698904,0.19493787
0.18400265,0.17870697
0.28725928,0.28560704
0.29517657,0.2928663
0.298195,0.30018654
0.2928663,0.29517657
0.30559725,0.29727516
0.30819726,0.29607728
0.2477561,0.26532042
0.2926087,0.29713845
0.29869652,0.2987252
0.2948126,0.28884104
0.2493438,0.23761256
0.24699116,0.25390464
0.19169883,0.18708055
0.18836275,0.1918732
0.23600107,0.2623048
0.25960934,0.27299553
0.2671615,0.24826711
0.20454787,0.2220287
0.2696333,0.2764712
0.2831295,0.26689416
0.27941775,0.26604795
0.2513794,0.24475302
0.26006836,0.25479963
0.2554888,0.2356615
0.24119788,0.25374573
0.30394995,0.31662044
0.31335595,0.31059086
0.28207642,0.27315426
0.26117563,0.27383736
0.2642665,0.27707946
0.2632708,0.252085
0.21816865,0.21578991
0.1445497,0.15385292
0.22319277,0.21980704
0.23005673,0.24698201
0.25519103,0.26601705
0.24336702,0.23818013
0.15174876,0.15174043
0.23438424,0.24079971
0.23792726,0.23124461
0.2753098,0.27200097
0.2367929,0.23949262
0.22345258,0.22034575
0.18068328,0.17585249
0.2615176,0.29474968
0.22050387,0.22971171
0.1700979,0.17706342
0.26232544,0.26340395
0.27318326,0.26930147
0.23921607,0.24142785
0.27171072,0.26726487
0.26839417,0.26880842
0.2582626,0.2663797
0.26977387,0.27149606
0.26833716,0.2586883
0.22648619,0.22734085
0.23363388,0.22714019
0.22714019,0.23363388
0.24916781,0.26747316
0.24144971,0.27727866
0.23900005,0.24688433
0.24884054,0.24093273
0.22827013,0.20241538
0.2415101,0.23474202
0.27236834,0.2664083
0.20267569,0.22109115
0.25371832,0.27043012
0.27583668,0.2981791
0.27198488,0.27198297
0.2732988,0.29949418
0.28657156,0.2971973
0.29808527,0.28488654
0.24123482,0.2454353
0.29041547,0.28140634
0.26360545,0.2685795
0.26884207,0.25885758
0.27211347,0.2814135
0.28070316,0.28456873
0.27521458,0.27522346
0.27060595,0.27803975
0.26772273,0.27434626
0.22585393,0.1927053
0.22326869,0.24448101
0.18762153,0.2260895
0.25588578,0.2612736
0.2374966,0.23976627
0.20634933,0.20183468
0.25088844,0.2831086
0.20420176,0.21185842
0.24099676,0.27941996
0.2387439,0.25530532
0.22694084,0.22260669
0.20538186,0.18979885
0.24538086,0.23287818
0.18385312,0.2069571
0.17643923,0.20175463
0.18536586,0.20103306
0.24161844,0.24078584
0.15853292,0.16182095
0.2294243,0.21736887
0.16022955,0.17188501
0.23889129,0.2529144
0.24776345,0.25088122
0.21933913,0.24828362
0.23279361,0.26628828
0.27767405,0.304971
0.2845662,0.30100837
0.24371785,0.24486278
0.18060355,0.19992983
0.2739165,0.26004666
0.28669813,0.27288157
0.25960258,0.28029585
0.24360767,0.24492519
0.27917498,0.2901399
0.24465679,0.24208961
0.24320364,0.24528518
0.21119659,0.24642245
0.25151324,0.27512193
0.268004,0.2861345
0.28380606,0.29951686
0.29352593,0.29042214
0.2013211,0.20685102
0.21193446,0.21063375
0.2756037,0.2695847
0.204896,0.20838977
0.20838977,0.204896
0.20665406,0.20936504
0.27624005,0.285294
0.28690654,0.26921242
0.29067853,0.2574626
0.24375932,0.27201906
0.23900864,0.2693726
0.26165816,0.27973413
0.24783921,0.29759264
0.29158637,0.2978455
0.20469037,0.2189768
0.23043197,0.25663704
0.20937222,0.21984325
0.21626066,0.20177977
0.25028768,0.24488877
0.22543952,0.2098636
0.24305722,0.2513423
0.19315088,0.2020335
0.2033382,0.21413861
0.21353212,0.23959419
0.20459738,0.20381936
0.20660906,0.19911855
0.25087887,0.287236
0.24607998,0.2495895
0.25517786,0.2504366
0.26813412,0.27836856
0.2488562,0.26398897
0.26109883,0.27085742
0.2535756,0.2621984
0.21222666,0.22410667
0.23164238,0.20140356
0.21991476,0.2191028
0.20352256,0.20801963
0.22349949,0.21211652
0.21215226,0.246196
0.23385617,0.21557805
0.21079385,0.21345195
0.20763466,0.2075403
0.23031761,0.27015617
0.20110428,0.2349617
0.22063549,0.27973086
0.2875188,0.27931482
0.28443736,0.27758136
0.2759982,0.26588908
0.26786193,0.27540317
0.27250206,0.2800151
0.2689625,0.28443646
0.27903074,0.27216402
0.27910608,0.26915282
0.26781026,0.26539218
0.2844516,0.2898752
0.2785317,0.2898998
0.28022483,0.2893008
0.28740704,0.29864138
0.26645422,0.24609068
0.2507192,0.24805714
0.25623977,0.24283136
0.24245813,0.23135506
0.2550681,0.27079093
0.23700482,0.23477492
0.23176868,0.23239869
0.2434666,0.2486406
0.2156019,0.22024451
0.23544157,0.23129964
0.23255512,0.23698072
0.2305058,0.23788688
0.21846415,0.21504545
0.22575352,0.24864668
0.22674729,0.24305701
0.21465187,0.20575991
0.24552059,0.23640013
0.20166188,0.2125467
0.24269341,0.23554954
0.22101183,0.21563634
0.22465397,0.2226171
0.21977225,0.22168718
0.25101444,0.24659649
0.21696165,0.21827915
0.24826616,0.25156236
0.24715756,0.25112727
0.27517772,0.28749406
0.23229522,0.23442908
0.24719515,0.21566248
0.2859429,0.28769737
0.22312486,0.25679284
0.28366226,0.28589088
0.2281572,0.24411538
0.20094788,0.1982668
0.2897618,0.35642567
0.23181723,0.2321229
0.2591554,0.25607163
0.23346707,0.23091134
0.26828066,0.27034503
0.25829327,0.2576497
0.26827836,0.26835012
0.25438884,0.25761813
0.24203539,0.24697521
0.24977253,0.24827714
0.24644777,0.22926307
0.21776235,0.20695274
0.21844901,0.20336212
0.24702863,0.23778585
0.25526664,0.2548334
0.20748624,0.2142525
0.21032177,0.21576948
0.28270924,0.2785095
0.27479905,0.27849403
0.19213231,0.1975116
0.1975116,0.19213231
0.22472054,0.26196918
0.27868548,0.3019839
0.2825245,0.31691158
0.28400037,0.31833327
0.27084917,0.31518704
0.2232412,0.20870198
0.18076535,0.18720554
0.22176789,0.20659283
0.21489696,0.20307851
0.20659283,0.22176789
0.19553617,0.18910548
0.25588715,0.23917693
0.23530167,0.22919913
0.26139554,0.23894519
0.2298843,0.23830608
0.23188183,0.24941215
0.24373929,0.25261873
0.23834716,0.24819021
0.22936463,0.2293391
0.22841713,0.23468143
0.24778138,0.2900362
0.1740998,0.17499846
0.24020444,0.24048238
0.26988998,0.29982433
0.27870777,0.27391464
0.24655975,0.2508629
0.27994373,0.2670382
0.30082726,0.2974137
0.2490303,0.27207518
0.27019972,0.26106986
0.2690034,0.28302842
0.22682263,0.22655632
0.29135144,0.29430348
0.24926576,0.25789732
0.21041518,0.25191563
0.21879017,0.26159504
0.20266125,0.20698942
0.23368478,0.22918008
0.20597567,0.19761881
0.23356965,0.23623809
0.2623533,0.26118976
0.2167545,0.23013847
0.22811398,0.23147447
0.21659935,0.27004412
0.21971595,0.2547962
0.2596238,0.2640313
0.241696,0.23268844
0.23311019,0.23311466
0.2492399,0.25257814
0.2603283,0.2560339
0.2595907,0.2638818
0.2522832,0.2445942
0.24135637,0.2524109
0.25883907,0.25773364
0.2513779,0.24890856
0.25749165,0.2603373
0.24818036,0.25102168
0.24782509,0.25511962
0.25182116,0.24886553
0.2690045,0.286278
0.27357203,0.28776833
0.286278,0.2690045
0.2599311,0.28377524
0.26874945,0.26566362
0.272867,0.2686274
0.2613613,0.25593823
0.25957274,0.26407927
0.2644815,0.26922542
0.26087493,0.26525313
0.30205393,0.30330977
0.27015406,0.27278465
0.26822644,0.2702981
0.2683328,0.27459967
0.2565211,0.26237765
0.22479352,0.22407885
0.22330248,0.2289057
0.27158976,0.2919067
0.24091664,0.237091
0.22972134,0.2590913
0.2326204,0.24244565
0.29824308,0.32232198
0.16188592,0.16205645
0.16487752,0.18970767
0.18449736,0.20223655
0.19809744,0.17695552
0.16597672,0.16530599
0.24071974,0.23429757
0.20129046,0.20048092
0.24804932,0.20922014
0.20136054,0.18692544
0.23022239,0.20442776
0.2320491,0.23235172
0.22538932,0.23925707
0.22229171,0.24014312
0.21636188,0.22440279
0.23541872,0.22915563
0.2775486,0.279831
0.2928806,0.29286286
0.1872007,0.19509101
0.18378197,0.1925157
0.1904103,0.18129572
0.20203008,0.21613026
0.21062997,0.20193836
0.18867628,0.17840528
0.27663237,0.26507792
0.2295625,0.19299668
0.25726894,0.27646706
0.24926728,0.25107783
0.19571227,0.22861321
0.25011298,0.23871554
0.21091549,0.2438702
0.20170562,0.23573036
0.20895407,0.2505728
0.24344613,0.22763716
0.16919878,0.17244047
0.18039088,0.18104625
0.27368712,0.26393592
0.27012727,0.27247417
0.26547405,0.26763022
0.25998086,0.2873542
0.26211873,0.28157115
0.29317707,0.2878725
0.26052478,0.2605763
0.300299,0.295886
0.27831638,0.2854453
0.23820218,0.25241292
0.28885677,0.2958631
0.27637303,0.28147763
0.25641564,0.2593289
0.252103,0.24021979
0.2886836,0.27667308
0.29451707,0.30044156
0.28251457,0.27418143
0.26274377,0.24331068
0.2743358,0.26996517
0.24498941,0.24453941
0.25654012,0.25599724
0.25096756,0.24603751
0.25636378,0.2766047
0.24331068,0.26274377
0.25122485,0.25921333
0.23572616,0.2655681
0.26086605,0.24560428
0.2622921,0.27920118
0.2764941,0.23974796
0.23236568,0.22900437
0.2706201,0.27738965
0.21135852,0.22510813
0.2720721,0.26829776
0.2629166,0.25885057
0.26389712,0.26951072
0.26334125,0.26794007
0.26633713,0.2623468
0.26931095,0.26972783
0.2279072,0.25773785
0.21856804,0.22301278
0.2190525,0.21348907
0.28328696,0.28019005
0.2780669,0.27473098
0.27155375,0.27246442
0.27627403,0.27822417
0.2679658,0.26821047
0.28648138,0.281999
0.25670293,0.25131834
0.25670293,0.25131834
0.25670293,0.25131834
0.25670293,0.25131834
0.25670293,0.25131834
0.17320052,0.18210238
0.19353443,0.22599703
0.18928796,0.2214347
0.21796241,0.22405937
0.23940548,0.25632918
0.2579065,0.23887353
0.21344304,0.2259177
0.24294013,0.2355988
0.22930086,0.21957195
0.18109109,0.20413359
0.20905374,0.21777579
0.22521064,0.22263183
0.20961122,0.1897577
0.23623352,0.24610876
0.21787035,0.21258262
0.23562655,0.23775826
0.26799572,0.2624812
0.2593361,0.25944862
0.2470666,0.2690982
0.2862997,0.2765427
0.26339108,0.2542766
0.26509827,0.262024
0.2762065,0.2834456
0.24969286,0.26019058
0.2754839,0.286654
0.2750191,0.2756586
0.26665905,0.2723931
0.27189386,0.28359497
0.25997323,0.2641781
0.2871897,0.2714637
0.26410067,0.2575333
0.25138733,0.23484752
0.26829404,0.2853184
0.26028222,0.28061596
0.2708342,0.27159745
0.26428524,0.24390998
0.18331945,0.25708288
0.24784522,0.25379798
0.2542858,0.27359337
0.20708396,0.20346802
0.2340113,0.2539748
0.2834141,0.24532953
0.25945145,0.24911919
0.2541201,0.26065058
0.20943579,0.21395975
0.2596747,0.2795306
0.2760145,0.28467458
0.1665281,0.21761794
0.3000668,0.2672709
0.17465252,0.21194576
0.24013387,0.29612666
0.2786495,0.30152094
0.25179368,0.29763144
0.25512743,0.2738602
0.2738602,0.25512743
0.25433242,0.2876441
0.21621266,0.24390934
0.21777025,0.22267176
0.19164407,0.21114415
0.18410128,0.19282171
0.2472288,0.24194747
0.19245908,0.17390744
0.19202611,0.19435683
0.23954508,0.22819586
0.26002857,0.25453776
0.25005192,0.2294248
0.20870055,0.23953268
0.22056203,0.25844598
0.23790717,0.24191478
0.25503325,0.2592081
0.22966412,0.23927364
0.25420973,0.22766274
0.2454687,0.24595532
0.23356181,0.23686568
0.17508827,0.16912141
0.17392038,0.1779093
0.24325685,0.23158923
0.2389829,0.23659351
0.24263144,0.24598907
0.21922724,0.29217345
0.22440022,0.21393012
0.2258876,0.22801341
0.24089755,0.21575838
0.21131422,0.25123164
0.20712551,0.24110813
0.18838109,0.19754621
0.24082899,0.26024163
0.28698894,0.2850504
0.18988235,0.18319106
0.25794148,0.23998144
0.19823925,0.1865341
0.19087288,0.18471228
0.18444508,0.1913304
0.1901807,0.19290425
0.25677907,0.2705708
0.26059315,0.28583682
0.25657782,0.26185226
0.26005372,0.26397848
0.25540414,0.25998265
0.2710917,0.27356118
0.27849445,0.27782443
0.25906116,0.26139253
0.27709022,0.28277293
0.27237535,0.27807882
0.2639379,0.25735706
0.1975062,0.21128045
0.21192843,0.19803824
0.29576993,0.28120363
0.28813136,0.26340604
0.21574324,0.20750171
0.22884169,0.20803289
0.19550951,0.23486446
0.26340604,0.28813136
0.20096777,0.24521932
0.16820714,0.2322959
0.20557475,0.19727181
0.19961457,0.21088114
0.26772398,0.26128086
0.2706799,0.2666329
0.27051347,0.2681036
0.26128086,0.26772398
0.27316764,0.27395624
0.25037822,0.28254223
0.2595893,0.2714648
0.27520663,0.2619654
0.27668536,0.27004495
0.24333468,0.24337237
0.21416248,0.21862254
0.26185298,0.26563168
0.21298291,0.22751324
0.24313258,0.24616753
0.25570205,0.254895
0.2162481,0.20916195
0.24983078,0.24756229
0.25980067,0.23684695
0.257896,0.23954469
0.23954469,0.257896
0.2600848,0.2816254
0.28136536,0.25844005
0.25824195,0.27334008
0.24893557,0.25702524
0.29058066,0.28614134
0.25527218,0.2521719
0.27027068,0.29585573
0.27198935,0.29449785
0.28271142,0.3108039
0.25583947,0.2890337
0.25583947,0.2890337
0.29706365,0.2881031
0.23420061,0.2535102
0.29307008,0.28720856
0.2619483,0.23591107
0.21574113,0.21878418
0.21015714,0.22817764
0.22221828,0.28609028
0.21984904,0.21430928
0.21642457,0.21162479
0.23209329,0.23543443
0.24374521,0.25654322
0.21325995,0.21458638
0.24301861,0.23398611
0.16435163,0.18421711
0.22679135,0.2524956
0.24452806,0.27300078
0.24855094,0.24701339
0.24747759,0.24899618
0.25744745,0.22605649
0.24549894,0.24927357
0.2509101,0.24874312
0.21500304,0.1991124
0.25335014,0.26667833
0.24923858,0.24275629
0.22064683,0.23553032
0.23306549,0.24842334
0.23790216,0.24780197
0.24678065,0.26422247
0.25026262,0.24741593
0.23425208,0.23745966
0.23025079,0.2322942
0.2636721,0.26522988
0.24477324,0.25821584
0.21840145,0.22450246
0.25447968,0.245336
0.20386162,0.22183053
0.23553944,0.2635918
0.23979878,0.2611912
0.25594997,0.24443205
0.2524648,0.23537162
0.20394473,0.20792043
0.21349084,0.22907259
0.20526387,0.24197802
0.2267631,0.23020166
0.23396434,0.23101419
0.288715,0.28317773
0.253391,0.24087813
0.25147104,0.26679185
0.28411394,0.29417133
0.24655889,0.25360075
0.2494722,0.25844848
0.2829913,0.31558233
0.26740658,0.31110418
0.21934639,0.2373734
0.24262571,0.23776712
0.26898038,0.2522689
0.23300412,0.2400942
0.24286476,0.27058303
0.23741308,0.2339644
0.2300568,0.23176233
0.23901038,0.2558466
0.27639648,0.27667177
0.27208525,0.27753824
0.26340717,0.2850616
0.26310492,0.28759673
0.2616046,0.2643279
0.2550538,0.24460167
0.26404196,0.26156762
0.27711156,0.27872306
0.27202618,0.26587278
0.27974665,0.2731625
0.2648757,0.26794565
0.2651069,0.26645258
0.21669011,0.24325654
0.24325654,0.21669011
0.2392124,0.2225298
0.23836721,0.25384694
0.21139267,0.23073117
0.25134915,0.22741094
0.27047396,0.25588
0.22269784,0.20305815
0.2478026,0.28530294
0.23309219,0.25116736
0.21371448,0.21634868
0.20127743,0.23150183
0.25776842,0.25052717
0.2910618,0.266446
0.23098254,0.1961449
0.2635398,0.29577503
0.25887525,0.26497906
0.22279902,0.22237745
0.21668875,0.21742195
0.22273171,0.21970774
0.21911874,0.21913454
0.2066132,0.21599475
0.29597706,0.25139147
0.21298432,0.21379752
0.22668263,0.22009715
0.2232774,0.23139629
0.21977419,0.23369724
0.23387161,0.27614942
0.23163594,0.21515372
0.21564643,0.22532663
0.21956126,0.22315253
0.21147718,0.20595348
0.23885116,0.21713662
0.210124,0.20340341
0.22418632,0.21448052
0.19973107,0.20849106
0.2036352,0.21089216
0.23862812,0.23576152
0.22433838,0.25596052
0.23432268,0.24932694
0.25020966,0.23548596
0.26048124,0.24812642
0.24144256,0.2283104
0.20438452,0.19546801
0.19238278,0.20031984
0.24245216,0.2418652
0.2485348,0.24139354
0.24512523,0.26422814
0.27132308,0.27233642
0.2748423,0.27653033
0.248972,0.24292003
0.2425932,0.25333732
0.27616715,0.27102953
0.24019739,0.24296027
0.2733661,0.2712466
0.24241617,0.24567264
0.22780864,0.25024968
0.249447,0.25326693
0.25244266,0.24955629
0.2728396,0.28376427
0.27916923,0.2721749
0.2416951,0.23341686
0.2527672,0.24647589
0.2745245,0.25051445
0.24833854,0.24934594
0.27734333,0.25453478
0.2368033,0.23990417
0.25169483,0.27243805
0.24868056,0.2698326
0.21410379,0.21576732
0.21161681,0.20743276
0.19109704,0.18826544
0.26275355,0.25312006
0.1775465,0.15981992
0.19253361,0.19247706
0.24513157,0.2721551
0.23269913,0.2120475
0.21969754,0.21548438
0.27374303,0.27236634
0.2709787,0.27546456
0.19390589,0.1779951
0.2316792,0.20550461
0.25909507,0.2657987
0.24217106,0.26211527
0.21974382,0.230205
0.2705625,0.2663799
0.18788822,0.18932669
0.2595996,0.24892585
0.24747121,0.2521392
0.21788311,0.19840059
0.24500784,0.2456475
0.2019207,0.22404596
0.28220195,0.2848528
0.23747015,0.24659617
0.29977015,0.29792705
0.18435247,0.17235121
0.30856436,0.28597844
0.30437037,0.2731791
0.29887468,0.29444733
0.19887403,0.18379678
0.17638423,0.17442742
0.2565588,0.29037252
0.28529328,0.30061802
0.19015956,0.1905757
0.28774682,0.30500355
0.22328235,0.24779356
0.24563828,0.22844923
0.25731277,0.2738411
0.2487709,0.27220118
0.23787303,0.26030058
0.23195846,0.2290653
0.2299836,0.23317644
0.25877908,0.28281844
0.21392418,0.21079764
0.21224564,0.19965293
0.27019817,0.28101304
0.2784745,0.25758803
0.26184872,0.25529146
0.26639542,0.24101381
0.26288784,0.24158172
0.25089306,0.26749837
0.24101381,0.26639542
0.25529146,0.26184872
0.27326804,0.25058752
0.23422655,0.25073186
0.24015832,0.25611112
0.25807846,0.2800275
0.25940964,0.27900887
0.26165745,0.27765486
0.2807754,0.27200377
0.27989912,0.26990867
0.2800275,0.25807846
0.28011537,0.25786453
0.24884832,0.25400648
0.24747506,0.24822485
0.25800508,0.2778349
0.25786453,0.28011537
0.18797866,0.1977616
0.19732319,0.19830953
0.19188108,0.19663619
0.1976892,0.18391201
0.23668712,0.2183567
0.22653027,0.21481195
0.20934504,0.21313153
0.22942212,0.2721777
0.19973242,0.23060535
0.21176316,0.2534028
0.20086645,0.1966254
0.21020974,0.21299677
0.22138257,0.21195295
0.26281416,0.24217515
0.24157998,0.26390758
0.28708944,0.28738716
0.19815983,0.2346548
0.25755087,0.23872349
0.28368324,0.2810673
0.27733758,0.28444698
0.24293233,0.25552037
0.30380026,0.3232743
0.24076855,0.24512912
0.25523284,0.23996711
0.23229408,0.23903544
0.2747121,0.26011568
0.26571974,0.25603655
0.22076173,0.21829239
0.24315396,0.25102726
0.24268651,0.2502143
0.26168153,0.26225147
0.22059828,0.2215555
0.21326607,0.22266033
0.27432156,0.2918526
0.29556024,0.28298092
0.26100525,0.25734854
0.25044215,0.25755692
0.22721663,0.22557719
0.2251674,0.22288695
0.29627442,0.2964307
0.28250614,0.27296177
0.30073264,0.27415207
0.29618612,0.29650155
0.29184744,0.2896427
0.27458796,0.27267972
0.27943492,0.29669124
0.2929296,0.2943957
0.23580731,0.25107285
0.20249826,0.26648006
0.25835028,0.2597302
0.26799542,0.2714249
0.23601827,0.2606779
0.23442303,0.23686907
0.26680905,0.26439375
0.22301945,0.21737139
0.25782186,0.23464772
0.2437199,0.25752383
0.2836947,0.28188923
0.24924359,0.28779528
0.26386464,0.2970186
0.2541197,0.305283
0.2931184,0.2672714
0.22529222,0.22574724
0.2290662,0.22953676
0.23410755,0.22926818
0.20270047,0.20462285
0.22533984,0.22712359
0.21268213,0.21581429
0.19980034,0.20038658
0.25562704,0.2915446
0.27374122,0.28920323
0.28447276,0.2657631
0.19771935,0.20589463
0.20642288,0.19993049
0.22493961,0.25694203
0.2103905,0.2025572
0.32159293,0.3370569
0.32757634,0.3148415
0.23255448,0.23641111
0.23937085,0.23539224
0.17829946,0.19152796
0.15711105,0.16783765
0.17147703,0.17436796
0.1818861,0.19143778
0.23008814,0.22240414
0.23281553,0.22468346
0.2708904,0.27981907
0.27217025,0.2689297
0.24511163,0.25731173
0.24923839,0.24177247
0.2806993,0.2800405
0.28405073,0.28173333
0.27985454,0.27438605
0.24666817,0.2337377
0.29503065,0.2848913
0.27438605,0.27985454
0.2689297,0.27217025
0.27655765,0.28487182
0.276385,0.28228962
0.23856747,0.2556457
0.20421092,0.22694506
0.2062758,0.21212411
0.20298979,0.20349719
0.21268581,0.23802981
0.22802576,0.21315731
0.20707145,0.19964616
0.21679655,0.2001405
0.2572709,0.2645672
0.26076043,0.25258452
0.26244214,0.26130795
0.26847893,0.26710302
0.2795494,0.264181
0.23021746,0.26064956
0.21787629,0.25545448
0.21833077,0.24891111
0.26772952,0.28842458
0.27713022,0.2804206
0.21787629,0.25545448
0.23239763,0.2502104
0.23383649,0.22472835
0.2425577,0.24464947
0.24441288,0.2411976
0.2742874,0.2872909
0.30441457,0.29579556
0.2971403,0.29790133
0.29886055,0.3039588
0.31181902,0.3126484
0.24437588,0.2762487
0.29850477,0.27735686
0.2906479,0.2862935
0.2568239,0.2582483
0.3122509,0.2973733
0.24030557,0.24270085
0.24347766,0.24172746
0.25677627,0.2551175
0.23681971,0.24086969
0.28264162,0.28852057
0.29061925,0.2811938
0.23811641,0.23129143
0.2564238,0.25983667
0.24058405,0.24094579
0.30223364,0.2922259
0.2507402,0.25643694
0.25488114,0.25305378
0.2577649,0.25368762
0.24086255,0.24214035
0.2521537,0.2680408
0.27084258,0.26341105
0.25375408,0.25099528
0.2565351,0.2603918
0.25145426,0.2526856
0.27600038,0.28238502
0.24125041,0.3028275
0.1917053,0.22109973
0.2630296,0.2717978
0.27259457,0.2687602
0.19292372,0.22575903
0.2087621,0.21314655
0.2278264,0.21449439
0.26774803,0.26985615
0.30573806,0.31485277
0.3216856,0.30726984
0.3088252,0.29411462
0.26831245,0.26516032
0.2772951,0.2721902
0.24910638,0.2622095
0.29579762,0.31063032
0.24438694,0.25297713
0.26214266,0.26171622
0.28753135,0.29690814
0.29844496,0.29390517
0.25855857,0.25502792
0.2755577,0.28094277
0.2626292,0.26166752
0.27687308,0.27287838
0.2533589,0.24606627
0.2806986,0.2695402
0.24366394,0.24628322
0.24584672,0.29380915
0.2311739,0.26049015
0.22544263,0.23684126
0.24468826,0.23193517
0.31628788,0.30182934
0.24285567,0.24747336
0.27347514,0.2855953
0.29300267,0.2979866
0.29652953,0.3090284
0.24854405,0.24194641
0.22980048,0.2243654
0.23554951,0.21528046
0.29861394,0.29736674
0.2175137,0.21815401
0.22222407,0.21819955
0.1998526,0.23527744
0.24736722,0.23777783
0.24927181,0.2349259
0.23500016,0.24537948
0.24054858,0.25187886
0.20606913,0.21813667
0.265872,0.2862892
0.2673167,0.2825086
0.20983437,0.2056568
0.22328283,0.2204623
0.20815668,0.21436998
0.2862892,0.265872
0.2885533,0.27113098
0.25684977,0.2848215
0.21348786,0.20185028
0.22671138,0.22219788
0.1989214,0.21361223
0.22482733,0.22341967
0.22774836,0.22875011
0.24735875,0.22585078
0.22651973,0.24778494
0.23096438,0.22800945
0.23525155,0.22842939
0.2399488,0.25864622
0.25553676,0.27993414
0.21969965,0.21616203
0.22396211,0.20497717
0.24434505,0.22533183
0.21515235,0.21977392
0.22019733,0.2398847
0.20746647,0.22265637
0.2080879,0.21650107
0.25430742,0.25878465
0.21094716,0.20621096
0.1876356,0.2210208
0.18565618,0.23701355
0.22950552,0.25087082
0.24312586,0.2745573
0.29163796,0.29977372
0.3020835,0.29167163
0.24134007,0.22443861
0.24229878,0.26078355
0.3057174,0.33038267
0.3006689,0.3412313
0.25927722,0.2979476
0.28861225,0.2675857
0.26612124,0.28677696
0.19310041,0.20645359
0.28711224,0.31461683
0.27695355,0.2600982
0.26573232,0.28131372
0.26156065,0.27426687
0.27006257,0.27208787
0.24425736,0.28656635
0.2784086,0.2937029
0.24894807,0.2606096
0.2690044,0.28440672
0.31713647,0.31614947
0.32167807,0.31510895
0.2838595,0.28510797
0.22728871,0.24159181
0.24069582,0.23091969
0.24093823,0.22645387
0.17530769,0.22428247
0.2086904,0.19887623
0.21472724,0.22964385
0.17530769,0.22428247
0.2845166,0.27381426
0.28838226,0.28900847
0.29910472,0.29413292
0.25208807,0.2452744
0.25626165,0.2860312
0.2374435,0.25964874
0.29065505,0.29857188
0.25249973,0.23197332
0.230721,0.2561804
0.27178782,0.2745842
0.2614338,0.2558312
0.25681493,0.25934842
0.22371413,0.22667372
0.232128,0.23238057
0.20425837,0.23254366
0.23931956,0.23470019
0.22466034,0.22592632
0.22966373,0.22800519
0.23514,0.23608905
0.2272925,0.23078623
0.2080526,0.21311608
0.23659202,0.22981516
0.24906561,0.25761142
0.21849471,0.25602844
0.23231135,0.24037749
0.22335114,0.22450462
0.20543504,0.2103161
0.22390586,0.22551137
0.22845264,0.22802752
0.22127776,0.2170049
0.23093063,0.22526602
0.2518104,0.24150625
0.22053955,0.21688089
0.18853539,0.16670777
0.17039326,0.18650258
0.1783092,0.19234987
0.19572501,0.17597406
0.34154785,0.35023525
0.3216351,0.31179816
0.30855414,0.31557834
0.21765974,0.20788513
0.20748538,0.21387754
0.25560522,0.2652502
0.27077103,0.26700163
0.25676888,0.25592667
0.2535504,0.2550979
0.2542445,0.28332382
0.20712127,0.20584713
0.20499733,0.20824724
0.2298837,0.24698542
0.19199398,0.21012112
0.2002811,0.20096855
0.2636099,0.25969976
0.2603232,0.26416355
0.24831328,0.2562462
0.28604496,0.2747275
0.21917886,0.21126679
0.25730893,0.27281046
0.26141107,0.29342005
0.26594636,0.27097374
0.20998001,0.22289228
0.19787386,0.22350095
0.22380482,0.2298283
0.24117588,0.25135416
0.2530359,0.23860647
0.17897448,0.2172593
0.292866,0.30035943
0.29143968,0.30122986
0.28938192,0.30410963
0.29517832,0.30802998
0.23658441,0.25497136
0.2529512,0.24475954
0.23208578,0.23952818
0.24133253,0.23805177
0.23024327,0.2486054
0.2622922,0.25902086
0.26499724,0.27623028
0.22011977,0.28191888
0.19184142,0.21982633
0.19087386,0.2519721
0.20556615,0.2385053
0.2196419,0.21624494
0.21892266,0.21669126
0.22609445,0.24503183
0.21551794,0.22396398
0.2449016,0.22086912
0.21590078,0.24228418
0.23332608,0.23194386
0.22579688,0.23542233
0.23289293,0.23580201
0.2395102,0.22839552
0.20346077,0.19992138
0.2338264,0.23054947
0.22335616,0.22867733
0.26790023,0.26794383
0.25300926,0.2845199
0.18773368,0.22812797
0.26781505,0.3032683
0.27471355,0.28433007
0.28433007,0.27471355
0.23214489,0.22951306
0.26747015,0.26791674
0.24016109,0.23508912
0.26051053,0.27257505
0.22951306,0.23214489
0.23478833,0.24111289
0.2710718,0.26275653
0.25876692,0.25877267
0.2814636,0.24943456
0.28829235,0.25327313
0.23633009,0.27604976
0.24391921,0.28782746
0.23633009,0.27604976
0.2814636,0.24943456
0.22743249,0.23180793
0.24309368,0.24006495
0.2288181,0.23025596
0.28018355,0.2634088
0.25892496,0.2897332
0.2543899,0.29186344
0.19643879,0.20913298
0.25568926,0.27496797
0.19643879,0.20913298
0.28196806,0.2655909
0.2720192,0.28067702
0.2327302,0.2893927
0.2272173,0.26653054
0.20967245,0.25103468
0.26508802,0.24596053
0.26704454,0.28951427
0.24526529,0.26363713
0.25873363,0.2648311
0.3078285,0.33056945
0.29692692,0.3019547
0.2515382,0.26370585
0.26431918,0.26024732
0.30189937,0.2936355
0.17976119,0.20057851
0.17766018,0.20156363
0.28577197,0.29375914
0.15768093,0.19843964
0.22062501,0.2277699
0.28972876,0.28831518
0.26362804,0.28615686
0.18860759,0.18898359
0.17128558,0.17506494
0.17010558,0.16769424
0.22549123,0.21159433
0.21686856,0.20062423
0.19708762,0.1730771
0.2913345,0.27521467
0.2065591,0.22031656
0.21799469,0.22423346
0.21916331,0.22449265
0.21916331,0.22449265
0.28277215,0.24940187
0.2878496,0.28501207
0.2924338,0.25986907
0.28267777,0.28198853
0.2361631,0.26074135
0.24964425,0.2875629
0.24420069,0.27499425
0.22032218,0.21781015
0.22032218,0.21781015
0.22098903,0.21688178
0.25872642,0.26441985
0.25028315,0.26746213
0.27930203,0.27785543
0.26713243,0.27014753
0.24476111,0.24407108
0.26228338,0.25888076
0.2665791,0.2596871
0.24243858,0.247784
0.2591054,0.25904393
0.2517813,0.24525934
0.26656726,0.2693718
0.2599329,0.2684554
0.13973877,0.13785423
0.13315187,0.14135401
0.22716707,0.20674159
0.27611375,0.272524
0.2481706,0.23933911
0.23592195,0.21506539
0.27136075,0.2754643
0.20925917,0.22240952
0.21457914,0.23262776
0.19911842,0.19955076
0.2035466,0.19495621
0.22782609,0.2654693
0.2578851,0.2809621
0.25609183,0.26757264
0.26673198,0.25927976
0.29036802,0.2954232
0.27007824,0.27076656
0.27837664,0.26789027
0.2761258,0.27250072
0.26582637,0.27243078
0.29247892,0.27835166
0.2469228,0.26714697
0.2283682,0.242679
0.24288967,0.23517087
0.1747073,0.16555372
0.2346424,0.24308851
0.24362063,0.22255504
0.16877332,0.17708723
0.24664602,0.24966788
0.19812249,0.234057
0.24370681,0.23563816
0.23403148,0.24001999
0.22046167,0.21942377
0.24272814,0.27306843
0.2859684,0.27360305
0.29299188,0.28350642
0.26176977,0.2692924
0.2897125,0.2941846
0.26796854,0.2641573
0.27715462,0.28830793
0.23645708,0.221782
0.22376695,0.2010971
0.25472707,0.2624511
0.2578672,0.25812823
0.2578672,0.25812823
0.26451164,0.29235205
0.24487546,0.24809697
0.25325108,0.25336656
0.2183882,0.22782351
0.22159636,0.22983815
0.22658254,0.2231761
0.21682063,0.2092334
0.21609925,0.23122863
0.23332243,0.25252646
0.23174685,0.25136733
0.20442107,0.21600716
0.23881479,0.24932526
0.24890578,0.24124613
0.25065663,0.24449435
0.22299242,0.26438126
0.20789216,0.19698523
0.2638208,0.25634542
0.19470577,0.18920448
0.2651348,0.26106083
0.2571783,0.2628246
0.2017082,0.20887925
0.18023975,0.1752471
0.17103349,0.17763135
0.19013642,0.19495007
0.26609132,0.2690674
0.2670763,0.26776642
0.30779073,0.3038685
0.29951173,0.3073554
0.26188052,0.26306447
0.26006174,0.26431993
0.24076116,0.23910598
0.24641982,0.24596442
0.24366812,0.24534294
0.24692944,0.24898452
0.22871019,0.2273246
0.23247468,0.22791344
0.20656255,0.2317627
0.2851733,0.27306408
0.27236095,0.2693176
0.27743313,0.28101265
0.26389956,0.2653933
0.21374099,0.22154258
0.21416423,0.21317822
0.2531007,0.24456406
0.25881025,0.24584037
0.2472475,0.24928743
0.25000876,0.26046088
0.2368141,0.24062149
0.28937426,0.28785378
0.28627807,0.28465793
0.2561617,0.21612877
0.2344131,0.22837338
0.22581053,0.23665069
0.20360123,0.22756827
0.18321334,0.17963177
0.22144346,0.21091521
0.18297362,0.18337648
0.20271301,0.24670677
0.21053939,0.22744775
0.20771892,0.2050102
0.30179805,0.30013004
0.26534784,0.2600276
0.2071534,0.20923711
0.20483883,0.20752037
0.21833384,0.22507349
0.25696254,0.2559466
0.28478485,0.28419662
0.22172809,0.22201052
0.20448865,0.2115506
0.28182656,0.2875757
0.30478752,0.30367672
0.24530232,0.24515215
0.24450418,0.23906562
0.26314116,0.2684714
0.23809443,0.22240253
0.2545178,0.26448536
0.23534383,0.24328549
0.23506618,0.22180605
0.22903079,0.23833428
0.24244027,0.24088831
0.23790771,0.23599099
0.26724228,0.26571006
0.2682151,0.26857108
0.20752728,0.2100792
0.20125097,0.20020851
0.20020851,0.20125097
0.18089055,0.22045533
0.17174934,0.21240366
0.18819503,0.21165168
0.20329556,0.21989715
0.21961017,0.21460651
0.21828091,0.2162803
0.2329287,0.22679663
0.22443898,0.23124188
0.2136274,0.21446344
0.30989096,0.30226135
0.3006185,0.31088805
0.3187893,0.3195079
0.20587969,0.20158264
0.30563176,0.26695907
0.30509102,0.25522557
0.3068721,0.3065968
0.31351277,0.31170237
0.25522557,0.30509102
0.30609468,0.31504887
0.24880692,0.22436792
0.24355985,0.25129315
0.27548802,0.27027202
0.2525675,0.2575789
0.25392982,0.27583265
0.24488947,0.25478584
0.25401914,0.263028
0.23352246,0.23684189
0.2595265,0.24939665
0.25177416,0.25012317
0.21565184,0.21217667
0.21156058,0.20658863
0.23504938,0.23430449
0.2388621,0.25936586
0.24976498,0.2468481
0.23307832,0.2365655
0.24652772,0.25830302
0.21900922,0.22202536
0.20819205,0.21469554
0.25190085,0.24754415
0.23932497,0.22965418
0.25700447,0.27995554
0.25468567,0.25384772
0.24789579,0.2492147
0.25247496,0.24846783
0.24972056,0.24674633
0.2279103,0.22735527
0.22173041,0.20825993
0.20393927,0.20649719
0.21242538,0.23777772
0.1978705,0.22931466
0.25944275,0.2710897
0.2527504,0.24145433
0.24935909,0.23280284
0.23494974,0.21816184
0.23777772,0.21242538
0.22434385,0.25394338
0.2772164,0.26906818
0.23280284,0.24935909
0.22205149,0.21173227
0.22797462,0.21996443
0.23580068,0.23334761
0.24096209,0.24157059
0.23083718,0.23756932
0.23537335,0.23804265
0.19999392,0.20417786
0.2124922,0.20079467
0.20891662,0.19627422
0.19149825,0.22063954
0.20660935,0.21952973
0.20879443,0.23141992
0.22006099,0.22825931
0.24146816,0.24109808
0.23955375,0.24312565
0.21949857,0.23802656
0.23171376,0.22696555
0.2436501,0.22938539
0.25869727,0.28308555
0.20251961,0.23313119
0.2357645,0.23829491
0.24008885,0.2386537
0.22150624,0.22876063
0.19824263,0.20183106
0.2377947,0.23731908
0.2594129,0.24793586
0.1948733,0.19466877
0.15393965,0.15972412
0.24520984,0.24344906
0.22263302,0.24041125
0.2400801,0.23739548
0.23077424,0.26741624
0.22370285,0.26435375
0.21417795,0.21504444
0.17518902,0.15623976
0.26205134,0.23813729
0.25544605,0.23125824
0.2242268,0.21686238
0.23549452,0.21911085
0.21286018,0.20341627
0.22468668,0.26306784
0.24353002,0.2692894
0.25566906,0.25968468
0.25907558,0.2623747
0.28931665,0.2940173
0.2597467,0.3103974
0.25787193,0.27195898
0.27103108,0.30719352
0.27611616,0.2981157
0.25619018,0.31016976
0.16763338,0.22409624
0.25120366,0.2677163
0.29634395,0.28940836
0.27614355,0.27465218
0.3052886,0.28686684
0.24755317,0.2579072
0.21236268,0.22045569
0.22120412,0.21173133
0.21340404,0.2049105
0.2080026,0.20985045
0.22328341,0.22603029
0.25797877,0.23480365
0.22684872,0.23214778
0.2504027,0.26755357
0.24293311,0.2546599
0.22525735,0.22450377
0.26838365,0.23738968
0.2690351,0.25191653
0.25627604,0.2756372
0.2798763,0.28475615
0.27800408,0.283639
0.2539152,0.27424815
0.30045754,0.30235022
0.20460133,0.19127503
0.26842314,0.27440095
0.2511036,0.25186527
0.25485554,0.2527131
0.2784616,0.2731921
0.2307921,0.22105788
0.2775701,0.27445534
0.27048093,0.26944223
0.2203379,0.2260814
0.23022367,0.23378992
0.2347439,0.23128025
0.27000606,0.28085315
0.24378109,0.23727372
0.2676477,0.2660532
0.23730564,0.2616119
0.24475297,0.23914184
0.24601245,0.24051845
0.23069173,0.24314947
0.247524,0.24774054
0.23482603,0.23617706
0.24229828,0.23584682
0.24309072,0.2414049
0.23307988,0.26262522
0.191072,0.22647657
0.21427493,0.24138674
0.28868663,0.29452106
0.2963678,0.2873607
0.29547817,0.3030105
0.29181755,0.29189503
0.24418235,0.25000906
0.25953323,0.2550884
0.24462698,0.26924697
0.25886458,0.26669115
0.24864095,0.2586801
0.29552105,0.2989649
0.28711078,0.29630405
0.2074766,0.23621929
0.20365003,0.18228029
0.18394604,0.19637391
0.22797255,0.26208147
0.25149736,0.23132165
0.23132165,0.25149736
0.22179428,0.25403672
0.22895919,0.25259593
0.2919076,0.29898295
0.29722917,0.29067558
0.29496515,0.3006421
0.29067558,0.29722917
0.25151795,0.26058578
0.29470977,0.29788375
0.20410378,0.23923293
0.21583885,0.209172
0.2908177,0.2902301
0.29293895,0.2847562
0.26107132,0.259921
0.24369197,0.27954215
0.2733853,0.2849278
0.20026994,0.2070667
0.25073233,0.25517932
0.29200536,0.29282206
0.26848927,0.2801667
0.278159,0.27536118
0.28058535,0.28470656
0.19285561,0.20068374
0.2773509,0.28848082
0.27769753,0.26555577
0.27746758,0.26516315
0.25209683,0.2677228
0.26409945,0.25331306
0.25175253,0.2595523
0.26253682,0.2706611
0.262384,0.26252747
0.2547936,0.27540457
0.25330982,0.28451806
0.2552514,0.30543554
0.24920627,0.2869618
0.2725345,0.2656303
0.2674534,0.26381475
0.20666179,0.23302883
0.2570254,0.28487083
0.24935813,0.2973933
0.24480055,0.29224962
0.24199654,0.2995231
0.25496623,0.301287
0.23533897,0.26947874
0.28591287,0.2768561
0.27233064,0.28458104
0.28975993,0.29990172
0.30282193,0.2957056
0.26285544,0.25813502
0.23597036,0.25012434
0.25257427,0.26396123
0.2568449,0.2677959
0.2615446,0.27692267
0.27891278,0.2845064
0.31511295,0.34785122
0.25149482,0.2663634
0.24848138,0.2628699
0.22276193,0.22621034
0.3154794,0.33562684
0.2718793,0.25127184
0.26927784,0.25649297
0.31967667,0.30630493
0.28552917,0.27750006
0.28363252,0.28617755
0.22657204,0.21865183
0.27162674,0.2555759
0.28472477,0.2828935
0.27496284,0.2614571
0.31500688,0.3003625
0.2984832,0.3191071
0.29557008,0.3178593
0.24928123,0.25662
0.22694694,0.28759116
0.2535271,0.2532227
0.2313405,0.22790974
0.22918004,0.22151366
0.26122248,0.27354795
0.26379466,0.28732932
0.26042655,0.28611052
0.26578426,0.2573344
0.28321284,0.2683157
0.25449327,0.27050853
0.3223088,0.32204807
0.2708532,0.28209847
0.31089962,0.3176462
0.28408957,0.28328675
0.25366879,0.25911865
0.24254051,0.25074506
0.2631975,0.26032963
0.24163327,0.25875854
0.2524568,0.25452918
0.25915658,0.2642826
0.21143483,0.20881993
0.2794168,0.2744756
0.26509318,0.29230708
0.27817208,0.28112882
0.28894228,0.28238216
0.27747756,0.27917126
0.2734604,0.27303886
0.27941036,0.2799906
0.21941283,0.21304107
0.22720289,0.23467737
0.22170849,0.22609785
0.23113921,0.22903527
0.2047444,0.19952434
0.20175508,0.1989525
0.22661932,0.22230595
0.2579703,0.2502484
0.25069818,0.25727504
0.22650878,0.22701119
0.22014648,0.22653607
0.221891,0.22712208
0.25403556,0.2549223
0.20935209,0.2042815
0.20176694,0.21121989
0.2705048,0.2789994
0.23279022,0.2151502
0.2277852,0.22171214
0.20950201,0.20234595
0.22869304,0.20964599
0.20964599,0.22869304
0.19958718,0.20666848
0.16657978,0.1619828
0.26155403,0.24144469
0.23676172,0.2602156
0.26718515,0.2555805
0.20612732,0.2306874
0.21573684,0.2149261
0.2098836,0.22330573
0.2390327,0.23419836
0.21845996,0.21494733
0.20092085,0.21983008
0.21405363,0.23350744
0.25687286,0.26664367
0.23099558,0.23860103
0.22576739,0.19718671
0.22455242,0.21926676
0.2587765,0.25249487
0.2656937,0.25580546
0.24528109,0.25149366
0.20596838,0.21372746
0.21046412,0.22925475
0.2688747,0.29888678
0.24816637,0.24734151
0.24851418,0.24716622
0.21606673,0.2244518
0.22586988,0.20901418
0.1898728,0.18738389
0.16710284,0.1692242
0.16917397,0.16971827
0.18973994,0.19274914
0.2563687,0.25836414
0.20248458,0.19186087
0.21257325,0.20875116
0.19920108,0.20284018
0.25697264,0.2606733
0.21032424,0.20910509
0.1985257,0.23062333
0.25987977,0.28717974
0.25226885,0.2559541
0.21313469,0.21621522
0.25913048,0.25735897
0.2082709,0.23523344
0.2237191,0.24112897
0.22632475,0.2167835
0.2222521,0.21686018
0.22961995,0.20860696
0.25717297,0.24565874
0.2238726,0.24428827
0.21798138,0.20776768
0.22014165,0.1971108
0.20911595,0.21557799
0.2335849,0.22900918
0.2122838,0.20821927
0.24995026,0.25323308
0.24881294,0.24971865
0.20246473,0.2226161
0.22864233,0.2050038
0.25696898,0.2767988
0.25408036,0.2735257
0.28142887,0.30000353
0.24371324,0.27784446
0.2476272,0.28027982
0.28157347,0.30512843
0.26694915,0.30402422
0.29032046,0.3064778
0.24597542,0.24168813
0.24862778,0.24466382
0.28105298,0.26100385
0.27685994,0.26501983
0.24040517,0.24185824
0.24284843,0.24438076
0.27294442,0.26261553
0.24698347,0.25118145
0.26530015,0.26704216
0.24925137,0.24548212
0.26898462,0.26498652
0.25439054,0.2419457
0.29125506,0.28703928
0.23277724,0.22133802
0.28126892,0.26774096
0.28295028,0.27830932
0.24472392,0.25138554
0.26692972,0.2620731
0.22181709,0.23557837
0.2900003,0.29790264
0.26512372,0.28286445
0.26333228,0.26424223
0.27021354,0.25852218
0.26014253,0.26516438
0.23922157,0.23990485
0.29991445,0.30665854
0.2450847,0.24570498
0.29494697,0.30946246
0.30883557,0.29053682
0.24117982,0.24372362
0.24637945,0.24382433
0.2783852,0.26167896
0.25140944,0.24847408
0.24237077,0.24563769
0.25633776,0.27538997
0.26963234,0.274415
0.23743343,0.2633782
0.28060594,0.288537
0.27155015,0.26631317
0.26994914,0.26706898
0.29048014,0.2735932
0.27603638,0.27969348
0.22409621,0.23313533
0.26465046,0.27139688
0.2693071,0.2742687
0.22992192,0.2214913
0.24132253,0.25394648
0.26446903,0.28379753
0.25760126,0.27141568
0.19843672,0.21373358
0.16862077,0.16682154
0.19165395,0.19116694
0.22598103,0.23220451
0.1965116,0.19399498
0.19501685,0.19373727
0.16844603,0.16791965
0.20421644,0.20134255
0.1804499,0.18713929
0.21551797,0.2156843
0.22892961,0.22194675
0.22030412,0.22349636
0.19503732,0.20435506
0.28059602,0.28267497
0.27887595,0.27534336
0.23061538,0.2635961
0.2801693,0.28151315
0.2814307,0.28161922
0.23457648,0.22996098
0.21779974,0.2320728
0.25290218,0.24520507
0.2791342,0.26893234
0.27676624,0.26275772
0.23197529,0.25005612
0.26275772,0.27676624
0.23879889,0.24678208
0.24761504,0.26023602
0.2015685,0.20485628
0.21001212,0.20448405
0.28395823,0.30363554
0.18813369,0.20170459
0.24076797,0.23380475
0.23877342,0.2349277
0.20008051,0.21706714
0.2833449,0.2707265
0.2778908,0.2626472
0.25909877,0.28817177
0.2585062,0.28653002
0.2523812,0.27390876
0.22587273,0.28594136
0.2875245,0.26788974
0.24249008,0.27741563
0.2773326,0.27822903
0.2433815,0.2408679
0.2119372,0.22344565
0.28042465,0.27688548
0.21063934,0.21575952
0.23669522,0.24375194
0.27604046,0.25311154
0.19308893,0.2057155
0.21717219,0.21245089
0.21643277,0.2074537
0.22723268,0.20551385
0.23484492,0.25875407
0.19153433,0.2214703
0.23417795,0.24135888
0.2290386,0.23699914
0.23699914,0.2290386
0.27224207,0.27518868
0.20497352,0.21721199
0.24306342,0.23507757
0.24888851,0.2464191
0.21310478,0.20874213
0.24994846,0.23257345
0.24728253,0.25073978
0.21751705,0.23088682
0.22921655,0.23316263
0.23591097,0.22941335
0.22599871,0.23312354
0.21957943,0.22542728
0.21695355,0.23497798
0.22934434,0.22103348
0.22430576,0.2163055
0.22820318,0.23627019
0.22298329,0.23126927
0.21642455,0.22064966
0.21901463,0.21141455
0.24830517,0.24045306
0.24097998,0.21573934
0.25687677,0.24744354
0.2798502,0.27342188
0.25017765,0.2560977
0.26770926,0.27228796
0.2560977,0.25017765
0.24647802,0.24716438
0.21262163,0.23185576
0.18924364,0.24135634
0.19114032,0.22866708
0.21629083,0.21256338
0.22706291,0.22563751
0.22759636,0.22247986
0.26083675,0.29621056
0.25374112,0.2964129
0.25510955,0.24723734
0.2433323,0.2555752
0.24489562,0.24781567
0.25166014,0.24859844
0.27919602,0.26664567
0.17954236,0.17025413
0.17668706,0.1815971
0.2358024,0.23446
0.30206323,0.30310786
0.23212425,0.2313339
0.25225782,0.2531521
0.29589385,0.30260754
0.27154663,0.27785128
0.23499878,0.24131879
0.24424249,0.2614659
0.23327799,0.23019066
0.2893399,0.28647825
0.20949821,0.21980762
0.2341692,0.23410383
0.21769723,0.21075764
0.25734007,0.2767749
0.2602599,0.26994658
0.28147992,0.28537434
0.28455096,0.2794192
0.28506073,0.28808004
0.23831871,0.23104595
0.23426664,0.2424929
0.25419775,0.25347465
0.25537944,0.24733084
0.23702024,0.2264146
0.22907998,0.23762235
0.23519562,0.2399576
0.29243195,0.289728
0.27730778,0.28372115
0.27381074,0.277851
0.27539995,0.28861105
0.28759795,0.2923787
0.284993,0.28098157
0.2441456,0.26480988
0.25360423,0.25537613
0.196312,0.21597864
0.259913,0.255298
0.28268704,0.29906672
0.2956042,0.30454206
0.25464565,0.26557893
0.2956042,0.30454206
0.26481345,0.26619893
0.26154444,0.25679284
0.31240672,0.29742247
0.23964198,0.22880986
0.25795224,0.25402027
0.2897562,0.32234237
0.18953112,0.23177882
0.28569877,0.30665922
0.2583127,0.2566094
0.23231003,0.2365498
0.2313475,0.22578907
0.22414513,0.2236445
0.2730437,0.27329218
0.27824342,0.27398306
0.27357087,0.27634463
0.28246,0.28119373
0.23757213,0.24181421
0.24691647,0.241992
0.20369847,0.2260915
0.24546117,0.22800447
0.29154125,0.25858024
0.2680441,0.28975528
0.23472008,0.24824178
0.22082493,0.23219918
0.2629003,0.28303218
0.23938942,0.21744773
0.21896498,0.22442679
0.22655328,0.24096891
0.2937788,0.28892237
0.29312742,0.30075538
0.23147285,0.2336951
0.2835829,0.27482
0.28035754,0.28190076
0.25109267,0.25597456
0.21452434,0.21611257
0.22742331,0.23117621
0.21255207,0.22573781
0.25708497,0.2541272
0.2546159,0.25885764
0.19969597,0.2178142
0.2139333,0.2143818
0.24982464,0.26136371
0.26280499,0.2585187
0.2564562,0.24052094
0.25567746,0.25709033
0.28816894,0.291818
0.28169036,0.29806542
0.22619158,0.24519175
0.2717451,0.2631643
0.24458782,0.21600021
0.27066278,0.2712661
0.27523187,0.26786262
0.29782552,0.3245222
0.27686042,0.32745743
0.3025181,0.29256356
0.3070005,0.29734072
0.22039507,0.2308201
0.24378231,0.25083223
0.22214924,0.23333368
0.29256356,0.3025181
0.2308201,0.22039507
0.196578,0.25121585
0.2418921,0.22045925
0.20660838,0.23253575
0.23137446,0.23003913
0.21556407,0.2208261
0.22462498,0.21224472
0.21411443,0.215534
0.22817145,0.22368863
0.1784749,0.16908997
0.2167093,0.2061715
0.2008704,0.22022188
0.23041049,0.2704052
0.2267315,0.26371232
0.22957098,0.29112464
0.22102271,0.19097503
0.19699262,0.20793332
0.15655956,0.1563966
0.22007674,0.22120759
0.15657848,0.15513983
0.22526784,0.22414437
0.22699973,0.24280562
0.2405296,0.2173118
0.24375123,0.26651984
0.20017661,0.2281391
0.23751162,0.28130952
0.22347425,0.22448468
0.2238712,0.21389379
0.20152338,0.20414108
0.16915075,0.1809668
0.20837955,0.19853002
0.22807777,0.23689449
0.17910911,0.17008469
0.24620722,0.23371634
0.2397641,0.25100425
0.294549,0.28634328
0.29132688,0.29948306
0.22401032,0.2180701
0.22368813,0.2284879
0.22686543,0.21973506
0.28135982,0.30373803
0.28481254,0.29548255
0.25648695,0.22857475
0.20999731,0.21106154
0.2346898,0.20665257
0.23519886,0.26534522
0.14998071,0.1833279
0.1833279,0.14998071
0.23655558,0.24655192
0.24147719,0.2397621
0.24269125,0.2512577
0.2899891,0.28386977
0.26620317,0.27193397
0.2775118,0.30162287
0.2741023,0.26690638
0.24685119,0.2429468
0.24045122,0.2336581
0.2345494,0.23353535
0.24036002,0.23447847
0.26490512,0.2678544
0.2702883,0.29265273
0.23460102,0.24074326
0.26507953,0.26312673
0.24850567,0.2544375
0.28494674,0.26786295
0.24764006,0.24544278
0.24292515,0.28063414
0.25012895,0.2739754
0.17624077,0.24909873
0.22686918,0.22498208
0.22096181,0.23190622
0.20992331,0.2078372
0.1976807,0.20786819
0.22032696,0.22916712
0.25767958,0.2502065
0.24781045,0.25668892
0.22799875,0.2264857
0.292736,0.278999
0.27833384,0.2858574
0.20732225,0.21373376
0.23221447,0.21857035
0.21928611,0.23440191
0.27750513,0.30425304
0.22685528,0.22038259
0.2129674,0.22332461
0.22178769,0.22539148
0.18160929,0.1965708
0.16632804,0.2148318
0.19056702,0.17960688
0.22202899,0.21424149
0.28482366,0.29606152
0.31298587,0.2934616
0.25590754,0.25204545
0.28221098,0.27123678
0.2692571,0.27753603
0.29248142,0.3092047
0.25325534,0.2500999
0.25932527,0.2825626
0.24907187,0.25433975
0.2660621,0.2586689
0.21471423,0.20185256
0.2586689,0.2660621
0.29683822,0.31152463
0.24605112,0.26051268
0.2606419,0.23710057
0.31218866,0.30409482
0.21734673,0.22203957
0.21836793,0.21048059
0.2167778,0.21653344
0.2608117,0.26248017
0.21541819,0.22064598
0.2684381,0.24903515
0.28316677,0.25892258
0.27447888,0.2676217
0.27140266,0.25865227
0.26307604,0.2734236
0.2572249,0.26978418
0.25892258,0.28316677
0.23509783,0.22786403
0.22769219,0.2265368
0.28427985,0.26555458
0.2532432,0.2365659
0.27062458,0.27354667
0.23175003,0.24296865
0.2345561,0.2599612
0.21630323,0.23568396
0.23289365,0.22255148
0.2277609,0.25694737
0.23299587,0.2715065
0.26266882,0.2714798
0.23110163,0.23983407
0.27144068,0.26046243
0.2613133,0.25009513
0.24696407,0.2913889
0.26630852,0.25804508
0.2683571,0.2748908
0.27419892,0.25637934
0.2577802,0.2698343
0.2813487,0.28946066
0.27187887,0.28590253
0.28553545,0.29286078
0.27843902,0.29511827
0.2838847,0.28613892
0.2508667,0.24999784
0.2677473,0.26321837
0.28100634,0.27333057
0.26048446,0.27059653
0.2461014,0.25097102
0.27122533,0.27724186
0.29764944,0.2821859
0.28122947,0.27546743
0.292875,0.28160214
0.21767303,0.21534023
0.21259724,0.24978876
0.22355503,0.23594467
0.23594467,0.22355503
0.2639936,0.25144115
0.2396749,0.2609434
0.17251635,0.18052591
0.23505247,0.25455624
0.26020527,0.2742287
0.24650489,0.27001426
0.24982469,0.23176658
0.26809373,0.24889946
0.26815647,0.25598246
0.23763838,0.22537091
0.22887863,0.22732672
0.22801486,0.22666337
0.22426775,0.27031437
0.2167922,0.22860588
0.21963081,0.22290683
0.29012087,0.295344
0.29257983,0.28846753
0.24044064,0.25165224
0.23301655,0.26005712
0.25792098,0.24735218
0.21681759,0.22788745
0.21067917,0.22183664
0.24980941,0.2621293
0.23069367,0.23140712
0.2522,0.26509413
0.24703819,0.26476482
0.24577132,0.26804554
0.24224874,0.26897824
0.21424367,0.20960586
0.21859351,0.19762829
0.24141748,0.22095804
0.23377189,0.23552768
0.20861909,0.21311885
0.22475466,0.23524976
0.23897433,0.22775862
0.23174106,0.22926465
0.26936093,0.31992134
0.18164614,0.20013702
0.19588618,0.20954463
0.22973093,0.25343144
0.24813648,0.23222095
0.2308908,0.23278332
0.23434246,0.23140968
0.22000733,0.26403958
0.21870892,0.21459287
0.229427,0.23981676
0.2515295,0.274913
0.20372383,0.22663668
0.24566208,0.22722143
0.21808477,0.21064824
0.19523822,0.20121317
0.20121317,0.19523822
0.27949122,0.27121273
0.2718594,0.27020654
0.26534715,0.2714371
0.27811286,0.28661388
0.31408626,0.32017303
0.24105525,0.22825754
0.23201978,0.2373685
0.21083756,0.19016574
0.18336977,0.2174654
0.2258042,0.2526377
0.20779806,0.23622504
0.25270072,0.2375314
0.23690468,0.22374637
0.24924189,0.2606198
0.23911309,0.23581608
0.27830884,0.26301497
0.26171374,0.24228448
0.24139291,0.23670079
0.2679196,0.27481693
0.2127912,0.18725856
0.23988609,0.22649366
0.22352445,0.20802641
0.25728375,0.23147842
0.22074096,0.23247199
0.21852987,0.20134667
0.18576631,0.20356716
0.2236841,0.20917277
0.20610219,0.2209819
0.25532866,0.26775157
0.22608872,0.22371781
0.22478342,0.230032
0.29354835,0.3298238
0.27586105,0.26284206
0.21034992,0.24188468
0.2539842,0.2536939
0.19050935,0.19415209
0.2503188,0.24811585
0.25684005,0.26577213
0.19025318,0.19435522
0.21278384,0.2791424
0.23604219,0.24041042
0.21168253,0.21055342
0.23311354,0.22954333
0.25088903,0.23944286
0.19442779,0.24361096
0.22441846,0.25498113
0.21893789,0.22927588
0.23472962,0.2601763
0.21418312,0.20684515
0.24049726,0.23149213
0.24079534,0.27854627
0.20026943,0.20390822
0.19267806,0.20494363
0.20511493,0.20243935
0.28541484,0.29819834
0.26336575,0.28155354
0.28831622,0.2716245
0.2683742,0.261743
0.26801375,0.26748812
0.2732138,0.27103007
0.22967923,0.23943011
0.27883896,0.29019403
0.21310541,0.22640358
0.22538362,0.22332695
0.26504126,0.26274765
0.28478137,0.27391708
0.27878088,0.2906229
0.29086134,0.28405187
0.2786916,0.2853219
0.28064474,0.27919823
0.2447263,0.2534144
0.27793872,0.27830824
0.25012007,0.26041383
0.26936442,0.2693673
0.26819152,0.27657607
0.26332995,0.24136956
0.28037643,0.27278444
0.28774488,0.29746732
0.2773082,0.2695728
0.28141895,0.2897876
0.23362744,0.23565216
0.23353398,0.23575695
0.23098037,0.23045108
0.27695495,0.27098674
0.26295304,0.28399494
0.2706964,0.26598075
0.28709897,0.27568573
0.2937151,0.281794
0.27733415,0.26289254
0.23193851,0.22268589
0.26234058,0.28066275
0.23069075,0.25720525
0.27072334,0.26896405
0.24139163,0.25104535
0.2510351,0.25604153
0.26749745,0.2785959
0.25723445,0.2499674
0.2293598,0.2385207
0.27591383,0.27303648
0.27795193,0.27878565
0.2635944,0.26612198
0.2706228,0.28326064
0.28094244,0.27874064
0.24094188,0.23067847
0.2257168,0.22338201
0.25929537,0.31264144
0.2410436,0.24093217
0.20434919,0.24611478
0.2479556,0.2422421
0.23654571,0.24274749
0.19381088,0.22672668
0.27650636,0.24600253
0.22823209,0.2547733
0.24319354,0.2545933
0.2850072,0.28543925
0.2682631,0.26859808
0.2697624,0.27819544
0.25367483,0.25367948
0.25847936,0.26510587
0.27897066,0.2891897
0.2767356,0.27163625
0.2605285,0.25558323
0.22787306,0.22407913
0.22859573,0.22057416
0.25803852,0.26392883
0.22782215,0.23395558
0.29510996,0.27751687
0.25679082,0.24279705
0.22947693,0.22709836
0.2233809,0.22623757
0.2765104,0.27732927
0.2560709,0.2603282
0.2687366,0.27580407
0.2670684,0.2791566
0.21523239,0.22866057
0.24141835,0.25512516
0.28501767,0.2762381
0.2812522,0.28426784
0.25084966,0.2468979
0.24238278,0.21952157
0.25568688,0.23536396
0.25517324,0.2519015
0.2499421,0.2534322
0.2526173,0.2568456
0.25867656,0.24355218
0.22918849,0.2270096
0.26592094,0.2515261
0.23251872,0.21129584
0.24708751,0.2519781
0.21227504,0.21144398
0.24326012,0.23360562
0.23327371,0.22408949
0.20717628,0.2090874
0.23681748,0.2200043
0.2527256,0.25202858
0.23901373,0.2579853
0.22170621,0.25287634
0.22020069,0.22893721
0.22554183,0.24317265
0.22656657,0.22704963
0.22260766,0.20606786
0.22088523,0.22994605
0.2083318,0.21115503
0.20908006,0.21973237
0.23111261,0.23924164
0.19826281,0.21943857
0.23462689,0.25867808
0.24770911,0.26880074
0.21111187,0.24832185
0.23240279,0.22575128
0.31231135,0.2928128
0.25673,0.26328573
0.2983072,0.3100601
0.24819459,0.24398302
0.22729562,0.20098658
0.213459,0.21681133
0.19410394,0.21116623
0.17191294,0.21380323
0.21161045,0.1677815
0.20130992,0.1926
0.23137808,0.21968777
0.21369731,0.20620689
0.21961221,0.21863951
0.20710072,0.22592938
0.21177867,0.22407666
0.19011186,0.19923112
0.31458384,0.30638862
0.2777261,0.27336293
0.29009,0.2900903
0.29501504,0.28846866
0.22426464,0.22146283
0.22145139,0.22423582
0.27845192,0.27262974
0.317057,0.31539434
0.26235512,0.28066707
0.2556774,0.25465545
0.2835821,0.2945749
0.29016608,0.2981826
0.29544663,0.30064303
0.3000158,0.29418433
0.25480682,0.25849104
0.2988336,0.3041116
0.2539646,0.24516487
0.2486483,0.2622495
0.26397747,0.26855317
0.27572545,0.27066898
0.19585714,0.20055656
0.19605789,0.22056134
0.25177252,0.24306527
0.29475737,0.28290707
0.29224718,0.29127234
0.2584411,0.2609204
0.25354257,0.24943179
0.26188004,0.26235324
0.24615777,0.25022107
0.283681,0.30155677
0.28723964,0.2931122
0.2774643,0.27664882
0.2547962,0.25640216
0.26077327,0.2567781
0.22382773,0.24740648
0.24459906,0.2566015
0.27821714,0.27722806
0.2843852,0.2568146
0.24801415,0.23756395
0.22526766,0.21694332
0.28185648,0.26199833
0.26101768,0.27991194
0.25804138,0.2877654
0.23627263,0.24482566
0.21788698,0.22797978
0.29301038,0.27666447
0.28102592,0.29783177
0.25486517,0.27151328
0.2414793,0.24169588
0.2529351,0.2585586
0.24527128,0.2461506
0.23900317,0.2378653
0.26259795,0.2556172
0.24390708,0.23802489
0.24559456,0.24406965
0.24011263,0.24603009
0.28929713,0.2833009
0.29507998,0.287921
0.287921,0.29507998
0.23166151,0.2419508
0.20824909,0.2160798
0.20105532,0.2163201
0.21327917,0.22080564
0.20691724,0.22014932
0.24504589,0.239533
0.30217892,0.2918112
0.2959534,0.3042227
0.16852939,0.18106769
0.25542647,0.23753873
0.2057964,0.1939613
0.25263172,0.24644488
0.24955216,0.25515887
0.24446645,0.24681002
0.20266593,0.19511083
0.19174653,0.20782621
0.20604604,0.19833697
0.1964794,0.1990488
0.2010802,0.19607025
0.250616,0.23788211
0.26832828,0.25276288
0.25386184,0.26193547
0.23951194,0.24434327
0.24728172,0.22923511
0.24602455,0.23250699
0.23360848,0.25003535
0.23643243,0.24485001
0.21152198,0.2349487
0.237726,0.24745142
0.24186121,0.2557955
0.2148594,0.23937957
0.2534332,0.28224888
0.25108498,0.3080169
0.2859169,0.26234022
0.25951168,0.2400009
0.2668141,0.28543118
0.16012122,0.18150912
0.18487553,0.20053706
0.19208013,0.18352818
0.17383079,0.16297461
0.2307651,0.21786919
0.18743628,0.22274022
0.20516329,0.22798191
0.23169759,0.2224229
0.22041756,0.23939246
0.20410298,0.20863137
0.21116745,0.2089735
0.29833698,0.30360985
0.2965237,0.28594366
0.22469868,0.23338711
0.23267281,0.22643724
0.20506184,0.22147474
0.22426645,0.24286751
0.1951609,0.21260189
0.25298026,0.24386491
0.24726336,0.26320773
0.23296167,0.23106807
0.2588366,0.2685092
0.23925586,0.24922678
0.24965662,0.2773041
0.26261884,0.285689
0.2773041,0.24965662
0.30609822,0.3056366
0.2507866,0.27557427
0.26295632,0.27468064
0.30596286,0.30543125
0.30226472,0.30065846
0.3024263,0.30255395
0.31457368,0.3126816
0.30246964,0.30065316
0.3171908,0.31672633
0.30511948,0.30343202
0.26992148,0.26312247
0.29259014,0.28694856
0.2802058,0.29423058
0.25989524,0.25103313
0.25334704,0.24825096
0.24206984,0.2503116
0.25444922,0.26176357
0.28492078,0.2701736
0.24705799,0.2522783
0.26505518,0.281974
0.21950625,0.21538132
0.22202122,0.22280855
0.24855223,0.2336105
0.23958747,0.2535466
0.25690964,0.25151953
0.2534097,0.26053444
0.20395088,0.20243797
0.20977315,0.21966514
0.216266,0.21684366
0.20274323,0.19990094
0.21271092,0.20144926
0.27427623,0.2725461
0.21346012,0.21332105
0.26456666,0.26204297
0.26861823,0.27341932
0.20811698,0.19156872
0.24819835,0.25518945
0.27488047,0.2661193
0.1952672,0.21116745
0.24326468,0.24493565
0.24436897,0.2299934
0.2299934,0.24436897
0.24415857,0.24262547
0.25872168,0.24694023
0.20213754,0.21889678
0.21889678,0.20213754
0.23374029,0.23303023
0.2264255,0.2277338
0.23468013,0.23535737
0.2282731,0.2268871
0.26206523,0.2823792
0.20877625,0.20736521
0.20363745,0.21297686
0.19678774,0.22694467
0.1980504,0.22143625
0.1937234,0.21625926
0.23031047,0.27084422
0.24386331,0.25564805
0.25197577,0.24666199
0.23185416,0.20844
0.20844,0.23185416
0.21489932,0.23451917
0.22212565,0.19875178
0.24287271,0.23809189
0.20216268,0.21973439
0.25594273,0.24998048
0.24052218,0.27657717
0.23745485,0.268264
0.21162683,0.22152974
0.25021216,0.267967
0.20930526,0.2267589
0.22781834,0.21731159
0.1772295,0.17644212
0.17644212,0.1772295
0.23338597,0.22320455
0.19218381,0.19130622
0.26731116,0.27300006
0.22434907,0.2161818
0.23956278,0.24011618
0.22034964,0.21329935
0.24407378,0.23158114
0.2944054,0.2943161
0.29787827,0.27419233
0.28714693,0.2927413
0.26721698,0.26127714
0.24075757,0.27591574
0.2911268,0.300864
0.21211295,0.1894357
0.2229507,0.25723717
0.22790582,0.24218287
0.24191967,0.23858985
0.19051403,0.19877034
0.31806555,0.3313585
0.2606599,0.27561408
0.26127487,0.30002874
0.2321218,0.2612995
0.25988653,0.24115331
0.2337714,0.22717415
0.19715473,0.19367407
0.28888685,0.2616336
0.29644406,0.2925667
0.22542775,0.23388296
0.24627014,0.24809128
0.262311,0.3005281
0.24698555,0.2847513
0.2508115,0.2810306
0.17636515,0.18056603
0.19199409,0.19410276
0.18165794,0.18606064
0.3102564,0.28179556
0.18089442,0.18858597
0.26078993,0.2620333
0.28708684,0.2677498
0.25019813,0.25086614
0.19140863,0.19351484
0.25790587,0.25519058
0.25104406,0.23534358
0.19359453,0.20517427
0.20497796,0.19147953
0.25754508,0.25022
0.22562703,0.23159446
0.21859881,0.22810967
0.2183755,0.23589334
0.18717852,0.18087985
0.2903417,0.2773561
0.22615454,0.22353578
0.21822926,0.22321832
0.26434094,0.28635654
0.27474284,0.29090494
0.24828246,0.2638118
0.24863619,0.26434055
0.26441705,0.2533192
0.21286769,0.20932578
0.26441875,0.25352865
0.29134434,0.28247806
0.21019393,0.21187666
0.19594988,0.20188464
0.20290117,0.19924694
0.25468743,0.28068554
0.25534537,0.24399135
0.25560072,0.26194012
0.24783668,0.26560667
0.2657728,0.2473015
0.24652073,0.25995168
0.21200202,0.20954919
0.2609099,0.25482652
0.20059988,0.2136023
0.23593877,0.27543902
0.24042194,0.2578782
0.25376275,0.2377109
0.28890833,0.28678936
0.18828978,0.17586467
0.256596,0.22869667
0.19974871,0.18071023
0.21865585,0.22585884
0.24482453,0.25385186
0.21407314,0.2609542
0.24090546,0.2549557
0.17899415,0.19401853
0.17778914,0.20205292
0.22823441,0.20385236
0.25920376,0.2437752
0.2040023,0.20503508
0.24649973,0.2701689
0.20628916,0.21047339
0.28798914,0.27745804
0.27782434,0.27673775
0.28832754,0.28589424
0.28589424,0.28832754
0.2659396,0.25191945
0.25191945,0.2659396
0.27745804,0.28798914
0.27808917,0.291687
0.24777299,0.26951066
0.2805012,0.2935752
0.28737456,0.28850943
0.27030146,0.2867576
0.27935624,0.30633798
0.24188584,0.30110583
0.21097831,0.18667471
0.21073413,0.19428378
0.19066457,0.18610495
0.20169531,0.19502711
0.219448,0.24103159
0.21933812,0.24096084
0.19923875,0.2098963
0.2437719,0.22311828
0.18836395,0.19265132
0.22322679,0.2111747
0.19928212,0.19882303
0.21534832,0.2263061
0.18619482,0.20000796
0.23832393,0.25509578
0.22629818,0.2309064
0.22890553,0.22240351
0.29798535,0.29822922
0.21587285,0.21894084
0.25540733,0.28919363
0.2527085,0.29422498
0.24718061,0.29112607
0.21500912,0.2215302
0.26099986,0.25346422
0.2549479,0.2735771
0.26321894,0.2595703
0.2602026,0.268293
0.27066883,0.26156792
0.21654597,0.20777573
0.21414891,0.2194866
0.2000548,0.17549989
0.17847447,0.20890328
0.18448031,0.21683717
0.17575543,0.1977657
0.27752864,0.26202965
0.27462468,0.29518563
0.23014247,0.2458739
0.27482954,0.27130044
0.27391624,0.24511354
0.26918402,0.26930124
0.25194523,0.27235702
0.23351823,0.25372392
0.272995,0.2705177
0.23674297,0.25086454
0.24939771,0.24724793
0.2563649,0.24350893
0.22968413,0.22042601
0.20287955,0.20566514
0.20769225,0.22915411
0.20215751,0.19095245
0.28265083,0.26457015
0.24626125,0.2341167
0.21754727,0.23061666
0.2680299,0.28051865
0.21754727,0.23061666
0.23677087,0.24087438
0.18410154,0.20064044
0.16222218,0.186235
0.1840149,0.20105593
0.19487686,0.1916842
0.1944717,0.18906233
0.18952788,0.22506289
0.19576618,0.2299737
0.19855136,0.2112581
0.26225436,0.2724016
0.2586558,0.27013355
0.27103478,0.2646859
0.2708996,0.25954828
0.26797298,0.2795397
0.26748547,0.28424963
0.27424508,0.26197502
0.27043936,0.2648468
0.28289428,0.27461824
0.23065893,0.21090472
0.26490223,0.25719664
0.21131806,0.2287609
0.2754242,0.2841638
0.2849335,0.27452892
0.27921724,0.27536532
0.25610527,0.26186073
0.23446912,0.23744318
0.24040629,0.23601273
0.24075621,0.2653654
0.24905403,0.28378808
0.27540803,0.26656067
0.22440025,0.25322443
0.2581075,0.29458627
0.24044697,0.24236974
0.24503478,0.24433596
0.2914762,0.28719205
0.22097278,0.24894318
0.17411052,0.19095951
0.2203884,0.2304973
0.18855108,0.17597455
0.21977417,0.2231075
0.20663303,0.19017838
0.28062078,0.2727648
0.22308086,0.2192441
0.19132003,0.20309126
0.19850565,0.19464523
0.26325125,0.27692604
0.20796846,0.20952904
0.20661353,0.202036
0.18960558,0.18642375
0.19279215,0.20973076
0.15019126,0.21626717
0.18276954,0.18696573
0.2785098,0.28423938
0.2849686,0.2858212
0.2728392,0.28411523
0.1671554,0.16824594
0.16730468,0.17685118
0.25339347,0.22860813
0.20392278,0.18020582
0.18181589,0.16674298
0.25809774,0.23910342
0.15136284,0.17851676
0.1748785,0.19150516
0.1813385,0.20345947
0.238607,0.22267897
0.168603,0.16898231
0.1819321,0.17183812
0.19949985,0.2244871
0.24485345,0.2507596
0.24033043,0.24759424
0.23021565,0.24045679
0.22152679,0.24184996
0.23757513,0.21513504
0.26184833,0.25502715
0.24030963,0.23607826
0.25433332,0.26501077
0.2728926,0.26136315
0.26785263,0.27082467
0.24005088,0.24217984
0.2344544,0.2231312
0.23207755,0.22590032
0.2231312,0.2344544
0.21393986,0.20441192
0.19395055,0.21783149
0.19872785,0.21563521
0.29797253,0.29710004
0.25207734,0.24689752
0.30131724,0.2867097
0.28949064,0.29229787
0.29251522,0.2888825
0.25160846,0.24742775
0.23010956,0.2520169
0.20998663,0.21614115
0.27226537,0.28256172
0.20585313,0.20274392
0.28005335,0.29229498
0.28070152,0.29896903
0.2167989,0.21956027
0.2401442,0.26039466
0.24072933,0.24456102
0.18734145,0.20614457
0.2635185,0.2833187
0.28867,0.29724392
0.28490806,0.29946217
0.2765937,0.2971941
0.276038,0.29082125
0.28225917,0.30329993
0.23478003,0.2482866
0.21701911,0.25202763
0.1965312,0.20445237
0.25550443,0.24732319
0.2569043,0.24848384
0.2964906,0.26507607
0.23982653,0.25250733
0.25369176,0.26790133
0.28903604,0.28828543
0.24961758,0.24365479
0.20247379,0.19045636
0.24950895,0.24411394
0.19803579,0.19897725
0.30329993,0.28225917
0.2409555,0.2567619
0.29724392,0.28867
0.24321464,0.23761836
0.26784247,0.2517382
0.28375998,0.2860721
0.14726084,0.14370067
0.24684678,0.27773103
0.2528486,0.2784748
0.19706374,0.19979374
0.1830383,0.21907221
0.19527242,0.19161664
0.2086836,0.19429134
0.2057714,0.20185018
0.18097568,0.20900013
0.19566357,0.20691463
0.18138051,0.20031819
0.18893372,0.22430217
0.17308351,0.23365614
0.19816756,0.18525168
0.21919452,0.21446517
0.21763921,0.2173272
0.24396299,0.25173002
0.17746253,0.16480172
0.25793174,0.24408734
0.2345297,0.2547562
0.16886468,0.16739583
0.2784207,0.28864613
0.22464792,0.22499773
0.2151748,0.20296395
0.22255144,0.21429142
0.20419022,0.18357536
0.21719916,0.20002978
0.18891378,0.19663219
0.20872048,0.21358323
0.24520294,0.22609428
0.22057813,0.23311624
0.20657632,0.21293218
0.2505453,0.25642475
0.25791556,0.2555091
0.20815343,0.19902945
0.25779656,0.25407946
0.20545207,0.2105865
0.2457428,0.25369585
0.2507552,0.26027364
0.25046074,0.24860561
0.246986,0.26749727
0.25923657,0.24180417
0.28002214,0.27946374
0.27072987,0.27399573
0.28111902,0.27821708
0.27771595,0.27360106
0.27125448,0.30437797
0.22090703,0.2622062
0.25454888,0.28288335
0.184037,0.1987038
0.2622062,0.22090703
0.1987038,0.184037
0.2216684,0.24320874
0.25855806,0.26158068
0.21292,0.21219932
0.26545018,0.27232438
0.21366517,0.22167373
0.25493848,0.22666934
0.24113777,0.26741007
0.23757322,0.26752928
0.22151655,0.26345095
0.23391603,0.25829512
0.24769908,0.264428
0.24375796,0.28224105
0.26359552,0.27662718
0.21052529,0.20919494
0.27398804,0.25238487
0.2796798,0.25179446
0.21267757,0.21451384
0.22305652,0.23366362
0.2635978,0.23390901
0.2349182,0.21726088
0.18959229,0.193679
0.1827746,0.18376404
0.26391,0.26327085
0.28219342,0.27306405
0.2664046,0.25900322
0.27737048,0.26552126
0.2902692,0.29760435
0.22427899,0.26974076
0.2580099,0.2638759
0.25642484,0.27034312
0.2933693,0.29822004
0.25523865,0.26687175
0.25485376,0.26640606
0.29760435,0.2902692
0.2672177,0.2722757
0.29946882,0.2987197
0.2669086,0.29188058
0.29586953,0.28973168
0.2737326,0.2815066
0.23353332,0.222501
0.2255047,0.22953066
0.26687175,0.25523865
0.26950985,0.24956942
0.29188058,0.2669086
0.21342061,0.22462817
0.18726306,0.20318055
0.21349734,0.23119822
0.218844,0.22860512
0.2510724,0.2671777
0.2261143,0.22048688
0.22276339,0.23349994
0.22879826,0.22986716
0.24049486,0.2555247
0.2341347,0.2335685
0.23025918,0.23173463
0.24665771,0.23538376
0.23330925,0.2399413
0.23931876,0.23341382
0.24059325,0.23934115
0.25084734,0.23459823
0.23989412,0.24382451
0.25075054,0.25937045
0.24604613,0.26020613
0.18942365,0.18773624
0.2484028,0.25060847
0.21075903,0.21364295
0.24701697,0.24808966
0.19178388,0.18671031
0.21987419,0.21752372
0.21541527,0.20852633
0.26755184,0.27028102
0.21229959,0.22076724
0.27933824,0.26863632
0.23460093,0.2252604
0.27139384,0.27670795
0.22371006,0.23454076
0.24784759,0.2477233
0.2758823,0.2709871
0.23625515,0.25735775
0.31952196,0.33903673
0.2509479,0.26250592
0.2643782,0.29566464
0.26166487,0.2855484
0.2643782,0.29566464
0.2643782,0.29566464
0.26093867,0.29511917
0.24931943,0.22303593
0.2643782,0.29566464
0.16651422,0.16195713
0.23405524,0.23877972
0.2395342,0.24484089
0.24285194,0.27203953
0.21806937,0.21294549
0.20194595,0.21100247
0.2257504,0.22696353
0.2681403,0.2762982
0.24787478,0.25487992
0.27172947,0.25608924
0.24765413,0.23671088
0.22455838,0.24359745
0.2265087,0.25000918
0.26409206,0.2351858
0.24359745,0.22455838
0.21734108,0.2248936
0.24859351,0.24660996
0.24449816,0.25139445
0.27268678,0.26891905
0.27264142,0.2735947
0.1873043,0.17664379
0.19734783,0.20127024
0.17748666,0.18745935
0.22879231,0.22427304
0.17278823,0.16792251
0.19759998,0.1940587
0.21099718,0.22244914
0.22041455,0.21681789
0.18024881,0.18383004
0.19975698,0.20218836
0.18534416,0.18122727
0.20205627,0.20126772
0.27161348,0.31320512
0.29454154,0.31000012
0.26686987,0.2668687
0.2584144,0.25579572
0.24355397,0.2471675
0.24439502,0.25059044
0.23886423,0.24142939
0.24236757,0.24130186
0.28146568,0.30328718
0.25251132,0.26448423
0.28804243,0.28765425
0.20359081,0.20114319
0.22340706,0.22603694
0.23604377,0.24783608
0.28648046,0.29177082
0.28725308,0.28411317
0.23782396,0.2771345
0.24004576,0.27675736
0.2771345,0.23782396
0.2581622,0.2532684
0.20998222,0.20755291
0.2895457,0.28956497
0.2913625,0.28308025
0.25714737,0.29323366
0.29274753,0.32810795
0.2658126,0.32400095
0.28757524,0.32198942
0.28862244,0.32560152
0.27462512,0.29896986
0.30251998,0.28453672
0.29896986,0.27462512
0.29924428,0.2826568
0.23134446,0.2415283
0.23224908,0.2397489
0.23126301,0.22337382
0.23842078,0.23559795
0.24706307,0.281919
0.27321917,0.28115043
0.27887836,0.27885327
0.2952319,0.27549925
0.2669376,0.29708338
0.2719141,0.27972975
0.2754902,0.2637695
0.19740584,0.19332495
0.20987406,0.17966048
0.22843495,0.2067247
0.26792252,0.28984445
0.19025093,0.20951387
0.28412446,0.25820273
0.21431468,0.22267908
0.18208948,0.17971912
0.18878822,0.16765174
0.30092248,0.28659925
0.29057172,0.2774958
0.24708968,0.242021
0.27456158,0.2921641
0.27558,0.3006608
0.2358957,0.27215323
0.28862625,0.29460096
0.23676008,0.23887163
0.26509094,0.24016744
0.27905434,0.27750465
0.24684484,0.2667393
0.2370368,0.25096288
0.24220848,0.2387614
0.26326448,0.2798037
0.25815693,0.2864922
0.27130863,0.26785663
0.26434958,0.26557642
0.26963893,0.2714982
0.23877618,0.23799625
0.24086136,0.23821686
0.21356238,0.19912127
0.20028017,0.21870539
0.23325151,0.23230195
0.27279273,0.27306053
0.21867041,0.20842308
0.20587991,0.20702417
0.23141137,0.22689661
0.21311387,0.21440585
0.20948532,0.21503973
0.27262372,0.27563706
0.21009654,0.21594709
0.20953412,0.21384782
0.2067673,0.22805448
0.22255945,0.21856433
0.22175272,0.21182561
0.21448737,0.20436347
0.2440356,0.24722028
0.22281095,0.22563937
0.20099387,0.21831599
0.24381335,0.23962475
0.22000802,0.22643504
0.22337647,0.22409433
0.27450156,0.24891557
0.26324302,0.2546626
0.2345725,0.27162504
0.25099534,0.28125846
0.2308704,0.25448543
0.2467349,0.26020682
0.26066813,0.25329244
0.2638687,0.26444238
0.2518619,0.24500254
0.23437136,0.2465189
0.242874,0.24218597
0.24033895,0.22917987
0.24916613,0.23151106
0.23948713,0.24268223
0.20801897,0.21575674
0.23828766,0.23923469
0.22669895,0.2163006
0.1778111,0.1893317
0.19409744,0.20613623
0.1692285,0.17103907
0.23552209,0.24077849
0.1824861,0.19088982
0.1986156,0.18449484
0.2298116,0.22765447
0.21537358,0.19373094
0.18915108,0.18029886
0.22765808,0.22322676
0.18772614,0.17640464
0.20136626,0.23378813
0.24314654,0.2399164
0.2675503,0.2634862
0.25600517,0.26107645
0.25490808,0.2618622
0.26667297,0.27090356
0.25403672,0.23971131
0.25319117,0.24439542
0.26028103,0.2771539
0.24374233,0.23526111
0.20522383,0.23991689
0.24635668,0.21287896
0.19819432,0.19696869
0.21859708,0.21931845
0.17695367,0.20074119
0.2414146,0.23652215
0.18688647,0.18041791
0.17824256,0.17697628
0.22230087,0.2237545
0.24248905,0.24358553
0.18239336,0.1826694
0.18664956,0.18762302
0.16900173,0.17972822
0.19182706,0.19512422
0.1787377,0.16781694
0.20347181,0.18161078
0.26677716,0.25654435
0.24888304,0.25739208
0.14596364,0.14060548
0.21891744,0.20969559
0.15049656,0.14851049
0.2572599,0.25367543
0.21144706,0.21877131
0.1691262,0.15979563
0.2626347,0.2631852
0.14474438,0.15449141
0.15556258,0.16027671
0.14381091,0.14610799
0.250559,0.25394717
0.27823785,0.27837414
0.25940332,0.25151688
0.28338027,0.29117757
0.2886259,0.28460255
0.2457731,0.23896979
0.23949428,0.24843964
0.2156435,0.22501254
0.26470116,0.27505645
0.19618185,0.17813544
0.2284538,0.22186424
0.21732627,0.21320114
0.19928475,0.20983931
0.1787554,0.19051524
0.2695137,0.2708366
0.20290428,0.19572373
0.22828838,0.2261454
0.23581898,0.23419416
0.22987647,0.24140576
0.21527573,0.23338741
0.19359784,0.20327592
0.22924706,0.23995969
0.25294983,0.2585065
0.24637055,0.2410626
0.23369525,0.2265599
0.25668105,0.25290173
0.20931657,0.20845282
0.23974685,0.2724829
0.2909324,0.27015358
0.23338787,0.2882478
0.27826956,0.2901188
0.2600602,0.28582692
0.26325276,0.2742109
0.22421949,0.22894125
0.302088,0.28280017
0.22501424,0.22402933
0.27378958,0.25770465
0.2420854,0.2425357
0.22010794,0.22549672
0.21578573,0.2270531
0.21751949,0.22687033
0.22726429,0.224127
0.21578573,0.2270531
0.21208355,0.23018202
0.2410936,0.23859948
0.25514856,0.2715648
0.25835687,0.26347122
0.26930106,0.28132233
0.28055063,0.27404362
0.26177883,0.26001745
0.26580018,0.276632
0.28054062,0.28046113
0.25005397,0.2534957
0.24305212,0.24556687
0.27396637,0.27193332
0.2350545,0.23371278
0.21633634,0.2158479
0.2660785,0.25736484
0.2795215,0.27223125
0.24439394,0.23578261
0.22766301,0.22875705
0.25045133,0.23785672
0.26523054,0.26407623
0.24792945,0.2504382
0.209012,0.21125697
0.25419316,0.24113357
0.2758186,0.2588209
0.26721194,0.2628527
0.30401695,0.29476243
0.29580045,0.30766892
0.25457984,0.27981967
0.20780814,0.21524268
0.26101288,0.24777235
0.24673893,0.24172229
0.23152642,0.24800603
0.21300492,0.2108071
0.22330841,0.21366897
0.21376403,0.23742898
0.24409369,0.26109797
0.24363878,0.24734953
0.23658942,0.2657581
0.24570008,0.22864148
0.280007,0.22801566
0.3123561,0.30190474
0.24154724,0.22810559
0.30212528,0.3168824
0.22191334,0.23876293
0.30488908,0.31439322
0.33085704,0.34614038
0.24525875,0.25363755
0.3168824,0.30212528
0.3218781,0.3043994
0.24723144,0.2432937
0.24169204,0.24500254
0.25245422,0.26712823
0.24431558,0.24808393
0.25322765,0.24089059
0.24410982,0.24678992
0.19155657,0.1843162
0.19801202,0.19398059
0.19370651,0.19674692
0.20147094,0.19951575
0.22942966,0.24118336
0.24038962,0.24574979
0.24246922,0.24729803
0.24246922,0.24729803
0.22942966,0.24118336
0.24038962,0.24574979
0.22896302,0.23565523
0.2726968,0.25186056
0.26122823,0.2706486
0.23224208,0.2655536
0.22314435,0.21872151
0.2980351,0.28176314
0.27368382,0.2968949
0.25961345,0.2617507
0.250736,0.2348084
0.24597138,0.2533965
0.2582692,0.2644871
0.22849727,0.24969797
0.20821977,0.2094101
0.18981312,0.19003694
0.19003694,0.18981312
0.20418085,0.20195526
0.25240204,0.24675483
0.24942942,0.23008184
0.210304,0.20771189
0.22931626,0.23311771
0.20288388,0.20600946
0.2497534,0.25308418
0.24162343,0.22966315
0.24316798,0.2530516
0.22546694,0.26407406
0.20296875,0.21098766
0.21237294,0.20223455
0.30004865,0.27256042
0.2536803,0.29856846
0.22240248,0.24432492
0.227162,0.24137545
0.2405259,0.2235114
0.21921562,0.24202004
0.25192538,0.2839341
0.2591175,0.29345578
0.2531191,0.2514209
0.20010331,0.24069701
0.20043811,0.23634896
0.17038175,0.19974053
0.25554255,0.24649426
0.21044141,0.23511574
0.20611115,0.24393122
0.18143983,0.19648317
0.24379744,0.22434936
0.27014467,0.2492214
0.19466922,0.19463381
0.19418365,0.20127349
0.26277077,0.2716344
0.19669299,0.1874802
0.19765057,0.19389614
0.27622375,0.27449685
0.28156686,0.28070188
0.1818537,0.19282754
0.19725755,0.1781894
0.19915986,0.19857205
0.2005237,0.2046498
0.24612314,0.24612655
0.25697663,0.25310215
0.2122874,0.20871267
0.23437425,0.21548368
0.25120044,0.24661556
0.28779683,0.2854317
0.21706878,0.20515813
0.24869263,0.24807374
0.26320162,0.24672808
0.21172538,0.22968146
0.24607994,0.2459127
0.27985883,0.28532422
0.26725048,0.26161608
0.27139652,0.27092016
0.26181433,0.25808975
0.26709563,0.27425343
0.24409112,0.24754223
0.24840316,0.25112477
0.24829192,0.25202265
0.25346205,0.25275123
0.25386888,0.2481988
0.22762467,0.22450486
0.20692822,0.23677355
0.26500005,0.27265814
0.2543075,0.25429022
0.22093284,0.21966392
0.21914189,0.22187081
0.24180353,0.24616838
0.25056994,0.26407295
0.2917338,0.30426982
0.26092434,0.2699499
0.24553373,0.2420953
0.2544081,0.25329024
0.23741394,0.25537694
0.24768034,0.2704713
0.2704713,0.24768034
0.26065865,0.2527641
0.218184,0.2513033
0.22449018,0.24254256
0.2427107,0.28100303
0.26570833,0.2760549
0.21973187,0.22752288
0.2655833,0.2722209
0.22112153,0.22978754
0.23171845,0.2391697
0.2265739,0.23390865
0.17746812,0.18058713
0.27711633,0.2840701
0.27156407,0.27818054
0.27848774,0.2750298
0.22284767,0.21243758
0.2362494,0.23833379
0.24886449,0.23059922
0.21639465,0.21689126
0.23323238,0.24875398
0.2564916,0.2758142
0.2564916,0.2758142
0.20276175,0.19572265
0.23583895,0.21016234
0.2325204,0.21058898
0.22427213,0.21208298
0.19443157,0.19971766
0.2812542,0.26687104
0.21643579,0.22706996
0.21570195,0.23691079
0.2044086,0.21912266
0.22292747,0.22718625
0.27027142,0.26355115
0.26104072,0.26498312
0.26042518,0.26711452
0.27164912,0.2697494
0.25397587,0.25089863
0.26244092,0.26777518
0.25089863,0.25397587
0.2860649,0.2726822
0.27915707,0.25260466
0.25123087,0.27329767
0.2726822,0.2860649
0.22307943,0.21216057
0.2077175,0.2426532
0.19127122,0.23011819
0.22237605,0.22598293
0.21131481,0.18650852
0.24344337,0.2473842
0.24949306,0.24696699
0.23529825,0.21355921
0.23587888,0.25547427
0.2762996,0.27452785
0.28067538,0.279999
0.24894747,0.28022972
0.23987001,0.2793331
0.2985065,0.29741216
0.3008126,0.29878566
0.29878566,0.3008126
0.29741216,0.2985065
0.24722348,0.22013241
0.22795945,0.23755786
0.22608684,0.24845783
0.27179617,0.272786
0.27174693,0.27387318
0.2515337,0.23203696
0.22649492,0.21677925
0.25270328,0.2624629
0.20847332,0.22813077
0.23668009,0.257322
0.22076708,0.25004587
0.22056603,0.25328347
0.19568741,0.27879143
0.2567217,0.2233747
0.26596832,0.24389581
0.25037885,0.25513417
0.2484439,0.24618644
0.25340948,0.20273446
0.20273446,0.25340948
0.19625482,0.2113358
0.1757919,0.17938675
0.28689015,0.271678
0.20529182,0.21023487
0.27217463,0.28103286
0.25789315,0.28135037
0.20844275,0.20276514
0.21167493,0.20483404
0.19424865,0.18402767
0.18373509,0.19538863
0.21565023,0.23086575
0.22381863,0.21467093
0.20069683,0.18868876
0.22450428,0.21149714
0.20693444,0.24313727
0.19755606,0.2200296
0.23789081,0.27801114
0.19937712,0.20376945
0.1930645,0.20730908
0.2887724,0.2963941
0.20846453,0.224297
0.22323537,0.20272493
0.2114206,0.21745339
0.2097662,0.21335942
0.17842285,0.19243501
0.21335942,0.2097662
0.1948251,0.18046616
0.1878407,0.20359859
0.26655662,0.2644985
0.24354315,0.24307811
0.21059178,0.2215068
0.2188974,0.26368946
0.22555889,0.22801803
0.26197013,0.26623952
0.20354582,0.2070769
0.22754467,0.23827237
0.19898893,0.21502486
0.24393632,0.22973524
0.22640148,0.20990926
0.2232359,0.22293079
0.208587,0.2046195
0.23001137,0.22648732
0.22664064,0.2444224
0.2397,0.2420162
0.2279524,0.25548714
0.19692627,0.2041125
0.22627851,0.26254317
0.2676141,0.25974324
0.25417322,0.24732575
0.2393107,0.2523942
0.26932585,0.31069186
0.2895434,0.31786817
0.22834614,0.20896447
0.22980678,0.23135135
0.23237051,0.2251117
0.20976415,0.21735333
0.29812986,0.29706264
0.2968262,0.29561123
0.1872024,0.24150437
0.2020337,0.20254041
0.20314306,0.20288311
0.23682028,0.26987544
0.22657701,0.26789033
0.22964033,0.24100736
0.24537855,0.26209098
0.2545734,0.25592482
0.24383985,0.2483729
0.2530721,0.2529737
0.25331894,0.2434146
0.2187886,0.21191105
0.23799738,0.26066765
0.23956367,0.28040951
0.23863705,0.2691843
0.26111802,0.2420707
0.21541621,0.21942917
0.26837075,0.24333346
0.2344259,0.2225506
0.2335801,0.24269223
0.22119781,0.21208853
0.26671606,0.26431698
0.2586771,0.26909655
0.27563965,0.27263397
0.21647872,0.23109424
0.27665785,0.27587637
0.2709635,0.27639392
0.27834767,0.2662624
0.22068755,0.24834739
0.24226345,0.24212076
0.27476493,0.2807841
0.30455285,0.28649634
0.28202626,0.31578586
0.29148304,0.29868245
0.25239998,0.2576997
0.25825673,0.25124976
0.25157228,0.25272858
0.23435542,0.24496594
0.21096626,0.22779593
0.23146868,0.24149497
0.2880832,0.2867523
0.28568614,0.28985077
0.28364435,0.27427456
0.24094595,0.22695202
0.29435724,0.2988285
0.2552178,0.27534625
0.2892946,0.2886143
0.28985077,0.28568614
0.28304148,0.28348535
0.29539552,0.29568502
0.2737405,0.27939796
0.2794089,0.28176475
0.27388996,0.27401543
0.32746685,0.31676906
0.29558662,0.29971212
0.3125416,0.32595727
0.27649397,0.2740798
0.30537036,0.29727417
0.26302975,0.27961236
0.28325555,0.27850848
0.27605838,0.2787628
0.27716428,0.2816261
0.28128374,0.27026483
0.2245886,0.25544184
0.23677342,0.2458606
0.266551,0.29476267
0.19025396,0.2190283
0.24434045,0.25194815
0.24356368,0.23980138
0.25282052,0.24779744
0.26913545,0.26339418
0.26225427,0.2658942
0.28454155,0.28287446
0.2739709,0.28431433
0.24636786,0.2619281
0.31857878,0.30470723
0.2231343,0.23649316
0.23448543,0.22527383
0.2935993,0.28314796
0.30470723,0.31857878
0.28743088,0.29513726
0.24412572,0.22487156
0.21227102,0.24879035
0.25041425,0.27718088
0.20409027,0.2685381
0.20758419,0.20719989
0.20423546,0.20092909
0.2334373,0.2379309
0.29716307,0.27067322
0.2374886,0.23812994
0.22650258,0.2302957
0.22722869,0.22908841
0.24504465,0.25234002
0.22656284,0.226032
0.24210499,0.22981878
0.23955734,0.23148993
0.24613738,0.29115134
0.21371841,0.24919587
0.2742776,0.29395142
0.20803122,0.28616154
0.22911137,0.22273308
0.24284126,0.24104369
0.23989406,0.23946323
0.19869357,0.19852945
0.19615267,0.20093352
0.21783166,0.2158381
0.21387447,0.2109423
0.18967941,0.21301433
0.21632534,0.2332066
0.24102831,0.23204362
0.24461909,0.25416338
0.25413144,0.2453125
0.23204362,0.24102831
0.24173117,0.24657437
0.25760487,0.27733994
0.24710955,0.25226966
0.25043124,0.24835831
0.28465903,0.29429755
0.25187546,0.27066335
0.26115203,0.27175617
0.27620295,0.2652108
0.2648879,0.2541363
0.24887513,0.24738975
0.17576839,0.21312991
0.30399698,0.2701199
0.26013684,0.31115302
0.27060938,0.30736443
0.30869582,0.2704467
0.3010749,0.27527168
0.2667036,0.25275293
0.2845873,0.2870112
0.28078175,0.28889135
0.25286368,0.2618447
0.22537704,0.24939755
0.19270979,0.23245537
0.25594488,0.2630204
0.2562153,0.24929439
0.2737506,0.31463754
0.2709565,0.32147446
0.22683614,0.23881973
0.2953494,0.3181134
0.2349104,0.24915308
0.2519705,0.24531758
0.23403558,0.23996447
0.23634578,0.22995736
0.24223639,0.2704075
0.2523342,0.25472412
0.24056672,0.2416019
0.24254261,0.22905678
0.26785132,0.2526259
0.228363,0.25033954
0.2258521,0.22397801
0.244284,0.24365932
0.27227008,0.24789557
0.25322613,0.23904131
0.23237374,0.25771242
0.23470059,0.27665365
0.21984404,0.22543658
0.22856963,0.2325393
0.23245019,0.2326286
0.25818223,0.25142306
0.2504057,0.26737213
0.23712964,0.23380217
0.24157482,0.24197589
0.28077802,0.28952885
0.28620484,0.27736706
0.2711865,0.2843944
0.28689522,0.28498048
0.26301688,0.25527507
0.21637632,0.22236085
0.2625018,0.2638384
0.28698543,0.27030468
0.26775688,0.30036408
0.2480017,0.26751935
0.24759576,0.27109456
0.26486927,0.2519037
0.2687908,0.25182837
0.3287808,0.28841949
0.23513055,0.2513907
0.2513907,0.23513055
0.20541044,0.1854213
0.1854213,0.20541044
0.2692173,0.2423134
0.28841949,0.3287808
0.22566333,0.27328077
0.2423134,0.2692173
0.25821933,0.24509406
0.19721696,0.2375497
0.2368372,0.23141721
0.24546151,0.25075194
0.23353899,0.24188186
0.2732707,0.29119363
0.2560792,0.27390307
0.21523187,0.2218036
0.21549168,0.21248786
0.22029682,0.21974064
0.22080655,0.22513267
0.20014134,0.19498843
0.26972026,0.2970155
0.25430134,0.24419087
0.24727152,0.23764996
0.24334872,0.2616656
0.23897606,0.25419497
0.25345108,0.2806441
0.24472204,0.26433137
0.23494132,0.26734316
0.24926856,0.28521
0.28570676,0.25199074
0.21248776,0.22265007
0.21991928,0.21331117
0.2542832,0.27287534
0.26274714,0.28204364
0.19708562,0.21842457
0.21968277,0.18242975
0.22244966,0.22546439
0.19252096,0.2080209
0.20083074,0.19259176
0.22228453,0.22440848
0.258792,0.26154837
0.281548,0.27433172
0.26348162,0.2583697
0.25967,0.24097283
0.2486918,0.2701068
0.26925027,0.2872372
0.26863268,0.296851
0.2635393,0.26703855
0.26693746,0.2681182
0.2366054,0.25176394
0.24277778,0.24072357
0.24772291,0.2706891
0.22310673,0.2163421
0.23582314,0.2517928
0.25592566,0.26940238
0.23773384,0.24010183
0.22206119,0.21834683
0.23578013,0.23390031
0.23994012,0.23222196
0.22948924,0.23166148
0.24695289,0.23780036
0.2649172,0.25315428
0.19173796,0.21908648
0.22148961,0.20068333
0.2884242,0.28556404
0.32479018,0.32008386
0.2668522,0.2594298
0.28819492,0.28430915
0.31713176,0.32358578
0.32008386,0.32479018
0.24924752,0.266804
0.24813244,0.23205881
0.24810576,0.27367175
0.26519734,0.2526344
0.29327372,0.29066607
0.26577994,0.26755208
0.29544497,0.2960685
0.26411757,0.27087682
0.23880208,0.23122089
0.19447994,0.1775502
0.23222598,0.23921746
0.19733724,0.18490128
0.23126784,0.24081548
0.20726158,0.20859705
0.22785306,0.23065858
0.1766876,0.2013322
0.17823139,0.19214378
0.22207601,0.24327755
0.2105516,0.25309193
0.23330152,0.2313619
0.18473724,0.18602695
0.22801898,0.24041048
0.18695661,0.18905477
0.17195173,0.17986035
0.19736597,0.19335654
0.17570926,0.17601831
0.175474,0.17380759
0.20403664,0.19933186
0.22159193,0.22385734
0.17636351,0.17678477
0.22726256,0.2225636
0.24058692,0.2379656
0.24756022,0.23182543
0.19398183,0.22289284
0.2584929,0.25550485
0.24915157,0.25399852
0.24238753,0.24703537
0.24950981,0.264121
0.24099976,0.24738418
0.251067,0.24640952
0.21929935,0.22807708
0.22583057,0.2551413
0.25407943,0.23139691
0.24657473,0.26307094
0.26104185,0.2679845
0.26690733,0.27457634
0.26380044,0.24439938
0.26926476,0.26722687
0.26734832,0.25583747
0.17759258,0.18084653
0.17434205,0.1831546
0.2555338,0.25651208
0.25407338,0.25752017
0.25181842,0.23519725
0.24601994,0.2578799
0.25697583,0.24856071
0.24203694,0.2576787
0.27951485,0.281426
0.2820852,0.2740013
0.26498133,0.30579677
0.24176688,0.24936491
0.24722028,0.24956797
0.25244883,0.27588335
0.27557382,0.2605883
0.2590705,0.23581097
0.2328254,0.25783688
0.23581097,0.2590705
0.2575543,0.23961255
0.19565518,0.21223794
0.25210422,0.2683376
0.24837042,0.26054013
0.23318803,0.20898378
0.20907718,0.2255563
0.26052088,0.26381034
0.28638324,0.28396067
0.29510647,0.29450947
0.25102544,0.24909335
0.28396067,0.28638324
0.25033486,0.250182
0.24258497,0.2354651
0.22299126,0.24770513
0.28475064,0.29997486
0.25233552,0.23330146
0.26909974,0.2795946
0.26293442,0.2745936
0.2737441,0.2765107
0.2823665,0.27321017
0.23832318,0.22828689
0.23044422,0.24449328
0.23985033,0.23713987
0.23438707,0.21927467
0.23065491,0.20427662
0.25180203,0.2840014
0.21438965,0.22530238
0.24378988,0.24944209
0.25046158,0.2793458
0.23352656,0.24122408
0.25792333,0.25790024
0.26313603,0.24331722
0.23047286,0.2202304
0.20762312,0.23086256
0.26324767,0.2776348
0.21792045,0.23135872
0.24428803,0.23533662
0.27913368,0.2580067
0.28603727,0.26430753
0.23967831,0.23874076
0.2832402,0.26332206
0.267505,0.26038033
0.24921206,0.23976077
0.26214474,0.24998948
0.24801712,0.24554047
0.26007384,0.27380502
0.25847384,0.25691384
0.2721595,0.26442376
0.2477633,0.24427333
0.23942122,0.24337327
0.26034093,0.26177323
0.23165762,0.25378135
0.25395608,0.2593847
0.24924912,0.26022077
0.26730978,0.26189864
0.2636878,0.269331
0.25295392,0.28384575
0.26475292,0.26507688
0.24772705,0.2421493
0.26417214,0.2675279
0.24228528,0.25012136
0.22013646,0.24412729
0.28007272,0.28636873
0.293212,0.27354524
0.22187476,0.22281805
0.20324507,0.22999434
0.27721557,0.2690498
0.24623467,0.2709236
0.27518198,0.26695228
0.25218096,0.24706674
0.26708484,0.29072976
0.22786614,0.22496417
0.2504396,0.24699667
0.25366166,0.24054894
0.2576405,0.2579856
0.2627039,0.2669866
0.26055932,0.2612183
0.2540064,0.2639075
0.26523474,0.2711106
0.25361425,0.25428614
0.2662724,0.26404876
0.28638634,0.29198104
0.26628846,0.26273376
0.24887586,0.23482053
0.2624439,0.25292554
0.26157787,0.25846905
0.25685015,0.26001313
0.23948541,0.2497016
0.26952446,0.26966217
0.26049933,0.2535197
0.17905602,0.17193528
0.17817883,0.16862842
0.16862842,0.17817883
0.22962976,0.22118434
0.26312536,0.2689359
0.2689617,0.26163384
0.22766565,0.22662406
0.22036661,0.22369319
0.2033613,0.2126809
0.20578294,0.20753984
0.24888775,0.27618235
0.28175688,0.30582455
0.2617305,0.25108182
0.23928115,0.23483156
0.23214427,0.2351628
0.23756635,0.2507358
0.20252314,0.2359199
0.23606807,0.22133832
0.25168565,0.24896513
0.2727045,0.3143321
0.2501636,0.24923071
0.27883863,0.27170485
0.26653865,0.27524465
0.24569452,0.26287568
0.2351947,0.22893643
0.2671603,0.27387613
0.23497772,0.23198663
0.228937,0.23008034
0.21866196,0.23477733
0.25925887,0.24419181
0.2523442,0.23916419
0.27686608,0.24943541
0.2731222,0.27328143
0.24296875,0.2601753
0.22674333,0.2232808
0.25062943,0.27430403
0.2308275,0.23661204
0.2599149,0.27196103
0.2154543,0.22270003
0.26983488,0.26409084
0.23271829,0.23422483
0.23474038,0.22068591
0.23158129,0.26688308
0.26304725,0.24786356
0.24548024,0.23953429
0.24348961,0.2446871
0.26539886,0.3034645
0.30430084,0.30063394
0.281843,0.26487696
0.22031412,0.22282618
0.32047918,0.27067554
0.32374585,0.27323842
0.1890023,0.20369932
0.1882603,0.18873811
0.30426145,0.2778183
0.20515025,0.20046905
0.29191226,0.28063813
0.31627563,0.27704757
0.31432462,0.27207267
0.3119827,0.26058045
0.1935814,0.19738938
0.19078822,0.19188303
0.26591015,0.33466402
0.27207267,0.31432462
0.24905853,0.32376087
0.2669696,0.3194018
0.26760116,0.29070485
0.2898903,0.3056907
0.27523705,0.28854725
0.26822776,0.33464378
0.27557555,0.31473097
0.29216468,0.2837476
0.26893726,0.27354434
0.2632738,0.26832545
0.26986417,0.26811305
0.26010868,0.2570981
0.271457,0.2715798
0.26886803,0.26700518
0.26944625,0.2658859
0.258396,0.2557988
0.24066824,0.25707996
0.19181539,0.20980245
0.20632783,0.20942354
0.19154419,0.19449082
0.22309083,0.21360637
0.22235504,0.24843277
0.21140113,0.22855721
0.21379426,0.2573662
0.21572424,0.25138488
0.2427235,0.23366064
0.22322246,0.17883694
0.23695385,0.21582729
0.24337135,0.226753
0.20629376,0.20588388
0.20542642,0.21204337
0.21424873,0.19527572
0.21211475,0.20955613
0.23606773,0.25123614
0.17729297,0.1825317
0.26048207,0.27559632
0.25197378,0.24816224
0.22675,0.22806305
0.24743655,0.25066757
0.27745184,0.27453768
0.2274682,0.2300249
0.2595076,0.26113665
0.26084915,0.25630033
0.25657693,0.2545584
0.17968397,0.18075381
0.27266377,0.28627273
0.2500689,0.26329458
0.23186547,0.25205573
0.2152995,0.20235705
0.20240812,0.20640011
0.18622956,0.22335191
0.19909754,0.20331278
0.25887236,0.28073207
0.28545836,0.30123112
0.2881059,0.30244106
0.29793662,0.30041042
0.30247253,0.28866345
0.27686018,0.2630056
0.29472584,0.29556644
0.26003954,0.2662158
0.25089413,0.2659076
0.26645216,0.25695896
0.26878068,0.26615316
0.27006623,0.27631295
0.31756184,0.32798237
0.31756747,0.3123716
0.28663746,0.30065674
0.25437328,0.27414504
0.26238242,0.25096112
0.27037534,0.2537452
0.17912579,0.19644508
0.238855,0.2341012
0.30678067,0.28372437
0.2364102,0.2434921
0.253157,0.26285312
0.27518523,0.26592615
0.26117164,0.266017
0.24277447,0.28245085
0.26483148,0.28285307
0.27761593,0.26938406
0.28245085,0.24277447
0.22685674,0.2566034
0.25706455,0.2774621
0.2372237,0.2387667
0.2453264,0.24464211
0.23111695,0.23342605
0.23497868,0.22964634
0.23031019,0.23244022
0.24024832,0.2447035
0.23669733,0.2417258
0.2740903,0.28965518
0.26715708,0.27796376
0.271672,0.28564316
0.23654985,0.23748964
0.22670834,0.22314338
0.2450567,0.24525589
0.28665084,0.27201647
0.23306859,0.23050676
0.28024107,0.26862863
0.25355834,0.2551985
0.21962363,0.2196533
0.24844734,0.25279608
0.2838659,0.2739974
0.25823978,0.2639536
0.25476453,0.25630176
0.258732,0.25403035
0.2517061,0.25025898
0.24501836,0.2481941
0.25259885,0.25165734
0.24598834,0.2438915
0.2274375,0.2344995
0.22620033,0.21705455
0.2336413,0.26108173
0.2621214,0.3135028
0.245452,0.25122532
0.25298834,0.24918348
0.23640321,0.2664848
0.22238623,0.22466592
0.22360629,0.2309581
0.22965924,0.22051616
0.24000609,0.23200287
0.266125,0.24094316
0.2373671,0.26112452
0.24205342,0.2791745
0.23692968,0.24579099
0.24827759,0.23499417
0.2329798,0.22417428
0.22768293,0.24308136
0.19706218,0.19710854
0.19172272,0.19225833
0.21799995,0.23131803
0.2272861,0.22191283
0.22793289,0.26890638
0.29022658,0.27667338
0.32002437,0.30915195
0.29001045,0.28354537
0.30297732,0.3176868
0.27032784,0.2914449
0.21317041,0.1861329
0.18800025,0.21176475
0.26967365,0.2688266
0.26590025,0.27153108
0.23416056,0.26150578
0.2108399,0.20144373
0.215769,0.18766022
0.23141581,0.20532559
0.23946604,0.21101919
0.2758021,0.27768055
0.2787272,0.27620974
0.25274768,0.25966457
0.20365852,0.20263472
0.25082594,0.25140414
0.22529624,0.22089085
0.24684711,0.2516237
0.22133015,0.22812277
0.15697564,0.18600105
0.18752256,0.19741741
0.18270046,0.1949421
0.20177373,0.19583209
0.27989292,0.27788717
0.26653132,0.25386378
0.21762563,0.23356552
0.19569813,0.20644629
0.27872723,0.2802425
0.16949052,0.19444743
0.27981663,0.28958166
0.21847905,0.24538144
0.1949957,0.21529391
0.25155094,0.25004047
0.24448626,0.25203395
0.21683457,0.22167462
0.2854518,0.3090846
0.21864618,0.22357072
0.23680061,0.2446922
0.23643036,0.2555917
0.23113957,0.24065274
0.23789677,0.23266713
0.25044835,0.25687724
0.23576632,0.2358792
0.2370141,0.2417838
0.2572549,0.26987383
0.2486993,0.26311693
0.25191814,0.2564236
0.24326643,0.2540323
0.25072643,0.24267088
0.2942317,0.28030595
0.28353435,0.2933619
0.22707649,0.24710292
0.2460381,0.2619666
0.2396751,0.24724618
0.24797586,0.22765769
0.25328386,0.22799125
0.20623454,0.2020863
0.22331454,0.23349503
0.25115782,0.24535082
0.23647696,0.2315875
0.22745208,0.21676853
0.23179223,0.24391837
0.20948552,0.20645954
0.2322728,0.2354365
0.23406267,0.24264084
0.26667064,0.2480616
0.2449427,0.22970939
0.19904798,0.22319356
0.2398966,0.26641172
0.23743142,0.27005634
0.21100838,0.2594808
0.25140703,0.22445194
0.23307621,0.26561517
0.22946912,0.25996616
0.26153928,0.24670348
0.25035816,0.25761563
0.2542136,0.2724995
0.2607421,0.2463779
0.2741821,0.25910234
0.27315748,0.25974596
0.25974596,0.27315748
0.24994789,0.26129565
0.252419,0.24610594
0.22285292,0.21494757
0.2201691,0.22059353
0.24801685,0.24743354
0.2277622,0.21828325
0.1854746,0.19876221
0.19991568,0.1920721
0.260098,0.262524
0.20684145,0.2154762
0.19341649,0.18853879
0.2174123,0.21389323
0.2650516,0.23521252
0.1728292,0.19396408
0.21781237,0.22093245
0.18842132,0.19540393
0.19820346,0.19911394
0.24841061,0.2510477
0.23202026,0.25188854
0.24930008,0.26290786
0.22498953,0.25977194
0.19219692,0.18255912
0.24716033,0.24770139
0.27980572,0.25645766
0.2692679,0.26092952
0.27278367,0.2828763
0.25408757,0.26221305
0.25762326,0.2671403
0.25440878,0.2599228
0.21222775,0.22890945
0.21889316,0.22701953
0.21701555,0.22499761
0.2288585,0.21659783
0.25684243,0.24589159
0.2197933,0.21100251
0.21624698,0.2288941
0.24719565,0.2615626
0.24019536,0.24278228
0.2208179,0.2316048
0.22320737,0.22087911
0.22319914,0.23541433
0.22899121,0.22027244
0.23836787,0.22490707
0.22723502,0.21860804
0.23412068,0.20970723
0.226083,0.19048953
0.21325521,0.18939969
0.24137422,0.24168403
0.21302074,0.22183187
0.23122363,0.24352778
0.1945969,0.21870954
0.21298109,0.21845853
0.18784651,0.20581137
0.26441848,0.2637731
0.27130687,0.26988807
0.23807493,0.23769605
0.2648417,0.25721225
0.24010646,0.2396136
0.26095033,0.27195752
0.27989948,0.28533196
0.27709213,0.28219238
0.22603883,0.23753847
0.19762498,0.22550523
0.2759259,0.2935853
0.26214898,0.28837705
0.22481476,0.22940734
0.26737484,0.27048996
0.22786093,0.21819422
0.28756288,0.28461137
0.18876272,0.2091631
0.19381009,0.22542468
0.21351804,0.23827173
0.2437035,0.22321677
0.20550616,0.19928956
0.23327422,0.22220694
0.24550773,0.24181212
0.2602671,0.26461723
0.24733283,0.24440706
0.24862611,0.25097
0.24869008,0.25106293
0.25464374,0.26581326
0.2610259,0.2640697
0.22426045,0.21826601
0.25621852,0.28458843
0.25251716,0.26385695
0.24385515,0.25330207
0.25299096,0.24770099
0.25944963,0.26002413
0.26639602,0.25044733
0.26900992,0.2953939
0.24630132,0.25573614
0.2557948,0.25135756
0.28310543,0.2701234
0.27983898,0.26314852
0.29077873,0.2718412
0.2578901,0.2531129
0.27497256,0.28152838
0.26260978,0.2588607
0.23020662,0.23911409
0.21706983,0.21515585
0.24657868,0.26438725
0.26580745,0.25882363
0.22129469,0.23879747
0.23735037,0.24323754
0.25305298,0.25146207
0.20812988,0.18012916
0.20777959,0.23089018
0.2383656,0.23981123
0.26632923,0.26942742
0.24831572,0.25411865
0.2632561,0.27654684
0.18321756,0.2047306
0.27651617,0.29031745
0.28889963,0.3128682
0.21579883,0.28833276
0.28638482,0.3182862
0.30120805,0.29077345
0.28744036,0.279826
0.2432135,0.2601253
0.23372573,0.258779
0.28321868,0.26849723
0.27253538,0.26724884
0.27466044,0.28131354
0.26322865,0.24916936
0.258779,0.23372573
0.23015152,0.25328088
0.2371785,0.25637153
0.23323047,0.25426573
0.27811742,0.30795735
0.3099817,0.31082487
0.31473073,0.31452605
0.23273101,0.20205754
0.25342214,0.28560007
0.21773383,0.25053355
0.18786964,0.22408067
0.2863418,0.2940923
0.28512955,0.27537078
0.21393907,0.20404847
0.20631129,0.19735059
0.20797719,0.21349454
0.19940777,0.20213012
0.20177191,0.20511036
0.2035496,0.19531891
0.22908129,0.230002
0.24476366,0.24220596
0.23320642,0.23472668
0.24729386,0.24467358
0.28471872,0.2800641
0.18745464,0.18227187
0.24685112,0.23906352
0.28124678,0.28000194
0.18669699,0.18827724
0.23171899,0.25034598
0.28225455,0.27960297
0.26631805,0.26047766
0.2709048,0.2964998
0.21522982,0.22284803
0.26591116,0.27192903
0.29063612,0.28971106
0.24378775,0.24660955
0.26627117,0.26402867
0.2860087,0.2859016
0.2583742,0.2681759
0.26840097,0.26500636
0.27274355,0.27670705
0.21222061,0.21526168
0.24649596,0.25729707
0.23795599,0.2363502
0.23066212,0.24191502
0.24191502,0.23066212
0.23982555,0.23444247
0.24193347,0.22833265
0.281018,0.26795524
0.2208107,0.28949314
0.26476437,0.28221616
0.27426925,0.28928703
0.21583968,0.2133787
0.2806291,0.2642336
0.27243343,0.27633977
0.28934756,0.28747523
0.28608868,0.2933628
0.28669223,0.28748107
0.2707467,0.26939058
0.26399574,0.26367614
0.28798458,0.30318862
0.25275314,0.2552842
0.24356571,0.26100194
0.2101765,0.25363165
0.25799885,0.26335368
0.2414263,0.2649581
0.2366027,0.26434806
0.2504526,0.2709998
0.22415271,0.25724876
0.25569004,0.22679861
0.26486835,0.25015673
0.26631534,0.2676379
0.26821285,0.2671347
0.21233235,0.21831718
0.22901952,0.26902956
0.23674193,0.23480342
0.24367416,0.26790294
0.23639518,0.24207342
0.2782387,0.27205077
0.22987123,0.22607446
0.2352818,0.22958356
0.2278477,0.22972077
0.22514886,0.21976525
0.22715378,0.2245251
0.22587773,0.2243652
0.22551917,0.23300144
0.2246418,0.22721334
0.22808862,0.22681811
0.23012541,0.2246562
0.21482456,0.22303198
0.24965587,0.2534524
0.24184364,0.23985192
0.26068026,0.25867605
0.25080842,0.25666457
0.25237662,0.25035712
0.2534524,0.24965587
0.17695694,0.16817659
0.18091609,0.19107448
0.24081174,0.24798478
0.25164393,0.24875413
0.24875413,0.25164393
0.23283967,0.23714499
0.25200608,0.25091317
0.2478993,0.24328801
0.22995102,0.22021332
0.22936295,0.22697195
0.23901281,0.23901734
0.20816574,0.23668908
0.22590943,0.2564399
0.23301974,0.28680938
0.27528498,0.29204762
0.28695855,0.28194505
0.24631886,0.24757765
0.24878415,0.2488572
0.23912725,0.21940887
0.22004157,0.22650062
0.26437363,0.26317653
0.2627873,0.23516375
0.18239875,0.17978975
0.24379784,0.2605083
0.1998809,0.23359165
0.18425727,0.18110669
0.17872411,0.17936891
0.22250439,0.2814206
0.23951216,0.28746212
0.22866617,0.25684747
0.2409423,0.25597748
0.23659858,0.25155002
0.23949665,0.24695502
0.25435603,0.25962198
0.2301653,0.23076852
0.24176586,0.2557791
0.25709015,0.26575023
0.22505386,0.23733
0.25111538,0.24763055
0.24194548,0.22674826
0.266711,0.26153094
0.24944133,0.251628
0.2456578,0.24273601
0.24154323,0.2444959
0.2508512,0.22700648
0.2352422,0.25823247
0.22639771,0.24242073
0.24384734,0.25263587
0.22805041,0.23307931
0.23507965,0.22910029
0.21016258,0.23491675
0.23268977,0.22288698
0.24992482,0.2407665
0.21697858,0.22280574
0.25811195,0.28776637
0.17100795,0.20742345
0.25415456,0.2712043
0.2684152,0.2563122
0.2503946,0.24880236
0.22149612,0.22581194
0.21979031,0.23126236
0.2285839,0.23449647
0.22544442,0.2199042
0.23890245,0.22339593
0.23249803,0.22427295
0.24971816,0.23998085
0.17274128,0.18094508
0.24722518,0.2678789
0.24334034,0.2446006
0.20791818,0.20251314
0.23765445,0.21501873
0.25092727,0.24699529
0.24402395,0.24695891
0.26919532,0.2453315
0.1858221,0.17917764
0.20445944,0.21376349
0.24613442,0.25154036
0.20692746,0.24244899
0.21996976,0.24908283
0.2255365,0.22728392
0.25666228,0.26307386
0.25621408,0.2621805
0.2787971,0.2796331
0.25759304,0.26320046
0.26631835,0.26289937
0.2754933,0.2737587
0.2469872,0.25511256
0.22383773,0.23689406
0.23892811,0.23095086
0.24873869,0.27798316
0.2200127,0.214982
0.21138252,0.23322566
0.23787984,0.23301409
0.23125592,0.2350463
0.2662627,0.29472518
0.19734749,0.20938613
0.17968571,0.18931256
0.18932506,0.1951817
0.23441125,0.2381916
0.23256731,0.2356234
0.21297906,0.23030058
0.21549964,0.2480183
0.20004074,0.21839955
0.20168121,0.21715507
0.22595787,0.21355076
0.23261955,0.24509332
0.25053692,0.2988301
0.20343743,0.24621028
0.2942518,0.27029824
0.26698405,0.28973985
0.26830432,0.28084978
0.21831933,0.24624074
0.27496198,0.27589846
0.27587327,0.29499277
0.26012748,0.25259164
0.22978964,0.22739945
0.22239882,0.22610489
0.24721569,0.26758447
0.24872456,0.2664327
0.28788763,0.2828104
0.28531107,0.28313637
0.2612424,0.2937482
0.25853103,0.2657139
0.2598445,0.29334635
0.24888337,0.28635678
0.27140573,0.27687973
0.2694336,0.26434624
0.29334635,0.2598445
0.24377073,0.21978968
0.21779564,0.24492526
0.27007478,0.27672452
0.23504016,0.24730718
0.22900891,0.22907577
0.22136399,0.22654139
0.30232343,0.30257654
0.24405129,0.24196216
0.2370511,0.23881406
0.21201889,0.23569694
0.20681214,0.22235422
0.23532629,0.23943584
0.22971126,0.22521359
0.22798483,0.19902562
0.19053428,0.18733977
0.21873595,0.24938533
0.24886592,0.23956652
0.22401756,0.22788627
0.22159845,0.22435273
0.22656704,0.22593366
0.22803709,0.2257772
0.23677686,0.22830093
0.24135143,0.22973384
0.22447225,0.23465237
0.18822208,0.18522325
0.22819766,0.2400198
0.22158936,0.22437558
0.20834538,0.21109575
0.18960275,0.19429912
0.1900446,0.18765856
0.20382302,0.2069069
0.2400531,0.26758736
0.23493981,0.22630048
0.22961625,0.22469264
0.23677227,0.22802457
0.22430515,0.23608685
0.2406199,0.25129044
0.25388062,0.25569063
0.25327367,0.24894723
0.17604841,0.1794992
0.1869147,0.18577525
0.27068123,0.29419115
0.23470812,0.2543822
0.2652682,0.2402989
0.25528285,0.27668408
0.22439542,0.27392128
0.28094786,0.25334045
0.24632351,0.24905682
0.26616567,0.26689717
0.26748,0.28974897
0.2687277,0.27569804
0.20175213,0.19791996
0.21596694,0.21460451
0.18909092,0.19033779
0.24444121,0.24065356
0.22418317,0.21742538
0.24409178,0.25537723
0.26351637,0.25828147
0.23189843,0.21786298
0.21685517,0.23120624
0.2630491,0.26379597
0.28176373,0.28021833
0.27460974,0.27799222
0.22688799,0.26910898
0.21946959,0.21476457
0.22922593,0.24043217
0.23626801,0.23919478
0.25648642,0.23755729
0.23453045,0.25057507
0.23842134,0.24843515
0.23426232,0.22301938
0.24661267,0.26724085
0.21222956,0.21060465
0.20565741,0.19527346
0.19308424,0.2145596
0.2856074,0.2934638
0.23597506,0.2308585
0.27230045,0.26463065
0.26082647,0.28050017
0.28242418,0.2748536
0.29611927,0.2825351
0.26820144,0.29530537
0.24542436,0.25094897
0.20027432,0.22887745
0.2601067,0.27965468
0.2809535,0.29236844
0.2619771,0.261001
0.27793634,0.2532705
0.25814256,0.2635491
0.25527498,0.27447754
0.2834297,0.28327143
0.2834371,0.28537193
0.20805794,0.20126358
0.20086357,0.20403568
0.2071757,0.21049134
0.21517122,0.27096087
0.21343042,0.28610843
0.24668336,0.23897627
0.30600882,0.31232893
0.27127597,0.2776885
0.24479777,0.2506345
0.3153665,0.30381024
0.28029215,0.2686246
0.24133602,0.23852654
0.25821444,0.24128005
0.23577781,0.24999115
0.22814086,0.24311258
0.2542098,0.23987074
0.24296172,0.2510704
0.23361382,0.2541656
0.27131662,0.26549336
0.24488737,0.2566453
0.2645993,0.2712426
0.2845819,0.28182635
0.27954566,0.27886334
0.27330092,0.2519834
0.19023055,0.182324
0.18891957,0.19360936
0.25347376,0.25572404
0.24347495,0.23411046
0.22553636,0.22794366
0.22721024,0.2334559
0.23379223,0.22962138
0.22709364,0.24029721
0.23291288,0.23483212
0.2603515,0.26194328
0.25817147,0.26153708
0.29806572,0.29185495
0.29322475,0.30154118
0.25774553,0.25997037
0.17359322,0.21038468
0.18698247,0.22140285
0.1771028,0.22341701
0.22838633,0.2098233
0.23120402,0.20441997
0.19170816,0.18853043
0.19911802,0.19786099
0.30415374,0.2900695
0.2222752,0.22165054
0.28498727,0.3013525
0.22432601,0.22183159
0.22452706,0.25173604
0.25570464,0.25639033
0.19466442,0.19442359
0.18974309,0.16116217
0.16625114,0.19328596
0.19073838,0.20352727
0.25739706,0.25925374
0.24734303,0.2602104
0.27591002,0.27295446
0.2654076,0.2508473
0.2651573,0.24195315
0.2500815,0.24039671
0.230102,0.25371885
0.19546558,0.19988124
0.2763834,0.29569128
0.23929763,0.2815629
0.19824907,0.1946883
0.29267225,0.2787395
0.3170321,0.3098517
0.32559043,0.31333193
0.24127345,0.26065046
0.31270856,0.32468024
0.22030166,0.2629549
0.2555304,0.24311212
0.30153215,0.31035972
0.256122,0.2539389
0.22799316,0.23288305
0.22567897,0.22529462
0.2556572,0.25350392
0.2111646,0.23597494
0.23155378,0.21299428
0.18138847,0.19650145
0.19325824,0.18635824
0.17547004,0.19783269
0.21761872,0.23314433
0.18894696,0.19680113
0.194426,0.16641928
0.1968376,0.1778191
0.2610376,0.27290288
0.2926494,0.30508736
0.3068064,0.30366644
0.30639088,0.29687136
0.30628026,0.30664977
0.25608328,0.2687687
0.24254861,0.24340856
0.23914091,0.23835498
0.27407566,0.2601923
0.24226296,0.24642847
0.2524018,0.25328234
0.2829697,0.2788881
0.259321,0.26479378
0.26759008,0.26678854
0.25258076,0.24868494
0.21204898,0.21892408
0.26387262,0.26573965
0.24785623,0.27512583
0.20106024,0.23318806
0.18815078,0.22505054
0.27571702,0.25895882
0.26013094,0.2578003
0.22826219,0.20463794
0.20890467,0.20930897
0.21469449,0.2123975
0.21405347,0.21362147
0.276054,0.2776456
0.23364162,0.27601475
0.28182894,0.28174883
0.26287785,0.25518718
0.25890562,0.26144144
0.23689592,0.27698743
0.24289887,0.24758932
0.28014836,0.27570197
0.24399497,0.2394701
0.2899742,0.26059613
0.26010668,0.2777353
0.22172213,0.21230614
0.25208125,0.24437797
0.20639582,0.21492024
0.23704416,0.24112317
0.22286509,0.23928787
0.21306406,0.20535563
0.22573915,0.21101771
0.22613922,0.20165612
0.21057227,0.22077471
0.21254393,0.2196862
0.20205753,0.22920518
0.21806456,0.23399156
0.25390732,0.26212132
0.27022162,0.26533303
0.26459897,0.25574565
0.2539541,0.2613836
0.27526724,0.26701182
0.27548993,0.26497284
0.27242848,0.2605663
0.2640469,0.25773135
0.20199956,0.20211953
0.23287943,0.23128971
0.18624039,0.19730349
0.22917815,0.23819272
0.20107004,0.19348441
0.20210624,0.20534545
0.24803714,0.232667
0.23762242,0.24361087
0.27343744,0.2960683
0.3022658,0.2817357
0.20168029,0.21815005
0.2885537,0.33154553
0.2833544,0.28458896
0.23105006,0.24464956
0.28696668,0.28973815
0.2511026,0.24910238
0.2506131,0.25535038
0.21006596,0.19698682
0.26245427,0.28700194
0.19462818,0.2094595
0.23242441,0.26027972
0.24095829,0.2601747
0.2583168,0.28257918
0.2592155,0.2686361
0.2885207,0.29365522
0.26273906,0.26381958
0.269564,0.26787117
0.27613568,0.2686753
0.29677293,0.28892106
0.2658593,0.26775116
0.23444554,0.22941497
0.22075905,0.22959973
0.26757842,0.2324037
0.216832,0.18627721
0.24382278,0.25742564
0.26015216,0.2597284
0.16492815,0.22404753
0.18734913,0.20329785
0.16223094,0.21541876
0.25615054,0.25757644
0.18764451,0.22147931
0.20845546,0.24982774
0.2655522,0.27515724
0.278652,0.27361035
0.2245847,0.24056695
0.24059488,0.25550866
0.17249843,0.17274588
0.25227186,0.25572896
0.24288546,0.22592144
0.20073311,0.20723249
0.18296134,0.17506301
0.24306187,0.24975953
0.24990521,0.24203388
0.19599663,0.19442126
0.2312043,0.24257836
0.24459906,0.2433522
0.23987812,0.23909052
0.23239869,0.23739067
0.24075012,0.25074005
0.2418371,0.23939216
0.23824337,0.24986723
0.23892833,0.24094445
0.23684889,0.23324698
0.24127686,0.24484025
0.24986723,0.23824337
0.25074005,0.24075012
0.24180678,0.21689865
0.23963413,0.2371513
0.2040945,0.243367
0.1964499,0.20435132
0.19751485,0.19405359
0.26906765,0.26727492
0.26153678,0.26678023
0.25580937,0.30452633
0.17572238,0.21048303
0.18706767,0.20517638
0.28462714,0.2954049
0.26371783,0.26342767
0.25846592,0.25939566
0.28876358,0.2859394
0.2279094,0.22717434
0.2256692,0.22895125
0.2891986,0.28873402
0.2645304,0.26576918
0.26533583,0.27219623
0.25680596,0.2788564
0.27092794,0.2956237
0.23684533,0.25584257
0.25516418,0.22532563
0.29065847,0.26734525
0.25803015,0.24387458
0.22554749,0.21688017
0.20812681,0.20328733
0.2821985,0.26461527
0.25911796,0.27969992
0.26605046,0.27923176
0.26243633,0.2916892
0.24581766,0.25472167
0.19999531,0.20221771
0.21166295,0.22045794
0.25151584,0.26522
0.23824489,0.24367613
0.24859871,0.2546335
0.24486761,0.24548455
0.24541542,0.23627861
0.22302842,0.22945094
0.21890979,0.2365415
0.22959092,0.24731235
0.24698564,0.23426133
0.30484593,0.30522895
0.31649393,0.30989137
0.23252529,0.22982824
0.2611636,0.2721674
0.2622185,0.25761825
0.22525072,0.23223768
0.22994688,0.22146848
0.2161398,0.21707714
0.22146848,0.22994688
0.21707714,0.2161398
0.26181453,0.27656114
0.24821633,0.2523195
0.19894338,0.20234431
0.24631393,0.25069568
0.24226575,0.24599165
0.21553788,0.24038577
0.21215196,0.22442725
0.24006969,0.24926364
0.20968191,0.24143356
0.22306335,0.24941353
0.22437568,0.21403486
0.24572511,0.24268256
0.24850243,0.22961433
0.24319515,0.21704613
0.213788,0.2492151
0.22260167,0.23911263
0.29127976,0.3114095
0.2885121,0.32666242
0.25239697,0.26593286
0.2558726,0.27305117
0.22198607,0.23886251
0.22064947,0.25609547
0.19052169,0.20253141
0.20095664,0.18924898
0.2278859,0.23761262
0.2342366,0.25240752
0.2679968,0.26912355
0.24559237,0.27606177
0.26184776,0.27839586
0.24830943,0.249071
0.24730302,0.2442357
0.24896851,0.26873615
0.26873615,0.24896851
0.2640657,0.25060496
0.22802648,0.26625106
0.23575649,0.25008819
0.24235767,0.26702768
0.21600106,0.21608642
0.22562936,0.22111498
0.21050978,0.2159344
0.22551258,0.229116
0.1766527,0.24772534
0.26863384,0.29075477
0.29075477,0.26863384
0.23884785,0.25887597
0.21305476,0.21914782
0.18669504,0.19056825
0.24943364,0.24302188
0.19277722,0.18815848
0.22211726,0.219673
0.18839385,0.18591616
0.27577543,0.29500228
0.2484525,0.2504393
0.22467154,0.22401553
0.18469459,0.18764707
0.20388934,0.25895855
0.25097108,0.25609463
0.24986409,0.25294158
0.21553323,0.21984899
0.22711523,0.22557144
0.24165004,0.23990741
0.2532868,0.27214244
0.23451763,0.2783619
0.2696023,0.26489326
0.2512195,0.2474137
0.22605339,0.2447766
0.21895246,0.26691866
0.20106426,0.20406611
0.22686741,0.22146389
0.19959573,0.1945942
0.20381744,0.22635601
0.26446664,0.26602402
0.2967953,0.3078851
0.25212607,0.27366304
0.22762734,0.20982221
0.22483182,0.21076608
0.19875056,0.21683662
0.24547322,0.24422944
0.2940198,0.2802803
0.28454095,0.27679455
0.27019176,0.28083494
0.2759699,0.2958641
0.23884203,0.23744619
0.24418147,0.24082294
0.26452515,0.26003218
0.20297965,0.20848416
0.20796113,0.20519121
0.26199734,0.26768112
0.22674155,0.23089242
0.2805815,0.2740544
0.2740718,0.26126578
0.2289213,0.22629999
0.26629612,0.2682369
0.28414986,0.29463887
0.2638399,0.27712566
0.26605552,0.2799856
0.26082385,0.27273127
0.2630545,0.26408952
0.2784238,0.270214
0.21626164,0.22251669
0.29380533,0.28280905
0.21942867,0.21485373
0.24120447,0.23051953
0.2873394,0.31632674
0.23760575,0.24419068
0.29918417,0.31929225
0.31990147,0.28567207
0.25797907,0.2582217
0.25596744,0.25092024
0.23703185,0.24945176
0.24217637,0.2389321
0.20506978,0.18405758
0.20943595,0.21136747
0.18007004,0.19613089
0.20709743,0.20081802
0.2647884,0.29426777
0.23630433,0.2453158
0.21775308,0.23331556
0.23770061,0.2381628
0.23302685,0.23780836
0.30300763,0.30610973
0.21614356,0.2339069
0.26389435,0.26206416
0.20322338,0.21895765
0.25967503,0.26466867
0.26759788,0.27710065
0.30921274,0.30837712
0.21770231,0.22176367
0.22914541,0.21854499
0.24287759,0.2768738
0.21938244,0.22686899
0.21733338,0.24412131
0.26329464,0.240014
0.26462758,0.25252375
0.24269933,0.21940029
0.25441492,0.2646116
0.24066582,0.26642406
0.19866659,0.22266978
0.22688533,0.21516508
0.27106148,0.3053661
0.20550138,0.22688498
0.27167496,0.30224457
0.27927098,0.30449802
0.30683354,0.31242663
0.30903494,0.31461397
0.30979526,0.31320518
0.3108982,0.30056447
0.30919445,0.30044967
0.26091725,0.2370006
0.2722159,0.26468164
0.30056447,0.3108982
0.30382192,0.30935612
0.25141394,0.27036935
0.30044967,0.30919445
0.29855525,0.31210047
0.2656188,0.299343
0.27124068,0.31189865
0.250473,0.2528362
0.23045176,0.23621982
0.19837406,0.2280459
0.23510587,0.23405209
0.19769609,0.22735162
0.25275266,0.2394189
0.24146554,0.23998147
0.23619395,0.2644294
0.18047035,0.18582466
0.23730563,0.23361576
0.17766263,0.17958078
0.22089571,0.19678786
0.2335504,0.22891037
0.2342751,0.23314032
0.27052522,0.29879948
0.26055306,0.26675013
0.27480015,0.27811158
0.258533,0.24481869
0.21581931,0.21002473
0.21842238,0.21106902
0.23311847,0.21643792
0.25195077,0.2574627
0.26164955,0.26842391
0.23459345,0.24799252
0.20695081,0.21199103
0.23591001,0.24184766
0.2620283,0.25154513
0.21296489,0.21251899
0.26728132,0.25180632
0.25264078,0.24082132
0.1941313,0.19813721
0.20541956,0.20832801
0.21291427,0.2127358
0.23043162,0.23208892
0.25142285,0.2505077
0.2258084,0.22617632
0.25694972,0.2541592
0.24680823,0.233236
0.24083945,0.21614431
0.25273356,0.22218588
0.20511311,0.19302708
0.29334295,0.30262756
0.2024345,0.20155072
0.18772249,0.20218793
0.20194027,0.18718924
0.27996457,0.28884652
0.2456586,0.24637018
0.29033133,0.28176484
0.2445738,0.2560695
0.24195234,0.26932925
0.23824453,0.27697134
0.26374975,0.2630955
0.26655647,0.2642154
0.24616274,0.2537579
0.24015258,0.27332607
0.24753469,0.26523143
0.26837268,0.24637094
0.22756411,0.21545808
0.25210828,0.2546195
0.21099223,0.22946517
0.23861542,0.2402345
0.27386957,0.25369227
0.27750963,0.2728498
0.25528753,0.26949316
0.27630982,0.27300528
0.27741402,0.28623515
0.22058584,0.22725701
0.2876831,0.27396852
0.22893167,0.22453308
0.23219657,0.2472378
0.24439532,0.23919508
0.23364231,0.2293818
0.22627395,0.22873937
0.28296858,0.27818972
0.28056893,0.27906674
0.21055323,0.2139327
0.19967182,0.20179111
0.20649095,0.21163055
0.25457206,0.24858421
0.20547757,0.20206264
0.22326042,0.22363444
0.22397515,0.21584341
0.21435383,0.20932598
0.2380307,0.22815344
0.23244675,0.24113332
0.25337225,0.2602905
0.23354904,0.27147922
0.23032337,0.2121385
0.2571895,0.24310571
0.23426764,0.26489908
0.24095112,0.2498719
0.21042806,0.22537223
0.27265954,0.26588959
0.27264455,0.26853785
0.24655245,0.2237223
0.23805857,0.30880117
0.20172112,0.23584168
0.24912941,0.29749554
0.21038616,0.24891448
0.2756433,0.27983597
0.29019576,0.2927104
0.20145066,0.21771342
0.25149566,0.21954179
0.25927964,0.2730339
0.23056945,0.24560285
0.27832112,0.25673392
0.20897493,0.23200768
0.23625176,0.27291736
0.26844287,0.28243685
0.24872626,0.27648893
0.2828311,0.27293903
0.2760101,0.2580325
0.27273256,0.259195
0.25323054,0.27430955
0.25679407,0.2696929
0.24632405,0.25352585
0.25095838,0.2556483
0.25757578,0.23111677
0.20948122,0.20650719
0.2581906,0.2538212
0.24505286,0.27974865
0.1983647,0.22466744
0.25365168,0.25735056
0.19388036,0.2018013
0.19567938,0.19510004
0.20251171,0.19708602
0.19672872,0.20304365
0.21823388,0.21426547
0.2801588,0.28018236
0.28117257,0.28277892
0.27265495,0.27161497
0.21928921,0.2227375
0.27378076,0.27902484
0.23047413,0.24906127
0.22862759,0.22666547
0.24250832,0.23980951
0.23819506,0.24007767
0.21937618,0.21441638
0.19839995,0.21353972
0.22622493,0.2255845
0.20183012,0.2098533
0.21316308,0.20194626
0.21502915,0.20265289
0.25107843,0.26323012
0.26245546,0.26494053
0.25730276,0.2749454
0.26132095,0.2685038
0.27799365,0.26674736
0.24949652,0.24477963
0.26746014,0.27599567
0.24495918,0.24895094
0.20158377,0.2469416
0.213717,0.21447206
0.20735404,0.20859922
0.20502996,0.21095335
0.21924189,0.21539241
0.21048798,0.20691538
0.21046777,0.20670208
0.25395504,0.25534993
0.2094453,0.2318021
0.22980309,0.24531925
0.21491773,0.2339323
0.21365342,0.22835562
0.25149256,0.25436452
0.2597378,0.26251996
0.2257677,0.20740299
0.26961017,0.260441
0.2608782,0.2582263
0.26004136,0.25506273
0.2445086,0.24520086
0.2444907,0.24730225
0.23834033,0.25306046
0.25109616,0.24071075
0.24071133,0.24346453
0.21722558,0.25851503
0.24583465,0.27388725
0.18285184,0.1948298
0.20249085,0.19134262
0.22291648,0.21100888
0.25687775,0.27749044
0.25025052,0.27964604
0.17816365,0.21373884
0.2423974,0.24433191
0.24752656,0.24528164
0.20429465,0.183318
0.219194,0.26086926
0.2509821,0.25684476
0.26694632,0.25149477
0.273847,0.30518213
0.3091592,0.28750655
0.26419264,0.2659276
0.26597807,0.2706777
0.20319322,0.23167157
0.2010056,0.2344113
0.20370124,0.18860433
0.23639877,0.22243889
0.18898837,0.20031798
0.22920538,0.23083901
0.22620541,0.25029224
0.24203755,0.25411606
0.22908305,0.25262684
0.25513223,0.26586515
0.25942388,0.2591939
0.25571328,0.25360715
0.26032495,0.25548965
0.24627072,0.25743997
0.24071726,0.26194227
0.26613912,0.23258398
0.23378249,0.21160354
0.21739006,0.22526385
0.23899734,0.22209883
0.16701952,0.16283467
0.2467697,0.26877066
0.26734596,0.25203127
0.1653799,0.16737074
0.23144922,0.23412117
0.25198203,0.2597399
0.25354934,0.26194996
0.22625388,0.23586734
0.29383782,0.28406712
0.17949562,0.17494392
0.23552676,0.22460477
0.2720728,0.2962991
0.2617717,0.30104384
0.20376189,0.18298084
0.21405098,0.19635677
0.18460701,0.1946222
0.20178698,0.22460112
0.22517914,0.22489595
0.19916745,0.21013477
0.20967792,0.2285921
0.20199676,0.24572402
0.22116365,0.22078285
0.21383685,0.24692363
0.2345262,0.24626598
0.23379579,0.23929235
0.24622731,0.24041487
0.24089521,0.24100368
0.23145886,0.2335352
0.2493783,0.2557427
0.2653415,0.28857347
0.30289668,0.3033609
0.23907605,0.26100844
0.24004708,0.26519516
0.24587077,0.25788093
0.30238461,0.29900587
0.22337468,0.25761527
0.24917805,0.26576763
0.24504213,0.24510376
0.22982027,0.24625166
0.20503886,0.23601206
0.20126201,0.23268424
0.23320971,0.25518498
0.20971976,0.23638178
0.19377476,0.19060534
0.20312428,0.20675272
0.20511204,0.20607324
0.26252517,0.24294628
0.2139216,0.20207617
0.24048561,0.22617023
0.20266914,0.21731603
0.25011918,0.24909945
0.20607324,0.20511204
0.25141355,0.23320937
0.23533899,0.20890176
0.20997667,0.20693451
0.19774888,0.21075687
0.24165142,0.2272186
0.22876942,0.24255073
0.16570452,0.15871774
0.19361609,0.2038052
0.2459692,0.28357694
0.21366484,0.21690765
0.16213487,0.1746976
0.20575404,0.2089705
0.21295905,0.22993302
0.27917838,0.28691936
0.26863647,0.28320208
0.28341168,0.31787726
0.21240708,0.21611503
0.21349394,0.20340271
0.21374673,0.2112088
0.22774711,0.24827118
0.21895465,0.21824569
0.27994907,0.2764766
0.2327682,0.25587383
0.27459642,0.26789057
0.2624403,0.26415694
0.22433367,0.24440427
0.24085757,0.23098765
0.20993745,0.22484691
0.21360488,0.21218438
0.2411148,0.22215731
0.19537301,0.22370511
0.2323415,0.25844893
0.21987896,0.25713882
0.16115336,0.1701315
0.27519375,0.27387783
0.2752869,0.2791284
0.227127,0.22690257
0.22383758,0.230522
0.22831202,0.22979364
0.22571132,0.23266175
0.1674696,0.16162051
0.2787288,0.2764451
0.27310944,0.27280936
0.23448229,0.2550767
0.23888318,0.26038557
0.26122898,0.25942066
0.2161798,0.22211087
0.24320367,0.2538132
0.24323332,0.27833235
0.2530314,0.25325233
0.17257713,0.1809623
0.17564519,0.16530441
0.16715555,0.17473437
0.18881087,0.16982046
0.1747596,0.19410259
0.2743849,0.30861783
0.27704865,0.29655212
0.28363544,0.31084108
0.19778356,0.21206698
0.20763436,0.20401138
0.23223025,0.2529359
0.2716581,0.27252716
0.2426588,0.24985984
0.27562472,0.27100655
0.26491848,0.26050535
0.24628782,0.2411372
0.21396565,0.2318658
0.26766467,0.2626816
0.19822334,0.21926275
0.24438733,0.27452528
0.24233252,0.2722106
0.22614498,0.25553346
0.25658262,0.23725165
0.19110863,0.1917763
0.21346742,0.24485405
0.22758661,0.23452891
0.22863242,0.24187069
0.25682008,0.25495943
0.22491339,0.21210514
0.22561938,0.23654617
0.2699363,0.29567856
0.1713882,0.19305754
0.26352635,0.26371303
0.1998558,0.20519327
0.24507289,0.23158857
0.28223073,0.28685212
0.28571132,0.28156498
0.24516572,0.24102789
0.26241428,0.25332394
0.25129774,0.26837504
0.229511,0.21828333
0.21833181,0.22975102
0.2777064,0.28530356
0.27898443,0.28349152
0.27750626,0.28459597
0.27633595,0.2786769
0.30339095,0.2834827
0.28228176,0.2883149
0.2809611,0.2893035
0.22218457,0.20715272
0.2218734,0.21754879
0.2172952,0.22318423
0.24773535,0.22914499
0.17837252,0.18614261
0.19291049,0.19797496
0.23985499,0.24362306
0.2278642,0.22761786
0.23499663,0.22163603
0.19844674,0.18788029
0.24267569,0.22519329
0.23114383,0.24373457
0.23493904,0.2172392
0.24376005,0.2395308
0.27181214,0.26901022
0.21914157,0.23767594
0.21623911,0.20818718
0.22468303,0.23199032
0.23637238,0.23923159
0.191011,0.21010296
0.21550441,0.22112468
0.2243258,0.2292402
0.18684028,0.17574368
0.209383,0.19826972
0.27390072,0.27759233
0.24363007,0.23898782
0.30172697,0.30374444
0.30326328,0.2956348
0.29804373,0.30511612
0.30030426,0.30330598
0.29879934,0.29851183
0.21559937,0.21269827
0.2617652,0.26766366
0.23321012,0.2256903
0.21789816,0.21953483
0.21903355,0.21746713
0.21014738,0.20183617
0.19903885,0.20701888
0.22169688,0.21221149
0.21133545,0.23033643
0.2616848,0.26394928
0.27082175,0.24883789
0.26076156,0.26820144
0.2530667,0.26685098
0.22932151,0.22713904
0.32647526,0.33539087
0.21530478,0.24366316
0.23968707,0.23460293
0.2344946,0.24211378
0.23347747,0.20923156
0.2632811,0.26052415
0.21845141,0.23446439
0.2659614,0.26892114
0.21951002,0.21980841
0.21726497,0.23473845
0.20751096,0.2030219
0.22339326,0.2204151
0.26969162,0.29882178
0.2683855,0.29311782
0.21532117,0.23472664
0.2135827,0.21428104
0.24312422,0.23392731
0.23310697,0.2285641
0.25950262,0.25325602
0.25978443,0.25252602
0.22356331,0.24151272
0.25116816,0.2663749
0.25299424,0.26097402
0.22740832,0.23051235
0.21826975,0.24261194
0.21999624,0.25144023
0.200476,0.1991903
0.28794903,0.28051823
0.2469885,0.23809347
0.2390486,0.25232938
0.25301206,0.26108086
0.3153729,0.2973945
0.31054604,0.28513214
0.22441486,0.22818759
0.20235935,0.20570947
0.2673067,0.25353563
0.2301498,0.23206605
0.28629953,0.31443757
0.28513214,0.31054604
0.28917885,0.2980277
0.21907777,0.24868372
0.21478467,0.21452595
0.2257361,0.22068635
0.21925175,0.2356361
0.19772966,0.22304784
0.21093352,0.20517349
0.21980655,0.20716742
0.20795992,0.20816967
0.19921201,0.20889246
0.20285946,0.23298827
0.1977383,0.21091674
0.21365176,0.21743916
0.23873974,0.26087794
0.1665198,0.17792138
0.25438774,0.30574232
0.2513077,0.2969101
0.23067623,0.23307659
0.26434165,0.25776714
0.21621129,0.24314909
0.20929971,0.2278723
0.22916979,0.19476543
0.2772829,0.26228046
0.2747989,0.2734549
0.2691471,0.27410665
0.26464188,0.2701934
0.28842676,0.30235305
0.23515838,0.21961871
0.21961871,0.23515838
0.27741578,0.2764894
0.28312755,0.2666356
0.3040363,0.30273163
0.30089846,0.29851872
0.2943661,0.27804407
0.27806467,0.2801277
0.27532443,0.28448287
0.2677554,0.28760177
0.2753843,0.29225317
0.25525331,0.26246074
0.27583542,0.2790451
0.30313212,0.30322266
0.28487474,0.28106076
0.23904717,0.24339068
0.22585261,0.24496202
0.19290805,0.2213354
0.1804491,0.19776511
0.26566365,0.26037702
0.20676804,0.21860509
0.26116762,0.27420592
0.27479026,0.2695385
0.23919123,0.27301398
0.27101362,0.27929202
0.28067058,0.27774975
0.1963516,0.18062967
0.19712655,0.18726002
0.22801486,0.2184588
0.17983226,0.17621498
0.21560606,0.19940646
0.18062967,0.1963516
0.25624982,0.2649748
0.26872906,0.2645928
0.26146558,0.26278955
0.23102263,0.22685418
0.22799793,0.2229872
0.22457816,0.21745057
0.22561887,0.22736195
0.18084359,0.17406015
0.20716617,0.21098866
0.2399611,0.27950358
0.26464266,0.27270782
0.21693113,0.22114156
0.24463704,0.26832527
0.19541338,0.21323253
0.25729972,0.2807787
0.2598828,0.2685191
0.20593557,0.20814438
0.2812131,0.2702526
0.26441577,0.26506445
0.21956444,0.21040098
0.22007318,0.22002079
0.21743916,0.22399594
0.23950168,0.26315933
0.29581,0.30788153
0.30259362,0.32214913
0.2748968,0.29199538
0.21120715,0.2253448
0.20403671,0.225262
0.23171332,0.20175631
0.21255827,0.19802076
0.29513377,0.27474815
0.19874802,0.20530339
0.25120947,0.26691177
0.20896618,0.21953826
0.20997277,0.22342318
0.23288882,0.2511403
0.22148198,0.20358966
0.23614678,0.23243922
0.22347109,0.22631945
0.23438266,0.23053014
0.22746031,0.20047103
0.22226974,0.22966094
0.2658508,0.24922606
0.22395405,0.2184128
0.24887854,0.23739174
0.21975121,0.21926743
0.24198411,0.24828184
0.21635471,0.22232904
0.19812524,0.21837918
0.2493396,0.2626838
0.23419048,0.2426041
0.23419048,0.2426041
0.24940497,0.2558329
0.25011525,0.25116694
0.24392417,0.24348389
0.23240784,0.2380575
0.24178508,0.23575604
0.23951077,0.24048772
0.23393184,0.23775974
0.23470697,0.23737094
0.2569311,0.28619313
0.2569311,0.28619313
0.2717443,0.25485316
0.21588205,0.23582305
0.25001535,0.25222713
0.27351838,0.2578098
0.2579798,0.26662076
0.25521657,0.2530571
0.2537716,0.25765395
0.25485316,0.2717443
0.19166225,0.21533132
0.2615072,0.24380201
0.23057973,0.27186337
0.26104116,0.26915103
0.25225344,0.27908042
0.2449036,0.25825182
0.24558592,0.2603462
0.271029,0.27920517
0.25290436,0.23751384
0.25454456,0.23735309
0.25934535,0.24434683
0.27601188,0.27005938
0.25450402,0.23907433
0.24728051,0.26136565
0.25061393,0.2637425
0.2380827,0.26269922
0.24324249,0.24991691
0.23351765,0.2355089
0.16516156,0.15062684
0.23306537,0.23266473
0.23491466,0.22357807
0.24823542,0.2381177
0.23106341,0.23218012
0.2513869,0.22984564
0.21927415,0.23463817
0.1322276,0.16371787
0.20918742,0.2262482
0.23566473,0.25002953
0.22992204,0.22974448
0.22968762,0.21806812
0.24876003,0.25265673
0.2540701,0.25110045
0.26959562,0.25932765
0.2798025,0.26976877
0.25852472,0.26630688
0.17679997,0.21757255
0.26975214,0.26787356
0.2693308,0.27160767
0.21824364,0.21341719
0.20141649,0.20020702
0.2050633,0.20950277
0.26679993,0.27147758
0.23616412,0.23940597
0.26832694,0.28048903
0.27116558,0.28388643
0.27563867,0.26481673
0.21257305,0.2189258
0.20433256,0.25138596
0.2705949,0.2884348
0.2884348,0.2705949
0.31800187,0.3283255
0.22169766,0.26023087
0.30117366,0.3136623
0.26023087,0.22169766
0.23790857,0.24622282
0.2471256,0.22399198
0.24224257,0.22636041
0.23523873,0.23702547
0.2190672,0.2155678
0.26619402,0.26691595
0.22445606,0.24163604
0.2720045,0.25742275
0.21003096,0.22250679
0.24227822,0.24197403
0.20802939,0.20261371
0.26673058,0.28083974
0.23751423,0.23645563
0.26080248,0.28714204
0.1989725,0.19442815
0.23840557,0.24095272
0.2824526,0.27778098
0.2469102,0.24375832
0.22848503,0.22083353
0.21888861,0.21819797
0.20581622,0.21453717
0.21417825,0.19783217
0.24288236,0.25011635
0.24934474,0.25085214
0.2069656,0.22954403
0.22771575,0.25183064
0.21312438,0.22650123
0.24584706,0.24344847
0.24879873,0.24372873
0.22627597,0.20860131
0.2302177,0.21049538
0.25492793,0.2562103
0.24751881,0.2420905
0.25910527,0.25381488
0.24580891,0.2430264
0.22369778,0.23041928
0.20386225,0.20574503
0.23186785,0.24006405
0.22180681,0.22275966
0.25564635,0.24785854
0.21642736,0.21781205
0.20215078,0.19722836
0.24426556,0.25498402
0.25119936,0.25261444
0.24666831,0.2565451
0.30133662,0.2966401
0.24788857,0.27444276
0.24044229,0.24789107
0.24341387,0.24284
0.23105201,0.22691032
0.2514851,0.23930852
0.20086142,0.2130419
0.20473175,0.20092985
0.22800349,0.20869608
0.23171413,0.23360786
0.23254308,0.22599514
0.2718771,0.2972083
0.21076159,0.22985901
0.23592716,0.24498817
0.25113264,0.2513383
0.24857801,0.23650056
0.22587496,0.23644453
0.27505052,0.24662024
0.25592458,0.24102747
0.2439234,0.22454101
0.24885921,0.22689836
0.22210395,0.24941604
0.23240116,0.25354716
0.23218495,0.27216282
0.2145667,0.22662249
0.31093645,0.31327885
0.23140004,0.2354206
0.3165493,0.30242512
0.27979517,0.3042317
0.24931988,0.25163874
0.2416328,0.23238167
0.26341015,0.24305466
0.26035056,0.2955556
0.2989637,0.28215444
0.25954697,0.27149093
0.2579307,0.26019865
0.25626215,0.27596557
0.25672647,0.2544194
0.23891196,0.26215196
0.2591208,0.23646307
0.26215196,0.23891196
0.21370047,0.21402872
0.24782866,0.24755327
0.23148212,0.25156048
0.23716739,0.24732052
0.24977021,0.23962437
0.23631877,0.23712684
0.21351427,0.19948745
0.2503439,0.23622996
0.24040987,0.24386236
0.24806745,0.24775594
0.27256957,0.26876011
0.26997462,0.27937087
0.27473238,0.26554233
0.26880968,0.27226007
0.25279966,0.25164342
0.22108106,0.22536032
0.24777573,0.25560203
0.20597675,0.21500902
0.27413502,0.25698245
0.22265857,0.23361763
0.2610984,0.27829543
0.27803972,0.3031622
0.21746849,0.22837806
0.1771408,0.18334705
0.23123923,0.22153637
0.20985003,0.21018566
0.22989067,0.21780995
0.2598914,0.24681492
0.30295122,0.28504014
0.18386865,0.18082502
0.22962755,0.2242977
0.21595487,0.20878756
0.220392,0.23053224
0.22655207,0.22218396
0.21185677,0.20979233
0.24210826,0.2408047
0.24243799,0.24069881
0.21036695,0.20521986
0.18713775,0.21397409
0.21261986,0.23553096
0.20038559,0.21991228
0.21605766,0.21166411
0.21151742,0.21178328
0.23359145,0.22987585
0.25114512,0.24427402
0.25505775,0.24979167
0.2549493,0.25411853
0.24978535,0.24566916
0.25357643,0.27140644
0.2525561,0.26967004
0.27703723,0.27761966
0.26440912,0.2757674
0.21163364,0.21774071
0.27512285,0.2710467
0.28577533,0.29402086
0.21260096,0.23795414
0.2683269,0.27613038
0.2793948,0.27909985
0.27476266,0.25824457
0.29307386,0.28385848
0.2892811,0.28743556
0.23339441,0.22530949
0.2363081,0.2337348
0.26584843,0.25716478
0.22546133,0.25292188
0.24396153,0.26357582
0.22287142,0.2531332
0.24609691,0.2654177
0.24490437,0.25705114
0.21297973,0.2189652
0.25246978,0.263928
0.263928,0.25246978
0.23159191,0.21737336
0.23907588,0.23530585
0.22957596,0.20751809
0.21022671,0.21475388
0.2421246,0.25236073
0.20537777,0.21598163
0.26831824,0.2704419
0.22659038,0.24371481
0.25871384,0.27776253
0.23777202,0.23071045
0.26587456,0.26848516
0.26431793,0.27115428
0.23328674,0.23539594
0.2182225,0.22249876
0.23009357,0.22963919
0.23933153,0.23478335
0.21951345,0.21905681
0.234187,0.22601691
0.22775915,0.21803641
0.21980114,0.2184606
0.22389054,0.23039714
0.23343167,0.24527279
0.24548972,0.24139884
0.25927404,0.24599525
0.22792578,0.22472256
0.2215819,0.2242098
0.29843906,0.31376335
0.2958572,0.31371894
0.24255106,0.25159848
0.22085434,0.21329525
0.22797017,0.22018607
0.24218476,0.2531267
0.22446848,0.23483902
0.21824941,0.22342338
0.22652104,0.23169044
0.21885763,0.21634154
0.22304133,0.2298048
0.2399909,0.25158703
0.22775847,0.2334725
0.26026896,0.26223746
0.27032202,0.24844287
0.26948622,0.24975115
0.23181893,0.21874747
0.24408354,0.23133591
0.21694423,0.25817427
0.2186999,0.22060814
0.16710818,0.24985886
0.23130317,0.23364052
0.23638517,0.24816503
0.20029816,0.23554933
0.19969663,0.24704364
0.20600033,0.24956016
0.2330837,0.22974023
0.21409018,0.2262374
0.21643414,0.21711232
0.29821634,0.30518845
0.30691323,0.3001668
0.23101637,0.22322819
0.20944253,0.23798703
0.2904036,0.2871379
0.29407194,0.2853699
0.28283513,0.29296625
0.2817307,0.29476428
0.22309357,0.22119744
0.2288203,0.22500673
0.25232056,0.29276145
0.2568334,0.26309147
0.25954664,0.2600506
0.25618613,0.2638928
0.2600475,0.25985795
0.21804944,0.19983387
0.23929329,0.22842248
0.23153059,0.21133123
0.23150454,0.21639949
0.23272519,0.23509158
0.22212957,0.21996875
0.2371537,0.25574946
0.22036695,0.23177473
0.1927877,0.21701251
0.19490756,0.18202557
0.21634883,0.19912599
0.22050308,0.22101772
0.1803459,0.20371594
0.26692027,0.26726046
0.2492726,0.26866472
0.21473236,0.22449856
0.20829532,0.21312599
0.30694687,0.3024041
0.21520571,0.22219421
0.27352846,0.25629178
0.2750323,0.26454273
0.22131713,0.22213036
0.25791344,0.27411538
0.26401135,0.27643502
0.17458206,0.16852632
0.24961925,0.262032
0.16579913,0.16944222
0.25316027,0.24934068
0.2506358,0.24923779
0.24681428,0.25006124
0.2824377,0.28130102
0.23851243,0.23783864
0.2587983,0.2620402
0.2357051,0.23201966
0.26346248,0.25818628
0.14022595,0.14123148
0.16423416,0.17286028
0.17492877,0.1827389
0.16578975,0.16097623
0.20906772,0.21849316
0.22107261,0.21697882
0.21323243,0.21018174
0.14119068,0.14031878
0.16437061,0.17368145
0.17699562,0.1644824
0.22349001,0.22691058
0.24053839,0.23956084
0.17479223,0.17047057
0.23791303,0.23832648
0.26637632,0.25950032
0.261156,0.25948375
0.24480966,0.24217753
0.258796,0.25432238
0.2414796,0.24568364
0.2557968,0.2613791
0.21320778,0.22675982
0.18528605,0.19126832
0.20738381,0.2356241
0.1786689,0.17499088
0.16566919,0.16178943
0.16864188,0.17560162
0.18899798,0.18087049
0.1614091,0.1648007
0.23909932,0.23545791
0.19738144,0.18646705
0.23577471,0.2447873
0.24320948,0.24294037
0.21253043,0.20530137
0.2656689,0.24571307
0.18939492,0.20483251
0.17170112,0.1864719
0.24626616,0.26810393
0.22549197,0.2507071
0.25027436,0.27110368
0.18192922,0.17663217
0.20290051,0.21371357
0.20000786,0.183231
0.17867824,0.16244934
0.22511506,0.22550443
0.16508698,0.17424406
0.22340757,0.22709374
0.2606846,0.29752722
0.24722971,0.22774154
0.22483037,0.23603909
0.21706301,0.23464367
0.23803417,0.24031247
0.2715853,0.26718658
0.24185757,0.23318607
0.2713563,0.273844
0.25024182,0.2562568
0.2535361,0.25892276
0.23674203,0.2567941
0.23623483,0.25099987
0.2562568,0.25024182
0.21699417,0.22590059
0.22442324,0.21039048
0.22039512,0.21229365
0.24938905,0.23318361
0.22088818,0.24416624
0.2036251,0.2157521
0.27038753,0.27196908
0.2724303,0.26683897
0.27015907,0.2649253
0.26837257,0.27294102
0.25522253,0.27479172
0.25657248,0.27005383
0.2748937,0.2743011
0.23287788,0.2186162
0.24473292,0.24527556
0.2509541,0.2523599
0.2237457,0.23016427
0.21467046,0.22241808
0.24779549,0.24683365
0.23903096,0.21894473
0.24567908,0.25070924
0.21914007,0.21293017
0.24687378,0.2508255
0.21705115,0.21509376
0.24785255,0.24933925
0.2887377,0.26478732
0.2694638,0.2863821
0.1978374,0.20382367
0.19222206,0.18803124
0.25028148,0.27945083
0.2151503,0.22383957
0.22094303,0.21219267
0.2001022,0.19713148
0.19881962,0.20435867
0.22620818,0.21655406
0.26023787,0.27830034
0.21377146,0.2373298
0.23428111,0.22870836
0.2013672,0.186018
0.19874805,0.22165862
0.1981331,0.19007955
0.24267837,0.2391718
0.2070622,0.19288303
0.18071805,0.20128658
0.19186135,0.20226663
0.2390184,0.24815811
0.23790915,0.23583828
0.223796,0.24166018
0.2535466,0.22149049
0.26094514,0.22628877
0.20779322,0.19807528
0.24286966,0.23471615
0.20186645,0.20403317
0.25454217,0.24838108
0.23249358,0.24688423
0.25212935,0.25745705
0.2366395,0.25644493
0.20219137,0.26478827
0.21695699,0.26781985
0.21694636,0.26169
0.23200782,0.25106084
0.24290897,0.24347453
0.2617425,0.26096004
0.2618593,0.25915802
0.24203733,0.23992679
0.24858278,0.24526438
0.24548516,0.2511157
0.24144045,0.24749064
0.2541568,0.24679162
0.27141553,0.27771986
0.28722548,0.29687977
0.25147468,0.22669065
0.23420829,0.25052977
0.22320588,0.21241128
0.21847317,0.23029247
0.23155317,0.23144168
0.22702755,0.23270902
0.22567637,0.23675945
0.21723741,0.22200674
0.28269693,0.28919476
0.25737375,0.24365664
0.26138282,0.21744937
0.22063336,0.2124446
0.19900964,0.21084952
0.19695845,0.2583897
0.21744937,0.26138282
0.22323811,0.2623458
0.22755751,0.2653372
0.18007365,0.20910923
0.26198116,0.26321545
0.26300666,0.26330894
0.2136045,0.2540589
0.20520988,0.20744683
0.22271848,0.22792771
0.2555266,0.24594226
0.20490095,0.19832537
0.260942,0.24692695
0.2635788,0.27717432
0.2584546,0.26287726
0.2255144,0.22245654
0.25956225,0.25141683
0.20057294,0.1903914
0.17546442,0.20646745
0.2762121,0.26398224
0.27126658,0.25613368
0.2071853,0.21765521
0.1563577,0.15854886
0.26215586,0.24272926
0.23385657,0.2118814
0.15651959,0.14853074
0.22102799,0.20484498
0.25350216,0.27186343
0.26053202,0.28132468
0.25764346,0.27139682
0.21381466,0.23870865
0.19952488,0.2144322
0.22900057,0.23244168
0.21184134,0.19627672
0.22984427,0.22511362
0.23042087,0.2658194
0.21697783,0.20487644
0.29992372,0.29188824
0.21021593,0.21715112
0.2830991,0.2978521
0.3060733,0.3050288
0.31391948,0.3178535
0.31749132,0.304666
0.31501305,0.31081763
0.26559556,0.31457976
0.30765915,0.30769536
0.2200426,0.27468732
0.21113326,0.24629433
0.21211663,0.20488983
0.25648507,0.29631373
0.19963108,0.2207516
0.25305653,0.28377092
0.17809781,0.16131115
0.18805633,0.19284037
0.18517925,0.1862439
0.2057712,0.19226757
0.15813413,0.13777389
0.20377833,0.17072587
0.17095658,0.17709298
0.13901985,0.15558963
0.18078756,0.21370675
0.27345434,0.26529187
0.16563015,0.17261119
0.270448,0.2659231
0.17591898,0.17043783
0.25388807,0.2585567
0.26086348,0.27652115
0.26287583,0.2573968
0.22007021,0.2648645
0.2815803,0.26546723
0.27264884,0.28984767
0.23384923,0.23453522
0.25366506,0.25954074
0.2525946,0.24162179
0.23302616,0.23147452
0.221198,0.21897721
0.21400706,0.19572109
0.21416801,0.20138028
0.23220587,0.23765746
0.2025009,0.21746218
0.22293337,0.22325176
0.20098543,0.19811545
0.19739589,0.19605252
0.22073087,0.20057926
0.21621422,0.22071928
0.21798664,0.21473043
0.2172653,0.21778522
0.22702146,0.2221369
0.20272774,0.21779934
0.2199601,0.21864404
0.2009205,0.21911329
0.23966868,0.28582397
0.27553737,0.27304667
0.25241062,0.26313674
0.2698626,0.26660457
0.26473168,0.2522104
0.20491797,0.23294556
0.25730246,0.27576727
0.27576727,0.25730246
0.19501027,0.22081369
0.22666925,0.23986146
0.24675584,0.23745765
0.21950695,0.20921838
0.25371128,0.26615676
0.24299002,0.24707341
0.2406663,0.22430627
0.24711537,0.23723659
0.22381172,0.24241379
0.28265113,0.26604635
0.2656775,0.2920295
0.26398283,0.2502982
0.26823044,0.2689634
0.27655587,0.3158304
0.2550247,0.25336924
0.25340247,0.26422143
0.26766938,0.24968015
0.27135587,0.23399112
0.19743504,0.19099844
0.22985435,0.22721249
0.19073041,0.19552293
0.22417462,0.23139626
0.28702232,0.3025455
0.28263223,0.29578456
0.24068059,0.26144117
0.20628008,0.21299207
0.26815057,0.2832359
0.21003644,0.18912382
0.17927808,0.21584588
0.16686028,0.19200274
0.1828587,0.18172316
0.2646065,0.26407492
0.25546315,0.23373947
0.21107286,0.22749464
0.24698679,0.24851994
0.24094003,0.25317892
0.2537161,0.24744886
0.26698005,0.27739227
0.26218703,0.27060646
0.27391687,0.26604944
0.2639053,0.2650803
0.2064106,0.19715329
0.28210783,0.27636462
0.27895045,0.27708584
0.27708584,0.27895045
0.28028843,0.2859657
0.19165006,0.2018328
0.265413,0.25932539
0.26498765,0.26384878
0.29512927,0.3063705
0.22038208,0.24979429
0.20523334,0.22446829
0.23022555,0.22089352
0.25701314,0.24344465
0.23329058,0.25539216
0.2413934,0.26317158
0.22316703,0.22597998
0.26917306,0.27457982
0.27717468,0.27843383
0.22410819,0.21556185
0.27641636,0.26753238
0.2728686,0.29053676
0.24092577,0.26033074
0.2514894,0.253724
0.25469068,0.24620964
0.25129396,0.23159389
0.24457923,0.24991712
0.1901904,0.19620398
0.19143987,0.1844463
0.25109503,0.25550973
0.24051414,0.2501113
0.29454774,0.32527155
0.2704361,0.27649844
0.2330279,0.24507697
0.2458933,0.2363534
0.27615416,0.27370393
0.29082412,0.28965965
0.2880777,0.2847815
0.29082894,0.29244065
0.2915532,0.29906744
0.22230598,0.22975326
0.23856336,0.21568191
0.29244065,0.29082894
0.23730235,0.27150652
0.24989264,0.28133056
0.29328272,0.3257441
0.28002757,0.2832492
0.28341645,0.28532362
0.2199289,0.25278476
0.29105616,0.25982642
0.26445484,0.28809598
0.25982642,0.29105616
0.26380974,0.29053465
0.26249242,0.25674635
0.2956753,0.29531494
0.26694784,0.2761323
0.25431913,0.26213968
0.28450215,0.2677787
0.28757447,0.2955028
0.22442013,0.26868716
0.24864674,0.25975266
0.26633066,0.23880617
0.18433976,0.17472522
0.22925603,0.27584654
0.18053587,0.1846611
0.26047647,0.26331303
0.27760744,0.27848977
0.22036475,0.27518773
0.24807121,0.2759864
0.23468694,0.26783475
0.18379712,0.20346896
0.2213662,0.242317
0.21177314,0.18759581
0.264234,0.2645127
0.2606566,0.2616832
0.25097373,0.24199712
0.25897172,0.25544307
0.28159606,0.2660287
0.24885343,0.27727938
0.24974455,0.27451086
0.24857163,0.2610045
0.22390342,0.23960394
0.24965245,0.2736899
0.2621642,0.2687883
0.16711533,0.21982312
0.2325471,0.24218263
0.24629182,0.257404
0.27130222,0.27250043
0.25243485,0.24036974
0.24762918,0.26946485
0.2432635,0.24772714
0.23948123,0.22861174
0.18523213,0.18054157
0.2562866,0.2680123
0.21191628,0.21072689
0.23988068,0.21423642
0.24848226,0.24044178
0.21608654,0.21803525
0.271213,0.26431113
0.24622126,0.23981024
0.20133348,0.19809943
0.2679259,0.26225102
0.26980266,0.2451947
0.25902867,0.25381538
0.26267707,0.26198673
0.25381538,0.25902867
0.26198673,0.26267707
0.23615746,0.23677522
0.2819636,0.29644307
0.23135212,0.2339358
0.29622376,0.29056096
0.28150418,0.2524659
0.2710672,0.2846287
0.23362717,0.24452226
0.20764334,0.20598121
0.20548734,0.27455777
0.20611106,0.20825079
0.23264231,0.22984666
0.28620428,0.27302548
0.22264628,0.2795242
0.2714318,0.28902978
0.24061172,0.23370059
0.26427698,0.25865665
0.25335398,0.2583073
0.279991,0.28502053
0.26959318,0.26644292
0.28912356,0.2779776
0.23181356,0.24009658
0.24012722,0.24260297
0.28317815,0.2836025
0.26584026,0.27679595
0.2250148,0.2231898
0.23531549,0.23607087
0.23647818,0.23779346
0.31118137,0.32309392
0.23469962,0.23161602
0.31318092,0.30668408
0.2619075,0.25298145
0.28495482,0.32227963
0.24641412,0.264259
0.24864188,0.25514865
0.26510054,0.25633308
0.2629818,0.26400912
0.24974813,0.25026414
0.25242132,0.24749774
0.22650057,0.23689368
0.26292464,0.23992373
0.24457295,0.22735205
0.25065115,0.30217704
0.2345559,0.27139845
0.23568851,0.23321186
0.25028414,0.262375
0.23289098,0.24196373
0.2833114,0.2929455
0.2809484,0.28019327
0.27930278,0.27632654
0.19650772,0.20898938
0.21092612,0.20448071
0.2612846,0.23848821
0.2551992,0.2561185
0.22539231,0.22121221
0.2461581,0.25546962
0.2362138,0.23557942
0.22323379,0.22852677
0.2165057,0.2228787
0.23543024,0.2395193
0.24176373,0.2507758
0.22481246,0.21927343
0.23737143,0.22927162
0.26140335,0.25034523
0.22732507,0.21864256
0.22846267,0.226428
0.2365754,0.2443704
0.219996,0.21564242
0.2426975,0.24099335
0.23291585,0.22034478
0.22371216,0.22256
0.23941755,0.22515024
0.27561492,0.27323258
0.27269372,0.26376468
0.20622808,0.21559589
0.21858345,0.20216337
0.22703128,0.23827383
0.2402763,0.22315612
0.30061954,0.29104766
0.23106009,0.24698591
0.2830954,0.2952257
0.23883773,0.26053616
0.24229129,0.25934523
0.2486435,0.2538643
0.26167223,0.24948049
0.282453,0.28339297
0.25140855,0.28430748
0.24830347,0.24939275
0.28519312,0.28446844
0.20510149,0.2034108
0.2241421,0.22709171
0.23012137,0.22977929
0.28110608,0.28934118
0.2706232,0.26307192
0.25061688,0.24028677
0.25429845,0.25543055
0.28903168,0.2796425
0.25309324,0.25417495
0.24542932,0.26614282
0.25897074,0.26818898
0.23935921,0.25054675
0.24538538,0.24362573
0.2004008,0.22465783
0.22263761,0.23683488
0.32509387,0.31818137
0.32585236,0.3316967
0.20638259,0.18687844
0.22601533,0.2565521
0.20348045,0.22759041
0.2249121,0.22376382
0.23394369,0.2357291
0.25645223,0.23838845
0.25837165,0.24797097
0.20725003,0.20514904
0.22437428,0.22873491
0.20982994,0.20085874
0.2473485,0.27086654
0.1814808,0.22342521
0.21005516,0.22624536
0.22776228,0.22891222
0.21803713,0.23958823
0.2243764,0.2238407
0.23270835,0.25678325
0.207131,0.22129762
0.21887338,0.22010174
0.21770829,0.21817413
0.23570615,0.24326533
0.24988955,0.29938316
0.2333573,0.2216662
0.25447005,0.24293634
0.25928596,0.2402938
0.22796425,0.26087376
0.23558566,0.25430283
0.24307746,0.25802094
0.27231014,0.2730847
0.27313134,0.26815683
0.24317385,0.24828039
0.25172898,0.24801725
0.24958077,0.28817454
0.27382794,0.26740775
0.2789179,0.30013967
0.27382544,0.27735257
0.26758075,0.27961513
0.23282912,0.22679631
0.22679631,0.23282912
0.21399657,0.19975403
0.19975403,0.21399657
0.22677198,0.2221031
0.22051246,0.22318096
0.23171854,0.23381504
0.26265165,0.2690011
0.26903108,0.25711918
0.19989097,0.20915285
0.19714656,0.19373475
0.20372316,0.18958242
0.26220942,0.25924584
0.22584774,0.21704946
0.25293648,0.26077703
0.20738564,0.21335447
0.18649279,0.18287714
0.27705863,0.27954537
0.26329958,0.26252168
0.29464585,0.2814966
0.26078713,0.26492435
0.24011822,0.25561577
0.2755033,0.28907445
0.25919488,0.2595685
0.25842512,0.25418273
0.24882066,0.26244
0.2603492,0.26255295
0.2632884,0.26262546
0.2836147,0.27513036
0.19357303,0.21281686
0.2210602,0.24388936
0.23368324,0.22722355
0.2403267,0.26497602
0.25241458,0.24979366
0.22883584,0.24783029
0.26024595,0.28068817
0.23298615,0.2575285
0.2500521,0.23858438
0.23844078,0.22494012
0.24738774,0.25744715
0.21703985,0.21965823
0.24396014,0.2291522
0.23484504,0.24133664
0.22091599,0.21283509
0.2591272,0.29893783
0.26371193,0.27805886
0.23009034,0.2420422
0.2352222,0.25361764
0.26085532,0.25388116
0.2249069,0.24452166
0.2679041,0.27565402
0.26572043,0.26817763
0.26924947,0.26946315
0.25456256,0.25849617
0.2719188,0.26576138
0.1963394,0.19526325
0.20696801,0.23323128
0.27121496,0.2740447
0.1882391,0.19856569
0.2101719,0.25980282
0.23052685,0.22721508
0.18971011,0.19003761
0.19290404,0.20729098
0.2788844,0.28082561
0.23178443,0.23234239
0.22101629,0.2065989
0.30409986,0.30027813
0.28114694,0.30232316
0.293291,0.31324932
0.30752385,0.28783244
0.28843334,0.29024875
0.26737255,0.27603924
0.25307637,0.2622386
0.2697995,0.26432073
0.28493273,0.29620135
0.25806063,0.25066987
0.24978855,0.2463896
0.2760147,0.3082345
0.24881805,0.30136943
0.27984968,0.30714324
0.26521006,0.26948184
0.26742077,0.26069573
0.25387657,0.25597534
0.21667701,0.20936339
0.25227204,0.25357407
0.21035671,0.21495089
0.26519698,0.2299976
0.23923072,0.26062804
0.24860646,0.2522086
0.23980913,0.23644097
0.23094726,0.23029467
0.25852296,0.23956713
0.23909353,0.24882522
0.2454952,0.27441376
0.22730297,0.25934762
0.27610412,0.25998265
0.23285446,0.20684452
0.21764548,0.22321068
0.21445554,0.22950718
0.22423127,0.2689717
0.20469676,0.2172696
0.20810096,0.20793737
0.23443916,0.22058788
0.21634738,0.2425631
0.26714236,0.23802808
0.23802808,0.26714236
0.22223866,0.22246605
0.28889772,0.2971667
0.26671004,0.282359
0.272783,0.28260416
0.28133547,0.29674596
0.22378214,0.2177036
0.28260416,0.272783
0.282359,0.26671004
0.19694546,0.24092282
0.21833675,0.24863642
0.22610372,0.24307823
0.20658103,0.24858381
0.24288179,0.22875407
0.24899615,0.21950105
0.2507453,0.27827555
0.25852945,0.2552569
0.26506978,0.2734201
0.26635936,0.27097204
0.2504279,0.2449536
0.24744754,0.2581298
0.2475416,0.2502067
0.26981443,0.26078212
0.24312499,0.24676934
0.27286083,0.2677545
0.17543472,0.1843921
0.22881536,0.2270194
0.2553035,0.25301135
0.24700886,0.24355397
0.23751734,0.22169854
0.2528253,0.24902743
0.22626606,0.22455004
0.24417977,0.24316075
0.18316971,0.1741615
0.2736955,0.25892422
0.261532,0.24185047
0.23145577,0.21466908
0.25896555,0.2705071
0.22386475,0.23105599
0.2403091,0.23939018
0.21602364,0.22689429
0.23016573,0.2110819
0.24731468,0.24563587
0.25019997,0.25229254
0.27396387,0.2753577
0.24370943,0.2513294
0.2727562,0.2923813
0.28133237,0.31523195
0.27612925,0.3171294
0.28507137,0.28928736
0.28181463,0.29327184
0.19506586,0.22077474
0.2923813,0.2727562
0.19563425,0.22079463
0.29231796,0.2859067
0.22548042,0.21305053
0.22554772,0.21802837
0.26621872,0.25976717
0.19206023,0.23453216
0.25825804,0.2762294
0.21442676,0.23131828
0.21395902,0.22948885
0.22216359,0.23509037
0.25891814,0.24963558
0.24242647,0.26070076
0.23160534,0.2100579
0.21650165,0.24020018
0.24748284,0.26180017
0.19600008,0.1745023
0.26389393,0.24474818
0.24604988,0.24181028
0.24506417,0.2288963
0.26776215,0.29275936
0.25322115,0.2774875
0.26866063,0.2826255
0.28429726,0.2725282
0.24545166,0.27299237
0.23888454,0.25101426
0.2917608,0.26158857
0.22565348,0.25116858
0.2064149,0.20244753
0.19319814,0.20915064
0.21842106,0.21993169
0.2518467,0.23423056
0.2360143,0.23083219
0.23354916,0.20910059
0.21812516,0.20730712
0.23584373,0.24591075
0.22064638,0.24190925
0.23616658,0.23347522
0.22935247,0.22473197
0.2144609,0.24499875
0.22994174,0.26487583
0.22063226,0.24839285
0.2258806,0.22791754
0.21569039,0.22179857
0.23708142,0.23929793
0.2532787,0.25711226
0.24117625,0.23982157
0.22971022,0.24885638
0.29196942,0.2949898
0.29594424,0.2874953
0.2689216,0.2789127
0.2760953,0.27904427
0.2224472,0.25241163
0.25033247,0.25431788
0.28050357,0.28058043
0.28941268,0.29249
0.3020892,0.31489584
0.2925232,0.31014675
0.26096058,0.24605492
0.27865216,0.28146568
0.25020128,0.25039348
0.28484374,0.28857148
0.30242065,0.3151444
0.2925232,0.31014675
0.28143013,0.2866097
0.31513506,0.30051544
0.25127256,0.25517428
0.27889186,0.2783774
0.2500634,0.25545907
0.3150271,0.30060703
0.23461387,0.22832082
0.22832082,0.23461387
0.24249841,0.26960522
0.27138084,0.27855897
0.2701619,0.27031696
0.28190735,0.29748422
0.2897565,0.28637728
0.2391252,0.28425032
0.18470483,0.18416859
0.293914,0.3006913
0.30266482,0.29027927
0.25593343,0.2597683
0.25968555,0.25911486
0.2751366,0.30850527
0.27536613,0.2846498
0.3045107,0.3171196
0.2213408,0.22411473
0.23094252,0.22564335
0.25431067,0.24773015
0.2633917,0.24797134
0.25237882,0.2477167
0.26372617,0.2822676
0.28439835,0.26710173
0.252482,0.24331057
0.2318254,0.24660227
0.21533072,0.22503799
0.22699028,0.21300976
0.2662869,0.27138567
0.3075235,0.32612306
0.32106397,0.33078563
0.30787307,0.333153
0.32612306,0.3075235
0.32920703,0.3119071
0.2484695,0.2585775
0.21019708,0.2465907
0.28718695,0.28003854
0.2315505,0.24681315
0.27334064,0.28080633
0.23162456,0.25609958
0.26625273,0.28089404
0.27409396,0.26908463
0.26023448,0.2731251
0.25844216,0.2694166
0.25121188,0.23396932
0.28101423,0.26769704
0.25483692,0.23659065
0.28710753,0.27082863
0.26714736,0.27177876
0.27218285,0.26109803
0.26393992,0.27175584
0.27768278,0.2813575
0.2877496,0.26779437
0.27420434,0.25265375
0.20989408,0.22449864
0.23557138,0.24501112
0.25212306,0.25657997
0.24286915,0.24480742
0.253327,0.2591591
0.21859504,0.21763586
0.26819026,0.27645427
0.27661288,0.26086602
0.24184862,0.25608706
0.22929879,0.24600278
0.24499485,0.22047698
0.25599426,0.23446898
0.21588902,0.21792623
0.21992989,0.22056676
0.22064853,0.22940116
0.2244145,0.22971356
0.27926093,0.27813187
0.22560582,0.22174712
0.25383234,0.27580065
0.21799038,0.21123797
0.21467046,0.21371537
0.20978779,0.22009915
0.20853174,0.216533
0.21853381,0.2123568
0.2599265,0.26208308
0.26481497,0.26578698
0.23294337,0.22674175
0.2145887,0.22308461
0.2620324,0.26190516
0.24128745,0.24961169
0.24022867,0.24901754
0.23036337,0.2285089
0.25307947,0.23676677
0.2225627,0.22186027
0.26517916,0.26235598
0.24771965,0.23761539
0.23365372,0.22896606
0.2364997,0.23747659
0.22529,0.2312974
0.22423446,0.23224963
0.26686543,0.26200825
0.23598096,0.2383833
0.32111615,0.31361258
0.28451237,0.29959786
0.2874928,0.2946997
0.3032866,0.31736267
0.25705683,0.29175934
0.26944387,0.2842386
0.2720691,0.28599676
0.26618153,0.2831036
0.20075293,0.23297323
0.25491208,0.2624692
0.26101512,0.25531214
0.2720957,0.27312258
0.31628883,0.30863374
0.2611544,0.2656313
0.25907612,0.24286881
0.29978752,0.29022706
0.34689757,0.35150614
0.31394356,0.31539008
0.29560146,0.29774755
0.27175054,0.2617083
0.24644732,0.2554237
0.30392575,0.30134422
0.28879654,0.3063681
0.23717675,0.23289639
0.23337044,0.23041308
0.28502488,0.2851757
0.28019807,0.28598672
0.29227668,0.26462692
0.2521873,0.30227914
0.269312,0.28835613
0.2429027,0.25176027
0.24851555,0.24951713
0.2553117,0.24840632
0.23539588,0.2544697
0.24737619,0.25064775
0.22466846,0.21330622
0.24953578,0.23433864
0.23616105,0.2500192
0.25248414,0.24942388
0.27484757,0.31450987
0.21702558,0.22297557
0.23989373,0.2430117
0.23384394,0.2389991
0.24563713,0.23741771
0.2233324,0.21892853
0.24165025,0.2436152
0.2442135,0.25182703
0.2730308,0.2955046
0.27306595,0.287799
0.20255844,0.20059021
0.29216012,0.2790807
0.2031175,0.20029496
0.293182,0.275685
0.27574372,0.25590983
0.3099028,0.3045945
0.29897663,0.31900924
0.2519467,0.2717134
0.3004225,0.3086904
0.22406055,0.22580455
0.27530828,0.281891
0.28821644,0.30010873
0.29853746,0.27917293
0.28418157,0.27413946
0.23060569,0.22736517
0.23243356,0.23257548
0.27897513,0.2607482
0.2727524,0.28834575
0.29596534,0.29562807
0.29031444,0.2922101
0.27268773,0.27979177
0.29756618,0.3012125
0.26832914,0.2830534
0.28963962,0.2857465
0.25795537,0.25766948
0.2785524,0.25544882
0.2549469,0.25097364
0.29548398,0.2784568
0.2081051,0.21281701
0.21401504,0.19638564
0.22108099,0.20416439
0.21999465,0.21641776
0.27390525,0.28032592
0.20450951,0.21031722
0.22982459,0.22121772
0.23518246,0.25779524
0.20236811,0.23343956
0.19430062,0.22626892
0.21814217,0.25253832
0.24022922,0.2538147
0.2351256,0.21837829
0.26174462,0.25253958
0.27673626,0.2721148
0.26774806,0.2661131
0.21246603,0.25244066
0.28773448,0.2837695
0.27799404,0.28502384
0.24531782,0.26627195
0.2625453,0.25104612
0.28006425,0.28940618
0.28556916,0.2972653
0.22005537,0.22999151
0.28830075,0.30325225
0.28818142,0.28410193
0.29682824,0.288342
0.2954107,0.3145758
0.22689457,0.23407821
0.22241202,0.2258055
0.23148406,0.2205208
0.22752371,0.22642931
0.274259,0.2684001
0.2762447,0.26893193
0.26579687,0.28011945
0.28834075,0.29070345
0.27997506,0.28411144
0.24623196,0.30249882
0.2758395,0.27859744
0.26672035,0.27798948
0.27699834,0.26885718
0.23029855,0.22442994
0.25534296,0.26478827
0.20758854,0.2456275
0.23213278,0.23305856
0.23446393,0.23653872
0.23926748,0.270235
0.20651905,0.20357552
0.20386489,0.21120808
0.26646468,0.2778534
0.25778225,0.2640096
0.30137184,0.29869688
0.2955947,0.29866317
0.2683159,0.27049312
0.27343062,0.25666782
0.27092406,0.26427084
0.27327526,0.2791569
0.25492677,0.25025558
0.26135433,0.25148013
0.25978222,0.2535905
0.24514069,0.25338978
0.2607869,0.26459458
0.2604305,0.27310288
0.2671029,0.26355922
0.25472862,0.25244075
0.26645267,0.27873155
0.2487668,0.2525669
0.27310288,0.2604305
0.23298833,0.26815665
0.27356768,0.29137167
0.18602622,0.19558689
0.19126216,0.18287796
0.21319771,0.20526055
0.23564117,0.22129238
0.21310504,0.20293784
0.21582948,0.21121858
0.20521623,0.213105
0.2096666,0.21524678
0.22222224,0.23718956
0.20146325,0.21514863
0.2639555,0.2612607
0.2780353,0.26858023
0.25746566,0.25690317
0.28890127,0.2772371
0.28609225,0.28659475
0.27820367,0.27996168
0.26129854,0.26077762
0.21844392,0.23071519
0.25838122,0.23504551
0.2059023,0.22381799
0.2394993,0.2635939
0.22650623,0.20457633
0.26906112,0.26213378
0.2675159,0.27347612
0.28369698,0.2528723
0.23773006,0.28231797
0.26160848,0.2668431
0.27147627,0.25483042
0.23657572,0.24065773
0.23126948,0.22739452
0.22571757,0.2349976
0.22407922,0.22248647
0.2488198,0.22959708
0.19000503,0.1928052
0.24574217,0.2193964
0.24357533,0.24022985
0.27149642,0.2637506
0.2535633,0.27221054
0.24596047,0.2720939
0.21292931,0.2843457
0.22301985,0.26553586
0.23349774,0.2585848
0.2598374,0.27656505
0.21271224,0.22313823
0.268132,0.28278816
0.25721264,0.25665116
0.22258411,0.21832243
0.19766809,0.2018222
0.19450006,0.20167576
0.25303942,0.2561594
0.20513618,0.20236084
0.19823156,0.20363557
0.24823633,0.26227367
0.24026293,0.25497112
0.2549332,0.26304945
0.25529325,0.26265258
0.23081245,0.2409172
0.23966873,0.23731132
0.24634987,0.23629218
0.2468526,0.24907412
0.27611628,0.2624189
0.2506464,0.24964896
0.2492902,0.25051463
0.25186634,0.24817385
0.25296068,0.25298792
0.24846102,0.25089392
0.24817385,0.25186634
0.2466333,0.25693762
0.26972878,0.2687236
0.26609296,0.3091188
0.28221914,0.29938623
0.21210298,0.22806272
0.27433,0.27375856
0.30877733,0.277236
0.26468027,0.26039308
0.23101102,0.20324375
0.26829228,0.26511598
0.22022045,0.23334435
0.23237996,0.22593929
0.2135574,0.20825695
0.22324872,0.22610563
0.23004663,0.22074427
0.20593745,0.21198483
0.2749822,0.27602872
0.31408173,0.3230593
0.2735517,0.27284196
0.28172004,0.27319247
0.23793483,0.24701974
0.2470564,0.24509314
0.23833779,0.24827632
0.28801888,0.28893507
0.24666387,0.24536991
0.25525844,0.26508814
0.25120354,0.2666484
0.26417452,0.27589566
0.2518833,0.2696903
0.25919002,0.26734868
0.2503963,0.2379449
0.2570006,0.2345787
0.27697605,0.2503993
0.2728737,0.25725102
0.26395205,0.25729316
0.2667006,0.25874737
0.23877461,0.23592725
0.23947734,0.23566456
0.20086983,0.19608086
0.25137118,0.28687096
0.20015445,0.20621857
0.25756842,0.25095066
0.2093968,0.19885707
0.24742188,0.254564
0.24773322,0.2778551
0.21945913,0.21830222
0.2267619,0.21151522
0.17800865,0.21233639
0.23211981,0.23933789
0.22926897,0.24182197
0.24182197,0.22926897
0.23780209,0.24426962
0.24962214,0.26186937
0.24008836,0.23330712
0.20794342,0.19894044
0.1889144,0.1848862
0.18609433,0.19621196
0.2269805,0.2166257
0.2563177,0.2402332
0.22763667,0.22881775
0.20632541,0.20776354
0.2508331,0.29696783
0.23502411,0.23656946
0.23238692,0.2346097
0.2187113,0.22381687
0.22685547,0.22432202
0.24167138,0.24229029
0.2381265,0.24533966
0.23805937,0.228361
0.22456881,0.24313438
0.1893242,0.18117937
0.18867157,0.17929241
0.18343513,0.19035847
0.23777317,0.24706459
0.18662533,0.1945517
0.24012358,0.24821237
0.29062805,0.27507132
0.20729573,0.23513976
0.27507132,0.29062805
0.29138726,0.29785812
0.2918595,0.3033486
0.23938143,0.21438399
0.24942036,0.23671928
0.23497352,0.2182934
0.21177046,0.22494219
0.18549384,0.20865026
0.21533087,0.23470752
0.18350755,0.20050918
0.18108472,0.1885445
0.20865026,0.18549384
0.2104866,0.20079234
0.2345708,0.23642893
0.24608772,0.23585847
0.28312102,0.29462826
0.22564697,0.24573778
0.30223507,0.28905344
0.24716216,0.24687818
0.24520902,0.23943761
0.23351373,0.2402513
0.2201042,0.2680062
0.29931915,0.29273298
0.2910022,0.29124674
0.3027261,0.31554258
0.24617526,0.252626
0.26671576,0.28451717
0.18366502,0.21280107
0.268881,0.2808612
0.2760284,0.28235844
0.27713752,0.2813325
0.24784285,0.24164855
0.29597738,0.30882016
0.30754134,0.3019777
0.2588685,0.26643568
0.24635582,0.25563967
0.2740518,0.27221167
0.25563967,0.24635582
0.28001693,0.2640866
0.30378345,0.30379134
0.28513268,0.28595775
0.28116038,0.28168708
0.27374062,0.2877147
0.27374062,0.2877147
0.17008102,0.15931027
0.24745412,0.24398342
0.26354483,0.2701123
0.25107855,0.26203027
0.2197197,0.22577631
0.27126372,0.26922673
0.22359249,0.21736586
0.26483586,0.2529282
0.24586391,0.2436494
0.21896107,0.24391177
0.26646972,0.26785162
0.25521123,0.26162353
0.26656458,0.2704161
0.2582932,0.2596089
0.26144236,0.26751596
0.27241027,0.27040142
0.2704308,0.25794104
0.24766628,0.25848886
0.26844546,0.2941072
0.24864343,0.22607765
0.23097405,0.24070746
0.25055468,0.30425066
0.2678982,0.31865758
0.2817675,0.26765943
0.2905924,0.27697042
0.28605944,0.27794626
0.27408156,0.28310975
0.26765943,0.2817675
0.20634899,0.25301388
0.21681958,0.24407358
0.26948026,0.25079274
0.24783006,0.26088285
0.24116927,0.26791894
0.22046979,0.2537871
0.19796787,0.2154368
0.20674911,0.22427732
0.19606937,0.23211455
0.26593214,0.27017918
0.26199627,0.26330075
0.25790432,0.256361
0.25790432,0.256361
0.26199627,0.26330075
0.2125298,0.20116313
0.26593214,0.27017918
0.2664324,0.2707863
0.21646538,0.22198951
0.21999776,0.23317297
0.21779218,0.21993357
0.23143426,0.24235997
0.21572545,0.21731046
0.25012168,0.2557399
0.2635752,0.2625516
0.2734787,0.27253282
0.2519337,0.26007456
0.27476963,0.2740691
0.22123896,0.22829911
0.26913333,0.2756941
0.22411166,0.22032368
0.24575898,0.23416154
0.28473577,0.28027186
0.26034456,0.25317875
0.25381994,0.2523693
0.23733488,0.22560862
0.2043454,0.20625848
0.22446854,0.21494067
0.26173237,0.26654544
0.26028207,0.2649254
0.23704892,0.23486474
0.21042216,0.20516121
0.23459966,0.23460637
0.2610217,0.2847357
0.22176543,0.2295766
0.2726294,0.27915937
0.27058515,0.2769946
0.22522369,0.22098674
0.239952,0.27334824
0.25746137,0.28111625
0.2773234,0.27615985
0.26518792,0.26190123
0.2811811,0.29018003
0.2886411,0.28141332
0.27676877,0.25462413
0.21780235,0.28331742
0.2699914,0.273685
0.27252394,0.26548994
0.25575274,0.23719916
0.21945894,0.25758678
0.21459708,0.23025326
0.25005138,0.25598937
0.2475055,0.28236818
0.2691903,0.25773382
0.24640456,0.25397062
0.23733889,0.24025226
0.20563525,0.21416306
0.26383394,0.26169968
0.26030245,0.26342672
0.21831527,0.22365448
0.20525807,0.20595966
0.24825028,0.22247382
0.24070589,0.23911469
0.22388962,0.2203533
0.26417375,0.26347774
0.20072456,0.23904558
0.22965822,0.24217044
0.24747896,0.2531206
0.22597289,0.22043093
0.22044408,0.20584412
0.22838229,0.22892427
0.2315366,0.2326251
0.2616798,0.27112773
0.22806637,0.21920441
0.22580883,0.2258273
0.28152913,0.26436114
0.22908343,0.2308107
0.22759779,0.22958297
0.21548964,0.23052967
0.22854611,0.23329444
0.27345774,0.28408402
0.25376964,0.2773967
0.25471613,0.25993022
0.25680077,0.26028588
0.24974766,0.26573914
0.23092371,0.28757674
0.17364062,0.2138327
0.2716431,0.2780485
0.26011986,0.25691038
0.19260076,0.21292244
0.22921704,0.23403916
0.25979468,0.25195482
0.27182594,0.30069485
0.27671543,0.30477533
0.24593669,0.26705828
0.24713515,0.24487957
0.25019622,0.25258923
0.24206033,0.25855267
0.2973091,0.2685677
0.23785153,0.25044525
0.26410657,0.28646088
0.25879568,0.24942231
0.17685626,0.18500055
0.22787797,0.22534564
0.24162318,0.24354032
0.21490179,0.21828137
0.25746247,0.25221145
0.21157563,0.21007928
0.24965245,0.24412595
0.24990325,0.25984475
0.23561218,0.23926145
0.23302843,0.23286276
0.2437666,0.23601103
0.24639241,0.24350905
0.2360816,0.25201988
0.24078774,0.24719205
0.21620491,0.24772593
0.22278804,0.22464837
0.23223527,0.23170528
0.24971904,0.24813175
0.21395622,0.21076691
0.2106734,0.21991761
0.29219863,0.27967316
0.25349626,0.24981484
0.2458311,0.24934667
0.2827084,0.30373538
0.24660838,0.26211122
0.267624,0.2548224
0.16593371,0.18028384
0.21868202,0.26101005
0.25938535,0.26737684
0.2632397,0.25711226
0.29063475,0.2987392
0.22222826,0.24954745
0.29675162,0.2880243
0.24682596,0.23111242
0.22690736,0.24169706
0.22690736,0.24169706
0.25753474,0.2516603
0.23611222,0.23994505
0.25259465,0.24454561
0.23576987,0.25924212
0.22993994,0.23433718
0.19995005,0.21528642
0.22359252,0.2530678
0.19655123,0.16223633
0.16291134,0.17549516
0.19609863,0.1935134
0.18899398,0.16999033
0.23012185,0.2529567
0.21790929,0.2348301
0.18522684,0.21718982
0.22100611,0.25005123
0.1880454,0.20319958
0.17877941,0.16721463
0.21493854,0.21809818
0.21663156,0.21431799
0.23668969,0.21964234
0.20441441,0.19349818
0.28718987,0.2691377
0.25997958,0.29354805
0.25318146,0.26818335
0.24959132,0.26491973
0.2783517,0.30192488
0.22211385,0.25985253
0.26587716,0.2840337
0.19501904,0.20129713
0.21735509,0.2511387
0.24659413,0.22804965
0.2624561,0.25006208
0.2518144,0.23411515
0.2591,0.2548664
0.21456982,0.21868916
0.21172063,0.22548972
0.24922222,0.27934024
0.20433256,0.2021398
0.2561192,0.26013306
0.28634593,0.27803987
0.22200033,0.21959421
0.25758523,0.25086743
0.22685653,0.21044311
0.2925944,0.27473977
0.25862858,0.2765549
0.22686046,0.21705917
0.21546537,0.18056616
0.20469391,0.18489558
0.22923982,0.23555498
0.23582071,0.2615685
0.18523079,0.2020692
0.212628,0.216
0.20102239,0.22153795
0.22493663,0.22497149
0.18752986,0.19730674
0.22867414,0.2632589
0.30407143,0.32346708
0.3186165,0.3029255
0.23972642,0.24388297
0.2122037,0.22691657
0.21013802,0.23625076
0.24248716,0.24296688
0.27456242,0.27894554
0.2678846,0.26597136
0.26986653,0.27012673
0.27974194,0.27478197
0.2704399,0.26975474
0.27475098,0.2735473
0.27344728,0.27607065
0.27953592,0.27706987
0.27477625,0.27625233
0.26674366,0.26554012
0.27239507,0.27095878
0.26584986,0.26994085
0.26881388,0.27343157
0.27304506,0.2773189
0.23434307,0.23788539
0.2273781,0.23836687
0.23892108,0.23289454
0.28648576,0.30654806
0.21164164,0.2259326
0.23254797,0.27707434
0.2173061,0.21778788
0.22833872,0.21303973
0.21222748,0.21399692
0.2649758,0.2716837
0.2163944,0.20982125
0.21665494,0.22520512
0.2165713,0.20153397
0.21273316,0.21500951
0.24272797,0.23207074
0.22929198,0.24276355
0.2948588,0.29144466
0.28973195,0.29077327
0.23726884,0.24147171
0.24620539,0.24496756
0.20823143,0.22560708
0.2352367,0.24255112
0.20717485,0.22100116
0.20359685,0.21187568
0.2565985,0.23949873
0.25120074,0.22400364
0.24939355,0.2580019
0.26465973,0.30428147
0.26414534,0.2980026
0.2669116,0.29679674
0.23562573,0.22291824
0.2558985,0.24640116
0.25806034,0.24746421
0.2547449,0.26056626
0.2469806,0.2523969
0.28646687,0.30114093
0.2266848,0.23266724
0.31212842,0.28718016
0.20216066,0.20657454
0.27425143,0.28586584
0.24896985,0.2552608
0.17058948,0.20212066
0.25755042,0.25345537
0.20677003,0.19933598
0.28304398,0.27180663
0.26419854,0.26517195
0.26664388,0.26770586
0.23377481,0.24708667
0.24629249,0.27174452
0.23997536,0.22797966
0.22271179,0.2122451
0.19436008,0.19769247
0.26066205,0.26636636
0.20489115,0.2175453
0.22216174,0.23218529
0.19633694,0.18941243
0.24681987,0.2209528
0.25958797,0.27869967
0.27683836,0.27108198
0.2205192,0.2484168
0.22449759,0.24616024
0.22627926,0.24665055
0.2793467,0.2761825
0.25284973,0.21984345
0.25288442,0.21436399
0.2327489,0.24671659
0.22656688,0.24790123
0.26871282,0.26338255
0.22606957,0.24632789
0.22605757,0.25028265
0.27616182,0.2780038
0.26521996,0.26773924
0.22818658,0.24415544
0.24991703,0.21266598
0.24886993,0.21264713
0.24967004,0.2166866
0.25916198,0.20907213
0.21444118,0.23667157
0.24553569,0.27686253
0.2432271,0.23134407
0.23614892,0.25108784
0.21302477,0.22679067
0.22960845,0.20860878
0.22859664,0.2214183
0.22141473,0.21338291
0.20060183,0.21317387
0.2153587,0.2348404
0.23600903,0.2228775
0.22840351,0.23410909
0.20480527,0.19896999
0.20320825,0.19584
0.22429995,0.22808695
0.24586025,0.23794109
0.20410657,0.20544663
0.20840566,0.1976577
0.24096893,0.21310154
0.20091398,0.21091026
0.19411914,0.20318648
0.20117503,0.21450539
0.19752005,0.20572986
0.1957303,0.19837342
0.22473103,0.22280654
0.23360884,0.22710863
0.23032376,0.22373301
0.22119421,0.22090027
0.2161625,0.20383784
0.19978186,0.21055625
0.2312619,0.22204039
0.21285439,0.22294632
0.26212636,0.26233467
0.20947357,0.21492596
0.22178769,0.23458172
0.18971062,0.21833418
0.22498429,0.24810857
0.21605735,0.21534325
0.20671946,0.2013464
0.23478423,0.21935785
0.22493842,0.22953184
0.22486876,0.22531629
0.21496992,0.24965566
0.19946691,0.23600644
0.22207732,0.22585127
0.23687309,0.23307905
0.26852226,0.26714307
0.21884306,0.22532251
0.19780412,0.21066116
0.20448528,0.22813708
0.21463153,0.21299611
0.20926422,0.20590088
0.18182275,0.18679252
0.2782758,0.294088
0.20887412,0.21233393
0.19407928,0.18579686
0.22859895,0.2579517
0.26304972,0.27989548
0.2978561,0.30946237
0.23147076,0.24648789
0.24199544,0.21979856
0.26918906,0.29667836
0.30373576,0.2891214
0.25665736,0.27223468
0.26944578,0.24752775
0.2554292,0.2618838
0.25842047,0.2545657
0.24832699,0.27784336
0.28574872,0.29997507
0.27644485,0.27096155
0.26591277,0.2749743
0.2442204,0.24745955
0.22977422,0.21728247
0.24157801,0.23543876
0.2373001,0.23719189
0.24900068,0.24536994
0.25042164,0.25186795
0.21463396,0.23100032
0.25916046,0.24172604
0.1997907,0.23263809
0.20052132,0.24473509
0.24852681,0.26563442
0.23808655,0.2620365
0.27364385,0.27631965
0.18032774,0.17643869
0.2753684,0.2688105
0.21573158,0.21562874
0.2599497,0.2555869
0.17675632,0.18409084
0.2132977,0.21635547
0.25759423,0.26066178
0.23808655,0.2620365
0.23075594,0.2322006
0.21445137,0.25275445
0.2322006,0.23075594
0.24730268,0.24868482
0.18431783,0.17940749
0.18544969,0.18667254
0.19994523,0.19722742
0.18269865,0.18142304
0.19138831,0.17495596
0.29980186,0.28896153
0.19980362,0.19447717
0.18026744,0.18909705
0.192171,0.18363087
0.24482813,0.24604228
0.26919997,0.2713923
0.2772115,0.27289218
0.25739092,0.27684197
0.27319646,0.2574202
0.19868037,0.190125
0.20033446,0.2032491
0.25814682,0.24934582
0.24618457,0.28159237
0.2244943,0.21786892
0.24883091,0.23375258
0.25097948,0.25649273
0.20418674,0.20904385
0.21520528,0.24347982
0.27266693,0.26093477
0.26415747,0.2721962
0.27410817,0.27562666
0.27630615,0.27284575
0.2286613,0.26333788
0.2839721,0.2531164
0.26445892,0.30129457
0.24929851,0.29713857
0.22842395,0.27310127
0.19341739,0.19378045
0.245188,0.2431629
0.2189773,0.23221809
0.197463,0.19213606
0.23091988,0.22378738
0.19213606,0.197463
0.28605634,0.27113837
0.2871733,0.2741152
0.30762523,0.30273107
0.2460536,0.26136714
0.27178288,0.27699977
0.24518049,0.27788365
0.23689482,0.28285637
0.2907654,0.31178927
0.24928486,0.27576822
0.26361352,0.26335156
0.24509855,0.24664706
0.2593764,0.26052478
0.24452975,0.24202697
0.2119615,0.23816065
0.2371279,0.2822938
0.24721551,0.23274271
0.281784,0.28157094
0.23575671,0.23139936
0.23985715,0.23777708
0.25032836,0.23322062
0.29609603,0.30143896
0.22647925,0.24155535
0.28417534,0.2827421
0.30035526,0.27287015
0.26333532,0.26575804
0.26930663,0.2980637
0.25343284,0.24592091
0.20836522,0.21843386
0.24676542,0.25191653
0.2171906,0.24378254
0.20858537,0.1923198
0.20214276,0.19934449
0.2230012,0.27060872
0.22511284,0.20697384
0.20920298,0.20972632
0.1935233,0.19502425
0.24973413,0.2440701
0.19133219,0.22963184
0.22125149,0.22224909
0.26323014,0.28006485
0.283041,0.26615575
0.24168362,0.22645354
0.17843153,0.19930154
0.22791958,0.22722913
0.22493209,0.24329121
0.23653081,0.23567036
0.22356516,0.22912925
0.2027947,0.21401487
0.20953166,0.20866424
0.2270191,0.22187302
0.22716875,0.22441226
0.2051465,0.20873784
0.21801428,0.20215964
0.23791185,0.24086721
0.20417266,0.23016793
0.23686144,0.23982607
0.20938154,0.2284162
0.22154261,0.22536635
0.24384703,0.24000219
0.21187666,0.20668763
0.24765563,0.21863312
0.21550158,0.23629953
0.23424795,0.22293754
0.2233871,0.23776653
0.24822639,0.24706012
0.22069186,0.24275556
0.21894406,0.23223743
0.22293754,0.23424795
0.22596247,0.23343775
0.24275556,0.22069186
0.23223743,0.21894406
0.27218667,0.28246137
0.28076372,0.2756648
0.2444177,0.26198363
0.21367791,0.21142277
0.22028263,0.221397
0.2221567,0.21939625
0.21409547,0.21218999
0.22191402,0.22342654
0.2263208,0.22957756
0.21955888,0.25020888
0.27085817,0.2728765
0.26669392,0.26487988
0.2555597,0.27973723
0.27884975,0.25347784
0.24954341,0.2518614
0.28320834,0.3243767
0.21891691,0.22096784
0.21457566,0.22150233
0.26139492,0.23210168
0.28120068,0.2872725
0.30417,0.31062275
0.2758491,0.28858718
0.28549796,0.2662852
0.24850874,0.2734649
0.2901079,0.2871026
0.28599042,0.28381318
0.28641582,0.29722747
0.2915041,0.28614944
0.219916,0.23462114
0.22771668,0.22392903
0.25976998,0.2556745
0.25780737,0.25757426
0.26490146,0.27102977
0.23490568,0.22220287
0.27228403,0.26810887
0.23883177,0.21689612
0.25526747,0.25092775
0.20271096,0.20706543
0.21818182,0.22772518
0.23009843,0.26084673
0.22797036,0.25540283
0.2144573,0.22136986
0.24266432,0.23364241
0.2560071,0.25003767
0.24697168,0.2920242
0.25830936,0.25465268
0.26122797,0.25783813
0.22627553,0.2214307
0.22517668,0.23055238
0.20454459,0.20064345
0.19765614,0.21247822
0.20723195,0.21493594
0.22255671,0.21244867
0.21775392,0.21810101
0.20709455,0.18520503
0.20860541,0.2168237
0.24402156,0.24723002
0.22510758,0.22106588
0.21155949,0.21791539
0.21479532,0.20879361
0.20727333,0.20274521
0.20228267,0.2102871
0.21707565,0.20642336
0.19936004,0.21381024
0.2026855,0.20478329
0.18255326,0.20091376
0.20893167,0.21596342
0.20904045,0.21123663
0.18926275,0.20416608
0.19207613,0.20238943
0.1963651,0.19719484
0.20756459,0.20078778
0.21589825,0.22017506
0.20628649,0.19862905
0.25661066,0.28830424
0.20152062,0.20317338
0.2107145,0.21894962
0.19232894,0.19469614
0.21150662,0.21638061
0.1977682,0.19494675
0.20030886,0.17864434
0.2165371,0.20951246
0.21550903,0.22310518
0.22338487,0.20282333
0.1634249,0.18273431
0.2217536,0.22781128
0.2459723,0.24218646
0.25783983,0.23963198
0.2445009,0.24705136
0.2393456,0.2553985
0.20822194,0.21880086
0.2680241,0.27400273
0.21907757,0.20896798
0.26790336,0.26939026
0.25345206,0.24654153
0.24749456,0.2527578
0.24757189,0.24919051
0.2203997,0.2234812
0.21691677,0.21351635
0.2095613,0.20529842
0.21978512,0.21174724
0.26157886,0.25835454
0.18690388,0.18952723
0.19278829,0.18259577
0.23562065,0.23820175
0.22933276,0.22977558
0.2519185,0.25403184
0.27535325,0.27758154
0.21276164,0.25441372
0.29082772,0.30018693
0.18603629,0.21826378
0.22218874,0.22682539
0.23032558,0.23667474
0.28412467,0.30217707
0.24424878,0.24556701
0.19537821,0.18883146
0.2124044,0.2082023
0.28009364,0.27964404
0.21580637,0.21671416
0.21308641,0.21865693
0.2145027,0.22615772
0.2154213,0.22666013
0.24143693,0.24394204
0.2226844,0.21945274
0.2095246,0.22634596
0.26218796,0.2810666
0.27729625,0.26434773
0.2238281,0.22113033
0.2750554,0.2606629
0.2264868,0.22699574
0.2154678,0.21999744
0.23644349,0.26689976
0.2277822,0.22862725
0.23489821,0.30010185
0.21482818,0.29870373
0.22927698,0.23047036
0.26148102,0.2847571
0.2551566,0.25234097
0.2170808,0.20827603
0.24431223,0.24738297
0.2389965,0.2488883
0.2311126,0.23033844
0.24815562,0.2423693
0.25273672,0.23792061
0.27579823,0.25967884
0.24564873,0.23753303
0.21041788,0.20953159
0.21749122,0.22186346
0.20282015,0.20758694
0.20670694,0.22475447
0.24371399,0.25369924
0.24265543,0.25091314
0.2504683,0.23998769
0.26458603,0.28065497
0.27750805,0.26710707
0.19919811,0.23851337
0.16354194,0.19557442
0.19533333,0.23741832
0.28966522,0.30822158
0.30693114,0.29619893
0.19320607,0.20750555
0.2051231,0.1923451
0.23522422,0.21453224
0.19223756,0.23198941
0.2021965,0.24212223
0.14770372,0.1779838
0.1799766,0.19194293
0.2439696,0.2408759
0.20872223,0.23127078
0.24217139,0.26996395
0.25751448,0.24498965
0.18925877,0.17407793
0.24759606,0.23763005
0.234173,0.2607849
0.24294107,0.24228829
0.24683216,0.2486688
0.24608707,0.2494463
0.22424498,0.21062084
0.17929773,0.14951167
0.24602434,0.27074456
0.24120763,0.25766975
0.2622345,0.25439075
0.24319842,0.22597222
0.24688902,0.22848709
0.2323592,0.24326016
0.2241952,0.23991895
0.26143527,0.2484032
0.26102585,0.24509005
0.24509005,0.26102585
0.26515633,0.2713993
0.23339531,0.24456997
0.22189356,0.2638156
0.21605685,0.24095936
0.22896083,0.2362816
0.23527905,0.23265585
0.22407055,0.2289583
0.22605702,0.23276359
0.22261527,0.2613024
0.245978,0.23681284
0.23418738,0.22419548
0.22617197,0.21998343
0.23929952,0.22649623
0.19846305,0.20291692
0.2118835,0.21325587
0.19064815,0.19894445
0.20099905,0.18956514
0.20645894,0.19871058
0.21602319,0.21342763
0.2245681,0.22818203
0.26441494,0.29229903
0.1917719,0.21370378
0.17917366,0.2215069
0.26251996,0.27587223
0.20442341,0.2439954
0.23608063,0.2610452
0.23773576,0.26220486
0.26610222,0.24122682
0.24745801,0.25454152
0.24354091,0.24717808
0.2152196,0.26978356
0.23942195,0.24813336
0.19189294,0.21361391
0.20942439,0.20729245
0.23821306,0.26811144
0.23144726,0.23969762
0.24402143,0.23776971
0.23292097,0.2305901
0.24780536,0.263747
0.20186804,0.24398538
0.1917719,0.21370378
0.22939022,0.25628024
0.24752462,0.25482076
0.23365957,0.24363759
0.21599504,0.20864095
0.21909225,0.20475228
0.1980901,0.1823367
0.18268058,0.19219792
0.19819276,0.19417498
0.27518937,0.2589311
0.24604297,0.25021148
0.23616058,0.24049728
0.26388258,0.25103337
0.25521556,0.2517309
0.18402976,0.19668779
0.23106918,0.22843087
0.19244358,0.20805219
0.18526503,0.21168339
0.23003668,0.2189184
0.24382725,0.24610907
0.23574851,0.23297034
0.19160374,0.21087345
0.24294244,0.2326944
0.2674796,0.24607114
0.25097007,0.25158772
0.22704352,0.21227811
0.20752804,0.18641035
0.20924619,0.21346256
0.24076325,0.22955701
0.26373038,0.24048206
0.2333483,0.23313463
0.20806518,0.18682043
0.28868085,0.2958163
0.245305,0.249855
0.25266162,0.24938585
0.24792416,0.24708125
0.2968589,0.29218745
0.2598699,0.27736795
0.29088786,0.31212395
0.2994377,0.29090446
0.23351693,0.2611263
0.24617353,0.27152768
0.28856674,0.2907535
0.2982744,0.29599705
0.29977822,0.29980382
0.28960657,0.29842836
0.28290457,0.29514325
0.28748253,0.28783876
0.2966827,0.30284292
0.27123582,0.25851384
0.27127475,0.25293893
0.27191865,0.258914
0.2787199,0.26440036
0.28364307,0.28280637
0.28748313,0.27991927
0.2930749,0.28916463
0.25293893,0.27127475
0.21964467,0.20790446
0.19798346,0.21346772
0.21726404,0.2388582
0.20236498,0.20388906
0.22243924,0.2199099
0.22132635,0.26859406
0.21442726,0.23545673
0.18632054,0.18673079
0.19367756,0.18476132
0.22401889,0.22229153
0.26978165,0.25816086
0.28245303,0.28903788
0.26537272,0.26958802
0.2836482,0.27599773
0.2594028,0.24974063
0.25243673,0.2606032
0.27065092,0.27838337
0.21220753,0.21391611
0.21720174,0.21620591
0.27939782,0.27438116
0.20071237,0.23287563
0.26698047,0.31582582
0.23369296,0.25720206
0.26116008,0.23559104
0.2504969,0.23351961
0.2427899,0.26595703
0.24915269,0.24749807
0.25017005,0.25108257
0.20553961,0.213401
0.2209432,0.22844613
0.24080572,0.273638
0.23423544,0.24578156
0.24256676,0.23309684
0.2724525,0.29900318
0.23676437,0.24399635
0.23082584,0.22665894
0.21814154,0.2249548
0.23129545,0.24469534
0.22104347,0.2247005
0.2249537,0.227454
0.21702057,0.21580075
0.22194463,0.22675124
0.23246735,0.22659561
0.22718158,0.23084301
0.24182254,0.22575524
0.22381857,0.2232209
0.22656891,0.22206488
0.23863102,0.2353881
0.28328264,0.29375768
0.2782223,0.30044636
0.29425526,0.2858277
0.25190437,0.24739939
0.18181986,0.1740742
0.23629642,0.26427847
0.17645031,0.17245176
0.22528458,0.22933026
0.22563356,0.22714674
0.20979255,0.2541279
0.24874122,0.25578156
0.25759268,0.25590664
0.26045913,0.25773585
0.25621882,0.23932308
0.21766676,0.2511127
0.22967455,0.21406938
0.22167054,0.18168168
0.18980834,0.21516456
0.23249237,0.27036154
0.23670197,0.27279612
0.24998815,0.2549624
0.25462762,0.24474278
0.18527181,0.2081553
0.2005132,0.19425994
0.1916872,0.19292992
0.19283333,0.19603243
0.27433836,0.27832276
0.2815447,0.2750541
0.25251266,0.25204852
0.25582364,0.29977548
0.16926667,0.18768679
0.23993264,0.21829244
0.21342981,0.23455665
0.25028574,0.25259066
0.26354802,0.2642734
0.24301238,0.23795567
0.25718075,0.25240165
0.2862423,0.26923347
0.27870464,0.29231152
0.28283402,0.28715003
0.28754067,0.2756992
0.25616395,0.28422186
0.20717596,0.21090335
0.20624559,0.20854498
0.27358156,0.29366088
0.22961694,0.23696265
0.24909803,0.2817781
0.23714942,0.22772305
0.20944624,0.24503163
0.22217737,0.22006154
0.22219396,0.22114669
0.21559912,0.22289625
0.21511707,0.21758729
0.27595216,0.2706648
0.19084112,0.19408366
0.2693797,0.26966116
0.29155952,0.31393665
0.18732637,0.2370235
0.17182314,0.1934509
0.20730484,0.2328805
0.31125045,0.30810088
0.26341167,0.2809323
0.28678113,0.2833273
0.28697154,0.28712124
0.19154307,0.22803369
0.20020747,0.22604471
0.22796154,0.22622222
0.25431058,0.23864606
0.25211447,0.23301865
0.24248645,0.25023302
0.26168838,0.26305225
0.26110306,0.26119256
0.26687586,0.25138202
0.2656527,0.26007897
0.2240576,0.21563491
0.23222211,0.24902199
0.26474127,0.2625445
0.24902382,0.2623149
0.251728,0.2638191
0.25882712,0.24074402
0.23865391,0.24737611
0.20077276,0.19892162
0.24389116,0.22993843
0.19459458,0.19750927
0.22874379,0.23666936
0.16983868,0.19911447
0.25162002,0.25222585
0.22315004,0.21164726
0.26460522,0.2492835
0.19883482,0.17201427
0.24632102,0.26918012
0.2442071,0.25682908
0.2564209,0.2537885
0.2516113,0.2466831
0.2482871,0.23892987
0.2509464,0.22000045
0.24337308,0.24577299
0.23034385,0.24618772
0.24230123,0.25498873
0.2516573,0.24304913
0.18660335,0.2223478
0.28568143,0.28507316
0.28229335,0.28457355
0.28317308,0.28246823
0.28340867,0.28532925
0.1767615,0.1874142
0.20853955,0.19601798
0.19062606,0.18539602
0.15745369,0.17888018
0.18325548,0.15619944
0.18897411,0.22863777
0.18531695,0.20756891
0.1981589,0.19053346
0.19289969,0.17300385
0.2451832,0.2624246
0.26333994,0.27741307
0.196969,0.22698641
0.2991491,0.29254088
0.26023144,0.30128
0.2847672,0.2991453
0.25754374,0.29310372
0.23211633,0.28067935
0.2322139,0.27571663
0.23415884,0.2721671
0.19908945,0.20540676
0.1903616,0.210101
0.19275497,0.21002373
0.23138206,0.25955263
0.2060738,0.20234586
0.284139,0.275987
0.264468,0.22845188
0.2911142,0.25071496
0.22239853,0.20973296
0.23417723,0.22808181
0.18701063,0.19991599
0.1923281,0.21106638
0.20488212,0.19620557
0.2512591,0.22598915
0.17252609,0.17505582
0.21829921,0.2570984
0.19975416,0.20747605
0.17546478,0.20614912
0.20044771,0.20513363
0.17959541,0.17902209
0.22520833,0.19117384
0.21324725,0.18733191
0.19957036,0.17331533
0.20160653,0.192022
0.19750383,0.18383701
0.21012211,0.19374977
0.21209374,0.22098203
0.25215432,0.2792149
0.19457085,0.2196367
0.19851172,0.18609439
0.1850337,0.21005192
0.26930097,0.2870215
0.22245173,0.22788267
0.20110436,0.215962
0.27493605,0.26684606
0.28393006,0.28113723
0.27952668,0.28133115
0.2571753,0.26875743
0.26355198,0.27113432
0.22231534,0.2536485
0.27969062,0.29809928
0.24716675,0.22493118
0.23832367,0.22317024
0.27224517,0.27426574
0.24667397,0.25254166
0.27685165,0.2740742
0.30218697,0.27317658
0.231315,0.23582846
0.2532781,0.278642
0.25458813,0.25125536
0.22497444,0.22537126
0.22222956,0.24940275
0.24712604,0.2516422
0.2528666,0.24226227
0.25059253,0.2400227
0.24640486,0.2563094
0.25607952,0.23042464
0.29095173,0.29309583
0.2404315,0.252778
0.28935847,0.28908968
0.23969817,0.2319734
0.1834784,0.18587555
0.27918434,0.30454737
0.19513616,0.21296486
0.25083056,0.26039925
0.23756653,0.24066438
0.2778188,0.26117235
0.27507,0.30101955
0.16292548,0.17341183
0.22828442,0.23870437
0.2604139,0.24189106
0.27204713,0.25658265
0.18120524,0.18139367
0.22423407,0.2185942
0.27772173,0.26274928
0.22818065,0.236278
0.27806973,0.2707209
0.256044,0.27387583
0.26949543,0.2876588
0.2673282,0.28461245
0.23929441,0.25413546
0.2839679,0.26587164
0.23445901,0.24240367
0.24933088,0.23010615
0.25774306,0.26045793
0.25282875,0.26610014
0.20591353,0.20401485
0.18279357,0.1780297
0.24361257,0.22025394
0.17759469,0.18104395
0.20726007,0.19930102
0.21592724,0.2181206
0.20535684,0.2092404
0.26314384,0.24353689
0.20529915,0.20464073
0.21720597,0.21318589
0.2570257,0.25671834
0.21664976,0.25115052
0.23351857,0.24282722
0.23164167,0.23263738
0.2686141,0.29374164
0.22937924,0.23317763
0.26722336,0.2753884
0.27174032,0.27023146
0.16403094,0.16441078
0.18511283,0.20223556
0.15746266,0.15997612
0.23258048,0.23705034
0.2507759,0.27227345
0.2590616,0.23255025
0.18835236,0.1850004
0.23373784,0.24893083
0.21111453,0.19544284
0.20167384,0.21172251
0.22236958,0.2139879
0.20852543,0.2206357
0.2305547,0.2304633
0.24849992,0.23791213
0.27733,0.28185323
0.23472165,0.22995491
0.23755011,0.2470311
0.28052947,0.27322966
0.2108874,0.22826944
0.23811448,0.25896114
0.25992388,0.2461764
0.22447701,0.21981204
0.21565542,0.22156104
0.27478945,0.26609522
0.26435736,0.2719009
0.25730827,0.26419646
0.23770054,0.23675393
0.24284874,0.24301532
0.23801643,0.23630999
0.2646573,0.26621777
0.2293492,0.23391932
0.25016132,0.26417112
0.26451018,0.26234034
0.24420105,0.2426449
0.2699914,0.26177436
0.20888974,0.21419086
0.25770444,0.24841458
0.23300044,0.24554238
0.22246687,0.21847738
0.21362042,0.20995305
0.2531328,0.24799381
0.19466142,0.21087149
0.25239733,0.26251912
0.2136548,0.22690205
0.20569998,0.21364534
0.20331164,0.1929461
0.31448406,0.29828137
0.2887274,0.31172612
0.29757437,0.3253315
0.22958465,0.22268245
0.21772705,0.22343345
0.23374496,0.23719206
0.2504787,0.2652724
0.26102018,0.26040906
0.25891018,0.25164124
0.25925836,0.26181036
0.19472772,0.1841475
0.21729104,0.22434136
0.24962433,0.24816908
0.2522149,0.25431332
0.1958838,0.21820924
0.18623999,0.18488245
0.2557751,0.30055878
0.25921544,0.26163408
0.24816908,0.24962433
0.25518978,0.2575995
0.23862077,0.22235037
0.23353335,0.19276972
0.22052425,0.23667575
0.29541332,0.28815117
0.2944456,0.29937485
0.20978491,0.23625489
0.21322238,0.2305593
0.23291709,0.22068836
0.23625489,0.20978491
0.2606278,0.23407519
0.24290238,0.23857918
0.23407519,0.2606278
0.22797824,0.25123578
0.24741453,0.24598515
0.27383816,0.25936607
0.26871625,0.30273688
0.25713146,0.28261727
0.25280005,0.29670927
0.26189366,0.25641882
0.25980496,0.26347172
0.24080303,0.23979373
0.26258123,0.26224318
0.2730628,0.27928174
0.2743244,0.27097633
0.2420258,0.2526414
0.23458123,0.20382161
0.21284571,0.24211429
0.257724,0.26256743
0.24883774,0.24428748
0.24000096,0.24495152
0.2699182,0.27243787
0.24527001,0.25118315
0.2550865,0.25523126
0.29690886,0.29167417
0.25452876,0.24495259
0.2761956,0.272529
0.29672557,0.30184075
0.26824713,0.2919412
0.25206822,0.25811845
0.23867607,0.27768898
0.20567924,0.18274459
0.241782,0.20615208
0.18433978,0.20612061
0.21805555,0.23843732
0.26030928,0.2406081
0.25225094,0.23129816
0.23974122,0.27130342
0.2544222,0.26598117
0.2470403,0.26072782
0.23974122,0.27130342
0.24460395,0.25171104
0.23401743,0.25357664
0.22585973,0.23254058
0.19427733,0.23432977
0.2526054,0.2905109
0.25252962,0.24698097
0.2432759,0.2627194
0.24155457,0.23390275
0.22244655,0.22337255
0.2744682,0.24417701
0.2645018,0.22541143
0.19465905,0.19289118
0.21310487,0.20782515
0.20395748,0.22733372
0.21689387,0.22021061
0.20830727,0.2070545
0.2532408,0.2511602
0.20263827,0.204975
0.20692894,0.18639241
0.18773787,0.20412752
0.20419918,0.22035216
0.2293623,0.25595263
0.25600684,0.2703091
0.18813047,0.19515617
0.24589719,0.24513344
0.21824479,0.23795605
0.26968762,0.25513726
0.25599518,0.2686649
0.23820844,0.240114
0.2216556,0.2197032
0.22480501,0.21798684
0.22928475,0.22506979
0.22034861,0.22057821
0.21569917,0.22433326
0.22317746,0.22775613
0.24300611,0.23605579
0.27497867,0.25769812
0.2544644,0.26344
0.18037291,0.2069514
0.24024904,0.22826658
0.25203562,0.26213947
0.22399274,0.22684473
0.22408491,0.22775254
0.23093088,0.24645232
0.26981226,0.25044054
0.23154908,0.22167556
0.20146643,0.198872
0.21913624,0.22119015
0.23738071,0.23039289
0.20025069,0.19829157
0.21424425,0.2142753
0.23535639,0.22736843
0.22260372,0.22458512
0.17332879,0.15602303
0.15988033,0.17072852
0.25716618,0.229714
0.19282453,0.19779883
0.19572525,0.1894878
0.24666157,0.27186975
0.22247988,0.2094327
0.28276715,0.2701706
0.28025848,0.2870642
0.28817877,0.29233122
0.26048645,0.2612925
0.25595614,0.25754422
0.21300627,0.22005257
0.21769838,0.22176464
0.20192593,0.2066147
0.2017527,0.20605066
0.25550532,0.23553602
0.24050382,0.22701578
0.2743172,0.24277322
0.24535841,0.27016827
0.24277322,0.2743172
0.24259163,0.25743198
0.232159,0.24388817
0.24043167,0.23639007
0.2332592,0.23981851
0.22070664,0.22991666
0.27729273,0.2892614
0.28322822,0.29142073
0.2736107,0.2861837
0.28972727,0.30095446
0.21247004,0.23080745
0.21718079,0.22541352
0.22099645,0.22765023
0.22709861,0.21422705
0.24622235,0.24415547
0.24618647,0.24469468
0.22736423,0.21706988
0.24208547,0.23865116
0.24194744,0.23898363
0.1991688,0.20781654
0.21189956,0.2053448
0.29149684,0.29816237
0.30019963,0.28960618
0.2799614,0.31184995
0.20178308,0.20768227
0.20330727,0.21323407
0.29214442,0.29274607
0.20755237,0.20079853
0.29328212,0.29516357
0.20559941,0.20143323
0.25238848,0.24294348
0.23042965,0.24698776
0.25175193,0.29221648
0.24968885,0.27046764
0.24310875,0.23655626
0.23997794,0.24289164
0.22780438,0.23114552
0.2207768,0.2194482
0.23114552,0.22780438
0.2518348,0.2821552
0.24177435,0.2443082
0.2161232,0.21155638
0.20109019,0.21625742
0.20783177,0.21692726
0.26862884,0.26261336
0.26781788,0.25931886
0.2727481,0.28574288
0.24140385,0.23841104
0.26106834,0.2679072
0.2394691,0.2362905
0.26488525,0.26808167
0.26126808,0.25770962
0.22770394,0.22148548
0.22639653,0.23911716
0.2621334,0.25938654
0.25952187,0.27199632
0.2690797,0.26751056
0.20773509,0.2506742
0.25434098,0.25045252
0.27878815,0.27946192
0.25245166,0.26290035
0.19616774,0.22947344
0.25705558,0.26195878
0.25780421,0.2623799
0.2584128,0.24772495
0.2609016,0.25165647
0.28519523,0.27847815
0.21024208,0.20486228
0.20243093,0.21266271
0.29681072,0.290922
0.2470444,0.27223414
0.2831419,0.29135942
0.27669847,0.26244333
0.22158909,0.22529222
0.28524137,0.26202336
0.24054587,0.23862052
0.20794031,0.2239716
0.2190987,0.22095802
0.25176522,0.29394567
0.20296435,0.23828036
0.26851857,0.2834052
0.23777756,0.23507096
0.21837509,0.21123134
0.2636353,0.28251114
0.24936028,0.28158143
0.20610146,0.26561844
0.23007418,0.26798016
0.21378562,0.2674839
0.21204098,0.2585634
0.22041711,0.27212524
0.2378222,0.23906338
0.26141086,0.23746473
0.21433376,0.18639036
0.259281,0.25593194
0.24568486,0.2598456
0.23734054,0.23761111
0.24176553,0.2508357
0.19910519,0.22915827
0.19467023,0.2102301
0.21443295,0.27461934
0.24457891,0.2832643
0.22350366,0.22215918
0.24370635,0.24320047
0.25201058,0.25477645
0.2519445,0.25635523
0.2324459,0.23167196
0.25591546,0.2550851
0.25222442,0.25937515
0.2502999,0.26107574
0.2438765,0.2546746
0.24400134,0.24694125
0.21607593,0.22327541
0.22752745,0.23346314
0.25330564,0.25276944
0.22937839,0.23281229
0.23237923,0.22951278
0.25981957,0.25458464
0.2574752,0.25247604
0.21428859,0.2198845
0.2195354,0.2204055
0.24731007,0.26091152
0.22288907,0.2246843
0.2515405,0.24423543
0.27954876,0.299365
0.20102149,0.20682594
0.20302698,0.20023325
0.30150867,0.28962013
0.20611425,0.20273003
0.3069419,0.3077018
0.30780268,0.30901903
0.3136337,0.29318714
0.29567364,0.2968607
0.2863911,0.306633
0.29842412,0.2948581
0.16326779,0.22874886
0.25499138,0.24516104
0.18703702,0.20768028
0.24266237,0.24393553
0.2270283,0.22608466
0.22638343,0.22738059
0.2619361,0.2617131
0.23894525,0.2309224
0.23750395,0.24351448
0.25328806,0.2654084
0.2771509,0.2626128
0.30672514,0.3049765
0.26126724,0.28178704
0.33203048,0.33061093
0.31503654,0.30944842
0.27462548,0.2798711
0.31618097,0.31984067
0.2034855,0.25848764
0.27240014,0.27272493
0.31770232,0.32250136
0.2270166,0.23141193
0.21817575,0.20740195
0.24378859,0.2605156
0.2316187,0.22758333
0.2619053,0.25232574
0.2113763,0.21728332
0.22125149,0.22944319
0.2155053,0.22862059
0.25494206,0.25266007
0.2732888,0.27221602
0.27380365,0.27272472
0.25147745,0.2532747
0.21217369,0.20966405
0.22611725,0.22817726
0.28608805,0.26553777
0.20096767,0.20780042
0.25800472,0.2858281
0.24223554,0.24255346
0.23480438,0.26719025
0.23476359,0.25868654
0.22819437,0.26128414
0.22495368,0.23117173
0.22321044,0.2181466
0.19520812,0.19195639
0.19602056,0.19415584
0.25909728,0.25348073
0.24476732,0.25678313
0.18195188,0.19505829
0.3151312,0.31293055
0.32787257,0.3126033
0.27904555,0.28705692
0.32222936,0.32900506
0.31104273,0.31524265
0.27904555,0.28705692
0.21958022,0.21645448
0.27468637,0.26586413
0.22193599,0.22596675
0.24332437,0.26354244
0.24520293,0.27201182
0.26234406,0.2751079
0.28045896,0.27790618
0.24111222,0.26057774
0.25947055,0.28411007
0.2550742,0.2574182
0.285505,0.28890586
0.2732479,0.2642546
0.28228667,0.3158433
0.30354303,0.29137883
0.28258333,0.28255737
0.28040788,0.2903532
0.19736215,0.22522452
0.23467658,0.26486316
0.21568002,0.24099164
0.23683657,0.22184467
0.21498957,0.26004612
0.23153995,0.24771073
0.23301458,0.26238674
0.24982572,0.2327347
0.23649982,0.20383918
0.25103012,0.25904644
0.22855552,0.24355127
0.26575673,0.28756756
0.21639803,0.23238057
0.23060568,0.23835653
0.2641989,0.2475164
0.2346218,0.22945663
0.2863201,0.25703058
0.24359916,0.21666832
0.24091916,0.21650578
0.23055652,0.22767772
0.24055572,0.2291829
0.27556926,0.28423083
0.22340074,0.23354249
0.27417213,0.27623603
0.22271413,0.2245749
0.27605897,0.27930096
0.18842149,0.19590315
0.29061097,0.2804374
0.20548049,0.19318423
0.20639475,0.20451048
0.19068752,0.20226327
0.20391975,0.20264181
0.23285043,0.26378992
0.28257194,0.27573514
0.28478634,0.24635172
0.25082356,0.28470322
0.24673975,0.25283355
0.24455483,0.2514086
0.2575032,0.2384229
0.27061573,0.27361324
0.25081652,0.2747164
0.26120526,0.2646618
0.2538732,0.24989071
0.28166008,0.28308964
0.2915931,0.28383762
0.32275635,0.31898767
0.26324606,0.27288592
0.26466924,0.2658733
0.27288592,0.26324606
0.2626829,0.26308173
0.23532312,0.25783733
0.22024836,0.24393973
0.24935143,0.21597052
0.2625735,0.22960243
0.25720096,0.28701544
0.26247078,0.24939486
0.20035131,0.20639569
0.20477274,0.19526401
0.2549636,0.25249207
0.24430948,0.25857383
0.25561672,0.25565693
0.3069512,0.29643184
0.26200154,0.26176482
0.28879592,0.27606577
0.256708,0.26019156
0.24152152,0.23368397
0.2684121,0.26206103
0.27991632,0.27776796
0.2963326,0.3072992
0.23568407,0.24669302
0.2742239,0.2897067
0.26467758,0.27351066
0.2875319,0.28439927
0.26197737,0.2875621
0.24210498,0.2524415
0.22515759,0.22805928
0.31636167,0.3133223
0.29425275,0.29176262
0.23851985,0.22824436
0.2848705,0.2860655
0.30638903,0.30317488
0.1517815,0.13976863
0.22770815,0.21253736
0.23630056,0.23144764
0.23015076,0.21808153
0.23221543,0.23167399
0.21671583,0.22564211
0.2250649,0.22456375
0.2525035,0.29412568
0.20649406,0.22764337
0.27375793,0.2804869
0.25466803,0.24165967
0.23712364,0.26014215
0.26574484,0.28004616
0.2554081,0.26756522
0.21191303,0.22146463
0.25997552,0.27382722
0.2728895,0.2592324
0.22625552,0.22845902
0.2607414,0.2516282
0.22605005,0.21765736
0.22634776,0.22202136
0.25152102,0.26307085
0.26581022,0.26899856
0.25152102,0.26307085
0.23408438,0.24912576
0.24900185,0.24848896
0.30293944,0.28738433
0.24784008,0.24811774
0.28825533,0.30376172
0.21495329,0.2358482
0.22195478,0.23924679
0.27558059,0.27245182
0.2762543,0.28231952
0.27623138,0.2707026
0.21087141,0.21156883
0.21889822,0.20926557
0.278826,0.27673697
0.31767792,0.31490096
0.32798415,0.3096446
0.3195352,0.33423227
0.30486313,0.311622
0.27150643,0.27835497
0.24572125,0.25228968
0.24982251,0.24766228
0.27883825,0.27395332
0.23709153,0.23912512
0.24784866,0.2475044
0.26755762,0.2744034
0.23824707,0.23244749
0.27883345,0.27836066
0.28219867,0.28345117
0.30653986,0.31035784
0.2975058,0.30117697
0.3154592,0.31364226
0.22287454,0.2591595
0.21004386,0.21247578
0.21344341,0.21024981
0.22595212,0.21029891
0.22058332,0.21526456
0.20588033,0.21201327
0.20825444,0.21490084
0.21693271,0.21286319
0.21120861,0.19780113
0.29965395,0.29041836
0.2978158,0.30091542
0.29842013,0.29153898
0.2103291,0.24438278
0.2689883,0.29086763
0.29043514,0.31235158
0.22100687,0.25573316
0.2110271,0.20384394
0.19884235,0.21128525
0.29621953,0.30930746
0.30930746,0.29621953
0.21493217,0.26391575
0.26793277,0.26812863
0.26461256,0.29069158
0.22848296,0.25203815
0.19310026,0.2853667
0.24857365,0.29186314
0.27063614,0.2904485
0.19660293,0.22422378
0.21319668,0.25707203
0.2529266,0.25687778
0.18843555,0.20238055
0.28091198,0.28319538
0.25265783,0.24890614
0.2814015,0.2721278
0.19709529,0.18894811
0.2218747,0.20079732
0.22176395,0.21225962
0.22930472,0.24002208
0.22048932,0.26188552
0.23757234,0.26402447
0.2663948,0.29721984
0.20947222,0.20449674
0.21206461,0.24182765
0.27627882,0.2501302
0.24911268,0.27473372
0.3063646,0.29318517
0.28347516,0.31109792
0.25256094,0.25245595
0.23265085,0.22249031
0.22142361,0.21768549
0.21868816,0.21706143
0.21862757,0.2241061
0.21687578,0.22255674
0.22510469,0.2406416
0.24388608,0.22865935
0.29103842,0.28800467
0.28975582,0.2886786
0.29080805,0.298013
0.2987483,0.29752865
0.1978093,0.1982642
0.19478351,0.19812709
0.23488198,0.23261935
0.19983748,0.22339511
0.23264301,0.23412877
0.22182265,0.28074753
0.23121502,0.23779616
0.24659792,0.25761575
0.21985649,0.24939235
0.24897817,0.2628792
0.22235589,0.22106399
0.19879384,0.2312183
0.21124282,0.22015576
0.1961614,0.22058572
0.22055605,0.21130957
0.20627064,0.19818158
0.18402357,0.18172894
0.18776271,0.19994774
0.1843745,0.18582626
0.22983368,0.21726869
0.27438936,0.25695884
0.3016231,0.30056614
0.26605415,0.2753823
0.29844517,0.29537097
0.24169368,0.26248497
0.24599825,0.2599045
0.21928576,0.23316872
0.30902123,0.32076102
0.23359194,0.21779883
0.22553736,0.26761428
0.2504697,0.2555918
0.26260763,0.26214066
0.25626993,0.25463182
0.24974038,0.24212897
0.2682381,0.26124176
0.26280743,0.26741013
0.2700171,0.2574044
0.26001376,0.26269022
0.28640416,0.28836513
0.25947323,0.2700778
0.24484465,0.25019115
0.28886822,0.28750807
0.14887337,0.15814635
0.2861071,0.30295658
0.26075011,0.28360593
0.25916353,0.27790046
0.28229952,0.29432517
0.2617618,0.2761926
0.29051936,0.28395772
0.2864096,0.25958464
0.29195142,0.28935122
0.2649447,0.25489965
0.21387106,0.22298165
0.21687971,0.20763017
0.21575625,0.22929576
0.2638693,0.25175342
0.25510603,0.27571735
0.27473712,0.30117428
0.2700298,0.308961
0.27020252,0.3023658
0.25401312,0.26640522
0.28397056,0.29191178
0.2161232,0.21243285
0.20388366,0.2201037
0.28783438,0.2800504
0.246366,0.2232955
0.22990197,0.2418473
0.21383406,0.23104489
0.22944503,0.24207698
0.25197506,0.25136307
0.24121687,0.24218093
0.23836717,0.22825119
0.22822496,0.20904544
0.24605589,0.24259858
0.2692083,0.28354698
0.17817137,0.2094578
0.20421603,0.2300736
0.2515117,0.2782242
0.22089884,0.21677354
0.2534581,0.27135062
0.26687327,0.26001677
0.28026056,0.29017514
0.2830077,0.2842813
0.1924999,0.18989456
0.25877395,0.24268347
0.17295271,0.17315441
0.23441046,0.22817457
0.22220854,0.2319825
0.22644658,0.22094665
0.17414093,0.16851015
0.23180223,0.22656904
0.2407441,0.24213643
0.22272876,0.2297261
0.2331535,0.24058577
0.18677853,0.19489871
0.25207794,0.2628341
0.24067335,0.23529953
0.1911214,0.19467333
0.19196782,0.19100857
0.25122634,0.28137383
0.27567238,0.23791304
0.24586792,0.25386035
0.28029057,0.280019
0.26259476,0.24788408
0.22898702,0.26200232
0.26981625,0.28204262
0.25886363,0.2929591
0.24899703,0.24500786
0.24587283,0.2536899
0.26516026,0.27993023
0.26050508,0.281149
0.27946642,0.28501427
0.28525704,0.28217852
0.2593092,0.27252382
0.24566613,0.27344814
0.30083525,0.3093112
0.25091565,0.28214467
0.3168313,0.30505008
0.24936157,0.22450979
0.25492564,0.21576208
0.17274962,0.15453224
0.19278863,0.23773798
0.2167844,0.25933397
0.17096081,0.24050179
0.19327366,0.24438739
0.2621508,0.3064632
0.17987987,0.23859441
0.19627754,0.2237555
0.26523018,0.23686644
0.15757279,0.16508809
0.25591445,0.26262003
0.22807375,0.21184416
0.25718138,0.25560528
0.21229908,0.19535227
0.20008555,0.22642906
0.28342342,0.293846
0.24009462,0.2594856
0.2136297,0.25200656
0.21564963,0.21142818
0.2151386,0.2259107
0.26733217,0.26052436
0.2640312,0.27196416
0.24424648,0.24621902
0.21626,0.23022312
0.21757573,0.21693853
0.20637305,0.20720515
0.25170127,0.24519438
0.24618396,0.24322592
0.21336374,0.20485109
0.2406941,0.2344211
0.24312869,0.2537701
0.24694109,0.2601061
0.27768847,0.27939972
0.24459389,0.24113487
0.25252974,0.24699414
0.2264106,0.23996888
0.27309176,0.27261892
0.18734227,0.18004674
0.23882908,0.2430378
0.1850996,0.18531933
0.22927254,0.23195106
0.2271047,0.22708769
0.28548414,0.2874074
0.28872633,0.29179746
0.18789037,0.18596193
0.1880313,0.19026314
0.23233572,0.22930925
0.23379907,0.227642
0.2730701,0.2818529
0.2361401,0.23199652
0.25382572,0.25640333
0.2374111,0.2400638
0.27735806,0.27024382
0.28720093,0.27364734
0.26750147,0.27659878
0.25210345,0.25470358
0.2494227,0.25641602
0.21997742,0.2175533
0.21430822,0.21982506
0.25655043,0.25412667
0.2375106,0.23605429
0.23907998,0.23985311
0.1482893,0.15634651
0.23506021,0.22955059
0.155756,0.14674252
0.22694553,0.2125372
0.21869048,0.22934508
0.202436,0.22307904
0.18004365,0.219547
0.20330107,0.24479157
0.20361573,0.2184253
0.2638916,0.27621466
0.20886388,0.26578972
0.25301516,0.2872431
0.1970573,0.19492352
0.1873009,0.19219026
0.19966534,0.18623942
0.18442404,0.19509241
0.19928312,0.2346873
0.18929172,0.21719874
0.22411327,0.26335722
0.23285508,0.22420546
0.24461173,0.22466591
0.2321456,0.20221502
0.25047207,0.23430987
0.22806197,0.24422075
0.23249257,0.26439652
0.2772774,0.27997565
0.237265,0.2542735
0.26926532,0.26377764
0.27691272,0.2707592
0.26303238,0.2689764
0.2243888,0.23243606
0.20473179,0.22635092
0.14868869,0.15406425
0.20641212,0.2247341
0.21592146,0.20032814
0.22003779,0.20296606
0.23371941,0.20907259
0.15602994,0.14673004
0.24933901,0.26534146
0.2086973,0.22843713
0.19009945,0.180561
0.26073155,0.2538279
0.18018512,0.18351243
0.20827861,0.2278912
0.2318677,0.23955166
0.23445892,0.23407552
0.23111019,0.23496355
0.23392361,0.24546479
0.26809654,0.28086337
0.28898668,0.26899692
0.2840841,0.27740183
0.26949614,0.28306296
0.23783565,0.24661401
0.17292136,0.22468942
0.21561854,0.19100367
0.23293166,0.21691556
0.20540458,0.20444284
0.2177121,0.21979338
0.1911134,0.20903051
0.19629547,0.20134775
0.20815004,0.20554997
0.20597365,0.19892892
0.17409487,0.224684
0.1881265,0.20109037
0.19865604,0.20161441
0.26376435,0.25876528
0.251469,0.25377712
0.25591704,0.23494169
0.2311322,0.2583567
0.3045521,0.29550013
0.27878305,0.27045166
0.23630993,0.23706567
0.27485198,0.2781
0.23177448,0.23100758
0.28439042,0.2846976
0.29463705,0.29971302
0.28491467,0.28264636
0.24693039,0.24745461
0.2539511,0.2525691
0.20990458,0.21162961
0.2748229,0.2853718
0.27955934,0.26987892
0.2656635,0.2855205
0.21231627,0.21147892
0.266055,0.26300368
0.26575634,0.26643822
0.23608883,0.26779583
0.27050537,0.23154055
0.25651506,0.2623327
0.2651577,0.2676926
0.28258827,0.27400315
0.26338434,0.26617604
0.2645335,0.27156666
0.2390568,0.24933317
0.24681391,0.24315429
0.26617604,0.26338434
0.27095872,0.26565942
0.23322433,0.26571175
0.2527787,0.26677236
0.2349924,0.27322584
0.24865562,0.26583174
0.2803236,0.2705835
0.26599064,0.2798902
0.21632242,0.24837919
0.1775873,0.19253723
0.2596561,0.25397384
0.24795428,0.24866022
0.2547309,0.25854447
0.1964409,0.19335923
0.19498697,0.1986514
0.21066259,0.19952987
0.20345779,0.20722872
0.2446491,0.24019939
0.23155473,0.2403559
0.27037892,0.25664997
0.24562147,0.26992774
0.23371175,0.22981267
0.24713969,0.23985629
0.22214359,0.24431886
0.25238192,0.24782781
0.2402291,0.23864385
0.20031226,0.22788759
0.22853106,0.25376284
0.21685848,0.21738759
0.22092922,0.21885805
0.24179363,0.26493567
0.1667167,0.22484744
0.26579165,0.26504794
0.19565769,0.22500598
0.25405416,0.24169573
0.26166221,0.2670916
0.27199483,0.2627489
0.25106183,0.25919497
0.2998693,0.3154149
0.2273669,0.21771705
0.27603433,0.28260827
0.27641723,0.2853926
0.21387208,0.22027348
0.17584595,0.16140619
0.28319356,0.28208983
0.22672796,0.22623764
0.22437099,0.21632287
0.17183022,0.17164972
0.239844,0.24179304
0.25646278,0.24424025
0.27449864,0.2843268
0.28060406,0.27038968
0.25491142,0.24882057
0.2698378,0.2696256
0.27023104,0.2670203
0.2594341,0.2544645
0.27054736,0.27647063
0.24978524,0.26918298
0.27211544,0.28601074
0.28714958,0.27749443
0.2722093,0.2677488
0.26706675,0.25541025
0.303427,0.30474162
0.30839252,0.309295
0.3052308,0.30776483
0.3110853,0.30679888
0.27464554,0.2740326
0.25207925,0.24940383
0.27428234,0.27784336
0.25562358,0.25345773
0.23816863,0.24209777
0.21489237,0.22498989
0.21842287,0.21071231
0.23438124,0.2762522
0.24418187,0.2407912
0.2740015,0.2701413
0.23431191,0.23768285
0.22787033,0.23482603
0.23794591,0.23478815
0.26904994,0.26801983
0.25315183,0.27815384
0.2657862,0.27354527
0.27313918,0.26741642
0.24903376,0.22811735
0.19561005,0.21511409
0.22744042,0.24244647
0.24709067,0.2622114
0.222442,0.25248086
0.2437923,0.22211522
0.19309226,0.21167058
0.23456289,0.24267045
0.24569668,0.23055193
0.26095596,0.26247707
0.279599,0.26244453
0.25573385,0.26666015
0.26457912,0.27893683
0.2699901,0.25115642
0.23414274,0.22753558
0.26719213,0.2670024
0.20064759,0.1964477
0.22719228,0.22241205
0.22928077,0.22170159
0.26719213,0.2670024
0.25225657,0.26948172
0.25524157,0.275175
0.2633665,0.27730325
0.19373402,0.19225489
0.21589929,0.21737806
0.22524895,0.22059822
0.26990736,0.2515019
0.274716,0.25787652
0.26725698,0.24546911
0.26016435,0.26041254
0.26016435,0.26041254
0.256224,0.27169183
0.22798987,0.21756433
0.2328764,0.2431784
0.23776932,0.23173404
0.22179876,0.22592422
0.24028978,0.2771882
0.21908325,0.26136917
0.2546473,0.24214621
0.24214621,0.2546473
0.15956153,0.21963677
0.28535962,0.30613673
0.26276007,0.25631082
0.2648309,0.25260672
0.2549221,0.2588437
0.28271875,0.27637655
0.22831868,0.25626707
0.29924923,0.29958695
0.24220815,0.24872817
0.275178,0.2773861
0.19102712,0.20307171
0.24776033,0.24306257
0.30233198,0.29566112
0.2764576,0.27365893
0.22174145,0.18674572
0.2505261,0.23754655
0.25978014,0.24359077
0.2470129,0.25865254
0.20648666,0.21685234
0.22375882,0.204885
0.21203125,0.25812668
0.17927577,0.19848803
0.18772532,0.18129946
0.22455797,0.24371627
0.236984,0.265606
0.265606,0.236984
0.23103166,0.22244382
0.20256975,0.25254226
0.23549305,0.27802813
0.2370344,0.23083517
0.24587676,0.23771879
0.22467308,0.22658066
0.2324686,0.23362446
0.24125609,0.2439656
0.25988224,0.2776539
0.24293311,0.27277926
0.2663554,0.25231975
0.1650342,0.17512351
0.18959275,0.19110556
0.20199263,0.1832699
0.17686729,0.17426066
0.18554072,0.20228198
0.22465661,0.2664885
0.18133377,0.19608204
0.2493628,0.24962956
0.15473528,0.15731338
0.19965091,0.17296115
0.30689454,0.30270925
0.29956627,0.29854697
0.2980216,0.3085239
0.29368123,0.29813886
0.25174946,0.2571328
0.25240037,0.28816414
0.24830495,0.24611835
0.21190591,0.2199785
0.26488706,0.25509033
0.21588352,0.21550182
0.28143227,0.25708643
0.15793706,0.15250951
0.17624731,0.156463
0.17731711,0.152804
0.21655737,0.1959217
0.1959217,0.21655737
0.16845404,0.18446194
0.21766433,0.2097818
0.23139724,0.2638254
0.16567776,0.18146184
0.28589582,0.29612106
0.28675053,0.30415115
0.29625618,0.2886107
0.3061881,0.29699916
0.2374796,0.24333183
0.25124002,0.24683577
0.28635287,0.2825063
0.28969288,0.28438365
0.2694532,0.2546556
0.29799312,0.2561062
0.2590151,0.26145807
0.26453462,0.25385723
0.2561062,0.29799312
0.24797966,0.27571896
0.25834197,0.25468484
0.30027956,0.2942651
0.30127728,0.29766306
0.2508258,0.27432707
0.21247408,0.19869703
0.21095762,0.22358572
0.20432033,0.21303311
0.22331798,0.21378827
0.23784582,0.23690559
0.2515455,0.27352384
0.2921843,0.29672262
0.27042454,0.2840777
0.24824043,0.29784465
0.2715483,0.29121655
0.28921762,0.28082746
0.28420827,0.2780804
0.26944447,0.2595239
0.29808673,0.2963694
0.30588573,0.30392736
0.22489214,0.22351937
0.28262958,0.27960366
0.28131196,0.2908919
0.28177053,0.28905433
0.19724238,0.2078377
0.22368248,0.2202279
0.26025003,0.2638914
0.2507014,0.26062268
0.25955063,0.2520277
0.2252742,0.23282354
0.27819297,0.27462962
0.21538715,0.22477417
0.2345426,0.23164673
0.28178862,0.27253783
0.26518562,0.25858688
0.2289264,0.22975351
0.26292244,0.25418708
0.2266188,0.21466136
0.24890754,0.25738537
0.25203156,0.26170722
0.24824828,0.2622549
0.30483654,0.31039852
0.30938795,0.3220301
0.27158168,0.28050828
0.27678296,0.28449073
0.2505756,0.25705266
0.23858535,0.24958597
0.25123233,0.24372166
0.2036985,0.18810987
0.20576374,0.20628278
0.26497263,0.27296636
0.2530997,0.27643317
0.27643505,0.2894262
0.26892835,0.26727578
0.25696072,0.2649635
0.29460725,0.29993302
0.2966443,0.30962402
0.27517572,0.25838932
0.31270233,0.2975158
0.20975475,0.2643602
0.31955963,0.30619973
0.26807883,0.24931595
0.2604018,0.25460836
0.23809777,0.22417215
0.2738636,0.27295154
0.2420925,0.25784782
0.21887183,0.2271333
0.22861218,0.23643541
0.25351253,0.26403067
0.24820709,0.23236659
0.2943407,0.28285742
0.24037205,0.27400365
0.2433408,0.24205573
0.26042962,0.28033128
0.27300233,0.26777834
0.2378003,0.23362547
0.22771034,0.22891904
0.23983121,0.25974303
0.23705827,0.24448666
0.2504565,0.2532113
0.24728581,0.24480681
0.22991775,0.22896737
0.22547387,0.231926
0.24448666,0.23705827
0.25006288,0.24479112
0.15997666,0.18159278
0.19557017,0.20647691
0.22444113,0.23952766
0.19572978,0.18771641
0.2707438,0.26374787
0.1868919,0.20537518
0.19865501,0.20523712
0.20758076,0.21568835
0.20997009,0.20823613
0.25279042,0.24100429
0.18478444,0.1757256
0.22223546,0.22382867
0.21529792,0.2236693
0.22443157,0.24786979
0.24742149,0.23503596
0.21292077,0.21975568
0.21139121,0.19886494
0.18390694,0.19060154
0.15105249,0.15815933
0.20762771,0.21335308
0.19103858,0.18396285
0.21470651,0.19761713
0.15430415,0.15329397
0.22895943,0.23671621
0.28319168,0.2812027
0.24907683,0.24762225
0.23359172,0.22929385
0.24518196,0.24893983
0.27585608,0.2828784
0.269924,0.27048212
0.2761743,0.27509475
0.24900486,0.26666233
0.21535,0.21647215
0.21050014,0.21077575
0.21853726,0.26196495
0.2363053,0.248337
0.24361807,0.21348716
0.26833165,0.2618902
0.25283927,0.23582675
0.25516313,0.2594555
0.23449314,0.243904
0.2550212,0.25003934
0.22808142,0.21982223
0.23557861,0.22766626
0.22767895,0.22562185
0.25802535,0.2482745
0.24062487,0.25330776
0.27023974,0.2837333
0.2204329,0.21324372
0.23698276,0.23218386
0.28774187,0.27215073
0.23304874,0.23267558
0.22881736,0.23525022
0.26745793,0.2697507
0.2706388,0.27138296
0.27215073,0.28774187
0.21602364,0.21780883
0.27201343,0.26743883
0.1990327,0.21748802
0.27240372,0.2663831
0.23232692,0.22713879
0.27542487,0.2829212
0.32176125,0.32199076
0.32978877,0.32449934
0.21640807,0.25976166
0.225377,0.24199593
0.24079032,0.24972185
0.2398619,0.22109406
0.24760011,0.24174392
0.24160203,0.21939905
0.26481426,0.2630601
0.22031516,0.27551645
0.22225285,0.24470207
0.22098154,0.24604869
0.26433957,0.26735243
0.19373615,0.18614677
0.2736377,0.25053185
0.26085216,0.2664706
0.1879671,0.1989178
0.26029742,0.25651047
0.22745438,0.23763525
0.25630748,0.2567708
0.23569794,0.23610528
0.23937961,0.24297042
0.24266371,0.23294337
0.24113725,0.23724543
0.24087021,0.23228994
0.22170807,0.2150927
0.22013827,0.21216005
0.23826656,0.23391347
0.24380316,0.25096083
0.24478307,0.2441165
0.24235871,0.2288335
0.24138883,0.24518119
0.21532178,0.22231495
0.2127248,0.22158417
0.24522078,0.23971157
0.2497477,0.24478355
0.23350215,0.24232681
0.23916247,0.24340731
0.23513618,0.24520281
0.23091601,0.2393008
0.23232433,0.2265419
0.19966812,0.20245
0.22374149,0.21871431
0.24222977,0.22832157
0.21432064,0.23437124
0.19462071,0.19070698
0.17862567,0.19542658
0.19625029,0.19536223
0.24378535,0.22132862
0.20462745,0.18952172
0.19925413,0.18108901
0.23033799,0.24278891
0.19563319,0.2064141
0.19611394,0.20895118
0.25058237,0.2524627
0.2578284,0.2584983
0.26309788,0.24709603
0.23132433,0.25799865
0.2969913,0.29562163
0.25818294,0.25171798
0.25426605,0.25114572
0.3000827,0.2989087
0.24836028,0.24025865
0.23932666,0.25541115
0.2517336,0.2707491
0.26310703,0.25690952
0.19097903,0.18969294
0.2456061,0.21731676
0.24974188,0.24765763
0.19151774,0.19404216
0.24306068,0.24675968
0.21864809,0.2328727
0.22348426,0.2391038
0.28684336,0.27800724
0.26034936,0.257018
0.23936945,0.26955307
0.25150353,0.25956747
0.23166078,0.26242283
0.24196322,0.26144657
0.27589464,0.281271
0.22384438,0.21316275
0.21195279,0.21480381
0.24389155,0.21991652
0.18109173,0.19419877
0.25056455,0.23287012
0.25476366,0.25145125
0.2316505,0.22640586
0.27198988,0.25623786
0.23685367,0.23939271
0.19849077,0.22564799
0.22163877,0.28202686
0.21991652,0.24389155
0.23936242,0.28031957
0.2123685,0.21507357
0.25624406,0.25662357
0.25331882,0.2623048
0.23797485,0.23725031
0.2095545,0.20916362
0.25097588,0.24376324
0.2485149,0.23330453
0.22426173,0.2119613
0.23449619,0.25318223
0.22037835,0.21634115
0.28702477,0.29213977
0.2510779,0.24327375
0.26745114,0.25320745
0.28521734,0.28519386
0.26167467,0.26919484
0.22941887,0.2530234
0.23754084,0.29312593
0.27812928,0.27951238
0.2673992,0.28236896
0.2592632,0.24150339
0.26132184,0.26250207
0.25963867,0.2657469
0.24642499,0.2567379
0.23472652,0.23691392
0.23394814,0.22545551
0.26377445,0.26335672
0.25485754,0.2823058
0.20399925,0.20534016
0.21622407,0.20684269
0.26890245,0.26731557
0.2693859,0.26871926
0.27514657,0.2509046
0.28809604,0.285641
0.26184863,0.28021803
0.28452107,0.2838465
0.20742422,0.2169466
0.23424286,0.2127635
0.22851148,0.23137514
0.23813862,0.23646688
0.23490193,0.23501104
0.25596774,0.23788014
0.19868852,0.22808659
0.23572636,0.26160756
0.22763,0.22684103
0.2272878,0.22916098
0.18933669,0.18325298
0.19012348,0.19927208
0.23193921,0.24634148
0.24063033,0.26491472
0.22986326,0.22446483
0.22647852,0.22266786
0.25070763,0.2455157
0.2926414,0.27711228
0.23769167,0.25431505
0.2819055,0.29375076
0.25034824,0.24670368
0.2460692,0.2414738
0.2356539,0.2341816
0.2313713,0.23607178
0.24818863,0.2185586
0.2185586,0.24818863
0.28991193,0.2878464
0.30258822,0.3263986
0.28459483,0.2887128
0.23379108,0.25576374
0.20360245,0.20918897
0.19327594,0.18962821
0.21770093,0.22025506
0.2127637,0.2066826
0.1951536,0.19696069
0.21985325,0.22118746
0.19942291,0.23769096
0.26709655,0.30112925
0.25039244,0.2940303
0.19806676,0.22756526
0.20922296,0.21927905
0.2348293,0.23694147
0.18305099,0.19674204
0.18934037,0.19517452
0.18193148,0.17825694
0.21814962,0.2053303
0.21044229,0.20843609
0.19723298,0.19863217
0.19899411,0.1897698
0.21887949,0.21664372
0.23402631,0.22864926
0.21299234,0.22218147
0.17863661,0.1852508
0.10634372,0.11301321
0.17248029,0.19874065
0.26709712,0.3122381
0.23342699,0.23002702
0.27817604,0.26397967
0.19248319,0.18807973
0.29176712,0.27841127
0.17884037,0.1847049
0.11559655,0.107387915
0.19303647,0.17541267
0.16338047,0.15498132
0.160012,0.15662462
0.1871921,0.19353542
0.18932742,0.18749464
0.22711015,0.22836858
0.22858003,0.24639925
0.23168337,0.23398885
0.25749484,0.2596741
0.25839674,0.28206068
0.21706207,0.22366056
0.17832147,0.18709715
0.20408909,0.21229012
0.20283338,0.20863804
0.18419209,0.18819934
0.22613391,0.25829312
0.2755301,0.29344904
0.27547783,0.29089963
0.27065188,0.29440662
0.2410006,0.2367064
0.24722521,0.21878439
0.21878439,0.24722521
0.24057356,0.24333839
0.22393516,0.24352159
0.28585088,0.26469398
0.25113457,0.2484988
0.24873188,0.24822748
0.24846846,0.2481031
0.27813578,0.29177672
0.24929929,0.2490727
0.2321738,0.24229284
0.24344406,0.24194534
0.28179544,0.2598347
0.23908827,0.229876
0.2771873,0.26259336
0.23801225,0.24047452
0.27001104,0.28630427
0.2699059,0.28445402
0.27152824,0.27976072
0.1514769,0.14722712
0.2297298,0.2328001
0.17834477,0.17486222
0.17333026,0.16200931
0.17268315,0.1610532
0.2506473,0.2524088
0.20909633,0.22366312
0.17843816,0.16836055
0.15069287,0.13916087
0.2216684,0.23480915
0.17001499,0.17564285
0.17612703,0.16618606
0.1610532,0.17268315
0.15108706,0.1580065
0.15093511,0.13537523
0.2121619,0.22164723
0.1580321,0.15948458
0.20643373,0.20855714
0.24902433,0.25017807
0.18031292,0.18493204
0.16890632,0.17856176
0.16375968,0.18553203
0.16290802,0.17655736
0.15698026,0.17301928
0.14745125,0.14844151
0.15209064,0.15470935
0.13910417,0.15052289
0.15692228,0.1608882
0.18129583,0.1757168
0.21385024,0.21402444
0.23173559,0.22257961
0.22591697,0.23313761
0.27096924,0.2897424
0.26919025,0.2907014
0.24096052,0.2535632
0.24434087,0.2516617
0.2186556,0.21443826
0.2036469,0.21202788
0.2869043,0.2758222
0.26965302,0.28597948
0.23465234,0.22717707
0.21638358,0.18984558
0.28941876,0.27171066
0.28331244,0.2994014
0.2327624,0.23792452
0.1946153,0.2117777
0.31688702,0.3204385
0.31621554,0.30907658
0.2921908,0.2775772
0.22346288,0.23185514
0.2675013,0.2810396
0.25484917,0.27004766
0.28780258,0.27620223
0.19926992,0.19807567
0.2688758,0.262268
0.26087397,0.29184192
0.2676073,0.2855491
0.2616927,0.28207353
0.25532073,0.28397498
0.2028112,0.20316537
0.21102415,0.20897795
0.28193823,0.2694712
0.29184192,0.26087397
0.28051594,0.27552825
0.20491974,0.2042993
0.2606281,0.255571
0.23766576,0.23394191
0.26745552,0.27583557
0.2782852,0.26988062
0.23360856,0.23734337
0.2595138,0.26525894
0.23104851,0.2600093
0.21169607,0.2351202
0.30176544,0.29380438
0.29664594,0.3005338
0.29848582,0.31207672
0.2423505,0.24914898
0.24741337,0.23775324
0.2299631,0.27595323
0.2303261,0.2359678
0.25383592,0.2487719
0.22186741,0.2216833
0.29536968,0.29843545
0.29551163,0.30618045
0.2409385,0.2533947
0.27628535,0.2837343
0.22449929,0.23331511
0.21257435,0.22255354
0.2982936,0.2897758
0.23674934,0.2364097
0.28002983,0.28197965
0.2631997,0.2618968
0.26269597,0.25673404
0.24197257,0.2344742
0.28785872,0.28339818
0.23247665,0.22845712
0.24782006,0.2465761
0.26838583,0.2827959
0.23537269,0.25848535
0.25540778,0.2432504
0.24777785,0.23575267
0.22945651,0.24818619
0.25299895,0.2649052
0.26932725,0.24959801
0.26784834,0.26960713
0.26892802,0.26527292
0.22558442,0.2138962
0.20633608,0.22656941
0.2742111,0.27152434
0.26963127,0.2786181
0.2538666,0.26883835
0.18308556,0.19353648
0.23827675,0.25560203
0.20898375,0.24771789
0.24742168,0.25249293
0.25681195,0.2604626
0.25490794,0.2582107
0.25234374,0.25081962
0.25515932,0.2528826
0.2669836,0.24583147
0.2876723,0.28743905
0.20741427,0.2482655
0.2675119,0.28303242
0.25069103,0.2570369
0.25139847,0.24498507
0.28529856,0.27187303
0.29526237,0.29412806
0.24406898,0.26014426
0.28389144,0.29677457
0.29320288,0.30512637
0.29178149,0.29498827
0.30054304,0.2906749
0.23769307,0.24280155
0.23921281,0.23150192
0.19698437,0.19766682
0.19555673,0.19617836
0.23278004,0.2293267
0.21632671,0.23451248
0.24367578,0.25223055
0.25535685,0.32267362
0.26783097,0.23905656
0.26093727,0.3037486
0.26602426,0.30273855
0.2414911,0.25426698
0.21086913,0.1987914
0.20011446,0.21458447
0.27955997,0.2803293
0.24086162,0.22709022
0.2333886,0.24022028
0.24304721,0.27173185
0.24484752,0.22206077
0.22670355,0.24541011
0.26267037,0.28566262
0.18050401,0.21432093
0.17363904,0.19951016
0.21248952,0.22816601
0.23962885,0.20474893
0.3283376,0.3014982
0.21662378,0.21000145
0.2512072,0.24796776
0.32412598,0.3111408
0.304776,0.3015705
0.24807198,0.25726402
0.21000145,0.21662378
0.31353566,0.34116197
0.30142432,0.32441658
0.3014982,0.3283376
0.251909,0.25808585
0.2549046,0.25199506
0.22340022,0.24995407
0.23473112,0.25037137
0.20659891,0.23543549
0.2265328,0.25218797
0.20049095,0.20327799
0.19617087,0.19920905
0.24675086,0.23162955
0.24440998,0.2288942
0.20650636,0.21077238
0.22849159,0.22253257
0.23266539,0.24447653
0.28591457,0.2765437
0.20361865,0.20000803
0.23250651,0.22699282
0.2163223,0.2619125
0.21514702,0.25452507
0.20598787,0.25713286
0.16549365,0.19642396
0.2234502,0.2233202
0.26960722,0.29572636
0.2843455,0.28398126
0.22169665,0.24427566
0.27155167,0.26819378
0.26687983,0.2822132
0.2753424,0.2872511
0.28742626,0.2786174
0.1995398,0.2108835
0.21609533,0.19573073
0.28250426,0.25837228
0.2493,0.25496015
0.26533085,0.24358343
0.24989781,0.2413507
0.26019573,0.25936744
0.2814755,0.28148615
0.2550063,0.26169014
0.28579497,0.28436226
0.2754091,0.28162277
0.30166075,0.29648995
0.21331659,0.2328183
0.2963009,0.3060603
0.28310898,0.28869003
0.307511,0.2987552
0.29310298,0.30487138
0.26867217,0.28310245
0.28773153,0.27827397
0.2567221,0.25290397
0.26592615,0.25856724
0.22565618,0.23321752
0.24788171,0.25872055
0.22977483,0.22436258
0.24339737,0.22935635
0.25552046,0.27422827
0.2313669,0.24578968
0.2584867,0.25146732
0.24742642,0.25893164
0.2484774,0.25683796
0.27457187,0.28765672
0.22030877,0.2331074
0.22883762,0.21811146
0.24727592,0.24370168
0.2411789,0.2269299
0.23808323,0.25008577
0.20396662,0.2117447
0.20148923,0.20900041
0.2099611,0.24965653
0.2576051,0.23258552
0.26052448,0.21489397
0.21489397,0.26052448
0.27929386,0.28901297
0.21301138,0.21696171
0.17528757,0.22975688
0.22491401,0.22247723
0.20683959,0.1965681
0.2248718,0.18958613
0.21583007,0.2207104
0.1998013,0.19970472
0.25136414,0.25114056
0.23180005,0.24994418
0.22823809,0.22154921
0.24800473,0.250549
0.25344,0.24176735
0.23949483,0.2533868
0.14698376,0.19362597
0.19362597,0.14698376
0.23371664,0.28436798
0.29287517,0.27166677
0.26055938,0.27679574
0.25262487,0.25561368
0.21432997,0.21389994
0.2038005,0.20273069
0.21443889,0.21175614
0.19891094,0.19580106
0.1975024,0.19229108
0.20171289,0.20371127
0.23203474,0.22394711
0.21194474,0.22967085
0.21906206,0.2195822
0.23889294,0.23063718
0.2399168,0.23725678
0.23349822,0.24097383
0.26055786,0.24734326
0.23427609,0.24770872
0.23132423,0.24031179
0.22950312,0.24078858
0.2648201,0.29128993
0.30746245,0.30335948
0.2772065,0.26236212
0.24798982,0.26437423
0.26135868,0.25914377
0.26343668,0.27688578
0.21205647,0.21612568
0.1923883,0.1959192
0.24842279,0.2403559
0.21971066,0.21025628
0.22246048,0.2172196
0.24681951,0.25143978
0.22192231,0.214241
0.2122787,0.21454124
0.19449848,0.19593002
0.19867511,0.19410181
0.20047444,0.1955956
0.22763804,0.23262495
0.21551692,0.22267702
0.2842665,0.29279655
0.20856068,0.1990647
0.189308,0.22214462
0.20501587,0.20956372
0.26395938,0.21035066
0.23515508,0.24821956
0.20941508,0.23381135
0.233913,0.22488591
0.2457215,0.29769287
0.2797936,0.30118752
0.25242868,0.310632
0.2616188,0.27563688
0.28308702,0.27117586
0.30553836,0.28146046
0.2446691,0.25886962
0.23359436,0.23615661
0.23596083,0.23851201
0.26328552,0.2579618
0.25913465,0.27127874
0.27037796,0.26798707
0.256195,0.25395983
0.19245666,0.19701308
0.24204075,0.25368184
0.25702634,0.2594386
0.20043924,0.1937346
0.25196522,0.24208605
0.25500324,0.28663173
0.271205,0.2680663
0.27282587,0.27654132
0.27033234,0.2931652
0.2432037,0.29293412
0.23751624,0.20502137
0.19124128,0.22911522
0.2224764,0.21036014
0.2243802,0.2207697
0.1983578,0.21306485
0.18700507,0.19244123
0.22243518,0.2123269
0.21400976,0.23260674
0.22571157,0.23462766
0.23267056,0.22285283
0.21013951,0.20434585
0.22919795,0.22437134
0.1916569,0.19160123
0.22006284,0.23554912
0.26492983,0.28276137
0.25577414,0.27684897
0.24869494,0.26531842
0.2623754,0.26187384
0.2424772,0.254146
0.24875984,0.24416456
0.2675495,0.26267987
0.2584947,0.2621291
0.22807193,0.24516943
0.21031174,0.20544237
0.20362295,0.20615503
0.22644971,0.23409581
0.22338703,0.25680432
0.1833628,0.19666767
0.2715982,0.27174795
0.21967298,0.26716456
0.22186877,0.2583864
0.26954243,0.2667303
0.26445487,0.27763104
0.2606849,0.2710873
0.23298965,0.23799488
0.26308358,0.2747597
0.2707358,0.28348672
0.22577924,0.23799232
0.26260868,0.26529145
0.27308294,0.27862215
0.26698998,0.2686912
0.24862519,0.24776414
0.26762176,0.274081
0.29054388,0.29310888
0.26520124,0.2710886
0.29566342,0.29928595
0.25307897,0.27787173
0.26337335,0.27144292
0.26899385,0.26402974
0.24821386,0.26924735
0.24327113,0.26606074
0.23077935,0.26584244
0.26836538,0.29080245
0.24549475,0.24207753
0.23252502,0.24542102
0.2572945,0.25653428
0.23734188,0.23587996
0.26301712,0.29703754
0.240349,0.23631811
0.24275947,0.24219325
0.25951928,0.26249942
0.240083,0.25006306
0.2531076,0.24629596
0.23781908,0.25181958
0.27317098,0.26309413
0.2520916,0.26603606
0.22483514,0.23587507
0.220829,0.24515708
0.22599334,0.2506662
0.23288482,0.22963278
0.25029588,0.22742054
0.2570446,0.24389285
0.25128445,0.25765523
0.2641219,0.24542062
0.24089636,0.23545896
0.2681081,0.25470832
0.23810576,0.22814119
0.23389724,0.2318678
0.24661925,0.25302923
0.24682927,0.24659741
0.23197994,0.22713089
0.23850942,0.23792797
0.22868894,0.23034045
0.26308295,0.26135382
0.2860129,0.29381567
0.22574529,0.25504354
0.23831528,0.26762074
0.24883871,0.25584885
0.23644535,0.2591461
0.25965852,0.2724834
0.24129052,0.26148576
0.2466639,0.2456437
0.2655741,0.2725742
0.22888692,0.22165322
0.22938022,0.23121391
0.24069983,0.22505882
0.25708282,0.26240522
0.21758887,0.19700646
0.19143784,0.22426334
0.24546875,0.26094037
0.24556871,0.2453463
0.22470373,0.2549285
0.22603442,0.23587833
0.25481936,0.24047236
0.23084435,0.22989409
0.26080465,0.25993323
0.27198732,0.2502192
0.2650735,0.24189
0.27270943,0.2687164
0.21829076,0.20776185
0.21150328,0.2201299
0.18159741,0.20900492
0.20533565,0.22520694
0.21227917,0.23696473
0.22976843,0.2643013
0.18323535,0.20925993
0.22522797,0.18985559
0.22496976,0.19044247
0.23801328,0.21756145
0.28979385,0.28367823
0.27453327,0.2755922
0.27825475,0.29027134
0.27861172,0.27835232
0.18420282,0.26157302
0.22683614,0.22403982
0.25097558,0.2460969
0.21730001,0.22843681
0.28257406,0.30010554
0.29163074,0.2840721
0.21080819,0.257863
0.18528652,0.21865296
0.20342652,0.2624876
0.22095782,0.20153065
0.22808962,0.23701787
0.17683604,0.17594801
0.2305327,0.24040203
0.24140148,0.21661925
0.18499185,0.17842975
0.27584746,0.27444023
0.27637187,0.2791178
0.20497184,0.19639245
0.28531462,0.31056374
0.3128703,0.27191228
0.23587862,0.21330777
0.22176695,0.23525743
0.23794432,0.2623921
0.18419777,0.2243225
0.1891867,0.20847796
0.16309121,0.20055655
0.20918338,0.20530337
0.16094646,0.16566837
0.25791082,0.27812147
0.26283917,0.28201395
0.2127555,0.24510595
0.24709427,0.27602908
0.2735176,0.27906752
0.26265398,0.27286524
0.20946527,0.21462855
0.21815322,0.21244273
0.2650907,0.26127905
0.25764573,0.25425464
0.18739438,0.21548098
0.29855278,0.30778912
0.22477576,0.21617717
0.25103664,0.26571113
0.30424005,0.31292403
0.23300654,0.26426512
0.21675822,0.22084785
0.24032284,0.26733574
0.20933607,0.20618533
0.24459943,0.24064958
0.20379595,0.20972148
0.2334238,0.23690113
0.21681884,0.21991779
0.26001328,0.26290387
0.25118524,0.28371543
0.20060442,0.25781697
0.24149534,0.25622755
0.25903285,0.22975244
0.2428971,0.2676614
0.27255803,0.2494497
0.22566287,0.21987426
0.22682987,0.23541869
0.2230665,0.23001975
0.24482664,0.2467725
0.23940781,0.23695603
0.2272648,0.22170755
0.23945034,0.2370518
0.23481542,0.25270575
0.24040267,0.24159044
0.1784554,0.18555818
0.1910312,0.17409556
0.2147493,0.20318492
0.22346075,0.23485732
0.23990387,0.22573991
0.21296239,0.2252559
0.27078697,0.2706421
0.26943132,0.26617196
0.23483878,0.293482
0.21689835,0.2115762
0.22010273,0.2116859
0.26718074,0.2528962
0.24680617,0.25767058
0.26406345,0.26747966
0.28441137,0.2813534
0.27547455,0.27017492
0.28685653,0.29055172
0.2504614,0.24837291
0.21178927,0.2058808
0.24012433,0.24429448
0.24312666,0.23172759
0.25215656,0.24310991
0.22840409,0.22733629
0.19884208,0.22596894
0.23551567,0.26209107
0.23091033,0.22190657
0.20689058,0.20501809
0.28479508,0.26389346
0.2703595,0.3259607
0.21855584,0.21880722
0.2697422,0.25344777
0.26215902,0.27549228
0.24931078,0.2667463
0.2757788,0.24293631
0.1974878,0.19793178
0.1974878,0.19793178
0.22074407,0.21176547
0.24100761,0.22745144
0.21828139,0.22185177
0.23115322,0.24734469
0.28204644,0.2600971
0.26392674,0.25873774
0.2734514,0.28427625
0.27578127,0.2642155
0.22327982,0.25923413
0.24504772,0.27861196
0.22951464,0.23264988
0.18549143,0.18075167
0.17842363,0.18727289
0.23300421,0.22920334
0.21949269,0.27571484
0.21428622,0.27405092
0.20577769,0.18984991
0.19207273,0.19517095
0.20074345,0.18542117
0.22952694,0.23433812
0.20549399,0.20167466
0.2540173,0.26584017
0.23637864,0.27662376
0.2214107,0.22597933
0.21703292,0.24396378
0.20761272,0.21803752
0.21406478,0.19868346
0.25041637,0.24515589
0.24762958,0.25072244
0.22301853,0.22306068
0.22645448,0.22707069
0.24412332,0.25420132
0.21791996,0.24047205
0.23726095,0.2306557
0.2673672,0.2857598
0.23887521,0.24716279
0.19969055,0.20692721
0.23820004,0.24420746
0.20319742,0.20161384
0.23839325,0.23165196
0.2489062,0.25470534
0.2572256,0.24513978
0.2120056,0.22514392
0.22389817,0.22215718
0.20879596,0.20933582
0.2373702,0.2219466
0.21977004,0.21275656
0.22027238,0.20830978
0.21008337,0.20621863
0.19974415,0.23321801
0.19661361,0.20040017
0.21634963,0.22002448
0.21753338,0.21699888
0.19621047,0.19521648
0.2670223,0.31701463
0.21817783,0.23134899
0.21464127,0.209679
0.20956258,0.2105141
0.29443467,0.28169608
0.27687848,0.29274568
0.2856105,0.2975256
0.2756896,0.2905184
0.2695211,0.2943926
0.270791,0.28930408
0.25776488,0.26474282
0.19196847,0.21953082
0.2099717,0.24079503
0.19732201,0.22437268
0.20329133,0.19501933
0.20694667,0.20795794
0.203711,0.201491
0.20247518,0.20494705
0.24428774,0.2441609
0.24428774,0.2441609
0.28934777,0.29413128
0.24851042,0.23468468
0.23797916,0.24076869
0.22600678,0.23176251
0.24070664,0.22952187
0.23452653,0.23320073
0.23664603,0.24029067
0.23682861,0.239533
0.20441748,0.20449312
0.23176251,0.22600678
0.23399779,0.23151869
0.20437519,0.20252201
0.16615102,0.16547577
0.1983215,0.19226374
0.16529176,0.17730431
0.21790226,0.20752378
0.20771387,0.21834421
0.19058672,0.18372177
0.18005268,0.18802999
0.19026433,0.19598828
0.18547392,0.19032387
0.18965052,0.17974845
0.24093273,0.23554897
0.15551767,0.21900794
0.24252662,0.24010745
0.23964639,0.2464229
0.24272604,0.2475199
0.23906083,0.24864292
0.30917516,0.30077982
0.30455178,0.30769885
0.26377475,0.27518025
0.2862555,0.2963335
0.30507272,0.30581588
0.29182988,0.3006846
0.21162386,0.22410986
0.22355083,0.21083069
0.25606838,0.25047958
0.25252488,0.26026493
0.21839188,0.22864959
0.225263,0.2399792
0.21786565,0.24420518
0.23719145,0.23076326
0.2529712,0.23094368
0.23405625,0.21462256
0.2157326,0.24409837
0.24097145,0.24812533
0.20065996,0.22428204
0.26732346,0.28383428
0.28190756,0.26223898
0.2948912,0.2969768
0.268583,0.27094024
0.22468641,0.23710948
0.23396721,0.22680768
0.27983353,0.26274782
0.27333358,0.2566122
0.18654107,0.17066655
0.20972595,0.24095044
0.21455057,0.20561098
0.23983884,0.2636923
0.24656859,0.2664712
0.19316275,0.2197639
0.21089886,0.20468523
0.25678885,0.25568205
0.250936,0.25623974
0.28126976,0.2874383
0.26004684,0.238841
0.20847797,0.21769997
0.26900086,0.28034917
0.17980635,0.1852937
0.23127829,0.2157052
0.29271263,0.2840436
0.24337547,0.25012404
0.18715572,0.19380969
0.25357068,0.23416434
0.19420862,0.18616234
0.25501066,0.22080648
0.24615319,0.22668831
0.26303628,0.26872802
0.26784855,0.27795208
0.2229128,0.23363289
0.22729184,0.25259906
0.22080648,0.25501066
0.23767117,0.23001277
0.28605402,0.24840832
0.24840832,0.28605402
0.20467907,0.20445046
0.27510723,0.26933825
0.1940404,0.17727865
0.20458555,0.2101941
0.18089679,0.19265209
0.27503243,0.25948837
0.25380817,0.27469018
0.25380817,0.27469018
0.23382148,0.25749147
0.24714021,0.24126779
0.27503243,0.25948837
0.1893362,0.1881539
0.19383508,0.2016279
0.27900305,0.27185345
0.26860166,0.26149344
0.28323004,0.27830073
0.20031199,0.20514861
0.25222594,0.24770394
0.27190244,0.28386834
0.27839306,0.2826273
0.2865777,0.2874507
0.24363455,0.2661865
0.26320004,0.24612725
0.28519,0.27763
0.27911204,0.27199706
0.28658116,0.2880725
0.28451782,0.29158506
0.28965992,0.29052404
0.2827808,0.2887963
0.27158827,0.2844081
0.29253855,0.28353152
0.2671259,0.26815104
0.27020758,0.2724927
0.24506637,0.2437143
0.27112198,0.26630527
0.25482747,0.23268482
0.26475188,0.2762138
0.23557933,0.23970771
0.25550258,0.27905497
0.24583572,0.25734422
0.24544753,0.22481632
0.1643751,0.16950136
0.23139167,0.2434627
0.25588423,0.2632101
0.22212204,0.22554502
0.17915176,0.18433756
0.19358039,0.19941986
0.22514445,0.21986356
0.2082837,0.18839757
0.20372161,0.20135173
0.2400997,0.26542258
0.2146056,0.23575145
0.20357952,0.19465552
0.1953045,0.20060429
0.26069862,0.24439904
0.22245999,0.23732145
0.17940909,0.1711677
0.24446177,0.21157408
0.2004122,0.2072424
0.21482436,0.23603491
0.24684164,0.2196758
0.2608944,0.2532944
0.23750244,0.25701264
0.23299228,0.23373693
0.22877927,0.23050207
0.24719903,0.2565488
0.23250832,0.22944823
0.22738558,0.22466846
0.2527837,0.2637035
0.2637035,0.2527837
0.25635698,0.253591
0.24239427,0.2209317
0.23958799,0.25609362
0.22835621,0.24300148
0.2119219,0.24077816
0.23515351,0.23732856
0.22307393,0.23691945
0.20328946,0.21804632
0.22059241,0.21148907
0.24555673,0.235128
0.23248532,0.22414291
0.21780926,0.25978422
0.22377037,0.22607173
0.2030869,0.19978134
0.27641785,0.29784387
0.21122907,0.23425062
0.27278003,0.30105585
0.2031647,0.23526096
0.20065704,0.20811675
0.2934619,0.28932536
0.22460142,0.23307745
0.22631598,0.22577071
0.28581518,0.29104495
0.26560456,0.26821285
0.26753065,0.2626802
0.25709355,0.25851488
0.26033542,0.2605359
0.2396014,0.23120204
0.23064642,0.23806068
0.2722862,0.25621152
0.26959467,0.26095682
0.26095682,0.26959467
0.2942321,0.2731969
0.30385426,0.28244704
0.2731969,0.2942321
0.29780585,0.3113348
0.24861568,0.24508734
0.22242738,0.2265075
0.22381411,0.22751021
0.2707201,0.285289
0.24884996,0.2506235
0.24019799,0.26385385
0.3160649,0.3016482
0.18985143,0.20182367
0.2509864,0.2573819
0.26075268,0.25004363
0.23651302,0.26319915
0.26941586,0.27358162
0.25356922,0.2736365
0.23003289,0.23567426
0.17614612,0.16838951
0.28623718,0.25739136
0.22375111,0.23528017
0.24368836,0.2587455
0.26412243,0.2717445
0.28881422,0.2739718
0.2224319,0.21985446
0.24340954,0.23826641
0.25112295,0.2837092
0.23821594,0.23093931
0.17172392,0.17724591
0.2480025,0.24616686
0.26040733,0.24331892
0.25265974,0.23052077
0.22626062,0.20853813
0.23873264,0.23723854
0.24019912,0.2545672
0.22488073,0.23985493
0.19538997,0.1982717
0.20549795,0.2146339
0.21445134,0.19656235
0.28337324,0.25566724
0.27817518,0.25539476
0.28070772,0.25242904
0.26071748,0.26527214
0.26488587,0.24993551
0.2607364,0.24779534
0.25566724,0.28337324
0.25539476,0.27817518
0.26304415,0.2674623
0.26796448,0.2643589
0.26656318,0.26137105
0.24418339,0.2369474
0.2591857,0.23854999
0.25895923,0.2839409
0.23915279,0.26021633
0.24019952,0.2513805
0.22146559,0.2497795
0.1887665,0.22188674
0.1821939,0.20563614
0.22444586,0.20165311
0.21485588,0.19210711
0.23035,0.21886753
0.15997872,0.15187502
0.14302282,0.16058654
0.16058654,0.14302282
0.15465172,0.15916452
0.23006228,0.24027555
0.2259711,0.2275192
0.24591023,0.2451842
0.2869573,0.2927312
0.19716139,0.21113645
0.29672045,0.2791674
0.21934576,0.1933946
0.24745536,0.23784235
0.22911328,0.2660027
0.24432671,0.23687598
0.25214353,0.24468344
0.24103507,0.24829271
0.2470564,0.25749972
0.25920808,0.27844602
0.25372374,0.2804862
0.2374087,0.24774404
0.27992046,0.27272898
0.27350825,0.2830249
0.22658697,0.22396345
0.23245426,0.23659822
0.2207405,0.21757564
0.22323278,0.22297405
0.19684865,0.20212713
0.23941779,0.26103526
0.18922043,0.20194308
0.22774157,0.24578184
0.19062799,0.21107529
0.22440739,0.24168609
0.21918854,0.21955062
0.21610482,0.21367759
0.21264584,0.21003146
0.22628027,0.22368068
0.21848921,0.22209111
0.3001007,0.3134184
0.23699978,0.22795582
0.27105623,0.3092947
0.20106393,0.2073121
0.2243182,0.23025505
0.20231463,0.19654188
0.26124677,0.25356403
0.2649788,0.259379
0.27265555,0.2776473
0.2586675,0.25584236
0.29871154,0.2918026
0.27427807,0.27745146
0.18366463,0.19055724
0.2700764,0.27686846
0.27618164,0.26968044
0.22747625,0.24141684
0.21321361,0.20762813
0.26341572,0.24553603
0.25184128,0.2225697
0.23952937,0.26539794
0.29921886,0.2844112
0.2874812,0.29881465
0.24049611,0.25071073
0.24167298,0.2681501
0.25717828,0.28572094
0.2837288,0.26353672
0.21137848,0.21124573
0.26406989,0.2504285
0.21601047,0.21143703
0.20077083,0.18008618
0.21084929,0.20352714
0.22987309,0.20587079
0.21674389,0.22704986
0.20542367,0.20534256
0.2082921,0.22057009
0.27125973,0.28546166
0.26825097,0.28464156
0.24773678,0.274287
0.25739866,0.2649407
0.23170972,0.23514862
0.23384842,0.2340146
0.20040412,0.28160623
0.28306264,0.27426645
0.27480832,0.2674184
0.26996922,0.2741374
0.26168188,0.26693505
0.21836546,0.21582179
0.26560634,0.2559047
0.21013816,0.21601714
0.20940574,0.21748953
0.25022128,0.26232177
0.25631803,0.26641393
0.2607525,0.2709086
0.21768622,0.19983862
0.2514679,0.2456238
0.21012577,0.220271
0.21902874,0.20786081
0.25892258,0.2509053
0.2070306,0.21234445
0.22291149,0.2155277
0.25195882,0.2617175
0.24687116,0.25359118
0.25033352,0.23357686
0.224812,0.20849116
0.27078974,0.26204842
0.22090138,0.20817107
0.23939325,0.25110295
0.2607114,0.25346094
0.196295,0.17867975
0.17803319,0.1934566
0.25369444,0.25332946
0.25400642,0.25046334
0.24844962,0.24699882
0.24258927,0.2431488
0.1777665,0.20028226
0.23398237,0.23174208
0.21278097,0.21224661
0.18071306,0.19804746
0.19450158,0.19003335
0.19167107,0.18413028
0.24371874,0.2427232
0.20519736,0.2123514
0.24216074,0.25522974
0.25186613,0.24119732
0.23719072,0.23290272
0.21271013,0.238316
0.24283022,0.24581313
0.23851885,0.24086066
0.26981813,0.29999238
0.24034874,0.2452876
0.24874866,0.2372635
0.29502335,0.26063395
0.2092695,0.21222481
0.22054943,0.21100311
0.2683817,0.2750488
0.27000925,0.26261166
0.21406423,0.22940272
0.26163182,0.28485513
0.26721153,0.29829413
0.29346418,0.2724123
0.22526652,0.220083
0.27932003,0.2719987
0.20862004,0.25621092
0.20593584,0.23817644
0.2560932,0.2534037
0.25046292,0.24338047
0.18275863,0.18374993
0.26331365,0.25195888
0.20088007,0.19821323
0.18498439,0.18150082
0.19994621,0.20209743
0.2454923,0.24792495
0.24581842,0.23132628
0.19984119,0.17931062
0.1790843,0.1987537
0.2249016,0.24498136
0.17051013,0.2033764
0.18494536,0.19834733
0.19986916,0.17439152
0.22301593,0.22558343
0.23906922,0.22350374
0.22445524,0.22165997
0.19416402,0.21781284
0.22790956,0.24143526
0.26055056,0.28469947
0.23285873,0.24572912
0.22679602,0.23358752
0.21916789,0.21932316
0.22026032,0.22035979
0.22314066,0.22901405
0.22715397,0.22820705
0.2326695,0.22997431
0.25936767,0.25147116
0.2621619,0.26082674
0.25630808,0.24861792
0.25166008,0.26355013
0.26444238,0.26795748
0.25183356,0.2530799
0.24393845,0.29276636
0.26382798,0.30442607
0.24210997,0.2593053
0.2599924,0.31030566
0.23594636,0.27882087
0.27529168,0.2619878
0.26349682,0.2704457
0.19613455,0.2122991
0.22118036,0.19754806
0.27769962,0.25991613
0.16964258,0.18534672
0.2097798,0.21485831
0.17349064,0.17188904
0.2685927,0.2680968
0.19772404,0.2070491
0.2663474,0.27432638
0.26994163,0.277268
0.16574362,0.17261982
0.2668834,0.2667966
0.20481913,0.19084671
0.21062005,0.20810898
0.23929991,0.2435717
0.24371874,0.23717923
0.2435717,0.23929991
0.22630015,0.23032092
0.22392556,0.21526918
0.28005016,0.31554455
0.2088013,0.2143502
0.31445637,0.29567456
0.24412099,0.25473666
0.2272021,0.23402089
0.25188446,0.26172107
0.24238767,0.24115764
0.19515957,0.19726808
0.24202466,0.24892284
0.227533,0.2290336
0.20065324,0.19963615
0.24955335,0.24813575
0.25686207,0.25480306
0.24556041,0.2521502
0.2609168,0.23845033
0.25261697,0.23482572
0.23702696,0.25999165
0.23394567,0.2769478
0.2275411,0.24691984
0.24231946,0.23070833
0.23576225,0.24694437
0.21506602,0.22042179
0.22300488,0.21047239
0.24532637,0.28389406
0.23766236,0.28752333
0.24338508,0.29473454
0.19311023,0.20043875
0.20211679,0.19446597
0.2512178,0.2548449
0.25849748,0.26700428
0.2509715,0.25125188
0.22277409,0.24268402
0.1524399,0.22634731
0.2654789,0.26476452
0.24712023,0.27658498
0.21403816,0.21919158
0.26299614,0.26457006
0.18220954,0.20447935
0.21149358,0.23565908
0.21960695,0.21810703
0.26254958,0.25833943
0.15398608,0.1544823
0.21904647,0.22870499
0.17305078,0.16364816
0.23247038,0.21250072
0.22430015,0.20637652
0.16229343,0.1725155
0.22288865,0.22574365
0.23600636,0.22616515
0.21245147,0.21822356
0.21446383,0.20174174
0.24596956,0.24836816
0.24944302,0.25088924
0.24915312,0.27569407
0.25958067,0.30011815
0.23306422,0.31283715
0.23704793,0.2677879
0.2419133,0.22425611
0.22728191,0.24211779
0.2455296,0.24545889
0.23853198,0.24117441
0.28189132,0.26495788
0.2760453,0.28043613
0.2745208,0.28086266
0.27046165,0.2748033
0.2654534,0.27758297
0.27041987,0.27421445
0.27262285,0.27600354
0.28326696,0.26494378
0.28510216,0.28244457
0.27758297,0.2654534
0.27739963,0.25992328
0.27658507,0.25887486
0.27707052,0.26192656
0.27025005,0.2989297
0.27391464,0.2573316
0.25218916,0.25698757
0.25276697,0.25337166
0.29617685,0.28893265
0.24017884,0.24317272
0.25628757,0.26402086
0.28913173,0.29248768
0.20566301,0.20196976
0.19514418,0.19893704
0.2697673,0.29926336
0.19393681,0.21070884
0.23661904,0.23429525
0.23031999,0.23022752
0.19030258,0.19475226
0.23137106,0.22779383
0.23377812,0.23254108
0.21741149,0.2806535
0.28610784,0.2780373
0.28122202,0.28008252
0.27110353,0.27300733
0.31271186,0.30584767
0.2621846,0.25566787
0.2546853,0.25773808
0.23020136,0.22984445
0.22542828,0.22740595
0.2434165,0.24742311
0.30249882,0.3099355
0.2745893,0.28349027
0.2623902,0.26154283
0.26227516,0.26666617
0.27970678,0.2793334
0.2687885,0.25519437
0.25949574,0.26902974
0.2383208,0.25623292
0.28532308,0.2747853
0.28587145,0.2745589
0.27107438,0.28439105
0.27180162,0.28467417
0.28877303,0.2873631
0.2284989,0.23810011
0.22452655,0.23292154
0.25067702,0.26230875
0.24434868,0.23298246
0.23814726,0.22779645
0.2677437,0.26067966
0.22782785,0.21589553
0.2713809,0.2559988
0.24835092,0.2665223
0.21531345,0.2339543
0.21283479,0.24674171
0.23932205,0.23514263
0.23574618,0.23028797
0.20554991,0.22495839
0.25012705,0.27988857
0.23709652,0.26638687
0.24405247,0.27325985
0.24166082,0.25074053
0.24941565,0.24960075
0.25005355,0.24910748
0.24197367,0.23970233
0.242713,0.24217066
0.2357971,0.22902386
0.24267896,0.23342776
0.22690092,0.23838004
0.25545195,0.23860127
0.28509814,0.25821292
0.23485479,0.22026205
0.24519476,0.20815265
0.24115223,0.25796494
0.24203461,0.2389738
0.2246425,0.2491251
0.243796,0.24420065
0.22624487,0.24990785
0.23842466,0.24227321
0.212683,0.22722217
0.25515616,0.23781265
0.23638397,0.22275254
0.24039656,0.21630956
0.27334544,0.24859728
0.2486062,0.27071714
0.2448765,0.24418935
0.24585411,0.27088493
0.21272703,0.23004632
0.24767461,0.26671627
0.27387932,0.27367032
0.2652408,0.2590195
0.26169866,0.2432469
0.25366586,0.26673397
0.24789482,0.25919935
0.20490839,0.21739414
0.25396183,0.24668528
0.25323763,0.2505954
0.22847787,0.21026035
0.20806329,0.20564817
0.20404455,0.20395315
0.2051439,0.19542119
0.22054522,0.21372475
0.19639702,0.18549377
0.21039791,0.19869696
0.22770293,0.22899379
0.18104738,0.18846382
0.1993058,0.21097381
0.22993538,0.22949769
0.19402573,0.20295596
0.21145806,0.22007875
0.23213428,0.24619107
0.27742007,0.31337816
0.2299293,0.24187906
0.2317578,0.2239818
0.21553507,0.2186526
0.19547638,0.19731355
0.1916317,0.19576758
0.23638068,0.21860695
0.19294928,0.1931853
0.22415313,0.21948287
0.198897,0.19479053
0.23968227,0.22441675
0.2260075,0.23558545
0.24886546,0.2580472
0.21746825,0.23224686
0.20699432,0.2400174
0.22308218,0.24088946
0.15519364,0.2276666
0.2601372,0.241359
0.24773997,0.25729725
0.26646784,0.2640484
0.26912937,0.2845853
0.25353932,0.2821441
0.26727656,0.2803216
0.2794283,0.26908374
0.27404243,0.2638408
0.2623493,0.25700516
0.22311115,0.22418162
0.23996043,0.23536423
0.28638434,0.29602107
0.23433018,0.23826589
0.29049864,0.28219688
0.26282468,0.2610662
0.23147482,0.24522427
0.22804822,0.24609609
0.2605414,0.27041674
0.266782,0.26931387
0.26282856,0.27421057
0.24609609,0.22804822
0.27289584,0.26801103
0.24468169,0.2342155
0.25058717,0.23695087
0.22527745,0.24505939
0.29427528,0.29599673
0.3119415,0.28942284
0.28252932,0.28869992
0.30362082,0.3161155
0.18147573,0.21569552
0.21738169,0.19264366
0.24889612,0.23802531
0.28080264,0.2559216
0.26251486,0.27285916
0.20587637,0.23965554
0.23685211,0.24179225
0.21045583,0.26838845
0.23482075,0.28742206
0.24680716,0.24065804
0.2349392,0.23232028
0.23084362,0.25528532
0.23865815,0.24639748
0.26177707,0.2551234
0.24557105,0.2358536
0.21802594,0.23830763
0.25431228,0.26122618
0.24934556,0.25741202
0.24941398,0.24274138
0.24142462,0.21657553
0.2538793,0.26665106
0.25255254,0.24611732
0.21552922,0.20754348
0.21126519,0.20467953
0.2013829,0.20743008
0.20291163,0.20660195
0.22656122,0.22676104
0.22681628,0.22171605
0.263283,0.30754733
0.2473796,0.27345893
0.2993855,0.31797332
0.2340767,0.27617925
0.2750632,0.28658366
0.23652814,0.28233135
0.26504272,0.29264858
0.26504272,0.29264858
0.2033949,0.20039682
0.26440972,0.23484676
0.20555033,0.19735624
0.28831318,0.26800638
0.27230698,0.28938192
0.2532883,0.2717055
0.24172333,0.2610958
0.17465398,0.20917997
0.2414113,0.2593497
0.28230652,0.2873357
0.29060915,0.297531
0.27033263,0.26158413
0.19816214,0.19180566
0.27476484,0.2794338
0.2634645,0.28808817
0.27167583,0.28512385
0.24545187,0.2738528
0.31041166,0.30902344
0.21862486,0.24285805
0.20960136,0.24523002
0.22978422,0.21760243
0.18591453,0.18415621
0.25015298,0.27500743
0.28164905,0.26270816
0.2782334,0.2598821
0.2447255,0.24145953
0.24864654,0.27346778
0.24025589,0.24595085
0.24518454,0.23195273
0.24523178,0.23513392
0.28046188,0.2782613
0.22801402,0.24272478
0.229307,0.24712762
0.27318075,0.27393213
0.30981493,0.3015301
0.30527788,0.29764086
0.30174443,0.31939784
0.25801885,0.28857905
0.23920059,0.284752
0.20157124,0.1957117
0.29783508,0.28143686
0.26561466,0.30517054
0.28304166,0.30087495
0.21779418,0.2655001
0.28417134,0.25559753
0.26081473,0.28033763
0.19648863,0.23093563
0.23176621,0.22393598
0.22466904,0.2346465
0.2309234,0.22980827
0.23218745,0.23519869
0.25094873,0.234516
0.24743536,0.230152
0.23112193,0.25751126
0.22641294,0.2534125
0.25367543,0.24715692
0.24118514,0.23929924
0.23831528,0.24427244
0.24549875,0.24787241
0.19881326,0.23479903
0.22710827,0.27360898
0.20545517,0.20992684
0.22716823,0.23420277
0.24106167,0.2519026
0.21915963,0.24323243
0.23394659,0.23652375
0.24942514,0.24855298
0.2525468,0.23227149
0.20630248,0.2167833
0.22008687,0.23979187
0.2321206,0.24141395
0.25095174,0.25028634
0.24405825,0.24006304
0.20490882,0.24041303
0.21131855,0.2364115
0.19288789,0.21556172
0.23166414,0.23980257
0.22982888,0.22429684
0.24352574,0.23192257
0.21781448,0.24647856
0.24918109,0.24542116
0.25298765,0.24303953
0.24303953,0.25298765
0.23716187,0.2508416
0.25535014,0.25967443
0.25698024,0.25777072
0.1947107,0.212883
0.23607662,0.26661018
0.23684193,0.24511145
0.27489913,0.26986283
0.22141062,0.21800226
0.2163243,0.21378285
0.21368666,0.21437213
0.23584202,0.23033193
0.26850906,0.27514175
0.24015026,0.27193117
0.26607442,0.26778516
0.20693675,0.19987884
0.2487756,0.25279903
0.25185716,0.2517695
0.23901561,0.22655731
0.2279836,0.25068438
0.23021853,0.24017023
0.26235613,0.26414585
0.28700364,0.2724176
0.25567296,0.24946615
0.26239446,0.25748807
0.2731004,0.2617448
0.2673259,0.28440446
0.26312155,0.27763104
0.25565293,0.2580371
0.20179436,0.19845419
0.25280777,0.23859766
0.21978284,0.2068682
0.19744885,0.20444617
0.20937046,0.22339314
0.24224398,0.25560725
0.26544312,0.29993665
0.26620856,0.28767115
0.23381326,0.22866602
0.24580707,0.24160932
0.22380422,0.2366733
0.2615945,0.27930743
0.19159344,0.21816453
0.24890408,0.2484947
0.25247532,0.24746138
0.24750513,0.25187874
0.25011104,0.25593966
0.25762177,0.25463673
0.28541481,0.27801687
0.22673738,0.2321486
0.21112473,0.21242571
0.2754804,0.26220486
0.21582614,0.22643739
0.17132947,0.18878584
0.28221232,0.30709153
0.22367832,0.2094774
0.28558397,0.27876657
0.21699683,0.21343696
0.22512081,0.22227184
0.21149272,0.20268475
0.19532357,0.1829975
0.21834564,0.21383318
0.18286222,0.17427908
0.25621367,0.26489264
0.18510635,0.19486094
0.22279032,0.24210732
0.20605597,0.23577875
0.22485253,0.22439082
0.21946096,0.22817536
0.28309822,0.29073215
0.29641515,0.30674052
0.28528756,0.28693402
0.28684372,0.2907884
0.29096252,0.28868312
0.28739986,0.28008655
0.30584338,0.30007106
0.29372942,0.28492606
0.25972694,0.2549683
0.2521008,0.23917595
0.28282717,0.28502938
0.23002906,0.24443442
0.24998246,0.26392972
0.2792579,0.27983817
0.24061367,0.25549617
0.25039497,0.23146805
0.2233864,0.227367
0.22416317,0.22185555
0.26216596,0.2739033
0.23995301,0.24233979
0.22424269,0.22646007
0.25258613,0.24466673
0.24460486,0.2482982
0.23061772,0.22396186
0.24520424,0.23238361
0.25906497,0.2696393
0.2731212,0.27414295
0.3043996,0.3005297
0.2738384,0.2715239
0.18685214,0.18987662
0.1922701,0.18864022
0.24948359,0.2473318
0.24028862,0.24820513
0.25891647,0.25712502
0.25481644,0.26357934
0.23912573,0.24900089
0.26857606,0.25418916
0.25167412,0.2472707
0.2800594,0.24503265
0.2513277,0.30417144
0.23904103,0.27843174
0.25771272,0.29967806
0.25009894,0.2811879
0.22117512,0.28337565
0.2741619,0.28190827
0.20135699,0.2056059
0.20565647,0.19518653
0.27009362,0.25770232
0.26460484,0.27733046
0.21411562,0.21424608
0.26190808,0.24873346
0.21071394,0.2136564
0.23813668,0.26321423
0.20897642,0.21764585
0.18325076,0.21132722
0.20664442,0.19672005
0.20530543,0.19842836
0.21739411,0.21400946
0.19105989,0.20859209
0.19004059,0.20520535
0.20853397,0.2286155
0.22167808,0.19958799
0.26879752,0.28997737
0.3178585,0.33063978
0.31641153,0.30799955
0.28778732,0.2790236
0.2168464,0.22272828
0.2169368,0.22116895
0.22271837,0.21084182
0.22958824,0.22394738
0.23833093,0.21500842
0.21306507,0.22601001
0.20737854,0.2397808
0.19724698,0.23892522
0.22318155,0.24078953
0.26122248,0.2722844
0.18630269,0.18595992
0.19113794,0.18979044
0.17144784,0.26201275
0.26283297,0.25925383
0.16795571,0.15362579
0.18648447,0.18078971
0.1492582,0.16214244
0.18149187,0.17532235
0.2414718,0.24566539
0.23963824,0.2396662
0.24718474,0.2668548
0.22233543,0.22528501
0.22233543,0.22528501
0.23045751,0.24510707
0.24313411,0.23307845
0.24240431,0.24089544
0.21328664,0.21074706
0.22619668,0.2540661
0.19816321,0.21369845
0.21289831,0.21034843
0.2260008,0.25422955
0.19756714,0.21306194
0.23014419,0.21466523
0.2166114,0.22329745
0.26367477,0.27601916
0.2674436,0.28613162
0.2717771,0.2894379
0.2708243,0.26370364
0.28843415,0.29048166
0.286448,0.28310186
0.2892664,0.28750944
0.27587625,0.2747187
0.26813918,0.2749213
0.29065818,0.29645246
0.28138018,0.2852929
0.234958,0.26437292
0.28176573,0.28891978
0.30630484,0.29430717
0.28148988,0.27224278
0.29049858,0.28671053
0.29240847,0.28680065
0.2794626,0.27872136
0.25654855,0.2669328
0.26943493,0.2624894
0.25846106,0.2532745
0.22104105,0.21464732
0.23996463,0.24258032
0.21365732,0.21831435
0.26251063,0.27539527
0.27704507,0.27050558
0.23433855,0.23770851
0.29019624,0.3121576
0.2503808,0.26642382
0.20846671,0.22191264
0.27305594,0.26862517
0.27969438,0.28477955
0.26585382,0.26699054
0.29140958,0.31569415
0.21244755,0.20947258
0.22455257,0.21598215
0.21908113,0.22550344
0.21323347,0.21987309
0.2573231,0.28198665
0.251362,0.2705491
0.28708646,0.26230234
0.2763924,0.25414997
0.24694897,0.26871052
0.19955368,0.22391179
0.22467265,0.2077363
0.20610859,0.20440152
0.24736086,0.26971477
0.19550052,0.20673692
0.2280981,0.23676792
0.23256093,0.22337586
0.2436991,0.24123603
0.24511132,0.24857873
0.2289823,0.22591051
0.22603653,0.23343119
0.22285895,0.23861516
0.23264375,0.21954587
0.24948965,0.26487726
0.26332563,0.25938818
0.22800532,0.2403915
0.25978875,0.2595664
0.2618618,0.26799265
0.27267063,0.2633375
0.24346873,0.24294485
0.23733369,0.2455051
0.22703575,0.23192593
0.2638149,0.27075332
0.1588327,0.19483505
0.25121006,0.24586262
0.24570903,0.24389431
0.27081448,0.25841433
0.27055153,0.25794244
0.23854733,0.23532581
0.24870157,0.24492395
0.25591725,0.2546119
0.25075805,0.25148103
0.26399875,0.27116746
0.25484043,0.25145647
0.23559865,0.23261395
0.25121266,0.28848284
0.19897546,0.23211986
0.24838275,0.2479367
0.20847476,0.21578687
0.22590542,0.23382269
0.21035919,0.19451098
0.24392444,0.20696479
0.26762423,0.2902146
0.24456376,0.24536726
0.21820116,0.19394559
0.19812967,0.1846433
0.198587,0.2022529
0.20782568,0.20831542
0.20503587,0.23122874
0.23500407,0.2339096
0.23060283,0.23526433
0.2322919,0.22426918
0.24359143,0.23517483
0.22556421,0.21123917
0.20915689,0.23227593
0.255811,0.2703295
0.22668564,0.22294211
0.21314828,0.21985184
0.2563002,0.2484986
0.26258993,0.28820923
0.2533635,0.26133728
0.21872722,0.20385076
0.19023868,0.2177847
0.255536,0.3109221
0.27581957,0.29539555
0.22962438,0.24479544
0.23405987,0.2477004
0.2526605,0.24558735
0.24853148,0.23467645
0.25505584,0.27795565
0.22410561,0.24136794
0.21469195,0.20553325
0.2149884,0.20651929
0.25378942,0.2503334
0.21781278,0.22844853
0.23086083,0.22497195
0.25496027,0.25826168
0.27044863,0.26858756
0.2687774,0.27182618
0.26035953,0.2623503
0.2629192,0.2630845
0.24429935,0.2448192
0.24536037,0.25057974
0.21898083,0.21951857
0.24369587,0.26286137
0.25188452,0.2624855
0.23963472,0.24049006
0.24991041,0.24700804
0.24314,0.24181467
0.22702745,0.3007037
0.29897758,0.2920815
0.28908676,0.29099017
0.2317097,0.2492658
0.2325178,0.24905187
0.24619518,0.24321866
0.24498433,0.24072827
0.24586761,0.24878979
0.2384794,0.24460892
0.2492452,0.24833491
0.23906061,0.23936915
0.22866681,0.23338337
0.24897693,0.2569817
0.26245967,0.25348523
0.237169,0.22709212
0.28166103,0.27917805
0.2995072,0.31247246
0.27847058,0.28600073
0.27170843,0.28766322
0.25259763,0.28040993
0.20773493,0.19460335
0.2826201,0.26066482
0.3071878,0.3070469
0.18172853,0.19994406
0.28661123,0.29558206
0.2952572,0.2847002
0.29804277,0.29168257
0.2780331,0.29212978
0.29124308,0.2924437
0.29179573,0.29203147
0.25714216,0.26460552
0.2930706,0.29235774
0.28998888,0.29113775
0.22071254,0.20420288
0.25257808,0.25976732
0.19847572,0.21170273
0.26046792,0.28277275
0.2684362,0.2607248
0.2578396,0.27834445
0.2613031,0.2661768
0.28577197,0.29920018
0.30677208,0.28823477
0.299033,0.30162698
0.30043486,0.3037238
0.26767242,0.27651346
0.27651346,0.26767242
0.24206397,0.23116127
0.2181048,0.23738526
0.322161,0.3132941
0.2593702,0.278946
0.2542604,0.2552602
0.26301712,0.25783756
0.26616985,0.2898596
0.32390732,0.32515323
0.273513,0.27222654
0.25459328,0.25430772
0.24574831,0.2580734
0.23798844,0.24788353
0.22067991,0.21357246
0.2135612,0.19530106
0.19647138,0.21232009
0.19240911,0.19249134
0.18716593,0.19718647
0.21074179,0.22708143
0.2537514,0.26049396
0.3043487,0.30003867
0.22535953,0.24469805
0.2449312,0.26098934
0.30221054,0.31830126
0.25605407,0.2169067
0.21457961,0.25371796
0.19374838,0.19417286
0.1963202,0.19396754
0.25590694,0.26498535
0.26747164,0.24557942
0.25760296,0.26862395
0.27477118,0.2654964
0.2376949,0.26124007
0.2237052,0.2446971
0.21840456,0.22766265
0.208807,0.2152293
0.26214117,0.26439786
0.23830928,0.23382717
0.20798065,0.22626822
0.20008603,0.20403603
0.2005343,0.21167263
0.23890676,0.25273934
0.26792407,0.26379654
0.2324785,0.237345
0.2394491,0.25332567
0.24386348,0.2696375
0.27848107,0.27350974
0.2643715,0.25040835
0.28221476,0.27070272
0.23468177,0.22109026
0.23889282,0.22745124
0.22249201,0.21648897
0.20504694,0.211912
0.2710345,0.28135332
0.22014001,0.23438838
0.21312395,0.21285266
0.24865279,0.24841452
0.22381298,0.21877143
0.21057615,0.20370026
0.25094196,0.24443829
0.2438707,0.24727347
0.2442231,0.24595402
0.25744465,0.25833952
0.28761014,0.28376126
0.25109088,0.26352453
0.24992234,0.25791284
0.28931606,0.2761181
0.22805165,0.2339449
0.25827998,0.26214218
0.2602933,0.25695843
0.2278625,0.2220567
0.2415517,0.23298393
0.26506615,0.2537352
0.22377957,0.2632648
0.26423725,0.3024092
0.23678699,0.27507254
0.21656908,0.23055921
0.2675196,0.29458603
0.2173412,0.21635562
0.23275256,0.20464481
0.23478885,0.23478529
0.28768882,0.29367378
0.23907787,0.22875476
0.26911995,0.29354608
0.2610055,0.29196
0.25698352,0.29274702
0.2957965,0.30014554
0.29431075,0.2997154
0.20206714,0.23518983
0.25598592,0.2728007
0.2076591,0.23583809
0.24509357,0.2722174
0.189589,0.20722197
0.20572177,0.21717843
0.20614347,0.19285588
0.25033355,0.25340083
0.21652801,0.22792993
0.27179658,0.25833473
0.22887391,0.23464523
0.23476784,0.21491195
0.23111892,0.22651939
0.2272285,0.21957782
0.21635966,0.20734884
0.2519102,0.25146157
0.22102576,0.23075119
0.25405052,0.26693678
0.21327628,0.19806042
0.19622426,0.23330712
0.25399193,0.26081312
0.21699853,0.23639406
0.19329944,0.20774865
0.2549458,0.24625787
0.22563455,0.21692
0.22799999,0.2305628
0.22878382,0.22776198
0.25811553,0.25495043
0.20669739,0.2196762
0.21488103,0.22389254
0.21322456,0.2138284
0.24150419,0.25250486
0.22934224,0.20610145
0.21655776,0.21445867
0.22389254,0.21488103
0.22285436,0.22673962
0.2675244,0.2593866
0.25703242,0.2482653
0.18591611,0.18518087
0.18360434,0.18466483
0.21171576,0.23221575
0.24533606,0.25054672
0.24759439,0.25376543
0.23221575,0.21171576
0.23061538,0.2155267
0.25376543,0.24759439
0.26067978,0.26957607
0.2477929,0.25385016
0.25313547,0.25457639
0.26319304,0.2529671
0.25523123,0.25530967
0.18997985,0.19520974
0.19664831,0.19333325
0.23902017,0.23845713
0.23936674,0.24039274
0.28530383,0.27469572
0.2824121,0.27064815
0.2773948,0.2862654
0.27093565,0.2685403
0.24295202,0.247567
0.27586737,0.28005427
0.27809685,0.27533242
0.27313238,0.2860551
0.31300846,0.3163547
0.24958645,0.24966878
0.31833264,0.3194619
0.21426487,0.2303352
0.22993484,0.22017676
0.25672656,0.25450054
0.2457781,0.24108306
0.24650303,0.25016096
0.3091014,0.32320493
0.25539535,0.25748408
0.27562803,0.29341424
0.27414057,0.2876862
0.26161477,0.27516598
0.27516598,0.26161477
0.2139539,0.2039555
0.22325799,0.24536584
0.22895506,0.2619388
0.2605963,0.235639
0.25340757,0.26376933
0.2390072,0.24693447
0.23777756,0.24716006
0.2721379,0.28592303
0.29191077,0.2799409
0.22242734,0.23668136
0.22527745,0.21284328
0.23210338,0.24566615
0.2274836,0.23275726
0.2500626,0.24717262
0.23388088,0.23060298
0.21915686,0.23122029
0.25856274,0.2497683
0.2465477,0.23944256
0.2533976,0.23947412
0.2403169,0.21965209
0.23526888,0.24854766
0.23931584,0.25072086
0.25007802,0.24062774
0.24091667,0.22938006
0.23025605,0.24771544
0.2372916,0.21887395
0.2699763,0.24837455
0.24921255,0.2658828
0.25074828,0.26107284
0.2655033,0.2512928
0.28597724,0.27623636
0.24596263,0.23264836
0.23985784,0.23735288
0.23264836,0.24596263
0.27623636,0.28597724
0.25421092,0.26194677
0.26295543,0.2639804
0.23506957,0.24232054
0.28626022,0.29366907
0.23186,0.22767419
0.25113785,0.24949908
0.2559196,0.26993036
0.25709978,0.25513697
0.22821155,0.216445
0.21356715,0.22175048
0.2520569,0.26043847
0.24438052,0.25522986
0.21852094,0.23402989
0.21273448,0.22393721
0.23726365,0.24057028
0.27202755,0.2636822
0.23732272,0.22983873
0.25985804,0.2659841
0.22474492,0.20532879
0.28752828,0.31493428
0.27714494,0.29371342
0.23971942,0.25339013
0.2876982,0.2786615
0.2542143,0.23877424
0.23330808,0.26183826
0.25273725,0.2845827
0.2633657,0.27538323
0.22729553,0.23059067
0.24267915,0.2513209
0.22760543,0.22824429
0.25864238,0.25321257
0.2637618,0.25916228
0.25680614,0.25194323
0.22131526,0.2676072
0.26307353,0.25965345
0.2831825,0.28767487
0.27230817,0.2781741
0.28737012,0.27554134
0.2613851,0.25441453
0.25492597,0.25209138
0.28664672,0.2788888
0.17523184,0.20330194
0.17380556,0.21226406
0.23339254,0.2422958
0.18468408,0.20581347
0.22650662,0.251265
0.22045477,0.21017797
0.21226406,0.17380556
0.20995533,0.19492596
0.2156356,0.21809454
0.2094137,0.2211956
0.2062681,0.18046157
0.24498117,0.25974938
0.24556854,0.23188052
0.22602643,0.2405679
0.19608986,0.20548804
0.22832662,0.23600596
0.24347381,0.231869
0.25226837,0.22647053
0.20597842,0.22549172
0.25145635,0.269226
0.22078843,0.21783026
0.2231494,0.22318515
0.23089291,0.20833233
0.20496103,0.23299533
0.2699414,0.27032185
0.27302855,0.26750046
0.26439512,0.25490522
0.22581607,0.27269697
0.20958708,0.23400663
0.2665798,0.26224646
0.2129226,0.22137806
0.19440694,0.21012284
0.2525004,0.25704116
0.2687791,0.26343396
0.22121625,0.21424034
0.2035065,0.19237895
0.2689232,0.26783508
0.27411082,0.26467115
0.26462555,0.27296066
0.27019572,0.2630923
0.27296066,0.26462555
0.2099257,0.26851112
0.20069522,0.25698674
0.283982,0.25673482
0.28863484,0.26844296
0.25295252,0.28405362
0.24535848,0.2838836
0.25135002,0.28873354
0.26571327,0.26228744
0.27966762,0.27513847
0.26881707,0.28801078
0.23432192,0.23935497
0.23356031,0.23544069
0.22530554,0.26827973
0.23502746,0.22242159
0.28242078,0.28302428
0.28329796,0.28395593
0.27442926,0.28594363
0.2838474,0.27602452
0.2456069,0.24601214
0.29781294,0.29807273
0.25724107,0.25503
0.29475966,0.3014969
0.30150235,0.28897753
0.26069206,0.25652394
0.22107323,0.22085556
0.2231751,0.2205976
0.23029552,0.2259342
0.21573308,0.22453694
0.2126522,0.23338632
0.20965199,0.21397765
0.28024444,0.27275655
0.27211213,0.27748486
0.22673765,0.23707213
0.17733584,0.2196374
0.2572313,0.2644931
0.18189007,0.19416654
0.24290507,0.22840056
0.18723685,0.1731984
0.26423317,0.26888716
0.18670379,0.17628787
0.28650272,0.3000089
0.20243675,0.22455437
0.21648964,0.2530202
0.1938113,0.23557395
0.19435021,0.18670228
0.22506416,0.2300353
0.1865504,0.1828581
0.16340484,0.16906677
0.16709092,0.1729976
0.22120851,0.22949061
0.1754827,0.16690223
0.23390011,0.19006734
0.20089738,0.19054222
0.22044015,0.22847767
0.22876738,0.22282428
0.2967211,0.27544188
0.23424862,0.2798868
0.2689057,0.2792217
0.2837385,0.30308065
0.30177426,0.27058405
0.2799318,0.27697226
0.28603965,0.28483677
0.27673474,0.25640258
0.29426754,0.28243205
0.28660774,0.30511615
0.24082461,0.23549925
0.24402563,0.24633197
0.27155024,0.27047533
0.27790004,0.26822367
0.27312642,0.28800276
0.27355325,0.2728677
0.2369138,0.23416649
0.27209038,0.29677522
0.24258497,0.24397619
0.2655889,0.25796324
0.26092264,0.26335058
0.24160796,0.25604075
0.2441227,0.27343476
0.24251181,0.2674613
0.27743876,0.2681704
0.29189438,0.28744403
0.27723253,0.2852975
0.2824471,0.28476134
0.29089296,0.29547745
0.22823909,0.21306035
0.25417593,0.2529379
0.2510965,0.25356367
0.22315799,0.23133707
0.25066707,0.25847417
0.2557437,0.2555765
0.25495517,0.25010103
0.25318784,0.24613121
0.2535658,0.2546384
0.23943514,0.22722583
0.23674001,0.23433053
0.25763127,0.2544241
0.2920788,0.28772417
0.26022828,0.2704457
0.1814684,0.20091219
0.21452713,0.250859
0.18502888,0.21980223
0.23836124,0.23670329
0.20023176,0.20626876
0.19422825,0.22883189
0.22385463,0.26683593
0.23903859,0.2362486
0.20508082,0.22434571
0.20820522,0.2094884
0.23984772,0.23987286
0.20546259,0.1883344
0.23244199,0.24144039
0.21153888,0.1948515
0.2930125,0.28764963
0.27358735,0.2722497
0.2738163,0.2740525
0.2926369,0.2912004
0.24139033,0.24501036
0.2116099,0.2625714
0.25445718,0.24615598
0.24136111,0.24721394
0.27084562,0.26836106
0.2682758,0.2679351
0.16766065,0.19928895
0.27570626,0.27632272
0.27607504,0.27246758
0.26184416,0.26463088
0.2828809,0.27567628
0.25951287,0.25528455
0.18302822,0.21616364
0.2738052,0.28594482
0.23402762,0.25423682
0.23989613,0.23757732
0.2744833,0.2753014
0.3047348,0.3048126
0.2878941,0.27273515
0.2721923,0.28933746
0.31359053,0.30938065
0.25117624,0.26781684
0.21307611,0.21496136
0.26781684,0.25117624
0.2157535,0.21399677
0.24234831,0.24100643
0.27934685,0.27177778
0.24284618,0.24067393
0.26905864,0.27318865
0.24889277,0.24474731
0.24538618,0.2412433
0.21673411,0.23968358
0.21821381,0.22300947
0.23158625,0.22261223
0.2617256,0.28201172
0.2359108,0.24706835
0.2282933,0.24004151
0.25381047,0.25341153
0.24564576,0.23551358
0.25156498,0.2521012
0.26412433,0.27261382
0.21812831,0.22483729
0.2995085,0.28682375
0.2512889,0.24513438
0.2417404,0.2425366
0.23863149,0.2789278
0.24626322,0.24604312
0.20311308,0.20711528
0.2516533,0.23479488
0.19662113,0.19847918
0.2804181,0.29363063
0.22497427,0.26084614
0.2670822,0.24442837
0.25483164,0.28392845
0.23651314,0.26782838
0.21802579,0.22900237
0.23417987,0.24447827
0.24522036,0.2310294
0.26634827,0.2639845
0.25818866,0.2803934
0.26542196,0.26722953
0.2743084,0.27316543
0.27227354,0.27522013
0.25493,0.27715802
0.24098782,0.26467657
0.2152881,0.25234342
0.23948865,0.2706524
0.24128896,0.2770768
0.25515884,0.26417166
0.2509941,0.2757462
0.2737516,0.25666556
0.26764867,0.24666926
0.23051739,0.22356316
0.18820554,0.20796755
0.20975855,0.20807984
0.23543821,0.23641883
0.21705978,0.2267726
0.21815532,0.2224928
0.21822287,0.22502816
0.2072488,0.24182314
0.19493292,0.22091039
0.2327565,0.2424353
0.20827621,0.2126791
0.18152997,0.20022492
0.21209747,0.1947888
0.23009151,0.20707735
0.19775589,0.19003846
0.19352412,0.18327276
0.21486537,0.21065634
0.21204843,0.22928727
0.21548128,0.22269312
0.21165201,0.21224211
0.2275202,0.23542246
0.23692802,0.23123354
0.20576845,0.21291563
0.21517113,0.21100965
0.23425104,0.2372725
0.2456206,0.23080304
0.22529504,0.25874668
0.2326053,0.22636075
0.2306161,0.23085476
0.24489495,0.25104374
0.2520862,0.24688673
0.25257203,0.2707809
0.2118669,0.24290206
0.22668983,0.23319855
0.2099692,0.2136278
0.217995,0.2019797
0.24629754,0.22252198
0.24091971,0.21402544
0.19296986,0.20519795
0.18365948,0.18926355
0.19229232,0.19827254
0.26985505,0.25698406
0.26003027,0.27417248
0.18261245,0.25736648
0.21531978,0.26815528
0.20028263,0.253815
0.24015312,0.28350747
0.24682373,0.2732603
0.26836246,0.2517786
0.19370046,0.19094124
0.21763192,0.24117945
0.2168997,0.23336592
0.25243977,0.24659711
0.24656664,0.2510912
0.20006987,0.23815136
0.21421248,0.25102437
0.23459081,0.26448265
0.27952588,0.2589141
0.2589141,0.27952588
0.22522539,0.27323622
0.26548934,0.26584598
0.2621736,0.2728436
0.26611352,0.26540577
0.27904865,0.2837088
0.28521964,0.27508384
0.2535016,0.28014842
0.22932675,0.22444977
0.2860628,0.28989318
0.29385936,0.28448147
0.29967362,0.30256313
0.3093588,0.30473506
0.24915998,0.26391518
0.25884607,0.26395133
0.26974306,0.28433502
0.26054317,0.26190254
0.26681346,0.25126252
0.23311862,0.23540491
0.21405,0.22806627
0.22806627,0.21405
0.22943968,0.22290671
0.24437532,0.24400333
0.22304377,0.2271347
0.30669457,0.29773507
0.28711116,0.30500245
0.22564158,0.2625333
0.22598329,0.24362333
0.23216142,0.23231936
0.22625837,0.24215457
0.2382548,0.2465708
0.24194345,0.21701482
0.24525261,0.23683318
0.18064515,0.15144445
0.16199659,0.17248666
0.21020092,0.22124061
0.21432365,0.20612267
0.21802895,0.2679249
0.28808776,0.27736992
0.26581308,0.27367368
0.307499,0.30511865
0.2767344,0.28740254
0.28271335,0.276867
0.31187993,0.2923358
0.2781879,0.2696754
0.30739248,0.30860007
0.3034355,0.3077339
0.23391104,0.23146729
0.27635515,0.26525158
0.2333168,0.23316136
0.2688676,0.27334705
0.2614709,0.23431249
0.19777966,0.18493569
0.28642792,0.28156683
0.19110498,0.19749776
0.2810873,0.28624633
0.24405473,0.25826985
0.25054875,0.27621996
0.28620994,0.25772017
0.24987206,0.24322766
0.24575633,0.24027887
0.23607138,0.24649265
0.23779127,0.24990141
0.25626183,0.28112188
0.25569832,0.28909677
0.23619896,0.22299904
0.24610972,0.22736341
0.24775977,0.22671041
0.1800304,0.19228533
0.21765147,0.21976882
0.22095792,0.2494806
0.21345367,0.24617833
0.16522862,0.1729702
0.216399,0.21486296
0.22218129,0.24194352
0.1852301,0.17712058
0.22950451,0.24156979
0.18077758,0.1708038
0.21581535,0.22797787
0.20909551,0.23367175
0.23367175,0.20909551
0.21333544,0.22615159
0.22598052,0.21486464
0.18285233,0.19475044
0.19589567,0.17873558
0.2042086,0.21094465
0.2148646,0.20778891
0.20404546,0.20788619
0.20799737,0.20163603
0.21568485,0.2168036
0.22052564,0.20473923
0.2975907,0.31297034
0.30218834,0.2853968
0.22723292,0.25226256
0.2327139,0.23520772
0.23340243,0.22968829
0.26543894,0.28283215
0.201968,0.18621789
0.21170916,0.20428026
0.19406933,0.2327851
0.19232441,0.19878146
0.25514174,0.24439207
0.24943936,0.2505155
0.20887858,0.2079151
0.20610839,0.20331344
0.21370867,0.19140103
0.20695046,0.20345695
0.19953819,0.1899904
0.25041872,0.27215165
0.30612305,0.26263165
0.27153465,0.31528696
0.21116179,0.21295083
0.20861535,0.21003644
0.23801863,0.2185193
0.22528148,0.23808345
0.22636762,0.23252396
0.21149011,0.21719404
0.21863885,0.21672422
0.22835253,0.21887118
0.28095156,0.26876813
0.24848561,0.26786572
0.24478135,0.26384023
0.26038837,0.2571103
0.2498191,0.2460663
0.23420148,0.23028588
0.22957042,0.25593165
0.2541507,0.26133814
0.22705847,0.23336747
0.25591353,0.260634
0.2539427,0.25919738
0.2438855,0.24818622
0.2047043,0.19250825
0.22791845,0.23827901
0.21839952,0.21988529
0.20402247,0.21144274
0.23883037,0.23018125
0.2229845,0.21839498
0.25854483,0.2754588
0.25911677,0.27339536
0.25153464,0.27075
0.2712498,0.24591038
0.21912941,0.217721
0.21859945,0.22184232
0.27936372,0.2669952
0.27093968,0.28497782
0.23329057,0.25020757
0.25177675,0.26992303
0.25138098,0.26189673
0.22951765,0.24134853
0.24049547,0.24502932
0.2589835,0.26512015
0.23536646,0.2228838
0.22319296,0.23818421
0.22686268,0.22417893
0.22136156,0.22714482
0.28895757,0.28710568
0.2897272,0.2938402
0.24558862,0.2559745
0.27402794,0.28137642
0.2747079,0.28622603
0.26750576,0.27375278
0.27265126,0.28779206
0.25945243,0.26327398
0.24558862,0.2559745
0.19907492,0.2050812
0.19689712,0.20536178
0.20536178,0.19689712
0.2050812,0.19907492
0.24668212,0.24629293
0.21248785,0.22168985
0.23639178,0.24204537
0.22417696,0.21489388
0.21530707,0.218903
0.2919719,0.28330058
0.21039382,0.21691754
0.26909432,0.29323378
0.3053123,0.31696525
0.30996904,0.3026353
0.27009445,0.27926114
0.268079,0.26946378
0.28168273,0.2741947
0.2695611,0.27095568
0.20623574,0.20502888
0.2650746,0.30589992
0.2457325,0.25180513
0.2783893,0.29985058
0.19704172,0.2073975
0.25193417,0.24749109
0.2635679,0.25241467
0.25241467,0.2635679
0.24812233,0.24131
0.23208453,0.2231766
0.1951151,0.19206129
0.19223173,0.18804973
0.2651887,0.2559048
0.26232433,0.26113063
0.2464217,0.2546187
0.2508099,0.2429556
0.19915064,0.2253685
0.19933394,0.22090477
0.23666674,0.23495488
0.2253685,0.19915064
0.22090477,0.19933394
0.28351355,0.2793222
0.27619344,0.28195328
0.24186695,0.2750572
0.20223981,0.22932886
0.21253818,0.2091429
0.2648224,0.26514536
0.26359496,0.2690348
0.27789205,0.26373217
0.26230967,0.27381787
0.22113377,0.22842306
0.22241476,0.25285342
0.2145531,0.21234362
0.22408381,0.22645634
0.23225003,0.22528914
0.20977268,0.21373296
0.21202897,0.23030497
0.22765225,0.21907112
0.26353267,0.27440214
0.25927946,0.27053246
0.2669802,0.2708513
0.26297724,0.24581781
0.27919796,0.2402189
0.25034592,0.26311815
0.26247227,0.30615866
0.25506738,0.2796228
0.20151274,0.24503447
0.2635759,0.255446
0.2101148,0.205299
0.21999153,0.23229632
0.23018634,0.2223929
0.24902004,0.26053464
0.23269373,0.2692728
0.26631504,0.25955907
0.24899262,0.2666434
0.20366499,0.20832458
0.24739496,0.23716539
0.24020028,0.24840623
0.2569186,0.25492063
0.22330648,0.21749808
0.24605668,0.24830016
0.23651172,0.22624366
0.25594655,0.2538257
0.2060132,0.21066892
0.22963521,0.23287478
0.22585455,0.23220247
0.24721357,0.24349459
0.20974217,0.21240388
0.23173825,0.24263082
0.17077109,0.18133588
0.2043023,0.20129885
0.20862028,0.21213043
0.24718486,0.23840022
0.23497751,0.23366952
0.18145664,0.16929393
0.33306745,0.32915905
0.2932256,0.34110034
0.314283,0.32595128
0.2527949,0.25489402
0.25252777,0.24937028
0.25416884,0.23796183
0.21914236,0.2632569
0.22097301,0.25043756
0.14831272,0.18322167
0.23673685,0.24250135
0.19062456,0.22558294
0.1959561,0.2304848
0.20380023,0.22685055
0.20533673,0.18100238
0.21578245,0.19874114
0.23653035,0.21655035
0.23719215,0.20794033
0.19873396,0.2267828
0.20959646,0.22681357
0.21267182,0.20954522
0.18416628,0.19846418
0.18480968,0.20002028
0.22764972,0.24958846
0.2009592,0.21346228
0.17279339,0.19422546
0.20650432,0.2447647
0.23336759,0.2316862
0.21128112,0.22580977
0.25164875,0.2346434
0.21272942,0.19416814
0.20784223,0.18509126
0.24829543,0.2605337
0.2681713,0.2765872
0.27931467,0.2750051
0.25246662,0.24168721
0.2906991,0.2929926
0.27420276,0.28757134
0.22377902,0.24485563
0.25961685,0.25299856
0.24299219,0.22882599
0.23804893,0.22986539
0.24636468,0.23571011
0.23760901,0.21864101
0.2267546,0.23647395
0.23401797,0.2502774
0.23888054,0.24485415
0.29973435,0.29213423
0.21864434,0.23845302
0.2690369,0.2653181
0.26881504,0.26019877
0.24061823,0.2718905
0.23376101,0.2682376
0.22313303,0.21757966
0.27524406,0.24811769
0.27113482,0.24876817
0.29436892,0.29021943
0.30698785,0.3336887
0.27365148,0.27717733
0.24914812,0.26723856
0.22778936,0.25155368
0.2964773,0.29601064
0.24936211,0.25504655
0.24639373,0.2454756
0.2713971,0.2733186
0.26430348,0.25176844
0.24445274,0.23189211
0.26623127,0.26861063
0.25672907,0.2444691
0.25969133,0.27469742
0.2446949,0.2459312
0.15445495,0.16831693
0.23984261,0.29937643
0.25943723,0.268585
0.21448343,0.20640707
0.20720422,0.20493299
0.23275667,0.21694556
0.22365485,0.23681527
0.25665122,0.27855057
0.28712237,0.28874898
0.2255952,0.2618452
0.2449002,0.25129965
0.28672364,0.28206307
0.23698416,0.23475176
0.21654812,0.22221272
0.2433963,0.24966668
0.22221272,0.21654812
0.21922252,0.23059146
0.22676544,0.2261683
0.23023002,0.24716206
0.2487342,0.23290549
0.20897537,0.2136521
0.25742897,0.23249337
0.2672887,0.26962575
0.25543803,0.23574741
0.26016453,0.2523294
0.17794481,0.19726545
0.23764569,0.24786039
0.24784663,0.26736045
0.23059073,0.250913
0.2516207,0.23875988
0.27712393,0.26371908
0.2728468,0.25387752
0.20924728,0.21401715
0.19342741,0.1862434
0.1957456,0.18217255
0.20067258,0.18317893
0.20850667,0.2219329
0.18018545,0.19097981
0.25915208,0.2811029
0.2696346,0.2652069
0.18655416,0.19117254
0.2328592,0.2511276
0.23083726,0.24405676
0.25867626,0.2507553
0.22801678,0.22405033
0.22668388,0.2307926
0.24862462,0.26640975
0.27644897,0.2870646
0.26046836,0.24751396
0.27890694,0.28113124
0.2928596,0.27812937
0.27619994,0.27823985
0.25495654,0.2631605
0.27293205,0.28055626
0.2939811,0.30435973
0.22987106,0.23672731
0.2621926,0.25058463
0.26846123,0.25200677
0.25200677,0.26846123
0.24898224,0.25943944
0.25243682,0.2652731
0.25229722,0.2695242
0.23320737,0.26044422
0.23792756,0.26835585
0.2095443,0.20058149
0.26717192,0.27275664
0.2421591,0.26744354
0.19772293,0.20691074
0.22972754,0.22457938
0.23560576,0.25103015
0.20286046,0.21614376
0.24366203,0.2331145
0.21682379,0.20866203
0.24116765,0.24517605
0.27910686,0.27454358
0.20652084,0.21598497
0.19726299,0.21785967
0.21949634,0.20101179
0.2147136,0.20463212
0.2803713,0.27955258
0.2548006,0.26528186
0.26442695,0.26554966
0.31148368,0.29524425
0.26539955,0.2666978
0.3051908,0.313478
0.25067663,0.26792738
0.31074703,0.3078593
0.30602494,0.31104997
0.22895895,0.23969053
0.2561158,0.26904175
0.20264974,0.21500781
0.21485601,0.20992543
0.23843987,0.23245183
0.24892944,0.23644516
0.24158649,0.2645769
0.25573114,0.2731649
0.24308293,0.24080884
0.19907133,0.19892469
0.19369179,0.1952277
0.24116907,0.2609068
0.18181036,0.18146837
0.2025301,0.24211699
0.23371038,0.24582037
0.19905432,0.19459672
0.19552237,0.19471934
0.22531806,0.2419146
0.2495273,0.27307743
0.24281076,0.26398247
0.2474059,0.27549943
0.18652591,0.18546306
0.2366941,0.2654054
0.26360252,0.23758633
0.22972141,0.22156289
0.2665242,0.24627353
0.24646005,0.23869973
0.2582115,0.23107457
0.26902542,0.25005972
0.23090735,0.20456187
0.2603761,0.25877854
0.22093685,0.24158444
0.20187496,0.22989939
0.20986801,0.22191378
0.21792111,0.22087914
0.26147014,0.26166785
0.28108588,0.283501
0.28466275,0.29555997
0.27346545,0.28132075
0.29044324,0.27751762
0.28659028,0.2812959
0.24335086,0.24603803
0.23066226,0.23267443
0.19033107,0.20703013
0.24531719,0.24327268
0.22515416,0.24677584
0.19420522,0.22153425
0.24940783,0.23790938
0.2296754,0.21903569
0.21936868,0.22456878
0.23055086,0.23046738
0.21606842,0.22891289
0.22728196,0.22559436
0.27441263,0.2421442
0.24591614,0.24691312
0.24052371,0.23879918
0.27317947,0.27272883
0.2694751,0.25781032
0.25223845,0.2813191
0.21038935,0.23293285
0.19779637,0.2226328
0.2611346,0.27823794
0.23561662,0.27373973
0.2188912,0.22447537
0.27327672,0.2622315
0.21836251,0.22014098
0.21977912,0.22127834
0.2254003,0.22069399
0.25421527,0.25649452
0.25232017,0.25200474
0.1930445,0.19414951
0.18901554,0.20094919
0.19284172,0.18979433
0.24763691,0.25056309
0.1953881,0.18991053
0.24304721,0.24888495
0.26830727,0.27769822
0.24750248,0.2416574
0.2549106,0.25302595
0.2524714,0.25216785
0.2505318,0.24607675
0.245298,0.24322923
0.2367923,0.23101684
0.2467206,0.2384558
0.2757481,0.26389185
0.23888974,0.25011262
0.2483495,0.24059428
0.239644,0.24964583
0.1785144,0.19696106
0.20002028,0.18234214
0.30020592,0.2811496
0.28904963,0.30045563
0.19472992,0.21797308
0.23353803,0.22387676
0.21485116,0.19762829
0.22378801,0.23337623
0.19928825,0.23447451
0.2401676,0.24650222
0.2537322,0.24324648
0.29687423,0.30379313
0.29346734,0.30259165
0.24723467,0.27644348
0.28289974,0.28502238
0.27336013,0.2758395
0.29233316,0.31144738
0.24664345,0.25865877
0.30550474,0.2486096
0.31380132,0.3015035
0.2921703,0.28969884
0.2706006,0.29829597
0.2692656,0.300225
0.28136522,0.2976105
0.27947378,0.2972141
0.2551692,0.2692465
0.26594475,0.2924025
0.265022,0.2723924
0.27301383,0.29009116
0.24753906,0.25773254
0.2484366,0.2489471
0.2808409,0.30360284
0.25449625,0.27680424
0.20847566,0.21463285
0.21348765,0.21645154
0.22191861,0.22280061
0.26845777,0.26311696
0.269576,0.2597238
0.2169838,0.21814218
0.25727755,0.27195328
0.20789939,0.22594415
0.20463417,0.23244286
0.22109619,0.24825507
0.18898253,0.18378294
0.30266804,0.28330237
0.27714136,0.2932207
0.18616806,0.18270043
0.24514106,0.24151441
0.2121174,0.2311632
0.22891968,0.23216504
0.23743846,0.2301098
0.2102461,0.20545146
0.24077967,0.23479643
0.22616671,0.2287885
0.20614322,0.2176967
0.22812995,0.21965098
0.2370852,0.24983238
0.24177474,0.27414608
0.22809592,0.22925882
0.23053406,0.22657824
0.2287022,0.22402497
0.24523105,0.23003195
0.28877503,0.29158062
0.16882029,0.16089454
0.2300213,0.23006016
0.28463125,0.28791422
0.29710773,0.29793626
0.1883364,0.17239793
0.16147582,0.16723311
0.22767532,0.2179848
0.30234104,0.3106324
0.22266676,0.23337245
0.2345207,0.24917641
0.17595787,0.19298133
0.20298684,0.23262206
0.20406918,0.21321478
0.20118035,0.20448337
0.25369212,0.23562464
0.20135291,0.20582199
0.19616392,0.2638952
0.25828224,0.28702694
0.25511196,0.27953264
0.21749775,0.2607752
0.2388303,0.25683498
0.2814933,0.28159153
0.27182055,0.277833
0.26647207,0.28481334
0.277833,0.27182055
0.28424793,0.26773432
0.26625368,0.29236686
0.29088008,0.29476807
0.29396206,0.28989688
0.27297354,0.27574438
0.2712738,0.26658714
0.23229447,0.2592684
0.21167095,0.21813852
0.27543065,0.2899679
0.283266,0.27431214
0.28040427,0.27994758
0.15314016,0.14289135
0.2031661,0.25823337
0.20557483,0.21621564
0.2039107,0.22592907
0.22000042,0.20295659
0.22989571,0.21174642
0.2159293,0.19970483
0.23498157,0.27173185
0.27529648,0.28311807
0.23731196,0.23101692
0.21843666,0.21427555
0.2393962,0.23445982
0.2543022,0.278853
0.19868141,0.2840622
0.21355149,0.21310039
0.2390973,0.24219392
0.23829442,0.23711582
0.27887836,0.2766765
0.27778554,0.27340108
0.23124267,0.24588656
0.2730741,0.27742577
0.24498929,0.23240386
0.26918364,0.27255276
0.26594555,0.25700602
0.27481928,0.2557393
0.26862034,0.23798959
0.25113997,0.26559848
0.24296016,0.27546477
0.23066452,0.22860599
0.25141013,0.23837131
0.228535,0.22601542
0.23754439,0.2441544
0.22659455,0.20421314
0.22392534,0.22795735
0.2103852,0.21361648
0.21401519,0.22654283
0.27263063,0.27412388
0.27334768,0.26861814
0.18808374,0.25468758
0.24523175,0.26437306
0.19258358,0.17273599
0.2642772,0.23853832
0.16856378,0.18233556
0.2800537,0.29717514
0.2749524,0.28000465
0.27348995,0.28416634
0.28209102,0.29196382
0.28825608,0.28513563
0.30243295,0.3010385
0.28642225,0.27918378
0.25941378,0.26953784
0.29449606,0.29475236
0.25246054,0.26791218
0.28209102,0.29196382
0.29966962,0.30057472
0.27881864,0.2822705
0.28817302,0.28801465
0.2537323,0.26316383
0.2686971,0.25894815
0.27932382,0.282662
0.27089825,0.2828734
0.28387997,0.27188537
0.28068277,0.2656715
0.30214733,0.2903708
0.283109,0.27301276
0.28763032,0.3058973
0.27256984,0.28021312
0.2950791,0.29420054
0.30061746,0.2988518
0.29347426,0.29373166
0.28881878,0.29600015
0.29387736,0.30397236
0.28209102,0.29196382
0.30359176,0.29940888
0.285093,0.3020934
0.29600015,0.28881878
0.29970163,0.29658988
0.2495721,0.25970197
0.25339776,0.26101977
0.25988445,0.25815478
0.26117182,0.2593373
0.24487706,0.23630266
0.23979858,0.24332666
0.26026544,0.2608078
0.26552108,0.25330904
0.24001415,0.22834267
0.2567973,0.24803635
0.24067433,0.24899954
0.25400236,0.2603699
0.24900216,0.23869799
0.23469812,0.24283959
0.20785676,0.21813054
0.23512465,0.27258885
0.22075234,0.20999357
0.20119095,0.20751005
0.2038746,0.20658156
0.2488873,0.24906531
0.2080158,0.21084243
0.19786783,0.18452813
0.251495,0.252738
0.1838153,0.19042815
0.2104332,0.2134652
0.24109173,0.2714492
0.22666807,0.25884184
0.2681954,0.2552704
0.2535642,0.24360293
0.24498533,0.24179536
0.25054452,0.2595101
0.2474333,0.24953023
0.2594182,0.26922908
0.223128,0.23350376
0.23764378,0.23242798
0.2575889,0.2725658
0.26407385,0.24435884
0.24398404,0.21895105
0.21992563,0.23004453
0.22125115,0.24792376
0.21630138,0.22005744
0.18587343,0.2082137
0.19939922,0.19311123
0.23083264,0.21777382
0.21261139,0.21202928
0.26618588,0.2923468
0.23597263,0.24986647
0.21849898,0.23253739
0.2323787,0.22130093
0.24488774,0.23966283
0.26105046,0.2681291
0.2888885,0.28989843
0.26509437,0.26802462
0.23327237,0.23641586
0.26084402,0.26293933
0.22758533,0.22587724
0.23300037,0.23616336
0.26827005,0.26191807
0.26457366,0.26204038
0.2814548,0.29921457
0.2653558,0.27196497
0.27748314,0.28192687
0.26372743,0.26253104
0.28748816,0.2886768
0.2798518,0.27977452
0.22803897,0.226641
0.27319095,0.26758134
0.23591998,0.2355466
0.23899767,0.23836164
0.2843651,0.29667413
0.21831036,0.2529144
0.22492313,0.2545054
0.22755781,0.25498405
0.29453808,0.28283334
0.239609,0.23628993
0.23285283,0.22377819
0.23485795,0.23724906
0.29425648,0.3029473
0.26235676,0.26995504
0.23170222,0.24942058
0.26324627,0.2621739
0.2224826,0.20850743
0.19433388,0.22340943
0.23787361,0.26610532
0.22303477,0.24535307
0.22357222,0.24767469
0.20003428,0.20244114
0.20432398,0.20224264
0.27907878,0.2938296
0.2281229,0.24298029
0.29632095,0.28202817
0.29751587,0.28016168
0.29303175,0.28292984
0.2532332,0.298044
0.2558389,0.29747248
0.2917188,0.27344984
0.30129987,0.2881207
0.209794,0.22403406
0.27315098,0.26325288
0.29335836,0.30699313
0.26952326,0.2714226
0.26930898,0.30139256
0.20531711,0.23521675
0.25672808,0.30096108
0.24647373,0.23700453
0.22705592,0.2240302
0.284823,0.28362033
0.24127962,0.23857458
0.25044304,0.25160336
0.22410955,0.22462653
0.2313175,0.24304758
0.28486457,0.28347147
0.252878,0.25541192
0.22536705,0.24186987
0.22767253,0.2327193
0.24017338,0.23190734
0.2433565,0.22040045
0.22775908,0.21609317
0.19977582,0.20394953
0.1864617,0.17804186
0.2025488,0.19950376
0.22276008,0.23197383
0.18125907,0.18018909
0.27383807,0.27313793
0.2782914,0.27617788
0.18310961,0.19248599
0.1777132,0.18110523
0.22295791,0.22382188
0.23966233,0.23986757
0.23996203,0.23651104
0.21768618,0.21704227
0.23548162,0.23347414
0.22561641,0.22869214
0.239052,0.24269477
0.2148067,0.21602449
0.21827877,0.22083949
0.2142733,0.21184583
0.28033227,0.2945201
0.2851497,0.28778514
0.24667974,0.242874
0.2620668,0.25797865
0.24137111,0.23886222
0.2545308,0.25565946
0.22033516,0.20951547
0.24349375,0.23988213
0.206975,0.22455202
0.20208375,0.22109558
0.25704908,0.26214635
0.22256096,0.25106746
0.25924498,0.25877133
0.23426084,0.24469952
0.2891935,0.31631097
0.24609914,0.25207877
0.25477397,0.27063248
0.24474144,0.23331401
0.23331401,0.24474144
0.2126424,0.24247223
0.25375536,0.28241116
0.18356909,0.18097939
0.266617,0.257208
0.18172334,0.19532633
0.2199125,0.25166804
0.2542911,0.2744486
0.27210897,0.2592195
0.20096967,0.2368719
0.25993487,0.28026858
0.25805593,0.2658847
0.24433362,0.27663958
0.18335684,0.18602028
0.18963312,0.18839473
0.3036821,0.32438454
0.31223816,0.3300616
0.3007421,0.31749058
0.3033284,0.31926614
0.26532844,0.2634321
0.30839014,0.31446788
0.32336688,0.30688
0.31644496,0.31036267
0.32438454,0.3036821
0.31613073,0.30193707
0.24326636,0.25193453
0.25182247,0.24551806
0.22899398,0.20591657
0.27623096,0.24626
0.24231979,0.23508282
0.25238055,0.22345011
0.21241064,0.22965333
0.2584819,0.2692232
0.20024846,0.23739491
0.24061155,0.25945807
0.22998373,0.2429772
0.22053346,0.25444344
0.24760053,0.24742535
0.23310278,0.21110831
0.22729883,0.22665259
0.21114299,0.22044273
0.2446307,0.24517652
0.2405786,0.23627618
0.22067197,0.22743478
0.25067294,0.24593848
0.24273263,0.24391484
0.23694177,0.2423009
0.20294087,0.20115985
0.21294726,0.216102
0.23030955,0.24043185
0.2262396,0.23600064
0.25576833,0.24477404
0.24726968,0.22229639
0.20268117,0.20447445
0.23818257,0.23427264
0.21691625,0.22279707
0.21388799,0.21776687
0.22682159,0.23575923
0.20456403,0.23097515
0.22199076,0.2409201
0.23487863,0.22772658
0.21778053,0.23429325
0.22575615,0.22238886
0.25074226,0.24172929
0.2424258,0.2543024
0.22593823,0.22621134
0.2826627,0.2836634
0.27647683,0.2861743
0.25807458,0.26244047
0.2687208,0.27094236
0.26145402,0.26226678
0.2616484,0.26319352
0.25736865,0.2898058
0.24366084,0.23689485
0.23978208,0.2412022
0.28307235,0.27329883
0.2767899,0.2854489
0.27569985,0.27973616
0.28424022,0.26924792
0.21397161,0.21955064
0.26412803,0.2873386
0.24075536,0.2405833
0.25119048,0.241724
0.22357914,0.22397664
0.20847183,0.2312915
0.25389218,0.25209835
0.25321308,0.23724596
0.25341648,0.2539762
0.23680773,0.25137818
0.28505877,0.2775382
0.26650706,0.26003724
0.25181514,0.24980786
0.27691075,0.2633766
0.2408816,0.26520923
0.25775164,0.2944765
0.24397379,0.26221782
0.22826974,0.26637343
0.25789303,0.2597541
0.24449986,0.25394502
0.27812532,0.24635223
0.25891864,0.2783476
0.25055137,0.27528483
0.22373919,0.26993155
0.17247023,0.18926917
0.17473826,0.19194007
0.21925534,0.21902828
0.19186442,0.17793125
0.2178192,0.22258157
0.22130984,0.28659946
0.24775009,0.26159924
0.2514827,0.2597943
0.24198745,0.27677816
0.26009136,0.27300334
0.26038766,0.24178302
0.19545045,0.19774114
0.2073187,0.2099351
0.29549837,0.27809855
0.23284066,0.21841511
0.2944517,0.2679561
0.286882,0.29591954
0.22808062,0.2353601
0.25011823,0.238364
0.23289359,0.22942656
0.22747424,0.24833453
0.22522193,0.24313892
0.21868618,0.24448694
0.24055396,0.24473576
0.2477974,0.21973144
0.24593607,0.24546745
0.24330822,0.24916524
0.2482885,0.23555744
0.22447792,0.22786504
0.28045845,0.28199273
0.22614491,0.2110923
0.23306307,0.22458524
0.23259076,0.251117
0.1978389,0.23596781
0.25719488,0.28506106
0.27592942,0.25468907
0.27804863,0.27705857
0.26512474,0.24710324
0.250318,0.2563218
0.24838081,0.27012825
0.2287068,0.2626677
0.25150636,0.2725283
0.27609217,0.28453082
0.2043922,0.19254735
0.2677342,0.26746157
0.2734603,0.27578723
0.25110096,0.23259586
0.26294792,0.2703309
0.19216128,0.1996985
0.23659585,0.24849838
0.22256003,0.24278995
0.2265788,0.2140612
0.22734116,0.22330126
0.22289845,0.23039684
0.26972765,0.25862405
0.25434518,0.24104512
0.27992505,0.26658767
0.24058628,0.25162905
0.23470055,0.25464606
0.23925397,0.24118756
0.26611346,0.2760836
0.2616,0.27356315
0.30774996,0.30462837
0.24059457,0.23497611
0.2680088,0.28189155
0.28193128,0.27614182
0.27036244,0.2804364
0.27576628,0.25642186
0.25028569,0.23701626
0.2417818,0.25384694
0.23792915,0.23996212
0.22617325,0.25092593
0.24554199,0.24007583
0.23047261,0.22114089
0.2276587,0.23439957
0.2448293,0.22702996
0.23810731,0.23168582
0.26967642,0.2533538
0.27698195,0.27337506
0.24468228,0.25345856
0.2643906,0.27367032
0.14832668,0.15532498
0.20443659,0.20745236
0.19812927,0.20621565
0.22816375,0.2595482
0.21491098,0.24345633
0.22305897,0.24433039
0.14837353,0.180266
0.17156294,0.16007726
0.16217864,0.14984065
0.23789668,0.27718052
0.24392515,0.27141038
0.21679483,0.24406277
0.2494359,0.2530506
0.24002697,0.23322822
0.20866908,0.19509739
0.22243,0.2184488
0.20635736,0.21737455
0.23930578,0.23846965
0.2398826,0.24602228
